task,level,cluster_id,universal_task_id
"Acquire medical imaging data (MRI, CT, X-ray, etc.).",domain,U01.10,U01
Acquire microscopy or imaging data of biological samples.,domain,U01.19,U01
"Acquire secondary data from administrative records, censuses, or public datasets.",domain,U01.01,U01
Address selection bias and confounding when analyzing observational data.,domain,U02.02,U02
"Adjudicate among competing interpretations, weighing textual and contextual evidence.",domain,U28.01,U28
"Administer standardized questionnaires and rating scales to participants to collect self-reported symptoms, behaviors, and psychosocial outcomes",domain,U01.06,U01
"Analyze documentary and archival sources, such as policy texts or legislation, as primary evidence on institutional practices and contexts",domain,U28.04,U28
"Analyze legal, policy, or institutional documents as external evidence bearing on the claims under examination",domain,U28.06,U28
"Analyze time-to-event outcomes (e.g., survival, disease progression).",domain,U02.04,U02
"Annotate a corpus of texts, recordings, or images according to an explicit coding scheme.",domain,U04.06,U04
Apply a proposed method or technique to real-world data or cases to demonstrate its practical applicability and the interpretation of its results.,domain,U09.09,U09
Apply calibration corrections and noise filtering to raw measurements.,domain,U04.01,U04
Apply concepts or theories drawn from outside the domain under study as interpretive frameworks for its phenomena,domain,U12.01,U12
"Assemble benchmark datasets, problem instances, or test cases on which methods are evaluated.",domain,U06.03,U06
Assess the reliability and precision of measurements through replicate testing and comparison with reference procedures,domain,U07.09,U07
Assess the reliability and validity of measurement instruments before substantive analysis,domain,U07.07,U07
Build custom apparatus and prototype hardware to enable experiments and measurements beyond commercial capability,domain,U16.06,U16
"Calculate population-level disease frequency and burden measures from registry, mortality, or survey data using population denominators",domain,U02.11,U02
Calibrate instruments and characterize measurement error.,domain,U16.01,U16
"Check claims, interpretations, or data against independent sources to establish accuracy and correct errors",domain,U28.06,U28
Clean and recode self-reported or text-based responses.,domain,U04.02,U04
Code qualitative data from interviews or open-ended responses.,domain,U04.06,U04
Code qualitative interview and focus-group data thematically to identify recurring themes and categories,domain,U04.06,U04
"Collect biological specimens such as tissue, blood, or cell cultures.",domain,U01.10,U01
"Collect experimental data using detectors, sensors, or spectrometers.",domain,U01.17,U01
Collect information from local stakeholders through interviews or questionnaires to document their knowledge and practices,domain,U01.07,U01
"Collect observational data from telescopes, satellites, or field instruments.",domain,U01.14,U01
Collect patient data from electronic health records or clinical registries.,domain,U01.01,U01
"Collect primary data through surveys, interviews, or observations of people.",domain,U01.99,U01
Combine multiple indicators into composite indices to measure latent constructs and compare units,domain,U04.05,U04
Compare a work with its counterpart in another medium to identify shifts in form and meaning,domain,U28.01,U28
"Compare candidate materials, designs, or technologies against defined technical and application criteria to assess relative suitability",domain,U30.07,U30
Compare documented cases or practices across communities or institutions to explain divergent outcomes,domain,U28.07,U28
"Compare results against independent datasets, models, or reference cases to quantify agreement and validate them",domain,U02.08,U02
Compare sequences across genomes or reference databases to identify homologous and lineage-specific genes,domain,U02.12,U02
Compare treatment and control groups using statistical tests.,domain,U02.01,U02
Compute statistical and spectral descriptors from measured or simulated signals to characterize system behavior,domain,U02.06,U02
"Consider whether findings will generalize across populations, time periods, or contexts.",domain,U02.08,U02
"Construct a rigorous proof, deriving the result from axioms, definitions, and established theorems.",domain,U29.01,U29
Coordinate with clinical sites or hospitals for data access or patient recruitment.,domain,U05.01,U05
Coordinate with organizations for data access or to recruit study participants.,domain,U05.01,U05
"Corroborate findings by triangulating independent data sources, methods, or informants to establish the credibility of interpretations",domain,U28.06,U28
"Define benchmarks, evaluation metrics, and baselines against which a method will be judged.",domain,U07.14,U07
Derive analytic variables or indicators from existing records and data sources to operationalize study constructs,domain,U04.05,U04
Derive composite indices and scores from multiple observed indicators to characterize participants for analysis,domain,U04.05,U04
Derive practical recommendations for professional practice or policy from research findings,domain,U10.01,U10
"Derive predictions from physical laws, mathematical models, or first principles.",domain,U09.01,U09
Derive threshold or reference values from population data to classify individuals or samples,domain,U02.11,U02
"Design a corpus or sampling strategy for the sources, periods, or languages to be examined.",domain,U07.06,U07
"Design an algorithm, estimator, or proof strategy and specify the guarantees it should satisfy.",domain,U09.07,U09
Design and deliver instructional materials or programmes for a target audience of learners or community members,domain,U08.01,U08
Design and deliver instructional or behavioral intervention protocols to serve as the treatment under study,domain,U07.01,U07
Design clinical studies or trials with appropriate controls and endpoints.,domain,U07.02,U07
"Design controlled experiments with appropriate sample sizes, controls, and randomization.",domain,U07.01,U07
Design experiments with controlled environmental conditions.,domain,U07.11,U07
Design interview or focus group protocols to collect qualitative data.,domain,U07.05,U07
Design population-based health surveys with probability sampling to obtain representative population estimates,domain,U07.06,U07
Design sampling and eligibility criteria to select participants or study units for data collection,domain,U07.06,U07
"Design surveys or questionnaires to measure attitudes, behaviors, or experiences.",domain,U07.03,U07
"Develop conceptual frameworks, typologies, or definitions by synthesizing existing theory to organize and explain a focal phenomenon",domain,U12.03,U12
Develop custom instrumentation or computational tools tailored to specific research measurement needs,domain,U16.06,U16
"Develop definitions, protocols, and practice recommendations through structured expert consensus",domain,U07.15,U07
"Develop new concepts, categories, or typologies to organize and explain phenomena that existing frameworks leave unaccounted for",domain,U12.03,U12
Draw on the researcher's own experience and background as primary evidence for analysis,domain,U28.06,U28
Engage with behavioral or institutional theories when framing research questions.,domain,U12.01,U12
Engineer genetic constructs and vectors for targeted expression or silencing of genes in cells,domain,U01.20,U01
"Ensure compliance with patient privacy regulations (e.g., HIPAA).",domain,U19.03,U19
"Establish asymptotic, convergence, or computational-complexity guarantees for a method.",domain,U09.07,U09
"Establish the text or object of study, determining edition, provenance, authorship, and variants.",domain,U28.05,U28
Estimate costs and resource use of health conditions and alternative interventions to inform resource-allocation decisions,domain,U02.11,U02
Estimate treatment effects while accounting for confounding in clinical data.,domain,U02.02,U02
"Evaluate existing concepts, arguments, or frameworks by reconstructing their underlying assumptions to assess their coherence and scope",domain,U28.03,U28
"Evaluate programs, policies, or rules against their stated objectives using empirical evidence on how they operate in practice",domain,U02.99,U02
Evaluate the diagnostic accuracy of a test by comparing its results against an established reference standard,domain,U02.07,U02
Evaluate the reliability and validity of measurement and coding procedures against reference standards or repeated observations,domain,U07.07,U07
Extract and fractionate compounds from biological material to prepare fractions for downstream analysis,domain,U01.16,U01
Fit theoretical models to experimental or observational data.,domain,U09.05,U09
Follow biosafety protocols when handling biological materials.,domain,U16.04,U16
"Follow safety protocols for hazardous materials, radiation, or high-energy equipment.",domain,U16.04,U16
"Formulate conjectures, theorems, or formal claims to be proved or disproved.",domain,U12.04,U12
"Formulate hypotheses about biological mechanisms, pathways, or evolutionary processes.",domain,U12.02,U12
"Formulate hypotheses about disease mechanisms, risk factors, or treatment effects.",domain,U12.02,U12
"Frame an interpretive question in relation to a historiographical, critical, or philosophical tradition.",domain,U13.01,U13
"Generate or acquire sequencing data (genomic, transcriptomic, or proteomic).",domain,U01.19,U01
Genotype participants' biospecimens to detect genetic variants defining disease-relevant or biological subgroups,domain,U01.19,U01
"Handle rare, fragile, or culturally sensitive materials according to conservation and institutional protocols.",domain,U01.03,U01
Harmonize clinical variables across different coding systems or data sources.,domain,U04.02,U04
Implement methods as working code and verify correctness against known cases or a proof assistant.,domain,U09.08,U09
Interpret measured spectra to determine composition and structural characteristics of samples,domain,U02.10,U02
"Locate primary sources in archives, manuscript collections, museums, or field sites.",domain,U01.03,U01
Maintain experimental apparatus and laboratory equipment.,domain,U16.02,U16
Maintain laboratory equipment and manage stocks of reagents or specimens.,domain,U16.02,U16
Maintain laboratory notebooks documenting experimental conditions and procedures.,domain,U06.03,U06
"Manage computational resources such as clusters, accelerators, and long-running jobs.",domain,U16.05,U16
Monitor and record adverse events and tolerability during study interventions to characterize safety,domain,U01.10,U01
"Negotiate access to archives, collections, or field sites and secure the necessary permissions.",domain,U19.04,U19
"Observe obligations to the communities whose histories, languages, or cultural heritage are studied, including protocols for sacred or sensitive material.",domain,U19.04,U19
Obtain IACUC approval for research involving animals.,domain,U19.01,U19
Obtain IRB approval and informed consent for research with human subjects.,domain,U19.01,U19
Obtain IRB approval and informed consent for research with patients.,domain,U19.01,U19
Perform in situ hybridization on tissue sections to localize gene transcript expression,domain,U01.19,U01
Perform in vitro assays with sample extracts or purified proteins to characterize their functional and biochemical properties,domain,U01.19,U01
Perform in vivo procedures on laboratory animals to establish defined experimental states or disease models,domain,U01.11,U01
Perform laboratory assays on biospecimens to quantify biomarker and analyte levels for research measures,domain,U01.19,U01
"Prepare solid samples by crushing, sectioning, or mounting to produce standardized material for laboratory analysis or experiments",domain,U04.12,U04
Process and align sequencing reads for downstream analysis.,domain,U04.09,U04
Quantify chemical constituents of biological or environmental samples using standard laboratory assays to characterize their composition,domain,U01.17,U01
Quantify measurement uncertainty and propagate errors through calculations.,domain,U02.09,U02
Quantify structural and morphological features from image data using image-analysis methods to characterize samples,domain,U04.10,U04
Quantify target nucleic acid levels with targeted PCR assays to compare or verify expression results,domain,U01.19,U01
"Read texts or examine works closely, attending to language, form, structure, and style.",domain,U18.01,U18
"Reconstruct sites, objects, or events from documentary and material evidence to produce a representation of them",domain,U28.04,U28
"Reconstruct the historical development and circumstances of a figure, community, or movement from documentary sources to explain its later character",domain,U28.04,U28
"Reconstruct the historical development of institutions, practices, or ideas from documentary and archival sources to explain their present form",domain,U28.04,U28
Recruit study participants and collect clinical samples or measurements.,domain,U01.10,U01
"Release code, data, and computational environments so that results can be reproduced.",domain,U06.03,U06
Retrieve and count occurrences of targeted features across a textual corpus to identify distributional patterns,domain,U02.11,U02
Run numerical experiments or simulations to characterize behavior where theory is silent.,domain,U09.03,U09
Run numerical simulations of physical systems.,domain,U09.03,U09
Search for counterexamples and boundary cases that would falsify a claim.,domain,U29.02,U29
"Select and justify cases, sites, or jurisdictions on explicit criteria to structure comparison",domain,U07.06,U07
"Situate a source within its historical, cultural, and intellectual context to reconstruct its meaning.",domain,U28.04,U28
"Specify a formal model, stating its objects, assumptions, and notation precisely.",domain,U29.03,U29
Survey a specialized body of documentary material to describe its contents and trace how it changed over time,domain,U28.04,U28
Synthesize materials or compounds for experimental study.,domain,U01.15,U01
"Test materials and devices under prolonged, repeated, or stressed operating and exposure conditions to quantify performance degradation and durability",domain,U01.18,U01
"Trace key terms and names across sources, languages, and periods to establish their meanings and development",domain,U28.05,U28
"Trace the circulation, reception, and transformation of works or forms across later periods and contexts",domain,U28.04,U28
Train and supervise study personnel to ensure consistent application of study data collection procedures,domain,U17.01,U17
"Transcribe, translate, or edit source materials, documenting every editorial choice.",domain,U04.07,U04
Translate research findings into actionable recommendations or guidelines for practitioners and policymakers,domain,U10.01,U10
Use the researcher's own lived and embodied experience as primary data for analysis,domain,U28.06,U28
Validate constructed measures by comparing them against independent data sources or reference values to establish their reliability,domain,U02.07,U02
"Vary model inputs, parameters, or forcings systematically to quantify their influence on predicted outcomes",domain,U09.09,U09
"Acquire imaging or instrument-based measurements of animals, patients, or specimens to characterize structure and function",field,U01.99,U01
Adapt and tune implementations to a target hardware platform to meet runtime and resource constraints.,field,U16.05,U16
Adapt existing research instruments to the language and cultural context of a new participant population,field,U07.03,U07
"Administer acute interventions, such as brain stimulation or pharmacological challenge, to human participants during experimental sessions",field,U01.21,U01
Administer cell-birth-dating labels to animals in vivo to track the generation and fate of newly formed cells,field,U01.11,U01
Administer selective inhibitors or blocking antibodies to test whether a specific pathway mediates an observed phenotype,field,U01.21,U01
Administer standardized clinical and neuropsychological assessments to participants to characterize their phenotypes,field,U01.09,U01
"Administer surveys, interviews, or participatory workshops with communities and stakeholders to collect socioeconomic, behavioral, and perception data",field,U01.06,U01
Adopt established theoretical or conceptual frameworks from the literature to frame research questions and interpret the phenomenon under study.,field,U24.04,U24
Aggregate normalized indicators into composite indices to rank or classify units,field,U02.11,U02
Analyze area-level aggregate data to characterize geographic and temporal variation in disease risk,field,U02.14,U02
"Analyze elevation, bathymetry, and imagery data to map landform morphology and infer landscape evolution",field,U02.14,U02
Analyze enacted or proposed legal changes to assess their scope and prospective effects,field,U28.02,U28
Analyze fecal or other biospecimens to characterize gut microbial composition in relation to diet.,field,U02.12,U02
Analyze gut or stomach contents of animals to characterize diet composition.,field,U01.17,U01
"Analyze linguistic forms in data to make explicit their sources, meanings, or relations to other forms",field,U28.05,U28
"Analyze policy, legal, and institutional arrangements to assess governance capacity and actor responsibilities",field,U28.02,U28
Analyze refined crystal structures to derive higher-level structural features such as packing motifs or network topology,field,U02.10,U02
Analyze sediments and geological context of fossil or archaeological localities to reconstruct depositional and site-formation processes,field,U02.99,U02
Analyze sequence and sample data from organisms to identify genes or products and infer their biological function.,field,U02.12,U02
Analyze trial-level behavioral responses to derive indices of perceptual sensitivity and decision performance,field,U02.07,U02
Apply cross-validated predictive models to neural or biomarker features to quantify classification and decoding accuracy,field,U09.06,U09
Apply design-based stereological sampling to tissue sections to estimate cell numbers in defined brain regions,field,U02.11,U02
"Apply diagnostic criteria to observations to define units or quantify ages, rates, and change",field,U04.08,U04
Apply established analytical procedures to existing records or samples to characterize system properties,field,U02.11,U02
Apply established doctrinal and interpretive methods to scriptural texts or cases to reach normative conclusions,field,U28.02,U28
Apply established models to frame or estimate relationships between places and people,field,U02.14,U02
Apply established theories to frame research questions and interpret evidence about observed patterns,field,U12.01,U12
Apply external fields during processing to align anisotropic constituents and produce directional structure,field,U01.15,U01
Apply legal rules to actual or hypothetical fact patterns to determine their legal characterization and consequences,field,U28.02,U28
"Apply normative, ethical, or philosophical theory to evaluate media institutions, platforms, or public discourse.",field,U28.03,U28
"Apply standardized diagnostic and severity criteria to classify study patients into disease categories, subtypes, or response states",field,U04.08,U04
"Apply supporting statistical procedures, such as regression diagnostics or clustering, to prepare and refine the main analysis",field,U02.02,U02
Apply systematic procedures to derive design requirements and generate design alternatives,field,U30.07,U30
Appraise and articulate criteria for judging the quality of research methods and creative work in the field,field,U11.01,U11
"Appraise online health information against standardized quality, credibility, or accuracy criteria.",field,U28.02,U28
"Appraise the methodological quality of prior studies' designs, measures, and reporting across a research literature",field,U24.02,U24
Assemble plant material and apply management operations to establish and maintain experimental plantings,field,U01.21,U01
Assess a language variety's vitality or degree of endangerment using established indicators,field,U02.11,U02
Assess coding reliability by having independent raters code the same data and computing their agreement,field,U02.07,U02
"Assess heterogeneity in estimated associations across subgroups or contexts using interaction terms, stratified models, or other tests of effect modification.",field,U02.02,U02
Assess intercoder reliability across independently coded material to validate the coding scheme.,field,U02.07,U02
Assess measured or compiled data against reference values or decision models to judge adequacy and performance,field,U02.08,U02
Assess morphological and sequence characters for what they reveal about evolutionary relationships and population history,field,U02.13,U02
Assess selection and non-response bias by comparing enrolled participants with non-participants or the source population,field,U02.08,U02
"Assess the completeness and validity of routine, administrative, and notification data sources before their use",field,U04.14,U04
"Assess the reliability, conceptual validity, and cross-source or cross-context comparability of existing data sources, indicators, and measures.",field,U04.14,U04
Assess workplace and jurisdictional health and safety regulations and compliance with their required standards and limits,field,U28.02,U28
Assign individual animals to age or reproductive stage categories using standardized morphological criteria.,field,U04.08,U04
Assign participants to comparison subgroups by applying score cutoffs or normative benchmarks to assessment data.,field,U04.08,U04
"Assign species to standardized categories, such as life-form or trophic role, using published classification schemes and records.",field,U04.08,U04
Benchmark analytical methods against reference standards or competing approaches using quantitative performance metrics,field,U02.08,U02
Build and solve formal models of strategic interaction to derive testable propositions about political behavior,field,U29.03,U29
"Build or adapt a formal apparatus, such as logical languages or decision-theoretic models, to represent philosophical phenomena for analysis",field,U29.03,U29
"Build software prototypes, tools, or dashboards as research artifacts usable by researchers and external stakeholders.",field,U16.06,U16
Calculate taxonomic and functional diversity metrics from community abundance data,field,U02.11,U02
Calibrate structural or simulation models to observed data and simulate counterfactual scenarios.,field,U09.05,U09
"Characterize and standardize the measures, stimuli, and classification procedures used in a study or research area before drawing substantive inferences.",field,U07.14,U07
Characterize individual organisms by measuring or scoring standardized morphological traits.,field,U01.12,U01
Characterize microbial isolates with laboratory assays to determine their functional traits,field,U01.19,U01
Characterize mineral assemblages and textures in thin sections using optical microscopy,field,U01.17,U01
"Characterize or specify the geometry and motion of objects, beams, or boundaries to relate spatial configuration to system behavior",field,U09.02,U09
Characterize physicochemical properties of precursor formulations and feedstocks to assess processability prior to fabrication,field,U01.17,U01
Check newly derived results against known special cases and previously established results to confirm their correctness.,field,U29.04,U29
Check that theoretical models and protocols satisfy required consistency and performance conditions,field,U29.04,U29
Chemically profile metabolites/secondary compounds from samples using analytical separation and detection techniques to generate characterization data.,field,U01.17,U01
"Classify economic units, periods, or institutions into categories or typologies based on measured characteristics.",field,U04.08,U04
Classify languages or varieties by explicit structural criteria to account for cross-linguistic variation,field,U04.08,U04
Code and synthesize characteristics and findings across a corpus of published work to map a body of literature,field,U24.03,U24
Code attributes and events from documentary and public records to build original political datasets,field,U04.06,U04
Code documents into predefined categories to characterize the composition and trends of a corpus.,field,U04.06,U04
Code information from documents or open-ended responses into structured variables using standardized coding instruments to create analyzable data.,field,U04.06,U04
Code qualitative interview and document text into thematic categories to identify patterns across accounts,field,U04.06,U04
Collect and assay biological or physiological measures to index physiological variables such as hormone levels or genotype.,field,U01.19,U01
Combine observations with model or meteorological fields to isolate the signal of specific events or processes,field,U02.06,U02
"Commission or task participants with producing original creative or design artifacts under specified conditions, treating the resulting works as primary research data.",field,U07.04,U07
"Compare candidate systems, technologies, or configurations against their trade-offs to guide design and selection decisions.",field,U30.07,U30
Compare dated proxy records with independent records to assess synchrony and drivers of environmental change,field,U02.06,U02
Compare genome organization and gene arrangement across related taxa to characterize structural differences.,field,U02.12,U02
"Compare how the same theme, content, or interpretive claim is realized across different artistic media or formats in order to assess what the medium contributes to meaning and whether claims hold across media.",field,U28.07,U28
Compare lexical or citation patterns across large bodies of text to map meanings or the structure of a field.,field,U02.11,U02
Compare measured values against regulatory or reference thresholds to judge quality and suitability,field,U02.08,U02
Compare model predictions with observed data or documented stylized facts to assess the model's validity.,field,U09.09,U09
Compare observed practice or work against official standards and guidelines to assess compliance,field,U28.02,U28
"Compare related texts or successive versions of a text to establish their dependencies, borrowings, and alterations.",field,U28.05,U28
Compare source- and target-language expressions to assess the correspondence between them,field,U28.05,U28
Compare study scores or effects against external normative or reference data to interpret their practical magnitude.,field,U02.08,U02
Compare study-derived estimates with independently published external statistics to assess their completeness and validity,field,U02.08,U02
Compare the legal treatment of an issue across jurisdictions or coexisting legal regimes to map variation,field,U28.02,U28
"Compile and verify occurrence records from collections, literature, and field surveys to document species distributions.",field,U06.01,U06
Compile documentary reference accounts of a language variety and its speech community,field,U06.01,U06
Compile documented or hypothetical illustrative cases as evidence supporting a conceptual argument.,field,U28.03,U28
Compile inventories of heritage or tourism resources from field and documentary sources to record their attributes and distribution,field,U06.01,U06
"Compile journalistic, documentary, and secondary sources into case evidence supporting a theoretical argument",field,U28.04,U28
Compile quantitative and descriptive data from published studies and reference databases into standardized datasets for cross-source synthesis,field,U06.01,U06
"Compile quantitative data from administrative, institutional, or published records into datasets to characterize patterns and change over time.",field,U06.01,U06
Compile secondary records and statistics from administrative and archival sources into standardized datasets for analysis,field,U06.01,U06
Compute derived indices from primary measurements using established formulas to characterize system performance,field,U04.05,U04
"Compute descriptive statistics from aggregate or secondary data to document patterns and trends across groups, sectors, or periods.",field,U02.11,U02
"Compute distance, travel-time, and network accessibility measures between locations",field,U04.05,U04
"Compute distributional indices, such as inequality or concentration measures, to characterize distributions of economic outcomes.",field,U02.11,U02
Compute frequency-domain measures from continuous physiological recordings to quantify oscillatory activity,field,U04.11,U04
Compute graph-theoretic metrics from brain connectivity networks to characterize their topological organization,field,U04.11,U04
"Compute indices from hydro-meteorological time series to characterize regimes, extremes, and hazard conditions",field,U04.05,U04
Compute particle trajectories through modeled or observed velocity fields to trace transport pathways,field,U09.03,U09
Conduct a priori power calculations to determine the sample size required for planned analyses.,field,U07.01,U07
"Conduct direct field observation of settings, providers, and practices to document conditions and behavior in situ",field,U18.01,U18
Conduct in-depth interviews or focus groups to elicit participants' accounts of food and feeding beliefs and practices.,field,U01.07,U01
"Conduct iterative action research cycles of implementing, observing, and refining classroom instruction.",field,U28.99,U28
Conduct multi-round expert rating processes with structured feedback and agreement criteria to reach consensus judgments.,field,U01.22,U01
Conduct sensitivity analyses using alternative assumptions and definitions to test the robustness of findings,field,U02.08,U02
"Conjugate fluorescent, radioactive, or affinity labels to biomolecules to generate detection reagents and tracers",field,U07.13,U07
"Construct and calibrate sequential monitoring procedures, such as control charts, to detect shifts in a process across successive samples.",field,U07.08,U07
"Construct cell lines or strains carrying targeted gene deletions, insertions, or tagged alleles to test gene function",field,U07.13,U07
Construct chronologies for sediment records from dated control points to place proxy data on a common timescale,field,U04.05,U04
Construct decision rules or bounds from sample data together with quantitative assessments of their error.,field,U02.16,U02
Construct example sentences and apply the analyst's own introspective judgments as evidence for an analysis,field,U28.06,U28
Construct explicit examples or exact values realizing prescribed properties within a given class of structures.,field,U29.02,U29
Construct formal theoretical models and derive their equilibrium implications as testable predictions.,field,U12.04,U12
Construct generalized model formulations or decompose fields into constituent modes to expose the structure of a physical system,field,U09.02,U09
Construct network measures from relational data to characterize actors' positions and connections,field,U04.05,U04
Construct normative and doctrinal arguments to resolve an unsettled or contested legal question,field,U28.02,U28
Construct relational networks from media or platform data and compute structural metrics to map associations among actors and content.,field,U04.05,U04
Construct study-specific materials and procedures to capture the target phenomenon in its interactional or real-world context.,field,U07.04,U07
Construct taxonomies or design spaces that classify existing systems and techniques along multiple dimensions to structure a research area.,field,U24.03,U24
"Convert effect or cost-effectiveness estimates into alternative, more interpretable metrics to support end-user decision-making.",field,U02.11,U02
Corroborate findings by triangulating independent analysts or complementary data sources,field,U02.08,U02
Critically appraise the measures and methods used in a body of research to assess their validity,field,U24.02,U24
Critically evaluate competing theoretical accounts or concepts to assess their explanatory adequacy,field,U28.03,U28
Date site materials with chronometric methods to establish absolute ages for the deposits and their sequence,field,U01.17,U01
Decompose aggregate outcomes or their changes into contributions from underlying components.,field,U02.11,U02
Decompose budget terms in model or reanalysis fields to attribute variability to specific physical processes,field,U02.06,U02
Delineate spatial units of analysis by aggregating or clustering geographic data to fit the research design,field,U04.10,U04
"Deliver targeted manipulations, such as optogenetic or pharmacological intervention, to defined neural populations to test their causal role",field,U01.21,U01
Derive ages and histories by reducing and integrating measurement data with established methods,field,U04.05,U04
Derive and prove theorems within a formal framework to establish its properties and philosophical consequences,field,U29.01,U29
Derive exact solutions and spectra of solvable models using analytic mappings and integrability techniques,field,U29.01,U29
Derive quantitative anatomical measurements from medical images using manual or automated segmentation methods,field,U04.10,U04
Derive reduced effective equations or Hamiltonians by eliminating fast or high-energy degrees of freedom from a microscopic description,field,U29.03,U29
Derive standardized classifications or parameter estimates from measured data to characterize samples and populations,field,U02.11,U02
Derive systematic descriptions or empirical relationships from measured specimens for reference use,field,U02.11,U02
Derive theoretical descriptions of underlying mechanisms or structure and test them against observational or rigorous mathematical constraints,field,U12.04,U12
Design and configure experimental apparatus and control settings to achieve targeted measurement or manipulation capabilities,field,U07.10,U07
"Design and deliver professional training for teachers, coaches, or staff who implement targeted practices.",field,U08.01,U08
"Design and implement interventions, such as workshops or courses, to generate the study's primary data",field,U07.01,U07
"Design and run controlled experiments on replicas, specimens, or living subjects to generate comparative reference data for interpreting past material",field,U07.11,U07
Design and validate oligonucleotide sets (primers or probes) from reference sequences to target specific genomic regions.,field,U07.13,U07
"Design case studies of selected sites, programs, or individuals to examine processes in context.",field,U07.06,U07
Design controlled materials or data-collection protocols that systematically vary targeted properties to obtain evidence about them,field,U07.04,U07
"Design experimental tasks, stimuli, and manipulations to elicit and measure targeted psychological processes.",field,U07.04,U07
Design longitudinal or repeated-measures data collection to capture change in participants over time.,field,U07.01,U07
Design neural network architectures and their internal modules to address a target task.,field,U09.06,U09
Design observational studies of animal patients to quantify disease occurrence and risk factors,field,U07.02,U07
Design randomized experiments embedded within ongoing studies to test the effects of procedural or design features on study outcomes.,field,U07.01,U07
Design system architectures that define functional components and their interfaces to satisfy specified requirements,field,U30.01,U30
"Design system architectures, specifying their components, interfaces, and data flows, to realize a working system.",field,U30.01,U30
Design systematic search and eligibility screening protocols to identify and select sources for a study corpus.,field,U24.01,U24
Determine sample properties such as age or provenance from measured physical and compositional signatures,field,U04.05,U04
"Develop and apply laboratory procedures to detect, identify, or test agents against target microorganisms",field,U07.08,U07
Develop and benchmark quantitative analysis methods for extracting measures from neural data,field,U09.08,U09
Develop and calibrate analysis methods for extracting quantitative measurements from optical imaging data,field,U09.08,U09
"Develop and evaluate sequence-derived molecular markers for genotyping individuals, cultivars, or strains.",field,U07.13,U07
Develop and justify an interpretive method by comparing alternative approaches and their theoretical assumptions,field,U28.07,U28
Develop conceptual frameworks and typologies that sort system elements into standardized categories,field,U12.03,U12
"Develop digital tools, applications, or simulations to serve as the technology intervention under study.",field,U30.02,U30
"Develop numerical and heuristic optimization algorithms to solve engineering design, planning, and scheduling problems",field,U09.11,U09
"Develop programs, curricula, or interventions jointly with community and organizational partners",field,U30.05,U30
"Develop rating scales for judges to score properties of language, performance, or context",field,U07.07,U07
Develop reporting guidelines or frameworks that specify standards for communicating and appraising studies in a research field.,field,U30.05,U30
"Develop the components, materials, and tools of health interventions and support programs to enable implementation",field,U30.05,U30
Develop typologies that sort observed units into defined categories for analysis,field,U12.03,U12
Devise or scrutinize measures targeting specific linguistic categories to ensure they capture the intended construct,field,U07.14,U07
Document researcher positionality and reflexivity to account for their influence on data collection and interpretation.,field,U28.06,U28
"Document the clinical course, management, and outcomes of individual patients or case series to characterize rare presentations",field,U01.10,U01
"Draw on and reflexively manage the researcher's own insider relationships with the studied community, profession, or organization when negotiating access and interpreting data.",field,U28.06,U28
"Elicit needs, practices, and requirements from users, domain experts, and stakeholders to inform system design.",field,U30.07,U30
"Elicit structured expert judgment to define assessment inputs, weights, and priorities where empirical data are sparse",field,U01.22,U01
Engage practitioners or community participants in interpreting and verifying the study's findings,field,U28.06,U28
Establish and revise formal classifications by assigning taxa to ranks and names consistent with systematic evidence.,field,U04.08,U04
"Establish animal models of disease or injury via surgical, pharmacological, chemical, or genetic manipulation for mechanistic and therapeutic experiments.",field,U01.11,U01
Establish the basic properties of newly introduced invariants or structures for a class of objects.,field,U29.01,U29
Establish the chronology of events and sources by collating and converting dating evidence from documents.,field,U04.05,U04
Establish the credibility of qualitative findings by returning materials to participants or obtaining external review.,field,U28.06,U28
"Establish the underlying system of units, categories, and boundaries in a domain through systematic analysis of its patterns",field,U12.03,U12
"Estimate discrete-choice or limited-dependent-variable models for categorical, ordinal, or censored outcomes.",field,U02.02,U02
"Estimate emissions or material flows by applying conversion factors to activity, population, and statistical data",field,U02.11,U02
Estimate historical quantities from incomplete or conflicting figures to establish comparable baselines.,field,U02.11,U02
"Estimate how effects vary across subgroups, conditions, or points of the outcome distribution.",field,U02.02,U02
Estimate source-level neural activity from sensor-level EEG or MEG recordings to localize neural generators,field,U09.05,U09
Estimate system-level values or parameters from available data using established estimation methods,field,U02.11,U02
Estimate temporal trends in population health indicators over calendar time,field,U02.06,U02
Estimate the classification accuracy of assessment measures against criterion outcomes to identify optimal cut-scores.,field,U02.07,U02
"Estimate volumes and abundances of deposits or phases from measurements of thickness, extent, and distribution",field,U02.11,U02
Evaluate corrosion and interfacial behavior of materials in electrolytes using electrochemical polarization and impedance measurements,field,U01.17,U01
"Evaluate occurrence, habitat, and range data against red-list criteria to assess the conservation status of taxa.",field,U02.08,U02
Evaluate the out-of-sample predictive accuracy of competing models against benchmarks using held-out data.,field,U09.06,U09
Evaluate whether available corpora or documentation adequately represent the language use they are meant to reflect,field,U04.14,U04
Examine and disclose the researcher's own positionality to account for its influence on interpretation,field,U28.06,U28
Examine imperfections in measurement or data collection procedures to inform instrument choice and improve the validity of resulting estimates.,field,U07.09,U07
Examine judicial decisions and institutional practices against governing legal principles to assess their coherence,field,U28.02,U28
"Examine legal provisions against related or higher-ranking norms to identify gaps, inconsistencies, and conflicts",field,U28.02,U28
"Examine the interface, architecture, and policy features of platforms or apps to document how technical structures shape content and use.",field,U18.01,U18
Extend established results to a broader or modified setting by adapting their proofs to the new hypotheses.,field,U29.01,U29
Extract physical parameters and scaling laws from simulated or measured observables by fitting analytic forms,field,U02.10,U02
Formulate and solve constrained optimization models to determine design or operating decisions meeting stated objectives,field,U09.11,U09
Formulate management and policy recommendations from assessment results to guide interventions,field,U10.01,U10
"Generate and characterize custom reagents, such as antibodies or peptide ligands, for specific detection of molecular targets",field,U01.20,U01
Generate genetically engineered animal lines by targeted mutagenesis or breeding to study gene function in vivo,field,U01.20,U01
Generate nucleic acid sequence data from environmental samples to characterize microbial community composition,field,U01.19,U01
Ground study design and interpretation in an explicit epistemological framework that situates local settings within wider knowledge contexts,field,U12.01,U12
Hand-craft explicit domain-specific procedures or arguments that produce the target result from raw input.,field,U09.07,U09
"Harvest, process, and weigh plant material from sample plots to quantify biomass and yield",field,U01.12,U01
Identify and characterize repetitive and transposable elements in genome assemblies to describe repeat content.,field,U04.09,U04
"Identify and date structural breaks, regime shifts, or episodes in economic time series.",field,U02.06,U02
Identify and track discrete features in observational or model fields using objective criteria,field,U04.10,U04
Identify collected specimens to species using taxonomic keys and comparison with reference material.,field,U04.08,U04
"Identify fossil or skeletal remains to taxon and element by comparison with reference collections and diagnostic morphological criteria, to establish their biological and contextual placement",field,U04.08,U04
Identify proteins from mass spectrometry data by matching spectra to reference sequences.,field,U04.09,U04
"Interpret authoritative legal sources, such as statutory texts or religious and customary materials, to determine the doctrinal rules they establish",field,U28.02,U28
Interpret geophysical images of the subsurface to delineate structural geometry and infer material properties,field,U04.10,U04
Interpret statutes and judicial rulings doctrinally to assess their implications for political institutions or state conduct,field,U28.02,U28
Interpret structural and geological evidence to reconstruct deformation kinematics and tectonic evolution,field,U28.99,U28
"Interrogate indirect representations of the study object, such as clinical images or scholars' texts, to make features not directly observable visible and analyzable",field,U28.01,U28
Interrogate the assumptions of established theoretical frameworks and the researcher's own relation to the field to justify an alternative account.,field,U13.01,U13
"Interview participants, informants, or stakeholders to document practices, experiences, and meanings",field,U01.07,U01
Isolate and characterize extracellular vesicles from culture media or biofluids for downstream analysis,field,U01.16,U01
Link and aggregate records across data sources and levels of analysis to build contextual measures and analytic units for multilevel analysis,field,U06.02,U06
Link individual-level participant records to external registries and administrative databases to build research cohorts and derive variables,field,U06.02,U06
"Link named individuals across dispersed records to reconstruct their careers, identities, and social networks.",field,U06.02,U06
Manually score and annotate recorded behavioral or physiological data using defined coding schemes to extract quantitative behavioral measures.,field,U04.11,U04
Map abstract data or internal model representations into inspectable form to interpret their structure and behavior.,field,U27.01,U27
"Map the spatial distribution and movement of sites, artifacts, or practices to reconstruct historical geographies and patterns.",field,U27.01,U27
Marshal published empirical findings from the sciences as evidence for or against philosophical claims,field,U24.03,U24
Match diagnostic signals between separate records to establish correlations within a common framework,field,U04.04,U04
Measure abiotic conditions at field sites or in collected samples using instruments and deployed loggers to characterize the environmental context.,field,U01.13,U01
Measure chemical constituents of samples in the laboratory using analytical techniques such as spectrometry and chromatography,field,U01.17,U01
Measure contact angles of probe liquids on material surfaces to quantify wettability and surface energy,field,U01.17,U01
Measure density and porosity of solid specimens using displacement or geometric methods to assess densification,field,U01.17,U01
Measure electrical resistivity and carrier transport properties of specimens using probe-contact or Hall measurement geometries,field,U01.17,U01
Measure participants' physical activity with devices or questionnaires for use as exposures or covariates in nutrition studies.,field,U01.09,U01
Measure particle size distribution of powders and dispersions using light scattering to characterize dispersion state,field,U01.17,U01
Measure photoluminescence emission of materials under controlled optical excitation to characterize electronic transitions,field,U01.17,U01
Measure polarization (and associated strain) hysteresis loops versus applied electric field to characterize ferroelectric switching behavior.,field,U01.17,U01
Measure response of functional materials upon exposure to target analytes or stimuli to evaluate sensing performance,field,U01.18,U01
Measure specific surface area and pore size distribution of porous materials using gas adsorption analysis,field,U01.17,U01
Measure uptake of target species from gas or liquid streams by solid materials to quantify adsorption capacity and separation performance,field,U01.17,U01
Merge and harmonize data from separate sources to construct integrated panel or linked analysis datasets.,field,U06.02,U06
Merge irregularly sampled measurements from multiple sources into consistent gridded products by interpolation,field,U04.04,U04
Model individual-difference measures as predictors of behavioral performance to identify brain-behavior relationships,field,U02.02,U02
Model mediating pathways linking social and structural determinants to health outcomes,field,U02.02,U02
Observe public events or demonstrations firsthand to gather primary data on sector practice and discourse,field,U18.01,U18
Obtain and examine reference material or purified samples to characterize their properties for comparative study.,field,U01.17,U01
Obtain permits from governmental and land-management authorities for field access and specimen collection.,field,U19.04,U19
Pattern micro- and nanoscale features on substrates and films using lithography or etching to define device structures,field,U01.15,U01
"Perform a priori sample size and statistical power calculations for planned clinical, observational, or survey studies using anticipated effect sizes and event rates.",field,U07.01,U07
"Perform cell-based assays to quantify growth, viability, and cell death under experimental treatments",field,U01.19,U01
Perform clinical examination and laboratory testing of study subjects to characterize physiological and disease status,field,U01.10,U01
"Perform endpoint migration, invasion, or adhesion assays to quantify cellular responses to stimuli",field,U01.19,U01
Perform exploratory analysis of a dataset to characterize its distributions and latent structure for downstream design.,field,U02.17,U02
Perform functional and perturbation assays in cultured cells to test candidate molecular mechanisms of disease,field,U01.19,U01
Perform histological and immunohistochemical analysis of tissue specimens to classify pathology and quantify marker expression,field,U01.19,U01
Perform immunoprecipitation or pull-down assays to detect physical interactions between macromolecules,field,U01.19,U01
Perform reporter gene assays in transfected cells to quantify the activity of candidate regulatory sequences,field,U01.19,U01
Perturb candidate genes by knockdown or overexpression in cultured cells or tissues to test their functional role,field,U01.19,U01
Predict regulatory binding sites in gene or transcript sequences using computational sequence analysis,field,U09.06,U09
"Prepare and analyze large spatial datasets, such as flow records or text corpora, to characterize relationships among places",field,U04.04,U04
Prepare and verify material or records from specimens to obtain reliable data for further characterization.,field,U01.16,U01
Prepare experimental materials to specified compositions for use in trials,field,U01.16,U01
Prepare freshly obtained tissue preparations or first-hand participant reports for immediate experimental measurement,field,U01.16,U01
"Prepare specimens by dissection, sectioning, or staining to expose internal structures for microscopic examination.",field,U01.16,U01
Produce and analyze media and cartographic representations of places as evidence of how places are portrayed,field,U28.01,U28
Produce original creative work or artifacts through one's own practice as the primary method of inquiry,field,U30.06,U30
Project future population-level disease burden under alternative scenario assumptions to compare prevention strategies,field,U09.10,U09
"Propose formation, transformation, or reaction mechanisms by integrating evidence from multiple characterization measurements",field,U12.02,U12
"Quantify gene, transcript, and protein expression in cell, tissue, or fluid specimens using molecular and immuno-based laboratory assays.",field,U01.19,U01
Quantify interrater agreement among independent raters applying standardized coding or diagnostic criteria to document reliability.,field,U02.07,U02
Quantify mass change of specimens during immersion or environmental exposure to determine degradation or liquid uptake rates,field,U01.18,U01
Quantify morphological or labeling features of cells and tissue from microscopy images to assess structural and cellular states,field,U04.10,U04
"Quantify proteins in tissues, biofluids, or culture supernatants using antibody-based immunoassays",field,U01.19,U01
Quantify surface change by differencing repeat topographic surveys or imagery over time,field,U04.10,U04
Quantify taxonomic and functional marker genes in environmental samples using targeted molecular assays,field,U01.19,U01
"Quantify treatment-induced cell death, cell-cycle changes, or oxidative stress in cells using fluorescent probes",field,U01.19,U01
Rate published studies against methodological or reporting standards to characterize the quality of statistical practice.,field,U24.02,U24
"Re-estimate results under alternative specifications, samples, or measures to assess robustness.",field,U02.08,U02
Rear and maintain study organisms in laboratory culture to obtain specimens of the required life stage or genotype.,field,U01.20,U01
Recast a problem as an equivalent structure in another framework to make it tractable or to transfer known results.,field,U29.03,U29
Reconcile conflicting legal norms or authorities to determine which rule governs,field,U28.02,U28
Reconstruct ancestral character states or ranges on a phylogeny to infer evolutionary transitions.,field,U09.05,U09
Record time-resolved optical microscopy and video images of samples or flows to characterize their morphology and dynamics,field,U01.17,U01
Recruit and stratify participants from non-probability sources on key characteristics to approximate the composition of a target group.,field,U01.05,U01
Recruit and train community members or lay fieldworkers to administer protocols and collect data,field,U01.05,U01
"Recruit participants through community, online, or professional channels to obtain the intended study sample.",field,U01.05,U01
Recruit study participants through online channels such as social media platforms or crowdsourcing marketplaces.,field,U01.05,U01
Score and longitudinally monitor disease severity in animal models using standardized clinical measures,field,U01.11,U01
"Scrutinize the scientific, technical, or statistical evidence invoked in legal claims to verify its validity",field,U28.02,U28
Search bibliographic databases against predefined eligibility criteria to assemble a systematic sample of published studies for analysis.,field,U24.01,U24
Segment continuous behavioral or physiological recordings into discrete states using defined classification criteria,field,U04.11,U04
Select compositional substitutions and additive concentrations to target desired structural and functional properties,field,U30.03,U30
"Select tuning parameters, such as smoothing bandwidths or model order, from data-driven criteria to govern the complexity of a fitted procedure.",field,U02.16,U02
Share research design and decision-making with community partners acting as co-researchers,field,U05.01,U05
"Situate the analysis within established theoretical or conceptual debates in the field, using them to frame research questions and interpret legal norms.",field,U24.04,U24
"Specify dependence structures, such as distance-based weight matrices or adjacency matrices, to encode relationships among observations before fitting.",field,U02.14,U02
"Specify device geometry, materials, and component arrangement to meet targeted functional and performance requirements",field,U30.01,U30
"Standardize or measure participant state variables, such as diet or hormonal status, before testing to control confounds",field,U07.11,U07
Survey organisms in field plots to identify species and record community composition and abundance,field,U01.12,U01
"Synthesize scientific, economic, or other empirical evidence to establish the factual premises of legal arguments",field,U24.03,U24
"Synthesize small molecules, peptides, or materials to produce test articles for biological evaluation",field,U01.15,U01
Take direct on-site measurements with survey instruments to document the dimensions and form of physical features.,field,U01.12,U01
"Test philosophical claims against constructed cases, such as thought experiments or counterexamples, to assess their adequacy",field,U28.03,U28
"Test the effects or quality of educational interventions and materials through comparison-group designs, expert review, or pilot try-outs.",field,U02.01,U02
Trace how policy ideas or institutional models circulate and are re-contextualized across jurisdictions and settings,field,U18.01,U18
Trace sequences of events and decisions within cases to reconstruct the causal mechanisms producing political outcomes,field,U18.01,U18
Train animals through staged shaping and habituation to reach stable task performance before experimental testing,field,U01.11,U01
Train research staff or raters to apply study protocols and coding schemes consistently across participants.,field,U07.07,U07
Translate and back-translate study materials to establish conceptual equivalence across language groups.,field,U07.03,U07
Translate and culturally adapt research instruments for use in local languages and settings,field,U07.03,U07
Translate and culturally adapt research instruments or materials for use with a new linguistic population.,field,U07.03,U07
Translate qualitative materials into the language of analysis while preserving fidelity of meaning,field,U04.07,U04
Upscale local measurements to regional estimates by weighting them by the extent they represent,field,U02.14,U02
"Use visual methods, such as photo elicitation or participant-produced photography, to generate data on everyday experience",field,U01.07,U01
"Verify the anatomical location or identity of implants, injection sites, lesions, and recorded neurons",field,U04.10,U04
Abstract a general moral or legal principle from a context-bound scriptural ruling by separating historically contingent details from its underlying rationale.,subfield,U28.02,U28
"Access administrative data from Head Start, state pre-K programs, or early intervention services for secondary analysis.",subfield,U01.01,U01
Access administrative or archival records to study historical patterns of political participation or state-society relations.,subfield,U01.01,U01
"Access and analyze historical religious texts, denominational records, or ecclesiastical archives as secondary sources.",subfield,U01.03,U01
"Access and analyze primary philosophical texts, treatises, and historical political documents.",subfield,U01.03,U01
Access and harmonize survey data from cross-national or longitudinal survey programs for secondary analysis.,subfield,U01.01,U01
"Access archival collections containing poets' manuscripts, correspondence, drafts, or personal papers for textual analysis.",subfield,U01.03,U01
"Access archival collections of musical scores, recordings, correspondence, or concert programs for historical research.",subfield,U01.03,U01
"Access archival collections of playscripts, production records, promptbooks, and theatrical ephemera for historical research.",subfield,U01.03,U01
"Access archival linguistic materials, historical texts, or previously collected language documentation for comparative analysis.",subfield,U01.03,U01
"Access archival manuscripts, letters, and historical documents from libraries and special collections for textual research.",subfield,U01.03,U01
"Access archival materials from colonial administrations, missions, or ethnographic collections for historical analysis.",subfield,U01.03,U01
Access census or population register data to analyze immigrant demographic characteristics and spatial distribution.,subfield,U01.01,U01
"Access colonial archives, manuscripts, and historical documents held in libraries or national repositories to support textual analysis.",subfield,U01.03,U01
"Access cross-national datasets comparing stratification systems, educational institutions, or labor market outcomes across countries.",subfield,U01.01,U01
Access curriculum materials and instructional resources for content analysis studies.,subfield,U01.03,U01
Access customs transaction records or firm-level trade data from national statistical agencies.,subfield,U01.01,U01
"Access declassified government documents, defense white papers, and official military records for historical analysis.",subfield,U01.03,U01
"Access denominational archives, church records, or historical theological documents for secondary data analysis.",subfield,U01.03,U01
Access existing spoken language corpora and sociolinguistic archives for secondary analysis of linguistic variation.,subfield,U01.03,U01
"Access film prints, production records, and promotional materials from studio archives, national film archives, or private collections.",subfield,U01.03,U01
"Access geospatial data on urban infrastructure, transportation networks, or environmental conditions for spatial analysis.",subfield,U01.01,U01
"Access government archives, diplomatic records, and declassified documents from twentieth and twenty-first century collections.",subfield,U01.03,U01
Access health campaign archives or public health communication materials for content analysis.,subfield,U01.03,U01
"Access historical translation archives, publisher records, or institutional databases for secondary analysis.",subfield,U01.03,U01
"Access inquisition records, trial transcripts, or ecclesiastical court documents from historical archives.",subfield,U01.03,U01
"Access labor market data, employment statistics, or occupational surveys from government and international agencies.",subfield,U01.01,U01
Access linked employer-employee or tax-benefit administrative datasets to study labor market and fiscal policy interactions.,subfield,U01.01,U01
Access longitudinal educational datasets to examine developmental trajectories or long-term intervention effects.,subfield,U01.01,U01
"Access museum archives, private collections, or estate records to obtain primary source materials about artworks and artists.",subfield,U01.03,U01
"Access museum collections, site archives, or legacy excavation records for comparative or reanalysis studies.",subfield,U01.03,U01
"Access national criminal justice datasets such as the Uniform Crime Reports, National Crime Victimization Survey, or correctional population records.",subfield,U01.01,U01
"Access national datasets on STEM degree completion, workforce outcomes, or educational pathways for longitudinal research.",subfield,U01.01,U01
"Access national survey datasets containing religious affiliation, attendance, and belief measures.",subfield,U01.01,U01
Access rare book collections and special archives to examine material features of primary sources.,subfield,U01.03,U01
"Access regional archives, libraries, and special collections to obtain primary historical documents and manuscripts.",subfield,U01.03,U01
Access restricted criminal justice datasets maintained by government agencies or research consortia.,subfield,U01.01,U01
Access restricted health datasets through data use agreements with government agencies or healthcare organizations.,subfield,U01.01,U01
Access satellite imagery or geospatial data to construct measures of agricultural productivity or infrastructure development.,subfield,U01.14,U01
"Access school finance, staffing, and accountability data from federal and state education databases.",subfield,U01.01,U01
"Access state and federal datasets on special education enrollment, outcomes, and compliance indicators.",subfield,U01.01,U01
"Access syndicated market research data on brand shares, advertising expenditures, or consumer demographics.",subfield,U01.01,U01
"Access vital statistics data on marriage, divorce, and family formation from government registries.",subfield,U01.01,U01
Access workforce analytics data from organizational information systems for research purposes.,subfield,U01.01,U01
Account for baseline individual differences in neural activity when estimating intervention effects on behavior.,subfield,U02.02,U02
"Account for biases in sources produced by religious authorities, polemicists, or persecuting institutions.",subfield,U28.04,U28
Account for biases inherent in colonial administrative records and European-authored sources.,subfield,U28.04,U28
Account for case selection effects and jurisdictional variation when drawing inferences from litigation data.,subfield,U02.02,U02
Account for clustering of patients within practices or healthcare systems in multi-site analyses.,subfield,U02.05,U02
Account for confounding by indication when comparing surgical versus medical management of sensory disorders.,subfield,U02.02,U02
"Account for contextual factors such as audience, medium, and historical moment when interpreting rhetorical patterns in observational data.",subfield,U28.01,U28
Account for denominational or theological diversity when analyzing patterns in religious attitudes or ethical positions.,subfield,U02.02,U02
"Account for denominational, regional, or socioeconomic confounders when analyzing patterns in Christian belief or practice.",subfield,U02.02,U02
Account for differential preservation and taphonomic processes when interpreting artifact and faunal assemblages.,subfield,U02.02,U02
Account for disciplinary and institutional variation when drawing philosophical conclusions from empirical studies of science.,subfield,U02.02,U02
Account for family-level clustering and sibling correlations when analyzing pediatric cohort data.,subfield,U02.05,U02
Account for gaps in archival records and uneven film preservation when drawing historical conclusions.,subfield,U28.04,U28
Account for gaps in provenance records or archival documentation when drawing conclusions about artworks or collections.,subfield,U28.04,U28
Account for gestational age as a time-varying confounder in perinatal intervention studies.,subfield,U02.02,U02
Account for group-level clustering effects when analyzing data from participants nested within social groups.,subfield,U02.05,U02
Account for individual differences in language background when interpreting grammaticality judgment results.,subfield,U02.02,U02
Account for inter-eye or inter-ear correlation when analyzing bilateral organ data.,subfield,U02.05,U02
Account for jurisdictional variation and regulatory heterogeneity when analyzing health law outcomes across states or countries.,subfield,U02.02,U02
Account for measurement error arising from changes in racial classification schemes over time or across data sources.,subfield,U02.09,U02
Account for medication adherence and dose changes in analyses of metabolic treatment effectiveness.,subfield,U02.02,U02
Account for nested data structures when analyzing student literacy outcomes within classrooms or schools.,subfield,U02.05,U02
Account for nested data structures when analyzing student outcomes within classrooms and schools.,subfield,U02.05,U02
"Account for nested data structures when employees are clustered within teams, departments, or organizations.",subfield,U02.05,U02
Account for nested data structures with students clustered within classrooms and schools using multilevel modeling.,subfield,U02.05,U02
Account for nesting of children within classrooms and programs when analyzing early childhood education data.,subfield,U02.05,U02
Account for non-stationarity and cointegration when estimating relationships among macroeconomic time series.,subfield,U02.06,U02
Account for observer effects and performativity when analyzing naturally occurring speech data.,subfield,U02.02,U02
Account for organizational selection effects when comparing workplace practices or employment arrangements.,subfield,U02.02,U02
Account for platform algorithmic filtering when analyzing the reach and visibility of digital content.,subfield,U02.02,U02
Account for platform algorithms and selection effects when analyzing digital media data.,subfield,U02.02,U02
Account for practice effects and order effects when analyzing data from within-subjects experimental designs.,subfield,U02.01,U02
Account for practice effects and test-retest reliability when interpreting longitudinal cognitive assessment data.,subfield,U02.07,U02
Account for preservation bias and differential survival of ancient materials when interpreting patterns.,subfield,U02.02,U02
Account for researcher positionality and confessional bias when analyzing data on religious communities.,subfield,U28.06,U28
Account for researcher positionality and interpretive bias when analyzing aesthetic judgments and cultural meanings.,subfield,U28.06,U28
Account for researcher positionality and normative commitments when interpreting data on moral beliefs or practices.,subfield,U28.06,U28
Account for researcher positionality and reflexivity when interpreting qualitative data about cultural-spatial phenomena.,subfield,U28.06,U28
Account for residential selection bias when estimating neighborhood effects on individual outcomes.,subfield,U02.02,U02
Account for sampling challenges and potential biases when analyzing data from hard-to-reach LGBTQ+ or gender-diverse populations.,subfield,U02.02,U02
Account for selection bias when studying Muslim populations who may be underrepresented or difficult to access.,subfield,U02.02,U02
Account for selection effects and non-random assignment when evaluating program impacts on student outcomes.,subfield,U02.03,U02
Account for selection effects in studies of healthcare utilization or treatment outcomes.,subfield,U02.02,U02
Account for selection effects when comparing activists to non-participants or analyzing differential recruitment into movements.,subfield,U02.02,U02
Account for selection effects when comparing musical training outcomes across self-selected participant groups.,subfield,U02.02,U02
Account for selection into energy efficiency programs or environmental regulations when estimating treatment effects.,subfield,U02.02,U02
Account for self-selection bias when analyzing differences between visitor segments or destination types.,subfield,U02.02,U02
Account for self-selection bias when analyzing voluntary participation in digital library or wiki platforms.,subfield,U02.02,U02
Account for self-selection in media exposure when analyzing relationships between news consumption and attitudes.,subfield,U02.02,U02
"Account for self-selection in strategic choices such as diversification, internationalization, or alliance formation.",subfield,U02.02,U02
Account for self-selection into health behaviors when estimating intervention effects in observational studies.,subfield,U02.02,U02
Account for self-selection into health information exposure when estimating campaign effectiveness.,subfield,U02.02,U02
Account for self-selection into media exposure when estimating causal effects of political content consumption.,subfield,U02.02,U02
"Account for self-selection into programs, majors, or institutions when estimating effects on student outcomes.",subfield,U02.02,U02
"Account for silences, omissions, and power dynamics embedded in colonial or state-produced archival records.",subfield,U28.04,U28
Account for spatial autocorrelation and edge effects when analyzing observational geographic data.,subfield,U02.14,U02
Account for spatial autocorrelation and geographic clustering when analyzing observational data across locations.,subfield,U02.14,U02
Account for speaker-level clustering and stylistic variation when analyzing sociolinguistic interview data.,subfield,U02.05,U02
Account for spillover effects and general equilibrium impacts when estimating treatment effects in clustered interventions.,subfield,U02.02,U02
Account for survival bias and archival gaps when drawing conclusions from fragmentary early modern source bases.,subfield,U28.04,U28
Account for survival bias when analyzing patterns in medieval archival collections and material remains.,subfield,U28.04,U28
Account for survivorship bias when studying historical buildings and design objects that remain extant.,subfield,U28.04,U28
Account for taphonomic processes and preservation bias when interpreting patterns in skeletal assemblages.,subfield,U02.02,U02
Account for text selection bias when analyzing patterns in translated corpora.,subfield,U02.02,U02
Account for the social positioning of both researcher and participants when interpreting cultural data.,subfield,U28.06,U28
Account for treatment dropout and missing data patterns in longitudinal clinical studies.,subfield,U02.05,U02
Account for uncertainties in historical geographic data when reconstructing past environmental conditions.,subfield,U02.09,U02
Account for underreporting bias and access-to-justice barriers when analyzing data on human rights violations.,subfield,U02.02,U02
Account for unobserved heterogeneity when analyzing fertility and mortality outcomes.,subfield,U02.02,U02
Acquire NMR spectroscopy data to characterize small-molecule compounds and their target interactions.,subfield,U01.17,U01
Acquire T-cell or B-cell receptor repertoire sequencing data to assess clonal diversity and antigen-specific responses.,subfield,U01.19,U01
Acquire X-ray diffraction patterns to determine crystal structure and phase purity.,subfield,U01.17,U01
"Acquire abdominal imaging data including ultrasound elastography, CT, or MRI for assessment of liver fibrosis or steatosis.",subfield,U01.10,U01
"Acquire absorption, emission, or scattering spectra to characterize molecular structure and dynamics.",subfield,U01.17,U01
"Acquire administrative data on visa issuances, asylum applications, or border crossings from government agencies.",subfield,U01.01,U01
Acquire administrative employment records from state unemployment insurance systems or social security agencies.,subfield,U01.01,U01
Acquire administrative records from government agencies for program evaluation and policy analysis.,subfield,U01.01,U01
Acquire administrative tax records from government agencies to analyze taxpayer behavior and policy effects.,subfield,U01.01,U01
"Acquire aerodynamic data using pressure taps, force balances, and flow visualization techniques.",subfield,U01.18,U01
"Acquire and analyze classical Islamic manuscripts, legal opinions, and religious texts as primary sources.",subfield,U01.03,U01
Acquire and harmonize household survey data from national statistical offices or international development databases.,subfield,U01.01,U01
"Acquire and integrate conflict event data from repositories tracking armed violence, terrorism, or political instability.",subfield,U01.01,U01
Acquire and integrate publicly available genomic or clinical datasets for secondary analysis.,subfield,U01.01,U01
Acquire and interpret specialized NMR spectra of metal complexes to probe electronic structure and dynamic behavior,subfield,U01.17,U01
Acquire and merge voter file data with survey responses or administrative records for individual-level analysis.,subfield,U01.01,U01
Acquire and process remote sensing imagery for land cover classification and change detection.,subfield,U01.14,U01
"Acquire and process remote sensing imagery to estimate precipitation, soil moisture, or land cover for hydrological analysis.",subfield,U01.14,U01
Acquire and process remote sensing imagery to map habitat extent and fragmentation.,subfield,U01.14,U01
"Acquire archival HR data including performance ratings, turnover records, or compensation information from partner organizations.",subfield,U01.01,U01
Acquire archival data from forensic psychiatric hospitals or sex offender registries for longitudinal analysis.,subfield,U01.01,U01
"Acquire archival human resource data including performance ratings, turnover records, and training completion.",subfield,U01.01,U01
"Acquire archival maps, historical photographs, or planning documents to trace landscape transformations.",subfield,U01.03,U01
"Acquire archival materials from ecclesiastical repositories, diocesan archives, or religious order collections.",subfield,U01.03,U01
"Acquire archival materials, literary texts, or visual media for close reading and interpretive analysis.",subfield,U01.03,U01
"Acquire auction records, provenance documentation, or sales data for art market research.",subfield,U01.01,U01
Acquire benchmark datasets with known ground truth for validating Bayesian inference procedures.,subfield,U06.03,U06
Acquire bioluminescence or chemiluminescence signals from reporter systems or labeled probes.,subfield,U01.19,U01
"Acquire case law and jurisprudence from international, regional, and domestic human rights courts and tribunals.",subfield,U01.03,U01
Acquire catheter-based pressure and flow measurements to characterize respiratory mechanics and muscle effort in ventilated patients.,subfield,U01.10,U01
"Acquire chest CT scans for quantitative assessment of emphysema, fibrosis, or airway remodeling.",subfield,U01.10,U01
"Acquire clinical imaging of extracranial structures, such as the retina or cervical arteries, to assess neurological disease markers.",subfield,U01.10,U01
Acquire confocal or fluorescence microscopy images of neural tissue to visualize cellular structures and protein localization.,subfield,U01.19,U01
Acquire continuous behavioral tracking data such as video kinematics or locomotor activity during experiments.,subfield,U01.09,U01
Acquire continuous elemental or spectral scans of sediment cores to derive compositional proxy records.,subfield,U01.17,U01
"Acquire continuous physiological monitoring data from patients using bedside, ambulatory, or wearable devices",subfield,U01.10,U01
Acquire court decisions and arbitration awards from legal databases to analyze judicial interpretation of commercial law.,subfield,U01.03,U01
"Acquire court records on divorce filings, custody determinations, and child support orders from state court administrative offices.",subfield,U01.01,U01
Acquire cross-national economic and political datasets from international organizations for comparative analysis.,subfield,U01.01,U01
Acquire current-voltage and capacitance-voltage characteristics of semiconductor devices using parameter analyzers.,subfield,U01.18,U01
"Acquire datasets from digital platforms, social media archives, or online communities for analyzing networked art practices and digital culture.",subfield,U01.02,U01
Acquire diagnostic and follow-up imaging data to assess tumor burden and treatment response.,subfield,U01.10,U01
"Acquire diagnostic imaging data to assess infection site, disease severity, or treatment response in infected patients.",subfield,U01.10,U01
Acquire diffraction data from crystalline and amorphous materials using X-ray or neutron diffractometers.,subfield,U01.17,U01
Acquire digital pathology images for quantitative analysis and archival purposes.,subfield,U01.19,U01
"Acquire digitized newspapers, periodicals, and mass media sources from modern historical periods.",subfield,U01.03,U01
Acquire echocardiographic imaging data to assess cardiac structure and function in living animals.,subfield,U01.11,U01
Acquire electrochemical response data from biosensors under controlled applied potential and analyte exposure.,subfield,U01.17,U01
Acquire electron microscopy images of dental tissue and material specimens to characterize surface and interfacial morphology.,subfield,U01.17,U01
Acquire electron paramagnetic resonance spectra to characterize spin states and unpaired electron distribution in paramagnetic species.,subfield,U01.17,U01
"Acquire electrophysiological data from EEG, ECoG, or other neural recording modalities.",subfield,U01.09,U01
Acquire element- and site-specific spectra using Mössbauer spectroscopy or X-ray magnetic circular dichroism to resolve local valence and magnetic states.,subfield,U01.17,U01
Acquire elemental and isotopic compositions using mass spectrometry techniques.,subfield,U01.17,U01
"Acquire environmental monitoring data, permit records, and enforcement actions from regulatory databases.",subfield,U01.01,U01
Acquire ferromagnetic resonance spectra to determine magnetic anisotropy and damping parameters.,subfield,U01.17,U01
"Acquire firm-level data on prices, quantities, costs, and market shares from industry databases or regulatory filings.",subfield,U01.01,U01
Acquire flow cytometry or mass cytometry data to phenotype and quantify immune cell populations.,subfield,U01.19,U01
"Acquire fluorescence microscopy images to assess cellular uptake, localization, and morphological changes induced by compounds.",subfield,U01.19,U01
"Acquire fluorescence microscopy images using confocal, widefield, or multiphoton imaging systems.",subfield,U01.19,U01
Acquire fluorescence or absorbance spectroscopy data to characterize protein structure and interactions.,subfield,U01.19,U01
Acquire functional MRI data during task performance or resting-state conditions to measure brain activity.,subfield,U01.09,U01
"Acquire functional or structural brain imaging data using MRI, fMRI, PET, or CT protocols optimized for neural systems of interest.",subfield,U01.09,U01
Acquire gamma-ray spectra using semiconductor or scintillation detector systems.,subfield,U01.17,U01
"Acquire georeferenced economic data from census products, business registries, or land use records for spatial analysis.",subfield,U01.01,U01
"Acquire government policy, legislative, and planning documents as a corpus for qualitative analysis of economic development strategy.",subfield,U01.03,U01
"Acquire government records, colonial archives, or institutional documents from national and regional repositories.",subfield,U01.03,U01
Acquire ground truth annotations through manual labeling or structured data collection protocols.,subfield,U01.22,U01
Acquire health records or epidemiological data to contextualize ethnographic findings within broader disease patterns.,subfield,U01.01,U01
"Acquire health-related data from electronic health records, vital statistics, or population health surveys.",subfield,U01.01,U01
Acquire high-content imaging data to assess compound effects on cellular morphology and viability.,subfield,U01.19,U01
"Acquire historical archival materials documenting racial policies, ethnic community formation, or migration patterns.",subfield,U01.03,U01
"Acquire historical maps, aerial photographs, or archival geographic records to reconstruct past landscape conditions.",subfield,U01.03,U01
"Acquire historical photographs, material culture records, or visual sources from museums and special collections.",subfield,U01.03,U01
"Acquire immigration court records, asylum decision data, or visa statistics from government agencies for empirical analysis.",subfield,U01.01,U01
Acquire immunofluorescence images to assess expression of pluripotency or lineage-specific markers.,subfield,U01.19,U01
Acquire immunohistochemistry or immunofluorescence images to assess protein expression and localization in tumor sections.,subfield,U01.19,U01
Acquire infrared and Raman spectra to identify chemical functional groups and monitor polymerization reactions.,subfield,U01.17,U01
Acquire infrared and Raman spectra to identify functional groups and bonding modes in inorganic compounds.,subfield,U01.17,U01
Acquire institutional data on course completion rates and academic performance in online versus face-to-face courses.,subfield,U01.01,U01
"Acquire institutional data on student enrollment, grades, and retention in STEM courses for secondary analysis.",subfield,U01.01,U01
Acquire intraoral and panoramic radiographs for assessment of dental and periodontal structures.,subfield,U01.10,U01
Acquire leaf-level physiological measurements such as gas exchange and water potential using portable instruments.,subfield,U01.12,U01
"Acquire legislative histories, constitutional convention records, and amendment ratification documents for doctrinal analysis.",subfield,U01.03,U01
Acquire live-cell imaging data to visualize intracellular signaling dynamics and ion fluxes.,subfield,U01.19,U01
"Acquire longitudinal panel data from national surveys tracking income, education, and employment over the life course.",subfield,U01.01,U01
Acquire magneto-optical Kerr effect data under controlled light polarization and field orientation to determine magnetization reversal behavior.,subfield,U01.17,U01
Acquire metabolomic or proteomic data to characterize drug metabolites and protein targets.,subfield,U01.19,U01
Acquire microscopy images of experimental specimens and quantify cellular or subcellular morphology and features by image-based analysis.,subfield,U01.19,U01
Acquire microscopy images of infected cells or tissues to assess cytopathic effects and pathogen localization.,subfield,U01.19,U01
"Acquire microscopy images of marine plankton, larvae, or tissue sections for morphological analysis.",subfield,U01.19,U01
"Acquire microscopy images of microbial cells, colonies, or biofilm structures using light, fluorescence, or electron microscopy.",subfield,U01.19,U01
Acquire microstructural images and compositional data using electron microscopy techniques.,subfield,U01.17,U01
Acquire microstructural images using scanning and transmission electron microscopy.,subfield,U01.17,U01
Acquire mineral compositional data using electron microprobe analysis and energy-dispersive spectroscopy.,subfield,U01.17,U01
Acquire news media content from archives or databases for systematic analysis of political coverage.,subfield,U01.03,U01
Acquire nuclear magnetic resonance spectra to determine polymer chemical structure and composition.,subfield,U01.17,U01
Acquire obstetric ultrasound imaging data to assess fetal growth and development.,subfield,U01.10,U01
"Acquire official crime data from law enforcement agencies, courts, or correctional departments for analysis.",subfield,U01.01,U01
Acquire optical absorption and emission spectra to characterize electronic transitions and photophysical properties of polymer materials.,subfield,U01.17,U01
"Acquire organizational records, industry reports, or corporate disclosures for analysis of firm behavior and market dynamics.",subfield,U01.01,U01
"Acquire parcel-level land use, zoning, and property assessment data from municipal planning departments.",subfield,U01.01,U01
Acquire pediatric imaging data using protocols optimized for reduced radiation exposure and shorter scan times.,subfield,U01.10,U01
Acquire pediatric neuroimaging data using child-friendly protocols that minimize motion artifacts and participant distress.,subfield,U01.09,U01
Acquire pharmaceutical pricing data and drug utilization records from commercial or government sources.,subfield,U01.01,U01
"Acquire phenotypic imaging data using drones, sensors, or automated platforms to assess crop growth and health.",subfield,U01.14,U01
"Acquire physiological signals including electromyography, electrocardiography, or electroencephalography from human subjects or animal models.",subfield,U01.09,U01
Acquire preoperative and postoperative imaging data to assess surgical planning and outcomes.,subfield,U01.10,U01
"Acquire preoperative and postoperative imaging such as radiographs, CT, or MRI to guide surgical planning and assess outcomes in animal patients.",subfield,U01.11,U01
Acquire real-time intraoperative imaging to guide dissection and confirm device position.,subfield,U01.10,U01
Acquire remote sensing data from satellite imagery or aerial surveys for geological mapping.,subfield,U01.14,U01
Acquire remote sensing imagery and LiDAR data to assess forest structure and canopy characteristics.,subfield,U01.14,U01
Acquire remote sensing imagery or aerial photographs to assess landscape patterns and habitat characteristics.,subfield,U01.14,U01
"Acquire renal and urological imaging data including ultrasound, CT urography, and nuclear medicine scans.",subfield,U01.10,U01
"Acquire retinal imaging data using optical coherence tomography, fundus photography, or fluorescein angiography.",subfield,U01.10,U01
"Acquire satellite imagery and geospatial data to assess land use change, deforestation, and urban expansion.",subfield,U01.14,U01
"Acquire satellite remote sensing data to map sea surface temperature, chlorophyll, and ocean color.",subfield,U01.14,U01
Acquire satellite tracking and orbital state data from ground-based observation networks.,subfield,U01.14,U01
Acquire scanner panel data or transaction records to analyze consumer purchasing patterns.,subfield,U01.01,U01
"Acquire secondary data from industry databases on firm performance, trade flows, or logistics metrics.",subfield,U01.01,U01
"Acquire secondary data from library circulation records, database usage statistics, or institutional repositories.",subfield,U01.02,U01
"Acquire secondary data from religious denomination records, congregational surveys, or faith-based organization archives.",subfield,U01.01,U01
"Acquire secondary data from school district records including IEP documentation, placement decisions, and service delivery logs.",subfield,U01.01,U01
"Acquire secondary data on gender-based violence, discrimination, or inequality from governmental or advocacy organization sources.",subfield,U01.01,U01
Acquire seismic waveform data from monitoring networks for earthquake characterization.,subfield,U01.13,U01
Acquire social media data to analyze health information dissemination patterns and public discourse on health topics.,subfield,U01.02,U01
Acquire spectral data using spectrometers and monochromators for material characterization.,subfield,U01.17,U01
"Acquire spectroscopic data using scintillators, semiconductor detectors, or photomultiplier systems.",subfield,U01.17,U01
Acquire standardized assessment data from schools or districts to analyze literacy outcomes.,subfield,U01.01,U01
Acquire structural and functional brain MRI data for analysis of neuroanatomical or connectivity changes.,subfield,U01.09,U01
Acquire structural and functional neuroimaging data to investigate brain correlates of psychiatric conditions.,subfield,U01.09,U01
Acquire student achievement and demographic data from state education agencies and district administrative systems.,subfield,U01.01,U01
Acquire student achievement data from school districts or state education agencies for secondary analysis.,subfield,U01.01,U01
Acquire surface topography and mechanical property data using scanning probe microscopy techniques.,subfield,U01.17,U01
Acquire system usage logs and transaction data from enterprise information systems for secondary analysis.,subfield,U01.02,U01
Acquire terrain elevation data using LiDAR sensors mounted on aircraft or ground-based platforms.,subfield,U01.14,U01
Acquire thermal analysis data using differential scanning calorimetry and thermogravimetric analysis for cure characterization.,subfield,U01.17,U01
Acquire thermal stability and decomposition data using thermogravimetric and calorimetric analysis.,subfield,U01.17,U01
Acquire time-of-flight or absorption imaging data to characterize cold atom cloud properties.,subfield,U01.17,U01
Acquire time-resolved measurements of quantum state dynamics using fast electronics and detectors.,subfield,U01.17,U01
Acquire time-resolved spectroscopic data to characterize biomolecular dynamics and reaction kinetics.,subfield,U01.17,U01
Acquire time-series satellite data to monitor land cover change and environmental dynamics.,subfield,U01.14,U01
Acquire transcriptomic data to assess gene expression responses of marine organisms to environmental conditions.,subfield,U01.19,U01
"Acquire ultrasound images to assess body composition, reproductive status, or organ morphology.",subfield,U01.11,U01
Acquire ultrasound imaging data to assess nerve block placement accuracy and regional anesthesia outcomes.,subfield,U01.10,U01
Acquire velocity field data using particle image velocimetry or laser Doppler velocimetry systems.,subfield,U01.17,U01
Acquire vibration and acoustic emission signals from machine tools for condition monitoring and fault diagnosis.,subfield,U01.18,U01
Acquire volumetric medical imaging data of tissues and implants to characterize structure and geometry.,subfield,U01.10,U01
Adapt and validate established IS measurement scales for new technology contexts or user populations.,subfield,U07.07,U07
"Adapt data collection procedures during administration to accommodate participants' communication, sensory, or cognitive impairments.",subfield,U07.03,U07
Adapt data collection to the linguistic and spatial context of the population studied so that materials can be analyzed,subfield,U07.03,U07
Adapt doctrinal concepts into frameworks addressing contemporary secular issues and assess their present-day relevance.,subfield,U28.02,U28
Adapt established accounting or finance structural models as the estimation framework for empirical testing.,subfield,U09.05,U09
"Adapt or develop scales to assess classroom climate, teacher practices, or academic engagement.",subfield,U07.07,U07
Adapt representational frameworks from one grammatical module to another to unify analyses across syntax and phonology.,subfield,U29.03,U29
"Adapt standardized developmental assessment scales to measure social-emotional, cognitive, or motor milestones.",subfield,U07.07,U07
"Adapt survey instruments for cross-cultural validity, including translation and culturally appropriate response categories.",subfield,U07.03,U07
"Adapt survey instruments to capture teacher-child interactions, classroom quality, or preschool curriculum implementation.",subfield,U07.03,U07
Adapt survey questions for cross-national equivalence in meaning and response scales.,subfield,U07.03,U07
Adapt the operative and anesthetic plan to individual patient anatomy and competing clinical risks,subfield,U30.99,U30
"Adapt validated forensic assessment instruments to measure constructs such as psychopathy, violence risk, or deception.",subfield,U07.07,U07
Address IRB concerns about potential harms when researching sensitive topics related to racial trauma or discrimination.,subfield,U19.01,U19
Address attrition bias in longitudinal studies tracking children and families over extended periods.,subfield,U02.05,U02
Address attrition bias in longitudinal studies tracking mobile or migrating populations in developing regions.,subfield,U02.05,U02
Address biases in training data that may affect model performance across demographic or linguistic groups.,subfield,U04.03,U04
Address common method bias when analyzing self-reported predictor and outcome variables from the same survey.,subfield,U02.07,U02
Address common method variance when predictor and outcome variables are collected from the same self-report source.,subfield,U02.07,U02
Address confidentiality concerns when collecting data that could identify individual employees to their employers.,subfield,U19.03,U19
Address confidentiality concerns when studying religious beliefs or practices that may be stigmatized or politically sensitive.,subfield,U19.03,U19
"Address confounding by socioeconomic status, health behaviors, and healthcare access in observational health studies.",subfield,U02.02,U02
Address confounding from political context when examining relationships between judicial ideology and constitutional rulings.,subfield,U02.02,U02
Address confounding from residential segregation and neighborhood selection when analyzing racial disparities in outcomes.,subfield,U02.02,U02
"Address confounding variables related to ethnicity, nationality, and sectarian affiliation in observational studies of Muslims.",subfield,U02.02,U02
Address endogeneity between institutional design choices and governance outcomes in observational studies.,subfield,U02.02,U02
Address endogeneity between political institutions and economic outcomes when estimating causal relationships.,subfield,U02.02,U02
Address endogeneity between social networks and economic outcomes when analyzing observational data.,subfield,U02.02,U02
"Address endogeneity concerns in strategy-performance relationships using instrumental variables, fixed effects, or matching methods.",subfield,U02.03,U02
"Address endogeneity concerns using instrumental variables, difference-in-differences, or regression discontinuity designs in corporate finance studies.",subfield,U02.03,U02
Address endogeneity concerns when analyzing the relationship between supply chain practices and firm performance.,subfield,U02.02,U02
Address endogeneity in corporate finance research using instrumental variables or natural experiments.,subfield,U02.03,U02
"Address endogeneity in energy and environmental policy evaluation using instrumental variables, regression discontinuity, or difference-in-differences designs.",subfield,U02.03,U02
"Address endogeneity in estimating causal effects of education, family structure, or neighborhood context on stratification outcomes.",subfield,U02.02,U02
Address endogeneity in estimating the relationship between internationalization and firm performance using instrumental variables.,subfield,U02.03,U02
Address endogeneity in fiscal policy analysis using instrumental variables based on policy rules or institutional features.,subfield,U02.03,U02
"Address endogeneity in macroeconomic regressions using instrumental variables, structural identification, or natural experiments.",subfield,U02.03,U02
Address endogeneity in studies examining the relationship between patent strength and research investment.,subfield,U02.02,U02
Address endogeneity in trade policy analysis using instrumental variables or quasi-experimental designs.,subfield,U02.03,U02
Address endogeneity of prices and market structure using instrumental variables or structural estimation methods.,subfield,U02.03,U02
"Address ethical considerations for research in vulnerable urban communities, including issues of anonymity in identifiable neighborhoods.",subfield,U19.03,U19
Address ethical considerations for research involving journalists as sources or studying vulnerable populations in crisis coverage.,subfield,U19.02,U19
"Address ethical considerations for research involving sensitive family topics such as divorce, infertility, or domestic relationships.",subfield,U19.02,U19
"Address ethical considerations for research with undocumented migrants or asylum seekers, including confidentiality protections.",subfield,U19.03,U19
Address ethical considerations for research with vulnerable populations including children with disabilities or trauma histories.,subfield,U19.02,U19
"Address ethical considerations in research involving pregnant women, newborns, and children.",subfield,U19.02,U19
Address ethical considerations related to collecting digital trace data from learning platforms in IRB applications.,subfield,U19.01,U19
Address ethical considerations specific to assessing vulnerable student populations and protecting participant confidentiality in educational settings.,subfield,U19.03,U19
Address ethical considerations specific to conducting research in preschool classrooms or childcare centers.,subfield,U19.02,U19
Address ethical considerations specific to cross-cultural research including culturally appropriate consent processes and protection of vulnerable migrant populations.,subfield,U19.02,U19
Address ethical considerations specific to recording and storing identifiable speech data from community members.,subfield,U19.03,U19
Address ethical considerations specific to research involving trainees in hierarchical educational relationships.,subfield,U19.02,U19
Address ethical considerations specific to research that may challenge participants' deeply held moral or religious beliefs.,subfield,U19.02,U19
"Address ethical considerations specific to research with displaced populations, migrants, or marginalized communities in place-based studies.",subfield,U19.02,U19
Address ethical considerations specific to researching Indigenous or marginalized communities' relationships to land and territory.,subfield,U19.04,U19
"Address ethical considerations specific to researching religious communities, including respect for sacred texts and practices.",subfield,U19.04,U19
"Address ethical considerations specific to studying sacred practices, including community sensitivities and insider-outsider dynamics.",subfield,U19.04,U19
Address ethical considerations specific to vulnerable health populations when preparing IRB protocols.,subfield,U19.01,U19
Address ethical considerations when collecting sensitive personality data related to mental health or stigmatized traits.,subfield,U19.03,U19
Address ethical considerations when studying political misinformation exposure or deceptive campaign content.,subfield,U19.02,U19
Address gaps and fragmentary evidence in the archaeological or textual record during analysis.,subfield,U04.03,U04
Address heightened confidentiality and safety concerns in IRB protocols when researching LGBTQ+ populations or survivors of gender-based violence.,subfield,U19.03,U19
Address heightened confidentiality requirements when researching sensitive family matters involving children or domestic violence.,subfield,U19.03,U19
Address identification challenges when estimating structural parameters from observational economic data.,subfield,U02.03,U02
Address measurement error and missing data inherent in historical sources through appropriate statistical adjustments.,subfield,U02.02,U02
Address missing outcome and covariate data in analyses using imputation methods to reduce bias,subfield,U04.03,U04
Address nested data structures by accounting for students clustered within classrooms or schools.,subfield,U02.05,U02
Address power dynamics and positionality in informed consent processes during cross-cultural fieldwork.,subfield,U19.02,U19
Address privacy and re-identification risks when obtaining IRB approval for research involving location data or GPS tracking.,subfield,U19.03,U19
Address radiation exposure risks and justify dose levels in IRB protocols for studies involving ionizing radiation.,subfield,U19.05,U19
Address sampling biases inherent in using adjudicated or incarcerated populations for forensic research.,subfield,U02.02,U02
Address sampling biases introduced by excavation strategies or survey coverage when analyzing spatial distributions.,subfield,U02.02,U02
Address security risks and confidentiality protections when conducting research in contexts of ongoing conflict or repression.,subfield,U19.05,U19
Address selection bias arising from differences between contested and uncontested divorce cases in court records.,subfield,U02.02,U02
Address selection bias arising from differential return migration or emigration when analyzing immigrant outcomes.,subfield,U02.02,U02
Address selection bias arising from non-random case selection in small-N comparative designs.,subfield,U02.02,U02
Address selection bias in conflict datasets arising from underreporting in active war zones or authoritarian states.,subfield,U02.02,U02
Address selection bias in evaluating voluntary public programs where participation is non-random.,subfield,U02.02,U02
Address selection bias in immigration case outcome studies arising from differential access to legal representation.,subfield,U02.02,U02
Address selection bias in observational studies of campaign effects using matching or weighting techniques.,subfield,U02.03,U02
Address selection bias in observational studies of treatment effects using propensity score methods or instrumental variables.,subfield,U02.03,U02
"Address selection bias in observational studies of voter turnout, campaign contact, or political participation.",subfield,U02.02,U02
Address selection bias in studies comparing outcomes for incarcerated versus non-incarcerated populations.,subfield,U02.02,U02
Address selection bias in studies comparing outcomes for students in different educational placements or service models.,subfield,U02.02,U02
Address selection bias in studies of political participation by accounting for differential mobilization or access.,subfield,U02.02,U02
Address selection bias in volunteered geographic information or crowdsourced spatial datasets.,subfield,U02.02,U02
Address selection bias when comparing outcomes across schools with different leadership structures or policy interventions.,subfield,U02.02,U02
"Address selection effects in studies of international agreements, interventions, or alliance formation.",subfield,U02.02,U02
Address selection effects when comparing learners who self-select into different training pathways.,subfield,U02.02,U02
Address selection effects when comparing outcomes across different instructional approaches or programs.,subfield,U02.02,U02
Address selection effects when comparing outcomes across different types of early care and education arrangements.,subfield,U02.02,U02
Address selection effects when comparing outcomes for individuals who have versus have not been processed through the criminal justice system.,subfield,U02.02,U02
Address self-selection bias in studies comparing online and traditional learning modalities.,subfield,U02.02,U02
Address self-selection bias in studies of promotional response or loyalty program participation.,subfield,U02.02,U02
Address self-selection bias in studies of voluntary technology adoption or platform participation.,subfield,U02.02,U02
Address self-selection bias inherent in studying active social media users versus non-users or lurkers.,subfield,U02.02,U02
Address self-selection bias when analyzing data from tourists who voluntarily participate in destination surveys.,subfield,U02.02,U02
Address self-selection bias when students choose between different course sections or instructional formats in STEM programs.,subfield,U02.02,U02
Address self-selection into religious communities when analyzing observational data on religion and social outcomes.,subfield,U02.02,U02
Address spatial autocorrelation and clustering when analyzing data nested within neighborhoods or metropolitan areas.,subfield,U02.14,U02
Address spatial autocorrelation and neighborhood selection effects when analyzing urban observational data.,subfield,U02.14,U02
Address spatial autocorrelation and spatial heterogeneity when analyzing housing prices or regional economic outcomes across geographic units.,subfield,U02.14,U02
Address spatial autocorrelation and the modifiable areal unit problem when analyzing regional economic data.,subfield,U02.14,U02
Address survivorship bias when analyzing venture performance or innovation outcomes using observational data.,subfield,U02.02,U02
Address the modifiable areal unit problem when aggregating individual-level data to geographic units.,subfield,U02.14,U02
Adjudicate among rival theoretical explanations by weighing the evidence for each to build a stronger account,subfield,U24.03,U24
"Adjudicate clinical events, diagnoses, or case classifications through blinded expert panel or record review against prespecified criteria.",subfield,U04.08,U04
Adjust for baseline caries risk factors when evaluating preventive dental treatment outcomes.,subfield,U02.02,U02
Adjust for baseline comorbidities and medication use in analyses of clinical nutrition outcomes.,subfield,U02.02,U02
Adjust for baseline metabolic status and comorbidities when estimating treatment effects on glycemic outcomes.,subfield,U02.02,U02
Adjust for comorbidity burden when comparing outcomes across patient groups using validated comorbidity indices.,subfield,U02.02,U02
Adjust for confounding by indication when comparing outcomes across different emergency treatment strategies.,subfield,U02.02,U02
Adjust for selection bias when comparing outcomes across different care settings or patient populations.,subfield,U02.02,U02
Adjust for total energy intake and dietary measurement error when estimating diet-disease associations.,subfield,U02.02,U02
Adjust healthcare cost data for inflation and convert charges to actual costs using cost-to-charge ratios.,subfield,U04.05,U04
Adjust incomplete or indirectly measured vital statistics to produce usable demographic rate estimates.,subfield,U04.03,U04
Adjust statistical inference for non-independence among observations clustered within units or correlated over time.,subfield,U02.05,U02
"Adjust treatment effect estimates for gestational age, birth weight, and other perinatal confounders.",subfield,U02.02,U02
Administer age-appropriate developmental assessments and behavioral measures to child participants.,subfield,U01.09,U01
Administer assessments to measure student learning outcomes resulting from instructional interventions.,subfield,U01.09,U01
Administer clinical psychophysical tests of visual function such as perimetry and binocular vergence measurement.,subfield,U01.10,U01
Administer comprehension checks to verify that participants understand experimental instructions before incentivized decisions begin.,subfield,U01.09,U01
Administer computerized cognitive and affective laboratory tasks to measure processing or inhibition deficits in forensic populations.,subfield,U01.09,U01
Administer concept inventories or diagnostic assessments to measure student conceptual understanding in STEM subjects.,subfield,U01.09,U01
Administer cross-national surveys to compare public opinion on international issues across different countries.,subfield,U01.06,U01
Administer developmental assessments or school readiness measures to young children using standardized protocols.,subfield,U01.09,U01
Administer dietary and behavioral surveys to representative community samples.,subfield,U01.06,U01
"Administer economic games such as dictator, ultimatum, public goods, or trust games to measure social preferences.",subfield,U01.09,U01
"Administer employee surveys measuring attitudes, perceptions, and self-reported behaviors in organizational settings.",subfield,U01.06,U01
"Administer experimental studies to test advertising messages, pricing strategies, or product designs.",subfield,U01.09,U01
"Administer experiments exposing participants to media stimuli to measure effects on attitudes, knowledge, or behavior.",subfield,U01.09,U01
Administer implicit association tests or reaction-time tasks to assess automatic social attitudes.,subfield,U01.09,U01
Administer ovarian stimulation and monitor follicular development to time fertility interventions.,subfield,U01.21,U01
Administer pharmacological or biologic agents to experimental animal models to probe candidate disease mechanisms,subfield,U01.21,U01
Administer pre- and post-assessments to measure learning outcomes from technology-based interventions.,subfield,U01.09,U01
Administer pre-election and post-election panel surveys to track changes in voter preferences and turnout.,subfield,U01.06,U01
Administer reading or writing assessments to measure learner proficiency or growth.,subfield,U01.09,U01
Administer self-paced reading or listening tasks to measure incremental sentence processing.,subfield,U01.09,U01
"Administer sensory and autonomic function tests, such as olfactory or visual field testing, to assess non-cognitive deficits in study participants.",subfield,U01.09,U01
Administer standardized antigen or immunological challenges to animals to quantify immune responsiveness.,subfield,U01.21,U01
"Administer standardized assessments of sensory perception, vestibular function, or autonomic regulation.",subfield,U01.09,U01
"Administer standardized assessments to measure participants' cognitive, personality, or skill traits.",subfield,U01.09,U01
"Administer standardized clinical or psychophysical assessments to characterize participants' perceptual, motor, or cognitive function.",subfield,U01.09,U01
"Administer standardized clinical rating scales to grade symptom, motor, or functional severity as study outcomes",subfield,U01.10,U01
"Administer standardized cognitive or personality assessments, such as working memory span or language aptitude tests, to measure individual differences.",subfield,U01.09,U01
"Administer standardized developmental assessments to measure cognitive, language, or motor functioning across age groups.",subfield,U01.09,U01
Administer standardized functional performance and provocative testing protocols to measure physiological capacity and response,subfield,U01.09,U01
Administer standardized language proficiency assessments to measure participants' language ability as a study variable.,subfield,U01.09,U01
Administer standardized neuropsychological test batteries to assess cognitive function in study participants.,subfield,U01.09,U01
Administer standardized psychiatric rating scales and structured diagnostic interviews to study participants.,subfield,U01.09,U01
Administer surveys across multiple modes while monitoring data quality indicators during fieldwork.,subfield,U01.06,U01
Administer surveys in immigrant communities using culturally appropriate recruitment and data collection strategies.,subfield,U01.06,U01
Administer surveys to citizens in multiple countries to collect comparative public opinion data.,subfield,U01.06,U01
"Administer surveys to measure recidivism risk factors, program participation, or attitudes toward sentencing.",subfield,U01.06,U01
Administer surveys to professional translators or translation users to collect data on practices or perceptions.,subfield,U01.06,U01
Administer surveys to protest participants using field-based sampling methods during collective action events.,subfield,U01.06,U01
"Administer surveys to residents, planners, or other stakeholders to gather primary data on urban issues.",subfield,U01.06,U01
"Administer surveys to startup founders, employees, or ecosystem participants to collect primary quantitative data.",subfield,U01.06,U01
"Administer surveys to supply chain professionals, purchasing managers, or logistics coordinators.",subfield,U01.06,U01
"Administer surveys to teachers, principals, and district administrators about policy implementation experiences.",subfield,U01.06,U01
Administer targeted knowledge tests at delayed intervals to measure gains or losses in specific linguistic forms.,subfield,U01.09,U01
Administer therapeutic regimens to affected animals outside formal trials and monitor their clinical response.,subfield,U01.11,U01
Administer tracer compounds and measure their appearance in specimens to quantify in vivo metabolic kinetics.,subfield,U01.21,U01
Administer validated self-report questionnaires to measure users' subjective states after interaction.,subfield,U01.06,U01
Adopt and justify a qualitative epistemological stance such as phenomenology to guide interpretation of health experience data.,subfield,U28.06,U28
Advance candidate compounds toward application through formulation into carriers and in vivo evaluation in animal models,subfield,U01.11,U01
Advise institutions on the responsible use of metrics within research assessment and evaluation frameworks.,subfield,U25.01,U25
Aggregate and reconcile demographic estimates across nested administrative geographic units for small-area analysis.,subfield,U04.04,U04
Aggregate multi-gas flux estimates into CO2-equivalent budgets using global warming potential metrics.,subfield,U04.05,U04
Align and aggregate heterogeneous datasets into a common frame to reveal patterns,subfield,U04.04,U04
Align and maintain laser systems including cavity mirrors and gain media.,subfield,U16.02,U16
Align molecular sequences and select appropriate substitution models for phylogenetic analysis.,subfield,U04.09,U04
Align the temporal coverage and sampling of spatial datasets to make analyses comparable.,subfield,U04.04,U04
Analyze DNA sequence composition and motif features to identify determinants of measured genomic activity.,subfield,U02.12,U02
Analyze IEP meeting transcripts and documents to examine decision-making processes and stakeholder participation.,subfield,U28.06,U28
Analyze RNA-seq data to identify differentially expressed plant defense genes following infection.,subfield,U02.12,U02
Analyze Tafel plots to determine exchange current densities and transfer coefficients for electrode reactions.,subfield,U02.10,U02
Analyze X-ray diffraction peak profiles to determine crystallite size and lattice strain in nanomaterials.,subfield,U02.10,U02
"Analyze activist interviews to identify recruitment mechanisms, identity transformation, and disengagement processes.",subfield,U28.06,U28
Analyze aggregate secondary tourism statistics to characterize trends and spatial patterns of destination development.,subfield,U02.11,U02
"Analyze aggregate system-level statistics to compare health-system inputs, financing, and outcomes across countries or regions.",subfield,U02.11,U02
Analyze aggregated adverse-event report data to characterize population-level safety signal patterns.,subfield,U02.11,U02
"Analyze algorithmic properties using probability theory, linear algebra, or optimization theory.",subfield,U29.01,U29
"Analyze archival documents or political texts to extract information on party platforms, policy positions, or elite discourse.",subfield,U28.06,U28
Analyze association between categorical or ordinal variables using distribution-free measures and tests of independence.,subfield,U02.02,U02
Analyze behavioral data using appropriate statistical methods to detect treatment effects.,subfield,U02.01,U02
Analyze binding affinity data to determine dissociation constants and thermodynamic parameters.,subfield,U02.10,U02
Analyze bone microstructure in histological thin sections to infer growth dynamics and life history.,subfield,U02.10,U02
Analyze bone microstructure with microscopic or high-resolution imaging to infer growth or mechanical loading history.,subfield,U02.10,U02
Analyze bunching patterns at tax kinks or notches to identify behavioral responses to fiscal incentives.,subfield,U02.03,U02
Analyze case study evidence to develop or refine theoretical propositions about firm strategy and performance.,subfield,U28.06,U28
"Analyze case study narratives to extract patterns in innovation processes, venture pivots, or succession decisions.",subfield,U28.06,U28
Analyze catch data and population metrics to assess stock status and fishing pressure effects.,subfield,U02.10,U02
Analyze chromatographic data to determine compound purity and identify degradation products.,subfield,U02.10,U02
Analyze classroom discourse transcripts for patterns in teacher-student interaction around texts.,subfield,U28.06,U28
Analyze coating composition and chemical bonding states using X-ray photoelectron spectroscopy or energy-dispersive spectroscopy.,subfield,U02.10,U02
Analyze collected observations to characterize the properties and outcomes of a studied artifact or intervention.,subfield,U02.11,U02
Analyze community composition data using multivariate ordination or clustering techniques.,subfield,U02.12,U02
"Analyze compartmental epidemic models mathematically to derive equilibria, thresholds, and optimal intervention policies.",subfield,U09.12,U09
"Analyze consistency, completeness, and independence of axiom systems to establish foundational properties.",subfield,U29.04,U29
"Analyze continuous physiological signals such as blood pressure, heart rate, or respiratory waveforms.",subfield,U02.06,U02
Analyze convergence properties and complexity bounds for proposed optimization algorithms.,subfield,U09.07,U09
Analyze convergence properties of iterative algorithms using mathematical proof techniques.,subfield,U09.07,U09
"Analyze corporate documents, mission statements, or media coverage to assess organizational framing and legitimation strategies.",subfield,U28.01,U28
Analyze design projects and artifacts retrospectively to derive generalizable design knowledge.,subfield,U28.07,U28
Analyze determinants of breastfeeding and infant feeding using multivariable regression.,subfield,U02.02,U02
Analyze developmental outcomes and disease progression accounting for age-related changes and growth trajectories.,subfield,U02.05,U02
Analyze developmental trajectories of brain structure or function across multiple time points using growth curve modeling.,subfield,U02.05,U02
Analyze differences in antimicrobial susceptibility profiles between bacterial isolates or treatment conditions.,subfield,U02.01,U02
Analyze differences in immune cell frequencies or activation markers between experimental and control conditions.,subfield,U02.01,U02
"Analyze differences in microbial growth rates, gene expression, or metabolic outputs between treatment groups.",subfield,U02.01,U02
Analyze differential gene expression between pathological and normal tissue samples.,subfield,U02.12,U02
"Analyze directed acyclic graphs to detect potential confounding, selection, and measurement error.",subfield,U02.02,U02
"Analyze discourse patterns in intercultural encounters to identify communication breakdowns, code-switching, or accommodation strategies.",subfield,U28.06,U28
Analyze discussion forum posts or reflective journals to identify themes in online learning experiences.,subfield,U28.06,U28
Analyze disease incidence and health outcomes across treatment groups using mixed models that account for repeated measures and clustering.,subfield,U02.05,U02
"Analyze dose-response data to determine EC50, IC50, and therapeutic index values.",subfield,U02.10,U02
Analyze dose-response relationships for anesthetic and analgesic agents accounting for patient-specific covariates.,subfield,U02.10,U02
Analyze dose-response relationships to determine drug efficacy in cancer cell viability assays.,subfield,U02.10,U02
Analyze flow cytometry data to assess cell surface marker profiles across experimental conditions.,subfield,U02.01,U02
Analyze formal and semiotic devices in texts or communicative events to interpret their layers of meaning,subfield,U28.01,U28
Analyze formal models of operations or supply chain decisions to establish the performance of proposed solutions or mechanisms,subfield,U29.01,U29
"Analyze health misinformation content to identify common claims, sources, and rhetorical patterns.",subfield,U28.06,U28
Analyze heritage protection legislation and planning regulations governing interventions in built environments.,subfield,U28.02,U28
Analyze historical case studies of scientific change to frame philosophical research questions about theory development.,subfield,U13.01,U13
Analyze household coping and livelihood strategies through which residents respond to poverty or neighborhood decline.,subfield,U02.02,U02
Analyze household welfare effects of agricultural interventions using consumption or income data.,subfield,U02.02,U02
"Analyze how a field's own theoretical concepts are constructed, contested, and taken up by scholars.",subfield,U28.04,U28
Analyze how experts and interest groups shape environmental rule-making and adjudicatory decisions.,subfield,U28.02,U28
"Analyze illness narratives to identify cultural constructions of disease causation, bodily experience, and therapeutic efficacy.",subfield,U28.06,U28
"Analyze immigration statutes, regulations, and case law to frame research questions about legal doctrine and policy.",subfield,U13.01,U13
Analyze interaction matrices or invasion growth rates to establish stability and coexistence conditions of modeled communities.,subfield,U09.12,U09
Analyze intertextual relationships between biblical passages and other ancient Near Eastern or Greco-Roman literature.,subfield,U28.01,U28
"Analyze interview transcripts for narratives of mobility, displacement, and belonging across different scales.",subfield,U28.06,U28
"Analyze interview transcripts for narratives of residential mobility, displacement, or neighborhood transition experiences.",subfield,U28.06,U28
"Analyze interview transcripts for themes related to religious identity, practice, and community belonging.",subfield,U28.06,U28
Analyze interview transcripts from government stakeholders to extract patterns in decision-making processes.,subfield,U28.06,U28
Analyze interview transcripts from hospitality managers to extract insights about operational challenges and strategic decisions.,subfield,U28.06,U28
Analyze interview transcripts from host community members to categorize perceived tourism impacts and attitudes.,subfield,U28.06,U28
Analyze interview transcripts from public officials to identify patterns in administrative decision-making.,subfield,U28.06,U28
Analyze interview transcripts from security practitioners to identify patterns in decision-making or threat assessment.,subfield,U28.06,U28
"Analyze interview transcripts to categorize migrant experiences with discrimination, reception, or labor market incorporation.",subfield,U28.06,U28
Analyze interview transcripts to identify themes in student experiences with STEM curricula or pedagogical approaches.,subfield,U28.06,U28
Analyze interview transcripts with theater practitioners to identify themes related to artistic process and creative decision-making.,subfield,U28.06,U28
Analyze invariant manifolds and their intersections to characterize global dynamics and transport phenomena.,subfield,U09.01,U09
Analyze invariant measures and their dynamical invariants through spectral and thermodynamic formalism.,subfield,U09.01,U09
Analyze judicial reasoning and legal argumentation in human rights case law through systematic coding frameworks.,subfield,U04.06,U04
Analyze language policy documents and legislation to trace official language provisions and their implementation.,subfield,U28.02,U28
"Analyze learner language samples for grammatical accuracy, lexical complexity, or developmental features using error analysis or interlanguage frameworks.",subfield,U02.11,U02
"Analyze legal briefs, judicial opinions, or policy documents using qualitative coding methods.",subfield,U28.02,U28
"Analyze legal, political, and economic conditions that shape the status of religious communities and interreligious relations.",subfield,U28.02,U28
"Analyze literary, mythological, or other cultural texts as primary evidence of legal meanings and attitudes.",subfield,U28.04,U28
Analyze longitudinal changes in cognitive performance or brain structure over repeated assessments.,subfield,U02.05,U02
Analyze longitudinal changes in neural function or sensory performance following intervention or disease progression.,subfield,U02.05,U02
Analyze longitudinal child growth and development data using models appropriate for repeated measures.,subfield,U02.05,U02
Analyze longitudinal neuroimaging data to track disease progression or treatment response over time.,subfield,U02.05,U02
"Analyze mapped tree positions with spatial point-pattern methods to quantify aggregation, association, and neighborhood competition.",subfield,U02.14,U02
Analyze media and public discourse about language varieties to document their representation and contestation.,subfield,U28.01,U28
Analyze media coverage and public discourse to identify how migrants and legal categories are framed.,subfield,U28.06,U28
"Analyze medium-specific and multimodal constraints, such as image-text relations or synchrony, that shape translation choices.",subfield,U28.05,U28
Analyze metabolomic and genomic data to identify pathways underlying variation in nutrient metabolism.,subfield,U02.12,U02
Analyze metrical and prosodic patterns of verse to determine and classify its formal structure.,subfield,U28.01,U28
Analyze microbial community sequencing data to determine taxonomic composition and diversity metrics.,subfield,U02.12,U02
Analyze microbial count data to evaluate the efficacy of preservation or sanitation treatments.,subfield,U02.01,U02
Analyze microbial sequence data with bioinformatics pipelines to characterize strains and community profiles,subfield,U02.12,U02
Analyze multi-country survey data while accounting for complex sampling designs and cross-cultural comparability.,subfield,U02.05,U02
"Analyze naming policies, gazetteers, and orthographic regulations to trace toponymic standardization conventions.",subfield,U28.05,U28
Analyze narrative accounts from victims or offenders to develop typologies of criminal behavior.,subfield,U28.06,U28
Analyze narrative accounts to identify patterns in how participants make meaning of their racial or ethnic experiences.,subfield,U28.06,U28
"Analyze narrative structure, voice, and point of view to interpret meaning and authorial intent in literary texts.",subfield,U28.01,U28
"Analyze narrative structures, character representations, and thematic patterns across film corpora.",subfield,U28.01,U28
"Analyze narrative structures, linguistic choices, and rhetorical strategies in postcolonial texts to identify patterns of subversion or complicity.",subfield,U28.01,U28
Analyze nationally representative dietary survey data to estimate intake and nutritional status trends.,subfield,U02.11,U02
Analyze nonverbal and multimodal semiotic resources that accompany speech in communicative events.,subfield,U28.01,U28
"Analyze occupational injury and poisoning surveillance data to describe incidence rates, circumstances, and temporal patterns.",subfield,U02.11,U02
"Analyze open-ended responses about political grievances, civic motivations, or perceptions of representation.",subfield,U28.06,U28
Analyze open-ended survey responses about digital service experiences using systematic coding schemes.,subfield,U04.06,U04
Analyze open-ended survey responses about educational interventions or instructional feedback.,subfield,U28.06,U28
"Analyze open-ended survey responses about experiences with policing, prosecution, or incarceration.",subfield,U28.06,U28
"Analyze open-ended survey responses about job satisfaction, turnover reasons, or workplace experiences.",subfield,U28.06,U28
"Analyze open-ended survey responses about user experiences with archives, libraries, or information services.",subfield,U28.06,U28
Analyze open-ended survey responses about workplace experiences using content analysis or thematic coding.,subfield,U28.06,U28
Analyze open-ended survey responses from program participants to identify emergent themes about program quality.,subfield,U28.06,U28
"Analyze open-ended survey responses to capture nuanced perspectives on deviance, social control, or community safety.",subfield,U28.06,U28
Analyze open-ended survey responses to categorize supply chain disruption experiences or sustainability initiatives.,subfield,U28.06,U28
Analyze open-ended survey responses to extract insights about customer complaints or product preferences.,subfield,U28.06,U28
Analyze oral histories and designer interviews to identify patterns in design decision-making and professional practice.,subfield,U28.06,U28
Analyze overall survival and progression-free survival outcomes using appropriate censoring methods.,subfield,U02.04,U02
Analyze pathogen genomic and phylogenetic data to reconstruct transmission chains between animal and human hosts.,subfield,U02.13,U02
"Analyze patient outcomes over time including hospital readmissions, recovery trajectories, or disease progression.",subfield,U02.05,U02
"Analyze patterns of inference, coherence, or persuasion across discourse samples to test theoretical claims.",subfield,U28.06,U28
Analyze persuasive strategies in communicative artifacts to interpret how meaning is constructed.,subfield,U28.01,U28
"Analyze pest mortality, population suppression, or crop damage data across treatment and control groups.",subfield,U02.01,U02
"Analyze plant growth, biomass, or yield data across experimental treatments using appropriate statistical models.",subfield,U02.01,U02
Analyze platform activity logs to characterize the composition and geographic distribution of a user community.,subfield,U02.11,U02
Analyze policy documents and meeting minutes to trace decision-making processes in educational governance.,subfield,U28.06,U28
Analyze polymer chain ends by mass spectrometry to verify chain-end fidelity and initiation or termination pathways.,subfield,U02.10,U02
Analyze postharvest quality metrics across storage treatments to determine optimal handling and preservation conditions.,subfield,U02.01,U02
Analyze postoperative survival and recurrence-free intervals following surgical interventions.,subfield,U02.04,U02
Analyze predictors of treatment response and weight-loss maintenance in patient cohorts.,subfield,U02.02,U02
"Analyze primary sources through close reading to identify underlying assumptions about power, freedom, or political obligation.",subfield,U28.01,U28
Analyze primary texts and documentary sources to reconstruct ideas or organize them into analytical categories.,subfield,U28.04,U28
Analyze production performance data across treatment groups using mixed models accounting for repeated measures.,subfield,U02.05,U02
Analyze proteomic or phosphoproteomic data to characterize signaling pathway activation in tumors.,subfield,U02.12,U02
Analyze public comments and stakeholder submissions from environmental rulemaking proceedings.,subfield,U28.02,U28
Analyze published ethnographic studies by other researchers as primary material for building comparative theoretical arguments.,subfield,U28.07,U28
Analyze qualitative accounts of mobility experiences to identify patterns in how individuals navigate class boundaries.,subfield,U28.06,U28
Analyze qualitative data from clinical interviews to characterize patient experiences and treatment barriers.,subfield,U28.06,U28
Analyze qualitative data from debriefing sessions following simulation-based training.,subfield,U28.06,U28
Analyze qualitative data from healthcare provider interviews to examine professional socialization and clinical decision-making.,subfield,U28.06,U28
Analyze qualitative data from interviews with policymakers to identify patterns in foreign policy decision-making.,subfield,U28.06,U28
Analyze qualitative interview and documentary material to identify patterns in the practices and views of agricultural and food actors,subfield,U28.06,U28
"Analyze qualitative interview data from children, adolescents, or caregivers to identify developmental themes.",subfield,U28.06,U28
Analyze qualitative interview data to identify themes in litigants' perceptions of procedural fairness in family courts.,subfield,U28.06,U28
Analyze reanalysis datasets to reconstruct historical atmospheric conditions and climate variability.,subfield,U02.06,U02
Analyze recordings of animal acoustic or vibrational signals with spectrographic methods to quantify signal parameters and identify sources.,subfield,U02.10,U02
"Analyze recurring motifs, symbols, and cultural references across bodies of American literary works to identify interpretive patterns.",subfield,U28.01,U28
Analyze reflective writing or portfolio artifacts to assess student learning or professional development.,subfield,U28.06,U28
Analyze repeated-measures physiological data to assess changes over time within subjects.,subfield,U02.05,U02
Analyze scientific texts to categorize argumentative structures and inferential patterns used by researchers.,subfield,U28.01,U28
Analyze simulation outputs to identify structures and quantify the physical processes driving their evolution.,subfield,U02.99,U02
Analyze slip and twin system crystallography to identify active deformation systems in loaded specimens.,subfield,U02.10,U02
Analyze song lyrics or written accounts of musical experiences using qualitative coding methods.,subfield,U28.01,U28
Analyze sources of error in computational experiments and quantify their impact on results.,subfield,U02.09,U02
Analyze spatial and temporal clustering of cases to detect hotspots and guide targeted interventions.,subfield,U02.14,U02
Analyze spatial and temporal variation in marine species abundance or distribution using statistical models.,subfield,U02.14,U02
Analyze spatial patterns and temporal changes in landscape features using geographic information systems.,subfield,U02.14,U02
Analyze spatial variability in soil parameters across field sites using geostatistical approaches.,subfield,U02.14,U02
"Analyze species abundance, diversity, or community composition data using appropriate ecological statistics.",subfield,U02.11,U02
Analyze species diversity and community composition differences across forest management regimes.,subfield,U02.01,U02
Analyze spectroscopic data to determine chemical composition or authenticity of food products.,subfield,U02.10,U02
"Analyze statutes, case law, and policy documents to determine the legal and regulatory requirements governing information access and use.",subfield,U28.02,U28
"Analyze statutes, regulations, and case law to characterize the legal frameworks and accountability structures governing schools.",subfield,U28.02,U28
Analyze stimulus items as a source of variance to confirm that effects generalize across experimental materials.,subfield,U02.08,U02
Analyze study foods and supplements in the laboratory to verify their composition and purity.,subfield,U04.13,U04
"Analyze system stability using Lyapunov methods, root locus, or frequency response techniques.",subfield,U29.01,U29
Analyze teacher interview transcripts to identify themes related to curriculum implementation challenges.,subfield,U28.06,U28
Analyze temporal dynamics of neural responses to characterize information processing timescales.,subfield,U02.06,U02
Analyze temporal relationships between simultaneously recorded neural signals to infer functional coupling.,subfield,U02.06,U02
Analyze temporal trends in demographic indicators across regions or countries to assess convergence or divergence.,subfield,U02.06,U02
"Analyze temporal trends in disease occurrence, care processes, and outcomes across calendar periods",subfield,U02.06,U02
"Analyze textual data from sermons, religious texts, or faith-based media for content and discourse patterns.",subfield,U28.01,U28
"Analyze textual sources such as artist statements, exhibition reviews, or critical writings to identify recurring themes.",subfield,U28.01,U28
"Analyze textual sources using methods of close reading to interpret meaning, rhetoric, and ideological content.",subfield,U28.01,U28
"Analyze the distribution of population, settlement, and socio-economic indicators across places to characterize regional spatial structure.",subfield,U02.14,U02
Analyze the effects of random element placement and synchronization errors on distributed array and cooperative transmission performance.,subfield,U02.09,U02
"Analyze the historical formation and operation of institutional, economic, and regulatory practices to show how a political category is constituted and sustained.",subfield,U28.04,U28
Analyze the incentive structures and institutional culture of a research field to explain how they shape its practices.,subfield,U28.04,U28
Analyze the influence of earlier philosophical sources on a thinker's arguments and conceptual framework.,subfield,U28.04,U28
Analyze the institutional and political dynamics of the academic profession to explain the dominance or diffusion of economic ideas.,subfield,U28.04,U28
Analyze the network structure linking economic agents or assets using graph-theoretic measures.,subfield,U02.11,U02
Analyze the orthographic systems used in written language sources to interpret and standardize their linguistic forms.,subfield,U28.05,U28
Analyze the physical performance of buildings and their elements using engineering and building-science methods,subfield,U02.99,U02
Analyze the precision and reliability of computational results for large integer factorizations or primality tests.,subfield,U29.04,U29
"Analyze the relations among state, religious, and customary legal orders coexisting within one jurisdiction",subfield,U28.02,U28
Analyze the semantic structure of a language domain to model the conceptual categories it encodes,subfield,U28.03,U28
Analyze the topology of spatial networks using graph-theoretic measures or community detection.,subfield,U02.11,U02
Analyze thematic patterns and motifs across narrative texts to identify recurring cultural or ideological concerns.,subfield,U28.01,U28
"Analyze themes in resident narratives about community identity, place attachment, or urban change.",subfield,U28.06,U28
Analyze time to development of diabetes complications such as nephropathy or retinopathy.,subfield,U02.04,U02
"Analyze time to disease milestones such as conversion to dementia, first seizure recurrence, or functional decline.",subfield,U02.04,U02
Analyze time to disease recurrence or progression in patients with cutaneous malignancies.,subfield,U02.04,U02
"Analyze time to liver transplantation, hepatic decompensation, or mortality in cirrhosis cohorts.",subfield,U02.04,U02
"Analyze time to relapse, remission, or treatment discontinuation in longitudinal psychiatric studies.",subfield,U02.04,U02
Analyze time to renal replacement therapy initiation or kidney transplantation in chronic kidney disease cohorts.,subfield,U02.04,U02
Analyze time to return-to-activity or return-to-sport following orthopedic surgery or injury.,subfield,U02.04,U02
"Analyze time to vision loss, graft failure, or hearing deterioration as primary study outcomes.",subfield,U02.04,U02
"Analyze time-course data of neuronal survival, axon regeneration, or disease progression in experimental models.",subfield,U02.04,U02
"Analyze time-dependent outcomes including return of spontaneous circulation, emergency department length of stay, and mortality.",subfield,U02.04,U02
Analyze time-to-delivery outcomes accounting for competing risks and gestational age at enrollment.,subfield,U02.04,U02
"Analyze time-to-event outcomes for cardiovascular mortality, myocardial infarction, stroke, or heart failure hospitalization.",subfield,U02.04,U02
"Analyze time-to-event outcomes for disease complications, hospitalizations, or mortality in chronic disease cohorts.",subfield,U02.04,U02
Analyze time-to-event outcomes for neurological disease milestones such as disability progression or relapse.,subfield,U02.04,U02
"Analyze time-to-event outcomes for postoperative complications, recovery milestones, or chronic pain development.",subfield,U02.04,U02
"Analyze time-to-event outcomes such as survival, tumor recurrence, or return to athletic function following veterinary treatment.",subfield,U02.04,U02
Analyze time-to-extubation or ventilator-free days as outcomes in critical care intervention studies.,subfield,U02.04,U02
"Analyze time-to-failure outcomes for dental restorations, implants, or prosthetic devices.",subfield,U02.04,U02
"Analyze time-to-infection, time-to-clearance, or time-to-clinical-cure outcomes in treatment or prevention studies.",subfield,U02.04,U02
Analyze treatment effects from randomized experiments using appropriate statistical tests for between-subject and within-subject designs.,subfield,U02.01,U02
Analyze treatment efficacy data from fungicide or biocontrol trials using statistical models.,subfield,U02.01,U02
Analyze truncation error and round-off error propagation through multi-step numerical computations.,subfield,U02.09,U02
"Analyze usage and circulation data to inform collection development, weeding, and resource-allocation decisions.",subfield,U02.11,U02
Analyze variation in care and outcomes using multilevel models that account for clustering within providers and systems.,subfield,U02.05,U02
"Analyze vernacular practices and popular expressions, such as rituals and proverbs, as evidence of lay engagement with science and technology.",subfield,U28.06,U28
"Analyze visual and material sources such as scientific instruments, diagrams, and photographs as historical evidence.",subfield,U28.04,U28
"Analyze visual materials such as photographs, maps, or artwork to interpret cultural representations of space.",subfield,U28.01,U28
Analyze visual sources such as photographs and illustrations for cultural symbolism and social representation.,subfield,U28.01,U28
Analyze word-internal structure of complex words to account for stem formation and affix exponence patterns.,subfield,U28.05,U28
Analyze written artifacts such as student essays or teacher feedback for patterns in reasoning or pedagogy.,subfield,U28.06,U28
"Analyze yield data and agronomic traits across treatments, locations, or years using appropriate statistical models.",subfield,U02.01,U02
Annotate and organize textual evidence from primary sources to support close reading and interpretive arguments.,subfield,U28.01,U28
"Annotate discourse data for speech acts, discourse markers, or pragmatic functions.",subfield,U04.06,U04
Annotate genetic variants and protein sequences using computational prediction tools and reference databases.,subfield,U04.09,U04
Annotate genome sequences of pathogens or vectors to catalogue gene content and classify gene families.,subfield,U04.09,U04
"Annotate linguistic data with phonetic, morphological, or syntactic tags for comparative analysis.",subfield,U04.06,U04
"Annotate literary texts for rhetorical devices, intertextual references, or cultural motifs to support comparative analysis.",subfield,U04.06,U04
"Annotate literary texts for thematic, stylistic, or rhetorical features relevant to the research question.",subfield,U04.06,U04
"Annotate transcripts for sociolinguistic variables, speaker metadata, and contextual information.",subfield,U04.06,U04
"Annotate translated texts for translation shifts, strategies, or linguistic features.",subfield,U04.06,U04
Anticipate and rebut objections to one's own normative argument to strengthen its robustness.,subfield,U10.01,U10
"Apply Islamic theological, epistemological, and political-thought frameworks, distinct from legal theory, to frame arguments about Muslim belief and practice.",subfield,U12.01,U12
Apply Randles-Sevcik or Cottrell equations to extract diffusion coefficients from voltammetric peak currents.,subfield,U02.10,U02
Apply a newly developed theoretical framework or model to illustrative historical cases to demonstrate its plausibility.,subfield,U28.07,U28
"Apply agency theory, signaling theory, or information asymmetry frameworks to explain corporate financial decisions and market behavior.",subfield,U12.01,U12
"Apply agenda-setting, framing, or cultivation theories to guide research questions about media influence on public opinion.",subfield,U12.01,U12
"Apply agenda-setting, framing, or priming theories to explain how media content shapes political attitudes and behaviors.",subfield,U12.01,U12
Apply an established qualitative methodology such as grounded theory or phenomenological analysis to interpret qualitative data.,subfield,U28.06,U28
Apply an established theoretical framework to structure the coding and interpretation of qualitative data.,subfield,U04.06,U04
Apply architectural theory and design principles when framing research questions about built environments and spatial practices.,subfield,U12.01,U12
Apply asset pricing theories and market efficiency hypotheses when formulating research questions about security returns.,subfield,U12.01,U12
Apply atmospheric and geometric corrections to satellite imagery for land use analysis.,subfield,U04.10,U04
Apply atmospheric and orbital corrections to InSAR data for accurate deformation measurement.,subfield,U04.10,U04
Apply atmospheric correction algorithms to remove scattering and absorption effects from satellite imagery.,subfield,U04.10,U04
"Apply automated text analysis methods to classify political sentiment, topics, or incivility in large media datasets.",subfield,U04.06,U04
Apply background subtraction and detector efficiency corrections to photon counting data.,subfield,U04.01,U04
"Apply background subtraction, baseline correction, and peak fitting to spectroscopic and diffraction data.",subfield,U04.01,U04
"Apply background subtraction, drift correction, and photobleaching corrections to fluorescence imaging data.",subfield,U04.10,U04
Apply baseline corrections to seismic ground motion records for dynamic analysis.,subfield,U04.01,U04
Apply baseline subtraction and background correction to spectroscopic measurements.,subfield,U04.01,U04
Apply bias correction and downscaling techniques to global climate model outputs for regional applications.,subfield,U04.01,U04
"Apply bioethical frameworks such as autonomy, beneficence, and justice when formulating research questions about health policy or clinical practice.",subfield,U12.01,U12
Apply calibration corrections to sampling weights and adjust for selection bias in survey data.,subfield,U04.03,U04
"Apply causal inference methods such as propensity scores, inverse-probability weighting, or instrumental variables to control confounding.",subfield,U02.03,U02
Apply chemical or plasma surface treatments to synthetic fibers and particulate fillers to enhance interfacial adhesion.,subfield,U30.04,U30
Apply chemometric techniques including principal component analysis and partial least squares regression to correlate spectral data with sample properties.,subfield,U02.10,U02
Apply classical and contemporary Islamic legal theories when framing research questions about Muslim communities and practices.,subfield,U12.01,U12
Apply cognitive processing theories such as dual-process or working memory models when framing research hypotheses.,subfield,U12.01,U12
Apply conceptual frameworks from metaphysics of science to investigate the nature of scientific entities and processes.,subfield,U12.01,U12
Apply consensus diagnostic classification criteria through structured clinical interview to assign neurological diagnoses and subtypes.,subfield,U04.06,U04
Apply constitutional interpretation theories such as originalism or living constitutionalism when framing research questions about judicial decision-making.,subfield,U12.01,U12
"Apply consumer behavior theories such as attitude formation, decision-making heuristics, or brand equity models when framing research questions.",subfield,U12.01,U12
Apply corpus-linguistic and frequency-based text analytics to security-relevant text collections to identify discursive patterns.,subfield,U28.01,U28
Apply correlation and association inequalities to control dependence between events in interacting random systems.,subfield,U29.01,U29
"Apply criminological theories such as strain, social learning, or routine activities when developing research hypotheses about criminal behavior.",subfield,U12.01,U12
"Apply critical frameworks from new media theory to examine relationships between artistic practice, technology, and cultural production.",subfield,U12.01,U12
"Apply cultural production theories to frame research questions about symbolic boundaries, taste hierarchies, or meaning-making processes.",subfield,U12.01,U12
"Apply cultural theory frameworks such as semiotics, discourse analysis, or political economy to interpret media texts and practices.",subfield,U28.01,U28
"Apply culture-historical, processual, or post-processual theoretical frameworks to interpret material culture and site formation processes.",subfield,U28.04,U28
Apply curvature bounds and geometric analysis techniques to establish existence and regularity results.,subfield,U29.01,U29
Apply data augmentation techniques to expand training set diversity.,subfield,U09.06,U09
Apply decomposition methods to quantify contributions of different factors to inequality gaps between groups.,subfield,U02.02,U02
Apply deformation processing routes such as rolling or severe plastic deformation to refine grain structure in metals.,subfield,U30.04,U30
Apply detector response corrections to reconstruct particle energies and momenta from raw signals.,subfield,U04.01,U04
"Apply developmental stage theories to frame hypotheses about age-related changes in cognition, emotion, or behavior.",subfield,U12.01,U12
"Apply developmental theories such as attachment, sociocultural, or ecological systems frameworks when designing studies of young children's learning and behavior.",subfield,U12.01,U12
Apply diagnostic classification systems and psychopathology models when conceptualizing research questions about mental disorders.,subfield,U12.01,U12
Apply difference-in-differences designs to evaluate the impact of regulatory changes on financial outcomes.,subfield,U02.03,U02
Apply difference-in-differences methods to evaluate the effects of labor market policy changes.,subfield,U02.03,U02
Apply difference-in-differences or regression discontinuity designs to estimate causal effects of policy changes or institutional reforms.,subfield,U02.03,U02
Apply difference-in-differences or regression discontinuity designs to estimate causal effects of tax and spending policy changes.,subfield,U02.03,U02
Apply difference-in-differences or regression discontinuity designs to evaluate the impact of health policy changes.,subfield,U02.03,U02
Apply dimension reduction techniques to extract meaningful components from high-dimensional variable sets.,subfield,U02.07,U02
Apply dimensional analysis and scaling arguments to identify dominant physical mechanisms in flow problems.,subfield,U29.01,U29
Apply disability studies frameworks and social models of disability when conceptualizing research on educational inclusion.,subfield,U12.01,U12
Apply discourse analysis methods to identify ideological or linguistic patterns in literary and cultural texts.,subfield,U28.01,U28
Apply doctrinal frameworks from Buddhist philosophical traditions to frame research questions about religious practice and belief.,subfield,U12.01,U12
Apply dose-response models to determine lethal concentration or effective dose values for pesticides.,subfield,U02.10,U02
Apply econometric methods to estimate supply and demand elasticities for agricultural commodities.,subfield,U02.02,U02
Apply econometric methods to identify causal relationships in historical data while accounting for endogeneity and omitted variables.,subfield,U02.03,U02
Apply econometric techniques to establish causal effects in observational studies of digital platform outcomes.,subfield,U02.03,U02
"Apply economic theories of demand, supply, and market failure to frame research questions about healthcare utilization and access.",subfield,U12.01,U12
Apply educational theories such as situated learning or self-determination theory to frame research questions about trainee development.,subfield,U12.01,U12
Apply embeddedness theory to analyze how economic actions are shaped by social networks and institutional contexts.,subfield,U12.01,U12
Apply energy calibrations and efficiency corrections to spectroscopic data.,subfield,U04.01,U04
Apply entrepreneurial ecosystem and institutional theory frameworks to explain venture creation and growth patterns.,subfield,U12.01,U12
Apply environmental economics frameworks such as externality theory or common-pool resource models to structure research questions about market failures.,subfield,U12.01,U12
Apply established frameworks or derive measures to characterize movement and change in places,subfield,U02.11,U02
Apply event history analysis techniques to model timing of demographic transitions such as marriage or first birth.,subfield,U02.04,U02
Apply evolutionary and adaptive frameworks when formulating hypotheses about human biological variation and behavior.,subfield,U12.01,U12
"Apply explicit criteria to delimit the scope of an analytic scheme, whether its relevant actors or its underlying assumptions",subfield,U28.03,U28
Apply feminist discourse analysis to identify gendered language patterns and power relations in textual or media data.,subfield,U28.01,U28
"Apply feminist, queer, or intersectional theoretical frameworks when formulating research questions about gender and sexuality.",subfield,U12.01,U12
"Apply film theory frameworks such as auteur theory, genre theory, or apparatus theory to structure research questions about cinematic texts.",subfield,U12.01,U12
Apply filtering algorithms to remove outliers and erroneous readings from traffic sensor data.,subfield,U04.01,U04
Apply filtering techniques to remove noise from turbulent velocity time series.,subfield,U04.01,U04
Apply filtering techniques to remove switching noise and electromagnetic interference from power measurements.,subfield,U04.01,U04
Apply fixed point theorems to prove existence and uniqueness of solutions for nonlinear equations.,subfield,U29.01,U29
Apply fluctuation-dissipation relations to predict system response to perturbations.,subfield,U09.01,U09
Apply geomorphological or climatological theories when framing research questions about landscape evolution or environmental change.,subfield,U12.01,U12
Apply health behavior theories such as the Health Belief Model or Extended Parallel Process Model when framing research questions about message effects.,subfield,U12.01,U12
Apply health behavior theories such as the Health Belief Model or Theory of Planned Behavior to frame research questions about health-related attitudes and behaviors.,subfield,U12.01,U12
Apply hedonic regression methods to estimate implicit prices of housing and neighborhood attributes from property transaction data.,subfield,U02.02,U02
Apply hermeneutic methods to interpret meaning structures within philosophical texts and historical documents.,subfield,U28.01,U28
"Apply historical-critical, literary, or theological frameworks when formulating research questions about biblical texts.",subfield,U12.01,U12
"Apply historiographical frameworks such as microhistory, cultural history, or social history to structure research questions about early modern societies.",subfield,U12.01,U12
Apply historiographical frameworks such as social constructivism or internalism to interpret the development of scientific ideas and practices.,subfield,U12.01,U12
"Apply historiographical frameworks such as social history, cultural history, or transnational history when formulating research questions about modern events.",subfield,U12.01,U12
"Apply human capital theory to frame research questions about education, training, and wage returns.",subfield,U12.01,U12
"Apply hydrological equations and water balance principles to predict streamflow, groundwater recharge, or contaminant transport.",subfield,U09.01,U09
Apply iR compensation corrections to voltammetric data to account for solution resistance effects.,subfield,U04.01,U04
"Apply iconographic, semiotic, or formal analysis frameworks when developing research questions about visual materials.",subfield,U12.01,U12
"Apply information behavior theories to frame research questions about how users seek, evaluate, and use information.",subfield,U12.01,U12
Apply information literacy and critical pedagogy frameworks to examine how patrons develop research and source-evaluation skills.,subfield,U12.01,U12
"Apply institutional economics frameworks to analyze the role of property rights, legal systems, or governance structures in historical economic development.",subfield,U12.01,U12
Apply institutional theory frameworks to analyze how formal rules and informal norms shape governance outcomes.,subfield,U12.01,U12
Apply institutional theory to examine how regulatory environments and national governance structures shape multinational enterprise strategies.,subfield,U12.01,U12
Apply instrumental variable or regression discontinuity methods to identify causal effects of development policies.,subfield,U02.03,U02
Apply instrumental variables or two-stage least squares estimation to address endogeneity in causal inference.,subfield,U02.03,U02
Apply interaction design heuristics and principles to predict user behavior with novel interfaces.,subfield,U09.01,U09
"Apply intercultural communication theories such as cultural dimensions, communication accommodation, or identity negotiation when framing research questions about cross-cultural interactions.",subfield,U12.01,U12
Apply internal reconstruction to recover earlier forms from language-internal evidence such as frozen compounds or alternations.,subfield,U28.05,U28
Apply international human rights treaty frameworks and jurisprudence when formulating research questions about state obligations.,subfield,U12.01,U12
"Apply interpretive coding schemes to identify cultural themes, frames, or discourses in qualitative data.",subfield,U04.06,U04
Apply intraoperative neuromonitoring such as processed EEG or peripheral nerve stimulation to quantify anesthetic and neuromuscular drug effects.,subfield,U01.10,U01
Apply kinetic modeling to dynamic PET data to quantify receptor binding or metabolic rate.,subfield,U09.05,U09
Apply kinetic models to analyze charge-discharge rate capability and diffusion coefficients.,subfield,U09.05,U09
Apply law and economics frameworks to analyze corporate governance structures and commercial transaction efficiency.,subfield,U12.01,U12
Apply learning theories and pedagogical frameworks when designing research questions about instructional effectiveness.,subfield,U12.01,U12
Apply learning theories such as cognitive load theory or self-determination theory when framing research questions about student outcomes.,subfield,U12.01,U12
"Apply learning theories such as cognitive load, self-determination, or social constructivism to frame research questions about student outcomes.",subfield,U12.01,U12
Apply learning theories such as constructivism or cognitive load theory when framing research questions about student understanding in STEM disciplines.,subfield,U12.01,U12
Apply learning theories such as constructivism or connectivism to frame research questions about technology-mediated instruction.,subfield,U12.01,U12
Apply legal pluralism or socio-legal theories to frame research questions about family law doctrine and practice.,subfield,U12.01,U12
Apply legal transplant theory to analyze how legal rules and institutions transfer across jurisdictions.,subfield,U12.01,U12
Apply life course theory to frame research questions about family transitions and demographic events.,subfield,U12.01,U12
"Apply literary theoretical frameworks such as New Historicism, postcolonialism, or feminist criticism to frame interpretive research questions about American texts.",subfield,U12.01,U12
"Apply literary theoretical frameworks such as narratology, postcolonialism, or feminist criticism to frame interpretive research questions.",subfield,U12.01,U12
"Apply literary theoretical frameworks such as postcolonialism, feminism, or deconstruction to frame interpretive research questions about texts.",subfield,U12.01,U12
"Apply literary theories such as postcolonialism, narratology, or reception theory to frame comparative analyses across national literatures.",subfield,U12.01,U12
"Apply literary-historical theories such as historicism, formalism, or reader-response criticism to frame interpretive research questions.",subfield,U12.01,U12
Apply localized electrical or optical bias pulses to switch materials between distinct persistent states.,subfield,U01.18,U01
Apply lock-in amplifier techniques to extract weak signals from noisy electrical measurements.,subfield,U04.01,U04
Apply mass and energy balances to predict yields and energy requirements for chemical processes.,subfield,U09.01,U09
"Apply mass transport and diffusion equations to predict drug delivery, nutrient exchange, or molecular transport in biological systems.",subfield,U09.01,U09
Apply mean-field theory to model phase transitions in magnetic or superconducting systems.,subfield,U09.01,U09
Apply measurement theory and validity frameworks when conceptualizing assessment constructs and research questions.,subfield,U07.14,U07
Apply mechanism design principles to frame questions about optimal institutional arrangements and incentive structures.,subfield,U12.01,U12
"Apply media effects theories such as agenda-setting, framing, or uses and gratifications to explain digital communication phenomena.",subfield,U12.01,U12
"Apply medical anthropological theories of embodiment, structural violence, or biopolitics to frame research questions about health disparities.",subfield,U12.01,U12
Apply mixed-effects regression models to account for variability across participants and linguistic items simultaneously.,subfield,U02.05,U02
"Apply models of language processing, such as lexical access or sentence parsing theories, when formulating research hypotheses.",subfield,U12.01,U12
Apply motor learning and control theories to frame research questions about skill acquisition and movement behavior.,subfield,U12.01,U12
Apply multi-criteria decision-making models to evaluate and rank alternatives,subfield,U09.10,U09
Apply multilevel models to account for community and household clustering in nutrition data.,subfield,U02.05,U02
Apply multivariate statistical analyses to morphometric data to evaluate taxonomic boundaries and intraspecific variation.,subfield,U02.02,U02
Apply music-theoretical frameworks such as Schenkerian analysis or topic theory when formulating research questions about musical structure or meaning.,subfield,U12.01,U12
"Apply narratological frameworks such as focalization, temporality, or narrative voice when formulating research questions about texts.",subfield,U12.01,U12
Apply neuroanatomical and functional brain network frameworks to guide interpretation of cognitive and behavioral deficits.,subfield,U12.01,U12
Apply normative ethical and legal-philosophical frameworks to evaluate forensic practices and policies.,subfield,U12.01,U12
Apply normative frameworks from moral and political philosophy to analyze legal doctrines and institutional arrangements.,subfield,U12.01,U12
Apply operations management theories such as transaction cost economics or resource-based view to frame supply chain research questions.,subfield,U12.01,U12
Apply organizational leadership theories to frame research questions about school administrator effectiveness and decision-making.,subfield,U12.01,U12
"Apply organizational theories such as social exchange, psychological contract, or resource-based view to frame hypotheses about employee-organization relationships.",subfield,U12.01,U12
Apply panel estimators that accommodate heterogeneous effects across units or across the outcome distribution.,subfield,U02.05,U02
"Apply performance theory frameworks such as phenomenology, semiotics, or embodiment studies when analyzing theatrical events and practices.",subfield,U12.01,U12
Apply permutation or resampling methods to construct confidence intervals without distributional assumptions.,subfield,U02.09,U02
Apply perturbation methods to approximate solutions of nonlinear differential equations near known solutions.,subfield,U09.01,U09
Apply perturbation methods to obtain approximate solutions for complex systems.,subfield,U09.01,U09
Apply perturbation theory to predict energy level shifts and transition rates in quantum systems.,subfield,U09.01,U09
Apply perturbative QCD calculations to predict jet production and hadronization processes.,subfield,U09.01,U09
Apply pharmacological or chemical perturbations to living samples to test mechanistic hypotheses.,subfield,U01.21,U01
Apply phylogenetic comparative methods to control for shared ancestry when testing ecological hypotheses across species.,subfield,U02.13,U02
Apply polymer physics models to rheological and mechanical testing data to extract material parameters.,subfield,U09.05,U09
Apply post-synthesis treatments to as-prepared materials to convert them into their functional working form,subfield,U01.15,U01
"Apply postcolonial theoretical frameworks such as hybridity, mimicry, or subaltern studies when formulating interpretive research questions about literary texts.",subfield,U12.01,U12
"Apply postcolonial theoretical frameworks to analyze power dynamics, resistance, and cultural exchange in colonial encounters.",subfield,U12.01,U12
"Apply postcolonial, transnational, or comparative literary frameworks when formulating research questions about texts across national traditions.",subfield,U12.01,U12
Apply poverty trap models or structural transformation theories to frame hypotheses about economic mobility in low-income settings.,subfield,U12.01,U12
"Apply preprocessing pipelines to correct for imaging artifacts, noise, and intensity variations across datasets.",subfield,U04.10,U04
"Apply production-theoretic frameworks of scale, scope, and productive efficiency to formulate hypotheses about firm performance.",subfield,U12.01,U12
Apply propensity score matching or entropy balancing to construct comparable treatment and control groups in observational studies.,subfield,U02.03,U02
Apply propensity score methods to compare outcomes between different cardiovascular treatment strategies in observational data.,subfield,U02.03,U02
Apply propensity score methods to compare outcomes between different neurosurgical approaches or medical therapies.,subfield,U02.03,U02
Apply propensity score methods to compare psychiatric treatment outcomes in non-randomized clinical data.,subfield,U02.03,U02
"Apply prospect theory, bounded rationality, or social preference models to formulate testable hypotheses about economic decision-making.",subfield,U12.01,U12
Apply public finance theory to analyze the efficiency and equity implications of tax and transfer policies.,subfield,U12.01,U12
Apply published preference-based value sets to convert health-state descriptions into utility indices for economic evaluation.,subfield,U02.11,U02
"Apply qualitative trustworthiness procedures, such as member checking and triangulation, to validate interpretive findings on religious life.",subfield,U28.06,U28
Apply quality control algorithms to remove erroneous observations from meteorological datasets.,subfield,U04.01,U04
Apply quality control corrections to environmental monitoring data to account for matrix interferences.,subfield,U04.01,U04
Apply quality control procedures to remove erroneous values and fill gaps in hydrological time series data.,subfield,U04.01,U04
Apply quality control procedures to remove outliers and correct for sensor drift in continuous monitoring data.,subfield,U04.01,U04
Apply quality filters to eDNA sequence data and remove contaminant reads.,subfield,U04.09,U04
Apply reference records or threshold values to classify and interpret study results,subfield,U04.08,U04
Apply regulatory compliance frameworks and environmental governance theories when formulating research questions about policy effectiveness.,subfield,U12.01,U12
Apply resampling methods such as bootstrapping and cross-validation to quantify uncertainty in model estimates.,subfield,U02.09,U02
"Apply resource mobilization, political process, or framing theories to explain emergence and outcomes of collective action.",subfield,U12.01,U12
"Apply resource-based view, institutional theory, or agency theory to frame hypotheses about firm-level competitive advantage.",subfield,U12.01,U12
"Apply rhetorical theory and frameworks such as genre theory, rhetorical situation, or circulation studies when framing research questions about public discourse.",subfield,U12.01,U12
Apply risk adjustment methods to compare surgical outcomes across different patient populations or institutions.,subfield,U02.02,U02
Apply risk assessment frameworks and recidivism theories when developing research questions about offender behavior.,subfield,U12.01,U12
"Apply risk-management and prudential regulatory frameworks, such as capital adequacy standards, when framing questions about financial institution risk.",subfield,U12.01,U12
Apply run-in protocols that standardize participants' physiological state before metabolic or hormonal testing.,subfield,U07.11,U07
Apply sampling weights and design-based variance estimation to produce population-representative estimates from complex survey data,subfield,U02.05,U02
"Apply scientific and technical analysis of an object's materials and construction to determine its composition, provenance, manufacture, or function.",subfield,U01.17,U01
Apply second language acquisition theories such as input hypothesis or sociocultural theory when framing research questions about language learning processes.,subfield,U12.01,U12
"Apply secularization, religious economy, or lived religion theories when framing research questions about religious change and practice.",subfield,U12.01,U12
Apply sensor fusion techniques to combine data from multiple robot sensors into coherent state estimates.,subfield,U09.05,U09
Apply service quality and customer satisfaction theories to frame research questions about guest experiences and hospitality operations.,subfield,U12.01,U12
Apply signal conditioning and anti-aliasing techniques to sampled measurement data.,subfield,U04.01,U04
Apply social determinants of health frameworks to examine how social structures shape health outcomes and healthcare access.,subfield,U12.01,U12
Apply social identity theory or self-categorization theory to frame hypotheses about intergroup attitudes and behaviors.,subfield,U12.01,U12
Apply sociocultural or sociolinguistic theories of literacy to frame research questions about reading and writing practices.,subfield,U12.01,U12
Apply spatial and geostatistical methods to estimate exposure levels and relate them to health outcomes.,subfield,U02.14,U02
Apply spatial statistics or geostatistical methods to analyze patterns across landscapes or environmental gradients.,subfield,U02.14,U02
"Apply spatial theories of distance decay, spatial autocorrelation, or accessibility when framing geographic research questions.",subfield,U12.01,U12
"Apply spatial theories of place, scale, and territory when framing research questions about human-environment interactions.",subfield,U12.01,U12
Apply species delimitation methods to assess taxonomic boundaries using molecular or morphological data.,subfield,U02.13,U02
Apply stable isotope tracers to partition nutrient sources and quantify fertilizer fate in soil-plant systems.,subfield,U01.21,U01
Apply standard measurement or implementation procedures to establish a system's concrete performance.,subfield,U01.18,U01
Apply standardized exercise protocols to participants to quantify performance or impose experimental conditions.,subfield,U01.09,U01
Apply static and terrain corrections to gravity survey data for regional geological interpretation.,subfield,U04.01,U04
Apply statistical corrections to account for warm-up effects and measurement variability in benchmark results.,subfield,U04.01,U04
Apply statistical distributions to characterize fiber strength and composite failure behavior.,subfield,U02.10,U02
Apply statistical mechanics principles to predict ensemble behavior of biological macromolecules.,subfield,U09.01,U09
Apply statistical methods to compare morphological or behavioral traits across species or populations.,subfield,U02.01,U02
Apply statistical methods to isolate neural correlates of specific cognitive processes from confounding sensory or motor components.,subfield,U02.02,U02
Apply statistical methods to isolate treatment effects on neural activity from baseline physiological variability.,subfield,U02.02,U02
Apply statistical models to analyze effects of interface design variables on user experience measures.,subfield,U02.02,U02
Apply statistical models to assess effects of environmental variables on animal physiological parameters.,subfield,U02.02,U02
Apply statistical models to compare sensory attributes across food formulations or processing treatments.,subfield,U02.01,U02
Apply stratigraphic correlation techniques to establish relative ages and depositional sequences of fossil-bearing units.,subfield,U02.99,U02
Apply structured qualitative analysis approaches such as narrative inquiry or phenomenography to build integrated accounts of participants' experience.,subfield,U28.06,U28
Apply student development theories or organizational behavior frameworks when examining student outcomes or institutional practices.,subfield,U12.01,U12
Apply survival analysis techniques to model time-to-event outcomes with censored data.,subfield,U02.04,U02
"Apply survival analysis to model time to chronic disease onset, recurrence, or death with censored follow-up.",subfield,U02.04,U02
Apply syntactic theories such as generative grammar or construction grammar to formulate hypotheses about sentence structure.,subfield,U12.01,U12
Apply targeted confirmatory assays to classify isolates or verify the specificity of observed phenotypes,subfield,U01.19,U01
Apply technology acceptance theories such as TAM or UTAUT when framing research questions about user adoption and system use.,subfield,U12.01,U12
Apply terrain corrections and atmospheric filtering to digital elevation models for hazard mapping.,subfield,U04.10,U04
"Apply thematic analysis to qualitative data from ethics consultations, institutional review processes, or stakeholder interviews.",subfield,U28.06,U28
"Apply thematic or discourse analysis to textual sources such as newspapers, literature, or official documents from the region.",subfield,U28.06,U28
"Apply theoretical frameworks from ancient political, economic, or religious institutions to interpret material and textual evidence.",subfield,U12.01,U12
Apply theories of agglomeration economies and industrial clustering when framing research questions about firm location and regional growth.,subfield,U12.01,U12
Apply theories of bureaucratic behavior and organizational performance to frame research questions about public agencies.,subfield,U12.01,U12
Apply theories of collective memory and cultural transmission when framing research questions about historical change.,subfield,U12.01,U12
"Apply theories of deterrence, escalation, or coercion when framing research questions about state and non-state actor behavior.",subfield,U12.01,U12
"Apply theories of feudalism, lordship, or state formation when framing research questions about medieval political structures.",subfield,U12.01,U12
Apply theories of innovation incentives and knowledge diffusion when framing research questions about patent or copyright systems.,subfield,U12.01,U12
"Apply theories of interstate conflict, cooperation, or international institutions when framing research questions about state behavior.",subfield,U12.01,U12
"Apply theories of kinship, exchange, or symbolic systems when framing ethnographic research questions.",subfield,U12.01,U12
"Apply theories of language change, such as grammaticalization or sound change principles, when framing research questions about linguistic evolution.",subfield,U12.01,U12
Apply theories of language ideology and linguistic identity when framing research questions about language attitudes and practices.,subfield,U12.01,U12
"Apply theories of language socialization, indexicality, or language ideology when framing research questions about speech communities.",subfield,U12.01,U12
"Apply theories of partisan polarization, realignment, or sorting to frame hypotheses about voter behavior or elite decision-making.",subfield,U12.01,U12
Apply theories of place attachment and sense of place when framing research on visitor experiences at tourism destinations.,subfield,U12.01,U12
"Apply theories of place, landscape, and spatial identity when framing research questions about cultural phenomena.",subfield,U12.01,U12
"Apply theories of prosody, form, or literary aesthetics when framing interpretive research questions about poetic texts.",subfield,U12.01,U12
Apply theories of racialization and ethnic boundary formation when framing research questions about group identity and intergroup relations.,subfield,U12.01,U12
"Apply theories of regime types, democratization, or authoritarianism when framing comparative research questions.",subfield,U12.01,U12
"Apply theories of religious change, conversion, or secularization when framing research questions about historical religious movements.",subfield,U12.01,U12
Apply theories of religious syncretism and hybridity when framing research questions about cross-cultural religious phenomena.,subfield,U12.01,U12
"Apply theories of rent-seeking, collective action, or public choice to frame research questions about policy outcomes.",subfield,U12.01,U12
Apply theories of respondent cognition and behavior to explain measurement error sources in survey responses.,subfield,U12.01,U12
"Apply theories of social reproduction, cumulative advantage, or intersectionality when framing research questions about inequality.",subfield,U12.01,U12
"Apply theories of speech acts, implicature, or presupposition when framing research questions about meaning in context.",subfield,U12.01,U12
"Apply theories of state formation, legitimacy, or power to frame research questions about political institutions and social structures.",subfield,U12.01,U12
"Apply theories of state formation, power politics, or military organization when framing historical research questions.",subfield,U12.01,U12
Apply theories of state-market relations to frame research questions about economic policy outcomes.,subfield,U12.01,U12
Apply theories of strategic firm behavior and market structure when formulating hypotheses about competitive outcomes.,subfield,U12.01,U12
Apply theories of textual transmission and manuscript culture when framing research questions about literary production and circulation.,subfield,U12.01,U12
"Apply theories of transnationalism, assimilation, or integration when framing research questions about migrant experiences.",subfield,U12.01,U12
Apply theories of voter behavior and political psychology to explain patterns in electoral participation and vote choice.,subfield,U12.01,U12
Apply theories of work motivation and job attitudes to frame hypotheses about employee behavior and performance.,subfield,U12.01,U12
Apply thermodynamic principles to predict heat transfer rates and energy conversion efficiencies in thermal systems.,subfield,U09.01,U09
Apply thermodynamic principles to predict stability and reactivity of metal complexes in solution.,subfield,U09.01,U09
"Apply trade theories such as comparative advantage, gravity models, or new trade theory when formulating research hypotheses about trade flows and patterns.",subfield,U12.01,U12
Apply trait theories such as the Big Five or HEXACO models when framing hypotheses about individual differences.,subfield,U12.01,U12
"Apply translation theories such as equivalence, skopos, or polysystem theory to frame research questions about translation processes or products.",subfield,U12.01,U12
Apply unsupervised clustering to historical traffic time-series data to identify recurring flow or demand patterns.,subfield,U02.06,U02
"Apply urban ecological frameworks to examine spatial patterns of inequality, segregation, or neighborhood change.",subfield,U12.01,U12
"Apply urban economic theories of agglomeration, land use, and spatial equilibrium when formulating research hypotheses about housing markets and regional development.",subfield,U12.01,U12
Apply urban governance and institutional theories to frame research questions about planning processes and policy outcomes.,subfield,U12.01,U12
Apply weighting adjustments to correct for unequal selection probabilities and differential nonresponse.,subfield,U04.03,U04
Apply wind tunnel wall corrections and blockage corrections to measured aerodynamic data.,subfield,U04.01,U04
Appraise and design technical or economic options for agricultural enterprises and institutions to inform planning,subfield,U30.05,U30
"Appraise the categories, criteria, and value assumptions underlying applied economic analysis to judge their appropriateness.",subfield,U28.03,U28
Appraise the methodological quality and strength of evidence of included studies using standardized appraisal frameworks,subfield,U24.02,U24
Appraise the methodology and reported results of published studies to enable comparison across them.,subfield,U24.02,U24
Appraise the provenance and bias of historical and archival sources used as evidence.,subfield,U28.04,U28
Appraise whether the empirical evidence and methods invoked in a normative argument can bear the evidential weight placed on them,subfield,U28.03,U28
"Argue for the methodological value of a research approach, including its capacity to reach phenomena that conventional methods miss.",subfield,U10.01,U10
Articulate a program theory or logic model specifying how a health intervention is expected to produce its outcomes.,subfield,U12.03,U12
"Ascertain and classify clinical health events, such as birth outcomes or illness episodes, in participants as study outcomes.",subfield,U01.10,U01
Ascertain chronic disease status from self-reported diagnoses or symptom-based questionnaires when registry data are unavailable.,subfield,U01.06,U01
Assay enzyme or receptor activity in cell and tissue lysates to measure compound effects on target function,subfield,U01.19,U01
Assay the self-renewal and differentiation potential of neural stem or progenitor cells using clonal or in vivo potency assays.,subfield,U01.19,U01
Assemble and align molecular sequences across taxa for phylogenetic reconstruction.,subfield,U04.09,U04
Assemble and annotate pathogen genome sequences for phylogenetic and functional analysis.,subfield,U04.09,U04
Assemble and annotate plant genome or transcriptome sequences for functional analysis.,subfield,U04.09,U04
Assemble cohorts that link baseline risk-factor measurements to incident disease through registries and record linkage.,subfield,U06.02,U06
"Assemble data from demographic surveillance sites, large-scale household surveys, and international health databases.",subfield,U01.01,U01
"Assemble datasets linking authors, institutions, funders, and grants through record linkage and identifier matching.",subfield,U06.02,U06
Assemble de novo transcriptomes or genomes from short or long read sequencing data.,subfield,U04.09,U04
"Assemble document and metadata corpora from archives, institutional repositories, or special collections for analysis.",subfield,U06.01,U06
Assemble epidemiological parameter values from published studies to specify mechanistic transmission models.,subfield,U06.01,U06
Assemble grammaticality examples and generalizations reported in prior published studies as the evidence base for a new analysis.,subfield,U06.01,U06
Assemble matched comparison or reference cohorts when randomized allocation is not feasible,subfield,U01.05,U01
"Assemble or process polymers into higher-order materials, such as host–guest complexes or films, by solution-based methods",subfield,U30.04,U30
Assemble preformed nanoparticles or nanostructure units into ordered higher-order superstructures.,subfield,U30.04,U30
Assemble prototype devices by bonding functional layers and discrete components onto polymer or elastomer substrates.,subfield,U30.04,U30
Assemble prototype printed circuit boards and electronic modules for functional testing.,subfield,U30.04,U30
Assemble published scholarly studies as an empirical corpus for documentary analysis.,subfield,U24.01,U24
Assemble source samples by cross-matching survey catalogues and applying photometric or quality selection criteria.,subfield,U06.02,U06
Assemble specialized bodies of records or theory as the analytical basis for legal study,subfield,U24.01,U24
"Assemble study cohorts by linking registries, surveys, and administrative records into analyzable datasets.",subfield,U06.02,U06
Assess agreement between automated image-analysis measurements and pathologist manual assessment of the same specimens.,subfield,U02.07,U02
Assess and manage risks to researcher and participant safety in conflict-affected or policed field settings.,subfield,U19.05,U19
Assess and quantify heterogeneity and publication bias in systematic reviews.,subfield,U02.08,U02
Assess and reconcile agreement among multiple coders analyzing the same qualitative material.,subfield,U02.07,U02
Assess classification accuracy using confusion matrices and statistical measures derived from validation samples.,subfield,U02.07,U02
Assess completeness and quality of genome or transcriptome assemblies using conserved ortholog benchmarks or coverage metrics.,subfield,U04.09,U04
Assess confidence intervals for damage and loss estimates derived from vulnerability functions.,subfield,U02.09,U02
Assess confidence intervals for water quality parameter estimates based on sampling and analytical variability.,subfield,U02.09,U02
Assess cross-cultural applicability of forensic assessment tools and risk prediction instruments.,subfield,U02.08,U02
Assess cross-linguistic validity of proposed semantic universals or pragmatic principles.,subfield,U02.08,U02
Assess cultural and demographic factors that may influence the applicability of health psychology interventions to diverse groups.,subfield,U02.08,U02
Assess disparities in dietary quality and nutrition outcomes across sociodemographic groups.,subfield,U02.01,U02
"Assess economic, regulatory, and organizational factors affecting industrial adoption of emerging technologies",subfield,U02.02,U02
Assess effectiveness of biologic therapies in inflammatory bowel disease while controlling for disease severity and prior treatment history.,subfield,U02.02,U02
Assess everyday functional abilities and real-world outcomes to complement performance-based cognitive testing.,subfield,U01.09,U01
"Assess external validity of econometric estimates across different markets, policy regimes, or institutional settings.",subfield,U02.08,U02
Assess external validity of experimental findings across different developing country contexts and income levels.,subfield,U02.08,U02
Assess external validity of labor market findings across different regional economies and labor market institutions.,subfield,U02.08,U02
Assess external validity of laboratory findings by considering differences between student samples and general populations.,subfield,U02.08,U02
Assess extracutaneous organ involvement in patients with cutaneous disease using targeted diagnostic tests.,subfield,U01.10,U01
"Assess film adhesion strength through pull-off, scratch, or tape peel testing methods.",subfield,U01.17,U01
"Assess generalizability of findings across different entrepreneurial contexts such as nascent ventures, family firms, and corporate ventures.",subfield,U02.08,U02
"Assess generalizability of findings across health professions disciplines such as medicine, nursing, and allied health.",subfield,U02.08,U02
Assess generalizability of statistical findings across diverse patient populations and clinical settings.,subfield,U02.08,U02
Assess graft survival and patient survival following kidney transplantation.,subfield,U02.04,U02
Assess how tractable a problem class is by identifying the structures that determine whether and how it can be solved.,subfield,U29.04,U29
Assess individual adverse drug reaction case reports for causality and severity using standardized criteria.,subfield,U04.06,U04
Assess inter-rater reliability for pathological scoring and grading systems.,subfield,U02.07,U02
Assess inter-rater reliability when coding qualitative interaction data.,subfield,U02.07,U02
Assess inter-reader and intra-reader variability in radiological measurements and interpretations.,subfield,U02.07,U02
Assess maternal dietary intake and nutrient status during pregnancy and lactation.,subfield,U01.06,U01
Assess measurement reliability using nonparametric approaches appropriate for ordinal or skewed data.,subfield,U02.07,U02
"Assess mechanical properties of biomaterials through tensile, compression, and nanoindentation testing.",subfield,U01.17,U01
"Assess metadata quality and interoperability across catalogs, repositories, and archival finding aids.",subfield,U06.04,U06
Assess method precision through replicate analyses and express results with appropriate confidence intervals.,subfield,U02.09,U02
Assess model or system outputs against domain expert knowledge to validate their correctness.,subfield,U09.09,U09
Assess multivariate normality assumptions and apply transformations when distributional requirements are violated.,subfield,U02.16,U02
"Assess mycorrhizal fungi in roots and soil using staining, spore extraction, and light microscopy.",subfield,U01.19,U01
Assess ontogenetic stage of fossil specimens from skeletal maturity indicators to interpret growth-related morphological variation.,subfield,U02.99,U02
"Assess organizational feasibility, costs, and barriers to deploying an interactive technology in practice.",subfield,U30.07,U30
Assess patients' and stakeholders' acceptability of and preferences for study interventions and technologies,subfield,U01.06,U01
Assess population stratification and apply corrections in genetic association studies.,subfield,U02.12,U02
Assess precision and accuracy of mineral compositional analyses using replicate measurements and standards.,subfield,U02.09,U02
Assess purity and yield of synthesized compounds using multiple analytical techniques.,subfield,U01.17,U01
Assess reactivity of pretreated substrates through enzymatic hydrolysis or dye adsorption assays.,subfield,U01.19,U01
Assess research arrangements for congruence with the project's stated ethical and epistemological commitments,subfield,U28.06,U28
Assess robustness of computational results by systematically varying methodological choices such as functional selection or algorithm settings.,subfield,U09.09,U09
Assess sensory and functional disability using standardized questionnaires or performance-based assessments,subfield,U01.09,U01
Assess statistical variability in mechanical property measurements across multiple specimens.,subfield,U02.09,U02
Assess the accuracy and discriminatory performance of diagnostic and molecular typing assays against reference standards.,subfield,U02.07,U02
Assess the adequacy of infant and young child feeding and diets against standardized recommendations.,subfield,U02.11,U02
Assess the administrative capacity and transparency of public institutions to diagnose constraints on fiscal policy implementation.,subfield,U28.02,U28
"Assess the applicability of findings across different colonial contexts, empires, or geographic regions.",subfield,U02.08,U02
Assess the applicability of findings from efficacy trials to real-world clinical practice conditions.,subfield,U02.08,U02
Assess the applicability of historical ethical frameworks to contemporary moral problems and contexts.,subfield,U28.07,U28
Assess the availability and use of personal protective equipment and other hazard controls among workers.,subfield,U01.06,U01
Assess the commercial potential of aquatic species by combining resource availability with market and processing yield information.,subfield,U02.11,U02
Assess the coverage and representativeness of collected data to identify gaps and biases,subfield,U04.14,U04
Assess the cultural and socioeconomic factors that may limit generalizability of developmental trajectories across populations.,subfield,U02.08,U02
Assess the dimensionality and internal consistency of political attitude item batteries using factor analysis or scaling.,subfield,U02.07,U02
Assess the dynamics and sustainability of research partnerships with communities and local institutions.,subfield,U05.01,U05
Assess the experimental feasibility of proposed quantum schemes by comparing required parameters with values achievable on existing platforms.,subfield,U09.09,U09
Assess the extent to which experimental findings on grammatical judgments replicate across speaker populations.,subfield,U02.08,U02
Assess the extent to which experimental results from controlled laboratory tasks reflect naturalistic language use.,subfield,U02.08,U02
Assess the extent to which laboratory-based cognitive findings translate to real-world settings and everyday cognition.,subfield,U02.08,U02
Assess the extent to which laboratory-based findings on work behavior translate to actual workplace settings.,subfield,U02.08,U02
"Assess the external validity of findings across retail channels, purchase occasions, or competitive environments.",subfield,U02.08,U02
Assess the feasibility and acceptability of interventions and their delivery formats with target users.,subfield,U01.06,U01
Assess the fidelity and effective resolution of computationally reconstructed images.,subfield,U09.09,U09
Assess the generalizability and transportability of effect estimates from study samples to external target populations.,subfield,U02.08,U02
Assess the generalizability of findings across student populations with varying prior knowledge and demographic backgrounds in STEM courses.,subfield,U02.08,U02
Assess the generalizability of first-person phenomenological reports to broader claims about consciousness.,subfield,U28.07,U28
Assess the generalizability of intervention effects across diverse student populations and instructional formats.,subfield,U02.08,U02
"Assess the generalizability of intervention effects across grade levels, subject areas, or instructional formats.",subfield,U02.08,U02
Assess the generalizability of laboratory findings on social influence to naturalistic group settings.,subfield,U02.08,U02
"Assess the generalizability of risk-factor associations across age groups, sexes, and diverse populations.",subfield,U02.08,U02
Assess the generalizability of survey estimates across varying sampling frames and recruitment strategies.,subfield,U02.08,U02
Assess the impact of ICU interventions on mortality while accounting for illness severity scores.,subfield,U02.02,U02
Assess the independent prognostic value of biomarkers while controlling for established clinical factors.,subfield,U02.02,U02
Assess the influence of diagnostic findings on subsequent clinical management decisions,subfield,U02.02,U02
Assess the modifiable areal unit problem when determining whether findings generalize across different spatial aggregation levels.,subfield,U02.14,U02
Assess the reliability and validity of rating instruments used to capture subjective judgments.,subfield,U02.07,U02
"Assess the reliability, coverage, and known biases of secondary economic datasets before using them in regional analysis.",subfield,U04.14,U04
Assess the representativeness of excavated samples relative to broader settlement patterns or past populations.,subfield,U02.08,U02
Assess the robustness of theoretical predictions across different preference specifications and information structures.,subfield,U09.09,U09
Assess the scope and limits of conceptual analyses when applied to diverse philosophical traditions or worldviews.,subfield,U28.07,U28
Assess the scope conditions under which normative claims about scientific methodology hold across research contexts.,subfield,U28.07,U28
Assess the sensitivity of computational findings to distributional assumptions and parameter specifications across different scenarios.,subfield,U09.09,U09
Assess the temporal depth and geographic scope over which linguistic findings can be reliably projected.,subfield,U02.08,U02
Assess the temporal stability of personality measures across different developmental periods.,subfield,U02.07,U02
Assess the transferability of HR practice effects across different organizational contexts and workforce compositions.,subfield,U02.08,U02
Assess the transferability of computational linguistic findings across different corpora and annotation schemes.,subfield,U02.08,U02
Assess the transferability of ethnographic findings across cultural contexts while acknowledging local specificities.,subfield,U28.07,U28
"Assess the transferability of findings across different cultural, linguistic, or national contexts within the region of study.",subfield,U28.07,U28
Assess the transferability of health beliefs and healing practices across different cultural or community contexts.,subfield,U28.07,U28
"Assess the transferability of inclusive education practices across school contexts, grade levels, and cultural settings.",subfield,U02.08,U02
Assess the transportability of Bayesian model parameters and predictions to new contexts or populations.,subfield,U02.08,U02
Assess the trustworthiness of qualitative findings against established criteria such as credibility and dependability.,subfield,U28.06,U28
Assess the validity of elicitation techniques used to obtain pragmatic data by comparing them with naturally occurring speech or established validity criteria.,subfield,U07.04,U07
Assess transferability of instructional design interventions across different learner populations and educational settings.,subfield,U02.08,U02
Assess uncertainty in machine learning predictions using cross-validation and ensemble methods.,subfield,U09.06,U09
Assess vaccine effectiveness using observational data while adjusting for confounding by indication and exposure risk.,subfield,U02.02,U02
Assess variability in soil properties and incorporate into geotechnical design calculations.,subfield,U02.09,U02
"Assess whether analytical claims about film style, narrative, or reception apply across different national cinemas, historical periods, or exhibition contexts.",subfield,U28.07,U28
Assess whether bibliometric indicators are comparable across disciplines with differing citation and authorship cultures.,subfield,U02.08,U02
Assess whether chosen outcome measures or performance metrics capture clinically meaningful benefit.,subfield,U07.14,U07
Assess whether coexisting mineral phases attained chemical equilibrium using textural and compositional criteria.,subfield,U02.99,U02
"Assess whether comparative legal findings generalize across common law, civil law, and hybrid legal traditions.",subfield,U28.07,U28
Assess whether constitutional doctrines or judicial interpretations generalize across different legal systems or constitutional traditions.,subfield,U28.07,U28
Assess whether cost-effectiveness findings will transfer across healthcare systems with different payment structures and resource constraints.,subfield,U02.08,U02
"Assess whether crime patterns and intervention effects generalize across different neighborhood contexts, demographic groups, or historical periods.",subfield,U02.08,U02
"Assess whether cultural meanings, symbols, or practices identified in one context transfer across different national or historical settings.",subfield,U28.07,U28
Assess whether cultural practices and place-based meanings transfer across different geographic and social contexts.,subfield,U28.07,U28
"Assess whether empirical findings generalize across different market structures, regulatory environments, or economic cycles.",subfield,U02.08,U02
Assess whether estimated behavioral responses to fiscal policies generalize across different tax systems and institutional contexts.,subfield,U02.08,U02
"Assess whether estimated policy effects will transfer across regions with different energy mixes, climate conditions, or regulatory environments.",subfield,U02.08,U02
Assess whether evaluation findings from specific programs transfer to different institutional settings or implementation conditions.,subfield,U02.08,U02
Assess whether family formation patterns observed in one cohort will generalize to younger or older birth cohorts.,subfield,U02.08,U02
Assess whether findings about Muslim communities in one region or sect will generalize to other Islamic contexts and traditions.,subfield,U28.07,U28
Assess whether findings about architectural styles or design practices transfer across different cultural and geographic contexts.,subfield,U28.07,U28
"Assess whether findings about audience engagement or creative processes transfer across different digital platforms, tools, or cultural contexts.",subfield,U28.07,U28
"Assess whether findings about divorce, custody, or support laws will generalize across different legal jurisdictions.",subfield,U28.07,U28
"Assess whether findings about economic behavior generalize across different market structures, regulatory environments, or cultural contexts.",subfield,U02.08,U02
"Assess whether findings about gender or sexuality will transfer across cultural contexts, historical periods, or identity groups.",subfield,U28.07,U28
"Assess whether findings about information practices will transfer across different user communities, platforms, or institutional settings.",subfield,U28.07,U28
Assess whether findings about intellectual property rules will generalize across different legal jurisdictions or treaty frameworks.,subfield,U28.07,U28
"Assess whether findings about migrant populations generalize across different national contexts, legal regimes, or migration corridors.",subfield,U02.08,U02
"Assess whether findings about musical practices or preferences will generalize across different cultural, geographic, or historical contexts.",subfield,U28.07,U28
Assess whether findings about political participation or civic engagement generalize across different regime types or democratic contexts.,subfield,U02.08,U02
"Assess whether findings about religious practices or beliefs generalize across denominational, cultural, or national contexts.",subfield,U28.07,U28
"Assess whether findings about translation practices or norms will transfer across language pairs, text types, or cultural contexts.",subfield,U28.07,U28
"Assess whether findings from a single library or archive transfer to institutions of different size, mission, or user community.",subfield,U28.07,U28
Assess whether findings from case studies of specific countries or regions generalize to the broader international system.,subfield,U28.07,U28
Assess whether findings from one media environment or political system generalize to different national or platform contexts.,subfield,U28.07,U28
Assess whether findings from one social media platform generalize to other platforms with different affordances and user bases.,subfield,U02.08,U02
Assess whether findings from single-country case studies can generalize to other national or regional contexts.,subfield,U28.07,U28
Assess whether findings from single-country political economy studies generalize across different regime types or economic systems.,subfield,U02.08,U02
Assess whether findings from single-country studies generalize across different institutional and cultural contexts.,subfield,U28.07,U28
"Assess whether findings from single-institution studies can transfer to different institutional types, governance structures, or national contexts.",subfield,U02.08,U02
Assess whether findings from single-jurisdiction studies can generalize across different legal and political systems.,subfield,U28.07,U28
Assess whether findings from specific conflict cases or regions can generalize to other security environments or historical periods.,subfield,U28.07,U28
Assess whether findings from specific correctional settings or jurisdictions generalize to broader criminal justice populations.,subfield,U02.08,U02
"Assess whether findings from specific market conditions, regulatory environments, or accounting standards generalize to other jurisdictions or time periods.",subfield,U02.08,U02
Assess whether findings from specific neighborhoods or cities will generalize to other urban contexts or metropolitan areas.,subfield,U02.08,U02
Assess whether findings from specific school districts or states will transfer to different educational governance structures or policy contexts.,subfield,U02.08,U02
"Assess whether findings from specific states, districts, or election cycles generalize to broader American political contexts.",subfield,U02.08,U02
Assess whether findings from specific technology platforms or digital contexts will generalize to other systems or user populations.,subfield,U02.08,U02
Assess whether findings from specific tourism destinations or events will transfer to other geographic or cultural contexts.,subfield,U02.08,U02
Assess whether findings from specific tourism destinations or hospitality contexts will transfer to different cultural settings or market segments.,subfield,U02.08,U02
Assess whether findings from studies of specific Buddhist communities or texts apply across different regional traditions and historical periods.,subfield,U28.07,U28
"Assess whether health message effects generalize across demographic groups, health literacy levels, or cultural contexts.",subfield,U02.08,U02
"Assess whether health-related findings generalize across healthcare systems, insurance structures, or national contexts.",subfield,U02.08,U02
Assess whether historical economic patterns observed in one region or time period can inform understanding of other contexts with similar institutional conditions.,subfield,U02.08,U02
"Assess whether housing market findings generalize across metropolitan areas with different regulatory environments, demographic compositions, or economic bases.",subfield,U02.08,U02
"Assess whether instructional interventions will transfer across grade levels, subject areas, or school contexts.",subfield,U02.08,U02
"Assess whether interpretations of cultural practices or social experiences apply across different regional, class, or ethnic contexts.",subfield,U28.07,U28
"Assess whether interpretations of historical events or processes apply across different national, regional, or cultural contexts.",subfield,U28.07,U28
"Assess whether interpretations of media texts apply across different cultural contexts, platforms, or historical moments.",subfield,U28.07,U28
"Assess whether interpretations of medieval sources can be generalized across different regions, kingdoms, or cultural contexts.",subfield,U28.07,U28
"Assess whether interpretations of performance practices apply across different theatrical traditions, historical periods, or cultural settings.",subfield,U28.07,U28
"Assess whether interpretations of philosophical texts apply across different periods, cultural contexts, or linguistic traditions.",subfield,U28.07,U28
Assess whether interpretations of philosophical texts remain valid across different historical and cultural contexts.,subfield,U28.07,U28
Assess whether interpretations of religious concepts and practices translate meaningfully across different cultural and linguistic contexts.,subfield,U28.07,U28
"Assess whether interpretations of religious practices or beliefs apply across different confessional, regional, or temporal contexts.",subfield,U28.07,U28
Assess whether interpretations of visual styles or artistic movements apply across different geographic regions or cultural traditions.,subfield,U28.07,U28
"Assess whether interpretive claims about American literary texts apply across different historical periods, regional traditions, or demographic readerships.",subfield,U28.07,U28
Assess whether interpretive claims about artistic movements or intellectual traditions apply across different national or regional contexts.,subfield,U28.07,U28
"Assess whether interpretive claims about colonial discourse or resistance extend across different colonial contexts, languages, or literary traditions.",subfield,U28.07,U28
Assess whether interpretive claims about literary conventions or genres apply across different national traditions or time periods within the medieval and early modern eras.,subfield,U28.07,U28
"Assess whether interpretive claims about literary movements or genres hold across different national literatures, historical periods, or cultural contexts.",subfield,U28.07,U28
"Assess whether interpretive claims about literary texts extend across different genres, historical periods, or cultural traditions.",subfield,U28.07,U28
"Assess whether interpretive claims about literary texts extend across national literatures, historical periods, or linguistic traditions.",subfield,U28.07,U28
"Assess whether interpretive claims about literary texts or movements apply across different linguistic, cultural, or historical contexts.",subfield,U28.07,U28
"Assess whether interpretive claims about poetic techniques or movements apply across different literary periods, cultural traditions, or linguistic contexts.",subfield,U28.07,U28
"Assess whether interpretive claims about texts apply across different literary periods, national traditions, or authorial contexts.",subfield,U28.07,U28
"Assess whether interpretive findings from specific biblical passages apply across different canonical traditions, historical periods, or faith communities.",subfield,U28.07,U28
Assess whether legal doctrines or regulatory approaches are transferable across different national legal systems or jurisdictions.,subfield,U28.07,U28
Assess whether legal findings apply across different national immigration systems and regulatory contexts.,subfield,U28.07,U28
Assess whether legal findings from specific jurisdictions or regulatory regimes will transfer to other legal systems or environmental contexts.,subfield,U28.07,U28
Assess whether legal interpretations and human rights standards are transferable across different regional human rights systems.,subfield,U28.07,U28
Assess whether legal or ethical findings from one jurisdiction or health system will transfer to different regulatory environments.,subfield,U28.07,U28
"Assess whether legal principles or doctrinal analyses apply across different legal systems, jurisdictions, or historical periods.",subfield,U28.07,U28
"Assess whether linguistic or argumentative patterns identified in specific texts generalize across genres, languages, or cultural contexts.",subfield,U28.07,U28
Assess whether linguistic patterns and communicative practices will generalize across different speech communities or cultural contexts.,subfield,U28.07,U28
"Assess whether macroeconomic relationships hold across different monetary regimes, policy environments, or stages of economic development.",subfield,U02.08,U02
Assess whether market structure findings generalize across industries with different regulatory environments or entry barriers.,subfield,U02.08,U02
"Assess whether media effects findings will replicate across different media platforms, national contexts, or audience demographics.",subfield,U02.08,U02
Assess whether modern analytical concepts and terminology can be applied to ancient evidence without anachronism.,subfield,U28.07,U28
Assess whether molecular datasets can support intended inferences by re-analyzing simulated or systematically modified datasets.,subfield,U09.09,U09
Assess whether movement dynamics observed in one national or regional context transfer to different political opportunity structures.,subfield,U02.08,U02
"Assess whether narrative patterns or structures identified in specific texts or corpora apply across genres, historical periods, or cultural contexts.",subfield,U28.07,U28
"Assess whether normative arguments apply across different political systems, cultural contexts, or historical periods.",subfield,U28.07,U28
"Assess whether normative arguments or conceptual analyses apply across different political systems, historical periods, or cultural contexts.",subfield,U28.07,U28
"Assess whether observed language patterns will generalize across speech communities, registers, or interactional contexts.",subfield,U28.07,U28
"Assess whether patterns observed in one ancient site, region, or period can be extended to broader ancient contexts.",subfield,U02.08,U02
"Assess whether patterns observed in one scientific discipline, national context, or historical period apply to others.",subfield,U02.08,U02
Assess whether patterns observed in specific early modern localities or social groups can be extended to broader regional or European contexts.,subfield,U02.08,U02
Assess whether patterns of political or military behavior observed in one historical period or region apply to other contexts.,subfield,U02.08,U02
Assess whether philosophical claims or empirical findings about mind extend across species or to non-standard cognizers.,subfield,U28.07,U28
"Assess whether planning interventions or urban policies will transfer across different city contexts, scales, or governance structures.",subfield,U02.08,U02
"Assess whether policy findings will transfer across different governmental levels, jurisdictions, or administrative contexts.",subfield,U02.08,U02
"Assess whether political-economic relationships hold across different regime types, electoral systems, or levels of economic development.",subfield,U02.08,U02
Assess whether polling results and opinion trends generalize across different electoral contexts and demographic groups.,subfield,U02.08,U02
Assess whether racial and ethnic categories and their meanings are comparable across different national or historical contexts.,subfield,U02.07,U02
Assess whether reduced or surrogate configurations faithfully represent the target plasma regime.,subfield,U09.09,U09
"Assess whether rhetorical patterns and persuasive strategies identified in specific texts or contexts transfer across different audiences, media platforms, or historical periods.",subfield,U28.07,U28
Assess whether spatial patterns and economic relationships observed in one region transfer to different geographic or institutional contexts.,subfield,U02.08,U02
Assess whether spatial patterns and place-based findings will transfer across different geographic scales or regional contexts.,subfield,U02.08,U02
"Assess whether strategic management findings generalize across industries, firm sizes, or national institutional contexts.",subfield,U02.08,U02
Assess whether stratification patterns observed in one national context generalize to societies with different welfare regimes or labor market structures.,subfield,U02.08,U02
"Assess whether supply chain findings generalize across industries, geographic regions, or firm sizes.",subfield,U02.08,U02
Assess whether theological findings from specific denominational or cultural contexts apply to broader Christian traditions or global Christianity.,subfield,U28.07,U28
"Assess whether theological or ethical claims apply across different religious traditions, denominations, or cultural contexts.",subfield,U28.07,U28
"Assess whether trade relationships and policy effects generalize across different country income levels, trading blocs, or historical trade regimes.",subfield,U02.08,U02
Assign field and laboratory observations to standardized taxonomic classes using established diagnostic keys.,subfield,U04.08,U04
Assign fossil specimens to existing or newly erected taxa through comparative diagnosis of morphological characters.,subfield,U04.08,U04
"Assign histopathological grades, scores, or subtype categories to specimens according to defined criteria.",subfield,U04.08,U04
Assign modeled pollutant concentrations to individuals or populations using geographic location and residential history for exposure assessment.,subfield,U04.05,U04
Assign or verify psychiatric diagnoses through systematic review of clinical records using operationalized criteria.,subfield,U04.08,U04
Assign putative gene functions by annotating sequences through homology and orthology database searches.,subfield,U04.09,U04
Assign taxonomic classifications to microbial sequences using reference databases and bioinformatic pipelines.,subfield,U04.09,U04
Assimilate observations into atmospheric or land surface models to generate analysis fields and forecast initial conditions.,subfield,U09.05,U09
Attach biomolecules or cells to substrates and probe tips using covalent or affinity surface chemistry at controlled density for force measurements.,subfield,U07.10,U07
Attribute observed performance limitations to specific system components or mechanisms by decomposing the system under test.,subfield,U30.07,U30
Audit formal classification systems or research instruments for culturally biased or missing categories.,subfield,U07.14,U07
Author three-dimensional digital models and visual assets to construct virtual representations of physical objects.,subfield,U30.06,U30
"Benchmark a focal country, region, or organization against selected comparators using descriptive indicators",subfield,U02.11,U02
"Benchmark accuracy, cost, and scaling of numerical algorithms against alternative methods on common test problems",subfield,U09.09,U09
Benchmark achieved sample or frame composition against independent population statistics to diagnose coverage and representativeness bias.,subfield,U04.14,U04
"Benchmark and optimize the computational performance of geospatial processing, such as through data partitioning or parallelization.",subfield,U16.05,U16
Benchmark computed study statistics against external population or sector-level reference data to contextualize findings.,subfield,U02.08,U02
Benchmark measurements from novel sensors or devices against established clinical or commercial reference instruments.,subfield,U07.09,U07
Benchmark study measurements and event rates against external population norms or published standards,subfield,U02.08,U02
"Benchmark the computational, communication, and resource overhead of security mechanism implementations against alternative schemes.",subfield,U09.09,U09
Benchmark the performance of measurement or estimation methods against simulated ground truth or gold-standard reference data.,subfield,U09.09,U09
Breed and maintain genetically modified animal colonies to generate experimental cohorts with defined genotypes.,subfield,U01.11,U01
Breed and stage animal cohorts to obtain subjects at developmental time points corresponding to the human window of interest.,subfield,U01.11,U01
Build agent-based computational models of heterogeneous agents to simulate emergent economic dynamics.,subfield,U09.03,U09
"Build and calibrate custom apparatus for housing, recording, or automatically monitoring animals in experiments and field studies.",subfield,U07.10,U07
Build and calibrate laboratory apparatus that delivers controlled physical or chemical exposures to tissue and material specimens,subfield,U07.10,U07
Build and maintain long-term relationships with community partners and local collaborators for sustained research access.,subfield,U01.04,U01
Build and maintain web-accessible databases or browsers to disseminate biological data.,subfield,U06.04,U06
Build and publicly release databases or web servers that disseminate data resources to the community,subfield,U06.04,U06
Build automated high-throughput workflow systems with error detection and recovery to manage large-scale simulation campaigns.,subfield,U16.05,U16
Build computational pipelines or public platforms to process and link large-scale patent corpora.,subfield,U30.02,U30
Build custom software or instrumented tasks that log behavior beyond standard trial-based experiments.,subfield,U07.10,U07
"Build data management, visualization, or dashboard tools to support health-system decision-making and research operations.",subfield,U16.06,U16
Build relationships with community partners to facilitate participatory or collaborative research on local cultural geographies.,subfield,U01.04,U01
"Build relationships with healthcare providers, traditional healers, or community health organizations to facilitate research access and participant recruitment.",subfield,U01.04,U01
Build relationships with religious authorities and community gatekeepers to facilitate research access and trust.,subfield,U01.04,U01
Build software prototypes to demonstrate the feasibility of proposed system designs.,subfield,U09.08,U09
"Build theoretical models linking system attributes, user perceptions, and adoption or experience outcomes.",subfield,U12.03,U12
Build trust with religious community gatekeepers to facilitate access for ethnographic or interview-based research.,subfield,U01.04,U01
Calculate IC50 and EC50 values with confidence intervals from dose-response data.,subfield,U02.10,U02
Calculate Lyapunov exponents to quantify sensitive dependence on initial conditions.,subfield,U02.06,U02
Calculate air-sea fluxes of gases and momentum from surface observations using bulk parameterizations.,subfield,U02.10,U02
"Calculate and compare diagnostic accuracy metrics including sensitivity, specificity, and area under the ROC curve.",subfield,U02.11,U02
Calculate annualized risk metrics by integrating loss estimates across hazard exceedance probabilities.,subfield,U02.11,U02
Calculate area-under-the-curve summaries of postprandial time-course responses.,subfield,U02.11,U02
"Calculate atomic and molecular energy levels, transition rates, and cross-sections from quantum mechanical principles.",subfield,U29.01,U29
Calculate bioaccumulation factors and partition coefficients for contaminants across environmental media.,subfield,U02.10,U02
Calculate bioelectrical signal characteristics from tissue electrical properties and electrode configurations.,subfield,U02.10,U02
"Calculate capacity, capacitance, energy density, and power density from measured charge-discharge and voltammetry curves using standard electrochemical formulas.",subfield,U02.10,U02
Calculate carbon footprints and greenhouse gas emissions using life cycle assessment frameworks.,subfield,U02.11,U02
Calculate channel capacity and spectral efficiency from information-theoretic principles for communication system design.,subfield,U30.01,U30
Calculate cross-sections and decay rates for particle interactions using quantum field theory.,subfield,U29.01,U29
Calculate design-based variance estimates that account for complex sampling features including stratification and clustering.,subfield,U02.05,U02
"Calculate dielectric, piezoelectric, or ferroelectric properties from crystal structure and composition data.",subfield,U29.01,U29
Calculate effective thermal and electrical conductivity of composites based on filler content and dispersion characteristics.,subfield,U02.10,U02
Calculate elastic constants and mechanical properties from first-principles atomistic simulations.,subfield,U29.01,U29
Calculate electronic band structures and density of states using density functional theory to predict material properties.,subfield,U29.01,U29
Calculate electronic band structures using tight-binding or density functional theory methods to predict material properties.,subfield,U29.01,U29
Calculate electronic structure and bonding characteristics to guide synthesis of novel materials.,subfield,U29.01,U29
Calculate energy balances of waste-to-energy systems to quantify recoverable energy from waste streams.,subfield,U02.10,U02
Calculate equilibrium properties of physical systems using statistical mechanical ensembles.,subfield,U29.01,U29
Calculate expectation values and correlation functions for quantum observables.,subfield,U29.01,U29
"Calculate expected emission spectra, luminosities, or fluxes from astrophysical source models.",subfield,U29.01,U29
"Calculate expected film thickness, refractive index, or bandgap from deposition parameters using thin film growth models.",subfield,U29.01,U29
Calculate expected interference and diffraction patterns for optical system designs.,subfield,U30.01,U30
Calculate fluid flow characteristics using conservation equations and boundary layer theory.,subfield,U29.01,U29
Calculate geochemical mass balance to trace element cycling in geological systems.,subfield,U02.10,U02
Calculate greenhouse gas emission budgets consistent with specific temperature targets using carbon cycle models.,subfield,U02.10,U02
Calculate lattice dynamical properties from first-principles force constants and perturbation theory.,subfield,U29.01,U29
Calculate magnetic anisotropy energies and exchange interactions from electronic structure theory.,subfield,U29.01,U29
Calculate magnetocaloric quantities such as magnetic entropy change and refrigerant capacity from magnetization and heat capacity data using thermodynamic relations.,subfield,U02.10,U02
Calculate mass balances for waste streams to predict material recovery rates and system efficiency.,subfield,U02.10,U02
Calculate material removal rates and cutting forces using machining mechanics models.,subfield,U02.10,U02
"Calculate measurement uncertainty by combining contributions from sample preparation, calibration standards, and instrumental variability.",subfield,U02.09,U02
Calculate mechanical resonance frequencies and quality factors for MEMS/NEMS devices.,subfield,U30.01,U30
Calculate microwave reflection loss and impedance matching of absorber materials from measured permittivity and permeability using transmission-line theory.,subfield,U02.10,U02
Calculate molecular electronic structures using quantum mechanical methods to predict chemical properties.,subfield,U09.04,U09
Calculate molecular properties and conformational energies using density functional theory methods.,subfield,U09.04,U09
Calculate nuclear reaction cross-sections and decay rates from theoretical models.,subfield,U09.01,U09
Calculate orbital mechanics parameters and trajectory predictions from gravitational and propulsion models.,subfield,U09.01,U09
"Calculate pharmacokinetic parameters including half-life, clearance, and area under the curve from concentration-time data.",subfield,U02.10,U02
Calculate phase diagrams and thermodynamic properties using CALPHAD methods to predict alloy behavior.,subfield,U09.01,U09
Calculate phase diagrams and thermodynamic properties using computational thermodynamics methods.,subfield,U09.01,U09
"Calculate photodetector and photovoltaic figures of merit such as responsivity and detectivity from photocurrent, noise, and illumination data.",subfield,U02.10,U02
Calculate plasma transport coefficients from kinetic theory and collision models.,subfield,U09.01,U09
Calculate population attributable fractions to quantify the disease burden attributable to specific risk factors.,subfield,U02.11,U02
"Calculate power dissipation, thermal behavior, and efficiency metrics for electronic devices and systems.",subfield,U09.01,U09
Calculate pressure-temperature conditions of mineral formation using thermodynamic equilibria and phase diagrams.,subfield,U09.01,U09
Calculate quantum confinement effects on bandgap energies for semiconductor nanostructures.,subfield,U09.01,U09
Calculate radiative transfer through atmospheric layers to estimate heating rates and energy budgets.,subfield,U09.01,U09
Calculate reaction kinetics parameters from thermodynamic principles and rate laws.,subfield,U09.01,U09
Calculate return periods and exceedance probabilities for natural hazard events using statistical distributions.,subfield,U02.11,U02
Calculate signal-to-noise ratios and detection limits for proposed instrument configurations.,subfield,U09.01,U09
"Calculate standardized response rate metrics, adjusting denominators for estimated ineligible or unreachable sampling units.",subfield,U02.11,U02
Calculate stress and strain distributions in fault systems to predict seismic hazard potential.,subfield,U09.01,U09
Calculate structural load capacities and stress distributions using mechanics of materials principles.,subfield,U09.01,U09
"Calculate task completion times, error rates, and efficiency metrics with appropriate statistical uncertainty.",subfield,U02.11,U02
"Calculate theoretical bounds on network capacity, energy consumption, or spectral efficiency for proposed system designs.",subfield,U09.01,U09
Calculate theoretical detection limits and sensitivity parameters for analytical methods based on instrument specifications and sample characteristics.,subfield,U09.01,U09
Calculate theoretical earthquake source parameters from fault geometry and stress conditions.,subfield,U09.01,U09
Calculate theoretical energy density and power density limits for electrode materials based on electrochemical principles.,subfield,U09.01,U09
Calculate theoretical glass transition temperatures and thermal properties from polymer chain structure and composition.,subfield,U09.01,U09
Calculate thermodynamic efficiency limits and exergy losses for power generation cycles.,subfield,U09.01,U09
Calculate thermodynamic parameters for catalyst-substrate binding and reaction intermediates.,subfield,U09.01,U09
Calculate thermodynamic potentials and Gibbs free energies for electrochemical reactions using Nernst equation relationships.,subfield,U09.01,U09
Calculate thermoelectric figure of merit and projected conversion efficiency from measured transport property data.,subfield,U02.10,U02
Calculate treatment system performance metrics based on reaction kinetics and hydraulic principles.,subfield,U09.01,U09
Calculate viscoelastic properties from constitutive equations and molecular theories of polymer dynamics.,subfield,U09.01,U09
Calculate wave propagation characteristics using linear wave theory and bathymetric data.,subfield,U09.01,U09
Calibrate algorithm hyperparameters through systematic tuning experiments on representative problem instances.,subfield,U09.06,U09
"Calibrate and maintain soil analysis instruments including pH meters, spectrophotometers, and elemental analyzers.",subfield,U16.01,U16
"Calibrate and validate measurement instruments using factor-analytic and item-response methods to establish structure, reliability, and score metrics.",subfield,U07.07,U07
Calibrate calorimeter energy responses using known particle decays and test beam data.,subfield,U16.01,U16
"Calibrate camera systems to correct for lens distortion, focal length, and sensor characteristics.",subfield,U16.01,U16
Calibrate detector energy response using known radioactive sources or reference standards.,subfield,U16.01,U16
Calibrate dilatometers and thermal analysis instruments for accurate measurement of thermal expansion and phase transitions.,subfield,U16.01,U16
Calibrate erosion models using observed sediment yield and runoff data.,subfield,U09.05,U09
Calibrate fishing gear performance and catchability to correct survey abundance and biomass estimates.,subfield,U16.01,U16
Calibrate hydrological models against observed streamflow and precipitation records.,subfield,U09.05,U09
Calibrate hydrological or water quality models using field monitoring data.,subfield,U09.05,U09
Calibrate microsimulation model parameters to match observed traffic flow and speed distributions.,subfield,U09.05,U09
"Calibrate network measurement tools and characterize timing accuracy, packet capture loss, and instrumentation overhead.",subfield,U16.01,U16
"Calibrate optical power meters, spectrometers, and photodetectors against reference standards.",subfield,U16.01,U16
"Calibrate optical traps, atomic force microscopes, and other force spectroscopy instruments for single-molecule measurements.",subfield,U16.01,U16
Calibrate parameters of coarse-grained model Hamiltonians using microscopic or critical-behavior reference information.,subfield,U09.05,U09
Calibrate process models against pilot plant performance data for waste treatment optimization.,subfield,U09.05,U09
Calibrate proxy-based paleoclimate reconstructions against instrumental climate records.,subfield,U09.05,U09
"Calibrate radar systems and correct for beam attenuation, ground clutter, and range-dependent biases.",subfield,U16.01,U16
Calibrate rainfall-runoff models by adjusting parameters to match observed streamflow records.,subfield,U09.05,U09
Calibrate remote sensing instruments using ground reference targets with known spectral properties.,subfield,U16.01,U16
Calibrate seismometers and geophones to ensure accurate ground motion measurements across frequency bands.,subfield,U16.01,U16
Calibrate sensor systems and characterize noise profiles for robotics and embedded applications.,subfield,U16.01,U16
Calibrate single-photon detectors and characterize detection efficiency and dark count rates.,subfield,U16.01,U16
Calibrate soil behavior models using laboratory and field test results.,subfield,U09.05,U09
Calibrate soil- or tissue-test interpretation thresholds from crop response data to derive nutrient recommendations.,subfield,U02.10,U02
Calibrate stimulus or task parameters to each participant's individual threshold or performance level.,subfield,U07.04,U07
Calibrate temperature sensors and thermometry systems across cryogenic to room temperature ranges.,subfield,U16.01,U16
Calibrate the spatial transformation between mounted or external sensors and the robot's coordinate frame.,subfield,U16.01,U16
Calibrate wildlife tracking devices and characterize positional accuracy under field conditions.,subfield,U16.01,U16
Call genetic variants from aligned sequencing data and annotate their functional consequences.,subfield,U04.09,U04
"Capture 3D geometry and appearance data using scanning devices, motion capture systems, or photogrammetry setups.",subfield,U01.09,U01
"Capture and mark organisms to estimate population size, survival rates, or movement patterns.",subfield,U01.12,U01
"Capture and organize interaction logs, sensor data, or user behavior traces from digital art installations for analysis.",subfield,U01.02,U01
"Capture and process wildlife specimens for morphometric measurements, tissue sampling, or tagging.",subfield,U01.12,U01
Capture channel state information and propagation characteristics using channel sounders in indoor and outdoor environments.,subfield,U01.17,U01
Capture diagnostic images of specimens using macro photography or microscopy for taxonomic documentation.,subfield,U01.12,U01
Capture electron microscopy images of biological ultrastructure using transmission or scanning electron microscopes.,subfield,U01.19,U01
Capture hemispherical photographs to quantify canopy cover and light availability in forest understories.,subfield,U01.12,U01
Capture high-resolution images and diffraction patterns using electron microscopy techniques.,subfield,U01.17,U01
"Capture image and video datasets using cameras, depth sensors, or multi-spectral imaging devices.",subfield,U01.13,U01
Capture microscopy images of pathogen colonization patterns and host cellular responses.,subfield,U01.19,U01
Capture optical images and interferograms using CCD or CMOS cameras and photodetector arrays.,subfield,U01.17,U01
Capture radiographic or endoscopic images for diagnostic or research purposes in animals.,subfield,U01.11,U01
"Capture side-channel measurements including timing, power consumption, and electromagnetic emissions from cryptographic implementations.",subfield,U01.18,U01
Capture transient waveforms and timing characteristics of digital and mixed-signal circuits.,subfield,U01.18,U01
Capture underwater imagery using remotely operated vehicles or diver-operated cameras to document marine habitats.,subfield,U01.12,U01
Catalog and annotate visual and sonic elements from films using systematic coding schemes.,subfield,U04.06,U04
"Categorize constitutional claims and judicial outcomes by rights provisions, levels of scrutiny, or remedial approaches.",subfield,U04.06,U04
Categorize contract clauses or corporate governance provisions according to analytical frameworks.,subfield,U04.06,U04
Categorize discourse and interactional features in conversational data for qualitative or quantitative analysis.,subfield,U04.06,U04
Categorize early modern visual and material sources according to iconographic or typological schemes.,subfield,U04.06,U04
Categorize open-ended responses about subjective experiences or mental imagery using systematic coding schemes.,subfield,U04.06,U04
"Categorize religious imagery, ritual descriptions, or material culture references in historical documents.",subfield,U04.06,U04
Categorize statutory provisions according to functional equivalence across compared legal systems.,subfield,U04.06,U04
"Categorize themes and content in ancient literary, documentary, or epigraphic sources.",subfield,U04.06,U04
"Categorize themes in legal discourse from legislative debates, legal scholarship, or practitioner interviews.",subfield,U04.06,U04
Characterize GPS and InSAR measurement errors for ground deformation studies.,subfield,U04.14,U04
Characterize anatomical structures and their variation to inform surgical approach and reconstructive planning.,subfield,U02.99,U02
Characterize and calibrate the light-response properties of fluorescent indicators or light-activated proteins.,subfield,U16.01,U16
Characterize and compare the geomorphological and environmental settings of sites to identify patterns of site placement.,subfield,U18.01,U18
Characterize and correct non-response and attrition bias in longitudinal population nutrition samples.,subfield,U04.03,U04
"Characterize and decompose variation in healthcare prices, spending, or provider performance across providers, regions, and time.",subfield,U02.05,U02
Characterize catalyst surface sites and reducibility by probe-molecule adsorption and temperature-programmed methods,subfield,U01.17,U01
Characterize chemical bonding and local structure using infrared and Raman vibrational spectroscopy.,subfield,U01.17,U01
Characterize decoherence times and noise sources in quantum hardware platforms.,subfield,U01.17,U01
Characterize demagnetization factors and sample holder contributions to magnetic measurements.,subfield,U07.09,U07
Characterize detection limits and matrix effects for environmental sample analysis.,subfield,U07.09,U07
Characterize detection limits and precision of instruments used for air and water quality monitoring.,subfield,U07.09,U07
"Characterize detector and readout performance across operating conditions to quantify limits, stability, and degradation",subfield,U07.09,U07
Characterize detector energy resolution and efficiency across relevant energy ranges.,subfield,U07.09,U07
"Characterize distributional or structural features of data and procedures without relying on parametric assumptions, to justify model specification.",subfield,U02.16,U02
Characterize electrical contact resistance and lead contributions in transport measurement setups.,subfield,U07.09,U07
Characterize electrode surface area using capacitance measurements or redox probe techniques.,subfield,U01.17,U01
Characterize floral traits such as morphology and nectar rewards to assess pollination syndromes.,subfield,U01.12,U01
Characterize frequency response and spatial resolution limitations of velocity measurement systems.,subfield,U07.09,U07
Characterize how firm outcomes vary across the distribution or across geographic markets.,subfield,U02.11,U02
Characterize hyperbolicity and rigidity through conjugacy-invariant topological properties such as shadowing and expansiveness.,subfield,U29.01,U29
"Characterize instrument performance through system suitability tests including resolution, peak shape, and retention time reproducibility.",subfield,U07.09,U07
"Characterize instrument resolution, detector efficiency, and beam alignment for spectroscopic and diffraction measurements.",subfield,U07.09,U07
Characterize instrument response functions for seismic sensors deployed in field or borehole installations.,subfield,U07.09,U07
Characterize laser beam profiles including spatial mode quality and divergence.,subfield,U07.09,U07
"Characterize laser linewidth, power stability, and beam profile for precision measurements.",subfield,U07.09,U07
Characterize latency and tracking accuracy of motion capture and gesture recognition systems.,subfield,U07.09,U07
Characterize marker expression across neural cell populations and regions to define cell-type or tissue-selective identities.,subfield,U01.19,U01
Characterize matrix effects and detection limits for X-ray fluorescence and diffraction instruments.,subfield,U07.09,U07
Characterize measurement error in GPS-based travel time data collection systems.,subfield,U07.09,U07
Characterize measurement error in dynamic mechanical analysis equipment used for viscoelastic property determination.,subfield,U07.09,U07
Characterize measurement error in impedance analyzers used for dielectric property determination.,subfield,U07.09,U07
Characterize measurement error in portable soil testing equipment across varying field conditions.,subfield,U07.09,U07
Characterize measurement overhead introduced by profiling and monitoring tools in parallel systems.,subfield,U07.09,U07
Characterize measurement uncertainty in accelerometers and vibration monitoring equipment.,subfield,U07.09,U07
Characterize measurement uncertainty in hydrological monitoring equipment for flood forecasting.,subfield,U07.09,U07
Characterize measurement uncertainty in streamflow gauging and water level monitoring equipment.,subfield,U07.09,U07
Characterize microbial communities in fermented foods using metagenomic or amplicon sequencing approaches.,subfield,U01.19,U01
Characterize microbial community composition and diversity in treatment systems using marker-gene sequencing or molecular fingerprinting.,subfield,U01.19,U01
Characterize microstructural evolution under cyclic loading to identify fatigue and damage mechanisms.,subfield,U01.18,U01
"Characterize nanoparticle size, shape, and crystallinity using electron microscopy and diffraction techniques.",subfield,U01.17,U01
Characterize particle size distribution and microstructure of food materials using light-scattering or image-analysis techniques.,subfield,U01.17,U01
Characterize pathogen isolates in the laboratory to determine their responses and genetic variation,subfield,U01.19,U01
Characterize patients and their disease course through observational clinical assessment without intervention,subfield,U01.10,U01
"Characterize physicochemical properties of drug substances and formulations, such as particle size and surface charge",subfield,U01.17,U01
Characterize point spread functions and optical aberrations in fluorescence microscopy systems.,subfield,U07.09,U07
Characterize polymer molecular weight distributions using gel permeation chromatography.,subfield,U01.17,U01
Characterize polymer morphology and microstructure using electron microscopy and atomic force microscopy.,subfield,U01.17,U01
Characterize probe loading effects and parasitic capacitance in high-frequency measurements.,subfield,U07.09,U07
"Characterize profilometer, ellipsometer, or interferometer accuracy for surface roughness and thickness measurements.",subfield,U07.09,U07
Characterize protein and peptide conformation in solution using circular dichroism and fluorescent probe assays.,subfield,U01.17,U01
"Characterize quantum-mechanical properties of the physical system underlying an algorithm, such as entanglement or phase transitions, to explain its computational resource requirements.",subfield,U29.01,U29
Characterize recorded units or delivered stimuli by their measured properties to define experimental categories,subfield,U07.14,U07
Characterize responses of subjects or specimens under prescribed assessment or loading protocols,subfield,U01.09,U01
Characterize rheological properties of working fluids to define flow regimes for experiments.,subfield,U07.11,U07
Characterize sensor accuracy and repeatability for in-process monitoring systems.,subfield,U07.09,U07
Characterize sensor accuracy and response time for grid monitoring instrumentation.,subfield,U07.09,U07
Characterize sensor drift and biofouling effects on moored oceanographic instruments.,subfield,U07.09,U07
Characterize sensor drift and measurement biases in weather station instruments over time.,subfield,U07.09,U07
"Characterize sensor measurement errors for LIDAR, IMU, and depth cameras used in robot perception.",subfield,U07.09,U07
"Characterize sensor noise, drift, and nonlinearities for incorporation into system models.",subfield,U07.09,U07
Characterize sensor radiometric response to convert digital numbers to physical units of radiance or reflectance.,subfield,U07.09,U07
Characterize sources of measurement noise in software repository mining and developer activity tracking.,subfield,U07.09,U07
"Characterize spatial resolution, linearity, and dynamic range of imaging systems.",subfield,U07.09,U07
"Characterize structural properties of optimization problem instances, such as separability or matrix definiteness, to classify their difficulty and solvability.",subfield,U29.01,U29
Characterize surface composition and chemical states using X-ray photoelectron spectroscopy.,subfield,U01.17,U01
Characterize surface morphology and microstructure using electron microscopy and atomic force microscopy.,subfield,U01.17,U01
Characterize surface morphology and roughness using atomic force microscopy or profilometry.,subfield,U01.17,U01
Characterize systematic biases in satellite-derived climate variables through ground-truth comparisons.,subfield,U07.09,U07
"Characterize the asymptotic behavior of large discrete or random structures by identifying their limiting objects, limit laws, and tail asymptotics.",subfield,U29.01,U29
Characterize the decision-making and governance behavior of actors in agricultural systems,subfield,U28.06,U28
Characterize the distributional and temporal properties of return series using descriptive statistics and normality tests.,subfield,U02.06,U02
"Characterize the function of candidate genes, proteins, or isolates through laboratory manipulation and assay of organisms",subfield,U01.19,U01
Characterize the imaging appearance of a disease entity across a case series to define its distinguishing features.,subfield,U28.99,U28
"Characterize the mineralogical, structural, and surface-chemical properties of environmental solids and sorbents using diffraction, spectroscopic, and microscopic techniques.",subfield,U01.17,U01
Characterize the morphology of particles or organisms in samples using microscopy imaging,subfield,U01.17,U01
Characterize the ontogeny of plant structures across developmental stages through histological observation.,subfield,U01.19,U01
Characterize the response of nanomaterials to light or microwave irradiation to quantify energy absorption and heat conversion.,subfield,U01.17,U01
Characterize the temporal variability of astrophysical sources across multiple epochs and timescales.,subfield,U01.14,U01
Characterize thermal transitions and crystallization behavior of food materials using differential scanning calorimetry.,subfield,U01.17,U01
Characterize tracking detector alignment and resolution using reconstructed particle trajectories.,subfield,U07.09,U07
Characterize wind tunnel flow quality including turbulence intensity and flow uniformity.,subfield,U07.09,U07
Chemically modify preformed polymers or biomacromolecules through post-polymerization reactions to install functional or initiating groups.,subfield,U30.04,U30
Classify and grade tumor specimens by applying standardized histopathologic and immunophenotypic criteria.,subfield,U01.19,U01
Classify and map place names to document spatial patterns of naming and territory.,subfield,U04.04,U04
"Classify artifacts by technological, morphological, and metric attributes to reconstruct manufacturing sequences and assemblage variability.",subfield,U04.08,U04
Classify cases or areas into empirically derived typologies using multivariate analysis of their attributes,subfield,U02.17,U02
Classify commentarial or exegetical works by interpretive method and historical period to enable systematic comparison.,subfield,U04.06,U04
Classify individual landforms into morphological types by computing and applying quantitative morphometric criteria.,subfield,U04.08,U04
Classify land cover types by fitting spectral signatures to training data using supervised classification algorithms.,subfield,U09.06,U09
"Classify land units into suitability or capability classes by matching soil, terrain, and climate attributes to land-use requirements.",subfield,U04.08,U04
Classify land use types or activity locations from GPS traces and survey responses.,subfield,U04.10,U04
"Classify medieval buildings, artefacts, or texts by comparison with corpora of known exemplars to build typologies and relative chronologies.",subfield,U04.08,U04
Classify observed or simulated system behavior into distinct regimes using qualitative and quantitative criteria.,subfield,U04.08,U04
Classify or schedule participants by reproductive hormonal status to control for hormonal variability in metabolic studies.,subfield,U07.01,U07
Classify participants into behavioral types by matching their observed choice or process patterns to canonical categories.,subfield,U04.08,U04
"Classify patent claims or trademark applications by technology field, industry sector, or legal category.",subfield,U04.08,U04
Classify speech varieties into dialect groups by comparing diagnostic linguistic features across documented sources.,subfield,U04.08,U04
"Classify the objects of a given class up to equivalence, cataloguing the resulting types by structural invariants.",subfield,U29.02,U29
"Clean GPS trajectory data by filtering noise, removing outliers, and interpolating missing location points.",subfield,U04.01,U04
Clean and harmonize agricultural survey data across multiple time periods or geographic regions.,subfield,U04.02,U04
Clean and harmonize organizational or industry data from multiple sources with varying classification schemes.,subfield,U04.02,U04
Clean and harmonize political attitude measures across different survey waves or cross-national datasets.,subfield,U04.02,U04
"Clean and harmonize property transaction data by addressing inconsistent property identifiers, missing values, and outlier sale prices.",subfield,U04.02,U04
Clean and harmonize tax and fiscal data across jurisdictions with different reporting standards and definitions.,subfield,U04.02,U04
Clean and normalize software repository data by resolving entity aliases and filtering bot-generated artifacts.,subfield,U04.02,U04
Clean and prepare assessment data by handling missing responses and flagging aberrant response patterns.,subfield,U04.03,U04
Clean and preprocess clickstream data and system log files for behavioral analysis.,subfield,U04.02,U04
Clean and preprocess large-scale numerical datasets to ensure compatibility with statistical software and algorithms.,subfield,U04.02,U04
Clean and reconcile discrepancies between self-reported offending and official criminal records.,subfield,U04.04,U04
Clean and standardize accounting variables across different reporting standards and fiscal year-ends.,subfield,U04.02,U04
Clean and standardize administrative data from multiple government sources with inconsistent coding schemes.,subfield,U04.02,U04
Clean and standardize company names and identifiers to match firms across multiple country-level datasets.,subfield,U04.02,U04
Clean and standardize country-of-origin and ancestry data to construct meaningful ethnic group classifications.,subfield,U04.05,U04
Clean and standardize education and credential variables to enable cross-dataset comparisons.,subfield,U04.02,U04
Clean and standardize firm identifiers to merge data across multiple corporate databases.,subfield,U04.02,U04
"Clean and standardize firm names, industry codes, and founder characteristics across multiple entrepreneurship datasets.",subfield,U04.02,U04
"Clean and standardize geographic identifiers across election data, census boundaries, and survey samples.",subfield,U04.02,U04
Clean and standardize immigration case data to account for inconsistencies in administrative record-keeping.,subfield,U04.02,U04
Clean and standardize inconsistent legal terminology and case disposition codes across different court jurisdictions.,subfield,U04.02,U04
Clean and standardize legal and regulatory text data for systematic comparative analysis.,subfield,U04.02,U04
Clean and standardize legal terminology and classifications across multiple jurisdictions and languages in human rights datasets.,subfield,U04.02,U04
"Clean and standardize media content data including text, images, or metadata from multiple news sources.",subfield,U04.02,U04
"Clean and standardize medical billing codes, diagnosis codes, and procedure codes across different classification systems.",subfield,U04.02,U04
"Clean and standardize migration-related variables such as legal status, duration of residence, or generation.",subfield,U04.02,U04
Clean and standardize multilingual text data to account for translation inconsistencies and culturally specific response patterns.,subfield,U04.02,U04
Clean and standardize online review data and user-generated content from travel platforms for analysis.,subfield,U04.02,U04
"Clean and standardize operational data including inventory records, lead times, and demand forecasts.",subfield,U04.02,U04
Clean and standardize osteometric measurements and morphological scoring data for statistical analysis.,subfield,U04.02,U04
Clean and standardize regulatory compliance data and enforcement records from multiple agencies or jurisdictions.,subfield,U04.02,U04
Clean and standardize religious affiliation categories across different classification schemes and survey instruments.,subfield,U04.02,U04
Clean and standardize school and district identifiers to link data across multiple administrative sources.,subfield,U04.02,U04
Clean and standardize self-reported health status measures and healthcare utilization data.,subfield,U04.02,U04
"Clean and standardize student demographic variables, enrollment records, or course-taking patterns for analysis.",subfield,U04.02,U04
Clean and transform sensor or image data to correct for systematic errors and artifacts.,subfield,U04.01,U04
"Clean datasets by handling missing values, outliers, and label noise.",subfield,U04.03,U04
"Clean reaction time data by identifying and handling outliers, anticipatory responses, and missed trials.",subfield,U04.11,U04
"Clean self-reported crime and victimization data to address inconsistencies, missing values, and response biases.",subfield,U04.02,U04
Clone candidate genes and mutant alleles into expression vectors to build constructs for functional assays.,subfield,U30.04,U30
Clone target gene fragments into plasmid vectors and transform host cells to generate recombinant constructs.,subfield,U30.04,U30
Cluster biological samples or features using unsupervised learning methods to identify patterns.,subfield,U02.17,U02
Cluster environmental sequence reads into taxonomic units assigned against reference databases,subfield,U04.09,U04
Code and categorize student written explanations or problem solutions to identify patterns in scientific or mathematical reasoning.,subfield,U04.06,U04
"Code and organize legal texts, including statutes, regulations, and court opinions, for systematic legal analysis.",subfield,U04.06,U04
"Code and standardize policy documents, party manifestos, or legislative texts for quantitative analysis.",subfield,U04.06,U04
"Code and standardize political institution variables such as regime type, electoral rules, or veto players.",subfield,U04.06,U04
Code archival documents and historical texts to identify recurring themes in scientific discourse or practice.,subfield,U04.06,U04
Code characteristics and findings of included studies to synthesize evidence across them.,subfield,U24.03,U24
"Code classroom interaction data for discourse moves, feedback types, or turn-taking patterns using established coding schemes.",subfield,U04.06,U04
Code classroom observation data to characterize the nature and frequency of active learning strategies in STEM instruction.,subfield,U04.06,U04
Code classroom observation data to identify patterns in instructional strategies and student engagement.,subfield,U04.06,U04
"Code constitutional court opinions for doctrinal reasoning, interpretive methods, and precedent application.",subfield,U04.06,U04
"Code diplomatic communications, policy documents, or official statements to identify frames, positions, or rhetorical strategies.",subfield,U04.06,U04
"Code diplomatic correspondence and political documents to identify patterns in rhetoric, decision-making, or alliance formation.",subfield,U04.06,U04
"Code discourse data for linguistic features such as code-switching, register variation, or pragmatic markers.",subfield,U04.06,U04
"Code discourse data for rhetorical strategies, argument structures, or speech act types.",subfield,U04.06,U04
Code ethnographic field notes and interview transcripts for themes related to health-seeking behavior and medical pluralism.,subfield,U04.06,U04
"Code ethnographic field notes and interview transcripts for themes related to religious identity, ritual practice, and doctrinal interpretation.",subfield,U04.06,U04
Code ethnographic fieldnotes and interview transcripts using thematic or grounded theory approaches.,subfield,U04.06,U04
"Code field notes and excavation records to identify patterns in site use, deposition, or disturbance.",subfield,U04.06,U04
"Code formal elements of films including cinematography, editing patterns, sound design, and mise-en-scène for comparative analysis.",subfield,U04.06,U04
Code gaze or movement video frame-by-frame against defined areas of interest to quantify visual attention.,subfield,U04.11,U04
"Code health narratives and testimonials for thematic content, emotional appeals, and persuasive strategies.",subfield,U04.06,U04
"Code iconographic, stylistic, or typological attributes of artifacts and visual evidence.",subfield,U04.06,U04
Code illness narratives and patient accounts to identify themes related to meaning-making and identity.,subfield,U04.06,U04
Code individual crash reports case-by-case to classify contributing factors and situational scenarios.,subfield,U04.06,U04
"Code interview and open-ended survey responses to identify themes in information needs, access barriers, and library experiences.",subfield,U04.06,U04
"Code interview data for themes related to literacy identity, reading practices, or language attitudes.",subfield,U04.06,U04
"Code interview data to identify themes related to economic meanings, workplace identities, and organizational cultures.",subfield,U04.06,U04
"Code interview transcripts for themes related to political identity, power relations, or institutional trust.",subfield,U04.06,U04
Code interview transcripts from journalists or media professionals to identify themes in professional practices or values.,subfield,U04.06,U04
Code interview transcripts from school leaders to identify themes related to policy interpretation and implementation strategies.,subfield,U04.06,U04
Code interview transcripts from scientists to identify patterns in epistemic reasoning and methodological justification.,subfield,U04.06,U04
"Code interview transcripts to identify themes related to employee motivation, leadership, or organizational culture.",subfield,U04.06,U04
"Code interview transcripts to identify themes related to musical identity, learning experiences, or cultural significance.",subfield,U04.06,U04
"Code interview transcripts to identify themes related to political identity, regime legitimacy, or collective action.",subfield,U04.06,U04
"Code interview transcripts to identify themes related to student identity, belonging, or institutional experiences.",subfield,U04.06,U04
Code interview transcripts to identify themes related to student learning experiences or instructional practices.,subfield,U04.06,U04
"Code judicial opinions and court orders to identify patterns in custody, support, or property division decisions.",subfield,U04.06,U04
Code judicial opinions or legislative materials to identify doctrinal trends or policy rationales in IP law.,subfield,U04.06,U04
Code judicial reasoning patterns and doctrinal approaches across different legal traditions.,subfield,U04.06,U04
Code judicial reasoning patterns and doctrinal categories in court decisions involving commercial disputes.,subfield,U04.06,U04
"Code judicial reasoning patterns, interpretive methods, or doctrinal categories in court decisions.",subfield,U04.06,U04
"Code legal documents, court opinions, and regulatory texts to identify patterns in environmental law interpretation and application.",subfield,U04.06,U04
"Code linguistic data for grammatical features such as word order, agreement, and argument structure.",subfield,U04.06,U04
"Code linguistic tokens for phonological, morphological, or syntactic variants in speech data.",subfield,U04.06,U04
"Code media texts for recurring themes, narrative structures, or ideological patterns.",subfield,U04.06,U04
Code morphological characters into data matrices for cladistic or phenetic analysis.,subfield,U04.06,U04
"Code movement documents, speeches, or media coverage to identify collective action frames and diagnostic, prognostic, and motivational claims.",subfield,U04.06,U04
"Code narrative or open-ended responses for personality-relevant themes such as agency, communion, or redemption.",subfield,U04.06,U04
"Code narrative texts for structural elements such as plot events, character functions, or narrative sequences.",subfield,U04.06,U04
"Code news articles or broadcast transcripts for frames, tone, or issue salience using systematic content analysis.",subfield,U04.06,U04
"Code observational data from rehearsals and performances to identify recurring patterns in staging, movement, or directorial choices.",subfield,U04.06,U04
Code observed parent-child interactions or peer behaviors using established developmental coding schemes.,subfield,U04.06,U04
Code open-ended responses about occupations into standardized classification schemes for stratification analysis.,subfield,U04.06,U04
"Code open-ended responses for themes related to social identity, stereotyping, or intergroup perceptions.",subfield,U04.06,U04
Code oral histories and personal narratives to identify themes of colonial experience and memory.,subfield,U04.06,U04
Code oral history transcripts and ethnographic field notes to identify recurring themes and regional patterns.,subfield,U04.06,U04
"Code oral history transcripts and personal narratives for recurring themes, cultural meanings, and historical patterns.",subfield,U04.06,U04
"Code oral history transcripts to identify recurring themes, perspectives, and narrative patterns.",subfield,U04.06,U04
"Code participant responses to philosophical vignettes for patterns in intuitive judgments about knowledge, causation, or moral responsibility.",subfield,U04.06,U04
Code phenomenological interview data to identify invariant structures of conscious experience.,subfield,U04.06,U04
Code policy and institutional characteristics into standardized categories or indices for comparative analysis,subfield,U04.06,U04
Code policy documents and legislative debates to identify governance themes and institutional logics.,subfield,U04.06,U04
"Code policy documents, legislative debates, or party manifestos to identify ideological positions or policy priorities.",subfield,U04.06,U04
"Code policy documents, legislative texts, or agency communications to identify themes and implementation strategies.",subfield,U04.06,U04
"Code political texts for normative concepts, rhetorical strategies, or ideological commitments.",subfield,U04.06,U04
"Code qualitative data for recurring religious themes, symbols, and theological concepts across traditions.",subfield,U04.06,U04
"Code qualitative data for spatial themes including place meanings, territorial identities, and landscape perceptions.",subfield,U04.06,U04
"Code qualitative data for themes related to cultural identity, acculturation strategies, intercultural conflict, or communication barriers.",subfield,U04.06,U04
"Code qualitative data for themes related to gender performance, power dynamics, or experiences of marginalization.",subfield,U04.06,U04
"Code qualitative data for themes related to place identity, belonging, displacement, or territorial meaning.",subfield,U04.06,U04
"Code qualitative data for themes related to racial identity development, ethnic belonging, or experiences of marginalization.",subfield,U04.06,U04
"Code qualitative data for theological themes, ethical concepts, or patterns of religious meaning-making.",subfield,U04.06,U04
"Code qualitative data for theological themes, religious meaning-making, and spiritual narratives.",subfield,U04.06,U04
Code qualitative data from artist interviews or audience feedback to identify themes in creative practice and reception.,subfield,U04.06,U04
Code qualitative data from consumer interviews to identify themes related to brand meaning or purchase motivations.,subfield,U04.06,U04
Code qualitative data from entrepreneur interviews to identify themes related to opportunity exploitation or resource acquisition.,subfield,U04.06,U04
"Code qualitative data from executive interviews to identify strategic themes, decision rationales, or organizational practices.",subfield,U04.06,U04
Code qualitative data from forensic interviews to identify themes related to offense patterns or treatment responsivity.,subfield,U04.06,U04
"Code qualitative data from immigrant interviews to identify themes related to legal status, rights, and access to justice.",subfield,U04.06,U04
Code qualitative data from interviews about learner or instructor experiences with educational technologies.,subfield,U04.06,U04
"Code qualitative data from interviews or testimonies for theological themes, doctrinal positions, or spiritual experiences.",subfield,U04.06,U04
"Code qualitative data from interviews with executives, auditors, or analysts regarding financial reporting or governance practices.",subfield,U04.06,U04
Code qualitative data from interviews with multinational executives to identify themes related to internationalization challenges.,subfield,U04.06,U04
"Code qualitative data from interviews with students, families, and educators to identify themes related to inclusion and belonging.",subfield,U04.06,U04
Code qualitative data from interviews with supply chain practitioners to identify themes in operational decision-making.,subfield,U04.06,U04
Code qualitative data from offender interviews or court observations to identify themes related to criminal decision-making or justice processes.,subfield,U04.06,U04
"Code qualitative data from participant interviews about exercise adherence, barriers, or sport experiences.",subfield,U04.06,U04
Code qualitative data from patient narratives to identify themes related to illness perceptions and coping strategies.,subfield,U04.06,U04
"Code qualitative data from planning documents, public meeting transcripts, or stakeholder interviews.",subfield,U04.06,U04
Code qualitative data from policy documents and political speeches to identify economic policy positions and priorities.,subfield,U04.06,U04
"Code qualitative data from strategic documents, speeches, or propaganda materials to identify threat narratives and policy positions.",subfield,U04.06,U04
Code qualitative data from student work samples or portfolio artifacts to identify learning patterns.,subfield,U04.06,U04
"Code qualitative data from teacher reflections, parent interviews, or classroom field notes to identify themes in early childhood practice.",subfield,U04.06,U04
Code qualitative data from tourist narratives and travel blogs to identify themes in destination experiences.,subfield,U04.06,U04
Code qualitative data from tourist narratives to identify themes related to place meanings and destination experiences.,subfield,U04.06,U04
Code qualitative data from user interviews to identify themes in information needs and search strategies.,subfield,U04.06,U04
Code qualitative data from user interviews to identify themes related to technology use and adoption barriers.,subfield,U04.06,U04
Code qualitative data from victim testimonies and legal submissions to identify patterns of violations and state responses.,subfield,U04.06,U04
Code qualitative data from voter interviews to identify themes in political reasoning and candidate evaluation.,subfield,U04.06,U04
"Code qualitative data to identify recurring moral themes, ethical principles, or patterns of normative reasoning.",subfield,U04.06,U04
"Code qualitative data to identify themes related to identity negotiation, belonging, or transnational ties.",subfield,U04.06,U04
"Code qualitative data to identify themes related to place attachment, community identity, or urban belonging.",subfield,U04.06,U04
Code qualitative data using thematic frameworks derived from Islamic theological and jurisprudential categories.,subfield,U04.06,U04
"Code qualitative interview data to identify themes related to criminal pathways, desistance, or experiences with the justice system.",subfield,U04.06,U04
"Code qualitative interview data to identify themes related to employee motivation, stress, or career development.",subfield,U04.06,U04
"Code qualitative interview data to identify themes related to regional identity, embeddedness, or inter-firm relationships.",subfield,U04.06,U04
Code qualitative narratives about family decision-making processes and relationship transitions.,subfield,U04.06,U04
Code reflective writing or portfolio entries to identify themes in professional development.,subfield,U04.06,U04
"Code rhetorical features such as appeals, tropes, figures, and argumentative structures in collected texts or transcripts.",subfield,U04.06,U04
Code semantic shifts and grammatical changes in diachronic text corpora to track patterns of language evolution.,subfield,U04.06,U04
"Code social media content for themes, sentiment, or discourse patterns using qualitative analysis frameworks.",subfield,U04.06,U04
Code student interview transcripts to identify themes related to learning experiences or academic identity.,subfield,U04.06,U04
"Code student writing for rhetorical features, genre conventions, or linguistic complexity.",subfield,U04.06,U04
"Code textual data for semantic relations, reference chains, or coherence structures.",subfield,U04.06,U04
Code textual passages according to theoretical categories or interpretive frameworks for systematic analysis.,subfield,U04.06,U04
"Code thematic content from early modern correspondence, diaries, and legal testimony to identify patterns in beliefs or practices.",subfield,U04.06,U04
"Code thematic content in correspondence, treatises, or critical writings to trace intellectual networks and debates.",subfield,U04.06,U04
"Code thematic content in hagiographies, chronicles, or literary texts to identify patterns and motifs.",subfield,U04.06,U04
"Code thematic content, imagery patterns, or rhetorical strategies across collections of poems.",subfield,U04.06,U04
"Code thematic patterns, narrative structures, and rhetorical strategies in American literary texts through close reading methods.",subfield,U04.06,U04
"Code thematic patterns, narrative structures, or symbolic elements in literary and media texts.",subfield,U04.06,U04
"Code thematic patterns, rhetorical structures, or theological motifs within biblical and related ancient texts.",subfield,U04.06,U04
"Code thematic, rhetorical, or generic patterns across literary texts to support comparative analysis.",subfield,U04.06,U04
"Code thematic, stylistic, or narrative patterns in literary texts using qualitative analysis frameworks.",subfield,U04.06,U04
"Code thematic, stylistic, or narrative patterns in literary texts using systematic qualitative analysis methods.",subfield,U04.06,U04
"Code theological arguments, doctrinal positions, or devotional practices from primary religious texts.",subfield,U04.06,U04
"Code therapy session transcripts to identify therapeutic techniques, alliance factors, and change mechanisms.",subfield,U04.06,U04
"Code translator interview data for themes related to decision-making, norms, or professional identity.",subfield,U04.06,U04
"Code verbal protocol data to identify cognitive strategies, reasoning processes, or problem-solving approaches.",subfield,U04.06,U04
"Code visual and material evidence from buildings, objects, and archival sources for thematic analysis.",subfield,U04.06,U04
"Code visual elements, iconographic motifs, or stylistic features across bodies of artwork for comparative analysis.",subfield,U04.06,U04
"Collaborate with archaeologists, art historians, and philologists on interdisciplinary medieval research projects.",subfield,U05.01,U05
Collaborate with clinical investigators and laboratory scientists to translate research questions into statistical designs.,subfield,U07.15,U07
Collaborate with community health organizations to recruit underserved populations for health communication studies.,subfield,U01.04,U01
"Collaborate with community members or language consultants to verify transcriptions, translations, and cultural interpretations.",subfield,U04.07,U04
Collaborate with descendant communities and local scholars to gain access to oral traditions and community archives.,subfield,U01.04,U01
Collaborate with heart failure clinics and cardiac rehabilitation programs to facilitate longitudinal patient follow-up.,subfield,U01.04,U01
Collaborate with interdisciplinary clinical teams to integrate research protocols into routine care workflows.,subfield,U07.15,U07
Collaborate with language communities to recruit speakers of understudied languages or dialects.,subfield,U01.04,U01
Collaborate with multidisciplinary oncology teams to facilitate patient enrollment and data collection.,subfield,U01.04,U01
"Collaborate with specialists in archaeobotany, zooarchaeology, or geoarchaeology for integrated analyses of excavated materials.",subfield,U05.01,U05
Collaborate with urology departments and cancer centers for access to surgical specimens and clinical data.,subfield,U01.04,U01
"Collect PET or SPECT imaging data to assess brain metabolism, perfusion, or molecular targets.",subfield,U01.09,U01
Collect X-ray diffraction patterns for phase identification and crystal structure analysis.,subfield,U01.17,U01
Collect X-ray fluorescence or diffraction spectra for material characterization.,subfield,U01.17,U01
"Collect X-ray scattering data to determine polymer crystallinity, lamellar spacing, and nanostructure dimensions.",subfield,U01.17,U01
Collect aerial imagery using unmanned aircraft systems for high-resolution mapping applications.,subfield,U01.14,U01
Collect air samples and aerosol measurements using ground-based or airborne platforms.,subfield,U01.13,U01
"Collect altmetric, download, and social-media attention data for defined sets of scholarly outputs.",subfield,U01.02,U01
"Collect and categorize non-visual sensory data, such as sound and smell, during fieldwork.",subfield,U01.08,U01
Collect and content-analyze documentary sources such as policy documents and web content to characterize practices and claims.,subfield,U28.06,U28
"Collect and curate labeled datasets from public repositories, APIs, or web sources.",subfield,U06.01,U06
Collect and curate text corpora from diverse sources for training and evaluation purposes.,subfield,U06.01,U06
Collect and laboratory-test biological specimens or clinical measurements from participants to obtain objective measures of health status.,subfield,U01.09,U01
Collect and preserve biological specimens using field techniques appropriate to the target taxonomic group.,subfield,U01.12,U01
Collect and process tissue specimens using appropriate fixation and preservation methods.,subfield,U01.16,U01
"Collect and systematically analyze cultural artifacts such as texts, images, or media content for patterns of meaning.",subfield,U28.01,U28
Collect and taxonomically authenticate source organisms used in natural product studies,subfield,U01.12,U01
"Collect audience data through media diaries, think-aloud protocols, or participatory methods.",subfield,U01.06,U01
"Collect audience or reader response data through structured encounters with artworks, literary texts, or media.",subfield,U01.09,U01
Collect bathymetric data using multibeam sonar systems for seafloor mapping.,subfield,U01.14,U01
Collect behavioral and academic data through direct observation of students with disabilities in natural school environments.,subfield,U01.08,U01
"Collect behavioral data through reaction time tasks measuring lexical decision, naming latency, or sentence comprehension accuracy.",subfield,U01.09,U01
Collect biological samples for biomarker analysis in psychiatric research studies.,subfield,U01.10,U01
Collect biological samples from children using minimally invasive techniques appropriate for age and size.,subfield,U01.10,U01
"Collect biological samples such as blood, milk, or feces to assess metabolic status, immune markers, and subclinical disease.",subfield,U01.11,U01
"Collect biological specimens for pathogen detection, culture, or molecular characterization from study participants.",subfield,U01.10,U01
"Collect biological specimens including placental tissue, cord blood, and amniotic fluid for analysis.",subfield,U01.10,U01
Collect biopsy and surgical tissue specimens for histopathology and molecular characterization of animal disease.,subfield,U01.11,U01
"Collect blood samples to measure drug concentrations, inflammatory markers, or coagulation parameters during surgery.",subfield,U01.10,U01
"Collect blood, tissue, and swab specimens from animals for pathogen detection, culture, and molecular characterization.",subfield,U01.11,U01
Collect cerebrospinal fluid samples for biomarker analysis in neurological disease research.,subfield,U01.10,U01
Collect classroom observation data using structured protocols to evaluate teaching practices.,subfield,U01.08,U01
"Collect clinical specimens such as swabs, blood, or tissue for pathogen isolation and characterization.",subfield,U01.10,U01
"Collect collision event data using multi-layer detector systems including trackers, calorimeters, and muon chambers.",subfield,U01.14,U01
"Collect composition data using gas chromatography, mass spectrometry, or spectroscopic methods.",subfield,U01.17,U01
Collect corneal topography and anterior segment imaging for studies of ocular surface disorders.,subfield,U01.09,U01
Collect cost and resource-use data on delivery of nutrition care for economic evaluation.,subfield,U01.01,U01
"Collect current-voltage data using cyclic voltammetry, linear sweep voltammetry, or chronoamperometry techniques.",subfield,U01.17,U01
"Collect data on breastfeeding initiation, duration, and complementary feeding practices.",subfield,U01.06,U01
"Collect data on diet, physical activity, smoking, and other behavioral exposures using validated questionnaires.",subfield,U01.06,U01
Collect data on exposure to and engagement with health messages across multiple communication channels.,subfield,U01.06,U01
"Collect data on food access, availability, and pricing across neighborhood food environments.",subfield,U01.01,U01
"Collect data on pregnancy exposures, birth outcomes, and infant development through interviews, records, and measurements.",subfield,U01.10,U01
"Collect data through ethnographic engagement with firms, markets, or economic communities.",subfield,U01.08,U01
Collect data through reference transaction analysis or observation of information-seeking episodes.,subfield,U01.08,U01
Collect data through teacher interviews about curriculum implementation and instructional decision-making.,subfield,U01.07,U01
Collect data with sufficient variables and observations to support stable covariance matrix estimation.,subfield,U01.99,U01
"Collect dental plaque, saliva, or gingival crevicular fluid samples for microbiological or biochemical analysis.",subfield,U01.10,U01
"Collect detailed dietary intake data using food records, 24-hour recalls, or food-frequency questionnaires.",subfield,U01.06,U01
"Collect dietary intake, physical activity, and body-composition data from patients under treatment.",subfield,U01.10,U01
Collect diffraction data to determine molecular and crystal structures.,subfield,U01.17,U01
Collect diffusion-weighted imaging data to assess white matter microstructure and connectivity.,subfield,U01.09,U01
Collect diseased plant tissue samples from field sites for pathogen isolation and identification.,subfield,U01.12,U01
Collect ecological momentary assessment data to capture real-time health behaviors and psychological states.,subfield,U01.06,U01
Collect electrophysiological recordings from neurons or brain slices to measure electrical activity patterns.,subfield,U01.19,U01
Collect environmental DNA samples from water or soil for biodiversity assessment.,subfield,U01.12,U01
Collect environmental samples and personal exposure measurements to characterize contaminant levels in the field.,subfield,U01.13,U01
"Collect environmental samples including soil, water, or vegetation for chemical or biological analysis.",subfield,U01.12,U01
"Collect environmental samples such as soil, water, or biofilms for microbial community analysis.",subfield,U01.12,U01
Collect ethnographic data through participant observation in urban neighborhoods or community settings.,subfield,U01.08,U01
Collect experience sampling or diary data to capture students' real-time learning experiences and emotions.,subfield,U01.06,U01
"Collect field measurements of structural orientations, lithological contacts, and stratigraphic sequences.",subfield,U01.12,U01
"Collect field samples of volcanic rocks, tephra, and lava flows for petrological and geochemical analysis.",subfield,U01.12,U01
Collect flight test data from onboard telemetry systems and ground tracking stations.,subfield,U01.18,U01
Collect functional neuroimaging data synchronized with behavioral or cognitive tasks.,subfield,U01.09,U01
Collect gastrointestinal tissue biopsies during endoscopic procedures for histological or molecular analysis.,subfield,U01.10,U01
Collect gel electrophoresis and Western blot images for protein analysis.,subfield,U01.19,U01
Collect geochemical data from volcanic gas emissions and fumaroles using portable analyzers.,subfield,U01.13,U01
Collect geotagged social media posts and associated user metadata to study tourist visitation patterns.,subfield,U01.02,U01
Collect grammaticality judgment data from native speakers through controlled experiments.,subfield,U01.09,U01
Collect ground truth data using GPS receivers and field spectrometers for image classification validation.,subfield,U01.14,U01
Collect groundwater and soil samples from landfill sites to assess environmental contamination.,subfield,U01.12,U01
Collect groundwater and surface water samples from monitoring wells and sampling stations.,subfield,U01.12,U01
Collect illness narratives and therapeutic itineraries through in-depth ethnographic interviews with patients and caregivers.,subfield,U01.07,U01
Collect learner interaction data through observations of technology use in classroom or online settings.,subfield,U01.08,U01
"Collect life history data on educational attainment, occupational transitions, and family background through structured interviews.",subfield,U01.07,U01
Collect life history or narrative interviews to understand how individuals construct cultural identities over time.,subfield,U01.07,U01
Collect linguistic data through elicitation tasks or structured interviews about language intuitions.,subfield,U01.09,U01
Collect linguistic judgment data from native speakers through controlled experimental tasks.,subfield,U01.09,U01
Collect longitudinal data through repeated assessments to track developmental change over time.,subfield,U01.09,U01
Collect magnetic susceptibility data across temperature ranges to identify magnetic ordering transitions.,subfield,U01.17,U01
Collect magnetization data using SQUID magnetometry or vibrating sample magnetometers.,subfield,U01.17,U01
"Collect marine specimens including fish, invertebrates, plankton, or algae from field sites using nets, traps, or diving.",subfield,U01.12,U01
"Collect mechanical property data through tensile, flexural, and impact testing of composite specimens.",subfield,U01.17,U01
"Collect mechanical testing data from biological tissues or biomaterial samples using tensile, compression, or fatigue testing equipment.",subfield,U01.17,U01
Collect morphological measurements or impressions directly from living individuals using standardized anthropometric instruments.,subfield,U01.09,U01
"Collect narrative data from international students, expatriates, or immigrants about their cross-cultural adjustment and communication experiences.",subfield,U01.07,U01
Collect objective data with device- or sensor-based instrumentation rather than self-report.,subfield,U01.09,U01
Collect observational data on clinical teaching encounters or workplace-based learning interactions.,subfield,U01.08,U01
"Collect observational data on gendered interactions, performances, or representations in social settings or media.",subfield,U01.08,U01
Collect observational data on how audiences physically and cognitively engage with interactive installations or digital artworks.,subfield,U01.08,U01
"Collect observational data on team interactions, leadership behaviors, or workplace safety practices.",subfield,U01.08,U01
"Collect ocular tissue samples, aqueous humor, or tear fluid for laboratory analysis.",subfield,U01.10,U01
Collect operating and traffic measurements from deployed sensors and instrumented systems,subfield,U01.13,U01
Collect or reuse detailed participant-level experimental data to test hypotheses beyond the choices directly observed.,subfield,U01.09,U01
Collect oral histories and life narratives from community members to document regional experiences and perspectives.,subfield,U01.07,U01
Collect oral histories and narratives from community members to preserve cultural knowledge and lived experiences.,subfield,U01.07,U01
Collect oral histories from members of racial and ethnic communities to document lived experiences and collective memory.,subfield,U01.07,U01
Collect oral histories or personal narratives from communities affected by historical violence or displacement.,subfield,U01.07,U01
Collect oral narratives or life stories through structured or semi-structured interviews with participants.,subfield,U01.07,U01
Collect origin-destination travel patterns from mobile device location data and transit smart cards.,subfield,U01.02,U01
Collect overnight polysomnography data for sleep-disordered breathing research.,subfield,U01.10,U01
Collect pelvic imaging data for evaluation of gynecologic conditions and tumors.,subfield,U01.10,U01
Collect perceptual-cognitive data from athletes performing sport-specific anticipation or decision tasks.,subfield,U01.09,U01
Collect photon coincidence counts to measure quantum correlations and verify entanglement.,subfield,U01.17,U01
"Collect physical environmental samples in the field, such as sediment cores or water samples, for subsequent laboratory analysis.",subfield,U01.12,U01
"Collect physiological data through fitness assessments, body composition measurements, or movement analysis.",subfield,U01.09,U01
"Collect primary data from firms on trade costs, supply chain relationships, or compliance with trade regulations.",subfield,U01.06,U01
Collect primary data from managers and employees of multinational enterprises across multiple country subsidiaries.,subfield,U01.06,U01
"Collect primary data on healthcare costs, resource use, and health outcomes alongside clinical trials or observational studies.",subfield,U01.10,U01
Collect primary data on moral reasoning patterns through structured ethical dilemma scenarios.,subfield,U01.09,U01
"Collect primary data on property characteristics, transaction details, or neighborhood conditions through field observations and site visits.",subfield,U01.08,U01
"Collect primary data through archaeological excavation, survey, or systematic surface collection.",subfield,U01.12,U01
Collect primary data through classroom observations of STEM teaching practices using structured observation protocols.,subfield,U01.08,U01
"Collect primary data through executive surveys or interviews about strategic initiatives, governance practices, or competitive actions.",subfield,U01.06,U01
"Collect primary data through farmer interviews, household surveys, or focus groups in rural communities.",subfield,U01.07,U01
"Collect primary data through plant visits, warehouse observations, or process audits.",subfield,U01.08,U01
"Collect primary data through transect walks, mental mapping exercises, or participatory mapping with community members.",subfield,U01.08,U01
Collect primary osteological data through systematic examination and measurement of skeletal remains.,subfield,U01.03,U01
"Collect primary source data from early modern manuscripts, printed texts, and visual materials held in archives and libraries.",subfield,U01.03,U01
"Collect primary source materials from European archives, libraries, and special collections for textual scholarship.",subfield,U01.03,U01
"Collect primary spatial data through GPS tracking, mobile sensing, or participatory mapping with human subjects.",subfield,U01.02,U01
"Collect primary textual data from manuscripts, early printed books, and archival documents in original languages.",subfield,U01.03,U01
"Collect primary textual data from speeches, public debates, social media posts, or other forms of public discourse for rhetorical analysis.",subfield,U01.02,U01
Collect query logs and clickthrough data from search engines or information systems.,subfield,U01.02,U01
"Collect real-time process data using temperature sensors, force dynamometers, and accelerometers during manufacturing trials.",subfield,U01.18,U01
"Collect remote sensing data from satellites to map hazard extent, damage patterns, and land cover changes.",subfield,U01.14,U01
Collect representative rock and mineral samples from field outcrops with documented geological context.,subfield,U01.12,U01
Collect sediment cores from the seafloor for stratigraphic and geochemical analysis.,subfield,U01.12,U01
Collect seed and propagule samples from target tree species for germination trials and genetic studies.,subfield,U01.12,U01
Collect semen samples and reproductive tissue for male fertility research.,subfield,U01.10,U01
"Collect semen, oocytes, or embryos for reproductive physiology studies.",subfield,U01.10,U01
Collect single-crystal X-ray diffraction data to determine molecular and crystal structures of synthesized compounds.,subfield,U01.17,U01
"Collect skin biopsies, blood samples, or swabs for histopathologic, genomic, or microbiome analysis.",subfield,U01.10,U01
"Collect social media data from platforms to analyze political discourse, campaign strategies, or information diffusion.",subfield,U01.02,U01
"Collect social media data from platforms to analyze public discourse, information diffusion, or audience engagement.",subfield,U01.02,U01
Collect soil leachate and runoff samples to quantify nutrient losses and erosion rates.,subfield,U01.12,U01
Collect specimens from natural populations for morphological or genetic analysis.,subfield,U01.12,U01
"Collect spectroscopic data from biological samples using Raman, infrared, or fluorescence spectroscopy.",subfield,U01.17,U01
Collect spectroscopic data to characterize optical and electronic properties of nanomaterials.,subfield,U01.17,U01
"Collect spectroscopic data using techniques such as XPS, EDS, FTIR, or Raman spectroscopy to determine elemental and molecular composition.",subfield,U01.17,U01
"Collect spoken or written language samples from learners through elicitation tasks, classroom recordings, or online interactions.",subfield,U01.09,U01
Collect standardized field or sample-based records to characterize populations and the pressures on them,subfield,U01.12,U01
Collect stratigraphic and sedimentological data from outcrop sections to establish temporal and environmental context.,subfield,U01.12,U01
"Collect structural data using X-ray crystallography, cryo-electron microscopy, or nuclear magnetic resonance spectroscopy.",subfield,U01.17,U01
Collect structural data using X-ray diffraction to identify crystalline phases and amorphous content.,subfield,U01.17,U01
"Collect structural data using X-ray diffraction, electron microscopy, and spectroscopic techniques.",subfield,U01.17,U01
Collect student writing samples across drafts or time points to document literacy development.,subfield,U01.09,U01
Collect survey data on philosophical intuitions to test hypotheses about folk epistemology or folk metaphysics.,subfield,U01.06,U01
"Collect targeted records from a system, its context, or a study corpus to isolate the elements relevant to the analysis.",subfield,U01.99,U01
Collect think-aloud protocols or learning logs to capture student cognitive processes during academic tasks.,subfield,U01.09,U01
Collect time-sensitive biological specimens during emergency resuscitations for biomarker analysis.,subfield,U01.10,U01
Collect trace data from production distributed systems and cloud platforms for workload characterization studies.,subfield,U01.02,U01
"Collect tree core samples, leaf tissue, and bark specimens for dendrochronological and physiological analyses.",subfield,U01.12,U01
Collect tumor tissue samples through biopsy or surgical resection for molecular analysis.,subfield,U01.10,U01
Collect urine samples for biomarker analysis and urinalysis in kidney disease studies.,subfield,U01.10,U01
Collect user experience data through online surveys embedded in digital platforms or applications.,subfield,U01.06,U01
Collect vibration and structural response data using accelerometers and displacement sensors.,subfield,U01.18,U01
Collect visual data through photography or video to document cultural landscapes and material culture.,subfield,U01.08,U01
"Collect water and sediment samples for analysis of nutrients, contaminants, or microbial communities.",subfield,U01.12,U01
Collect water column profiles using CTD rosette systems to measure physical and chemical properties.,subfield,U01.13,U01
"Collect water, soil, and air samples to quantify pollutant concentrations and nutrient cycling rates.",subfield,U01.12,U01
"Collect water, soil, and air samples using standardized sampling protocols and quality assurance procedures.",subfield,U01.12,U01
"Collect water, soil, or tissue samples for chemical and biological analysis of ecosystem properties.",subfield,U01.12,U01
"Collect water, soil, sediment, and biota samples from contaminated field sites following standardized protocols.",subfield,U01.12,U01
Collect wireless channel measurements from field deployments to characterize real-world propagation conditions.,subfield,U01.13,U01
Combine concepts or methods from two or more theoretical or disciplinary traditions into an integrated framework tailored to a research question.,subfield,U12.03,U12
Combine field observations with existing records to evaluate species interactions and outcomes in natural habitats.,subfield,U02.02,U02
Combine independently published measurements and theoretical relations to derive recommended parameter values or constraints.,subfield,U24.03,U24
Combine multiple indicator layers and ancillary environmental data into a fused score or rule set to refine feature classification.,subfield,U04.05,U04
"Combine multiple observations or components into classifications, indices, or constructs for downstream evaluation",subfield,U04.05,U04
Combine results from complementary measurements to infer material structure and transformation mechanisms,subfield,U02.10,U02
"Communicate surveillance findings and zoonotic risk assessments to public health authorities, wildlife agencies, and producers.",subfield,U21.01,U21
Compare Islamic legal and theological doctrines with secular or state legal frameworks to identify convergence and divergence.,subfield,U28.02,U28
Compare a philosopher's documented conduct and practical undertakings with their stated doctrines to assess consistency.,subfield,U28.04,U28
Compare a proof technique or construction with competing approaches to explain its relative merits and limitations.,subfield,U29.04,U29
Compare acceptability judgment patterns across constructions or elicitation instruments to test whether they share a common source.,subfield,U02.01,U02
Compare alternative accounting and valuation measurement methods to assess their suitability for a stated purpose.,subfield,U02.08,U02
Compare alternative health outcome measurement and valuation methods to assess how instrument and design choices affect resulting values.,subfield,U02.07,U02
Compare alternative institutional or procedural mechanisms to determine which better achieves a legal objective,subfield,U28.02,U28
Compare alternative research-assessment methods against benchmark criteria such as accuracy and cost.,subfield,U02.08,U02
"Compare and contrast competing interpretations of key political concepts such as freedom, equality, or sovereignty.",subfield,U28.03,U28
Compare assessment scores against external criteria or parallel measures to evaluate validity and comparability of results.,subfield,U02.07,U02
Compare available resource supply against demand to assess sufficiency gaps,subfield,U02.11,U02
Compare competing model specifications estimated on the same data to select the better-performing one.,subfield,U02.08,U02
Compare competing models using Bayes factors or information criteria to guide model selection.,subfield,U02.15,U02
Compare competing structural models of trait organization to evaluate rival accounts of a construct's composition.,subfield,U02.07,U02
Compare computational enumeration results against theoretical predictions to validate conjectures.,subfield,U29.04,U29
Compare cytokine production levels between stimulated and unstimulated immune cell groups using appropriate statistical tests.,subfield,U02.01,U02
"Compare digital creative tools, platforms, or computational methods against technical and expressive criteria to assess suitability.",subfield,U30.07,U30
Compare disease incidence or mortality rates between treatment and control animal groups.,subfield,U02.01,U02
Compare disease severity scores between resistant and susceptible plant genotypes using appropriate statistical methods.,subfield,U02.01,U02
Compare documented cases and administrative practices against contemporary legal codes to assess their conformity with the law in force.,subfield,U28.02,U28
Compare documented strategic objectives against realized outcomes to assess the success of military or political undertakings.,subfield,U28.04,U28
"Compare drug-treated and control groups to determine efficacy, potency, and therapeutic index.",subfield,U02.01,U02
Compare estimates or reports obtained from different sources to evaluate their accuracy,subfield,U02.08,U02
Compare experimental quantum state measurements against theoretical density matrix predictions.,subfield,U02.08,U02
Compare features of competing educational technology platforms against defined criteria to inform tool selection.,subfield,U30.07,U30
Compare gene content across related genomes using orthology clustering to identify conserved and lineage-specific gene families.,subfield,U02.12,U02
"Compare growth performance, survival rates, or disease prevalence between experimental and control groups using statistical tests.",subfield,U02.01,U02
"Compare growth rates, survival, and yield between agroforestry treatments and control plots using appropriate statistical models.",subfield,U02.01,U02
"Compare growth rates, survival, or physiological metrics between experimental treatment groups in aquaculture trials.",subfield,U02.01,U02
"Compare growth, reproduction, or survival metrics between experimental and control animal groups.",subfield,U02.01,U02
Compare histopathological grades and scores between experimental and control groups.,subfield,U02.01,U02
Compare imaging-derived metrics between experimental and control groups using appropriate statistical methods.,subfield,U02.01,U02
Compare incidence and severity of adverse effects between treatment groups using appropriate statistical methods.,subfield,U02.01,U02
Compare legal standards with professional guidelines or stakeholder understandings to identify normative divergence.,subfield,U28.02,U28
Compare measured analyte concentrations against regulatory or clinical reference thresholds to classify samples.,subfield,U02.08,U02
Compare measured detector response curves against theoretical or simulated predictions.,subfield,U02.08,U02
Compare measured nuclear level schemes with theoretical structure calculations.,subfield,U02.08,U02
Compare measured plasma spectra with atomic physics models to extract plasma parameters.,subfield,U02.10,U02
Compare measured system performance against analytical predictions to validate theoretical models.,subfield,U02.08,U02
Compare measured velocity profiles and turbulence statistics against theoretical predictions.,subfield,U02.08,U02
Compare microbial community composition or diversity metrics between experimental conditions using appropriate statistical methods.,subfield,U02.12,U02
Compare model outcomes across alternative supply chain structures or policies to quantify performance differences.,subfield,U02.08,U02
Compare molecular divergence-time estimates across lineages or against independent geological and climatic chronologies.,subfield,U02.13,U02
Compare morbidity and mortality rates between preventive intervention and control groups.,subfield,U02.01,U02
"Compare multiple national, regional, or textual cases systematically to explain divergent historical outcomes.",subfield,U28.07,U28
Compare observed housing prices with fundamentals-based equilibrium values to quantify mispricing.,subfield,U02.08,U02
Compare outcomes and resources across student and school subgroups to assess equity.,subfield,U02.11,U02
Compare pathogen loads or titers between treated and control groups to assess intervention efficacy.,subfield,U02.01,U02
Compare physiological measurements between stressed and control plants to quantify treatment effects.,subfield,U02.01,U02
Compare physiological parameters between experimental and control groups using appropriate statistical methods.,subfield,U02.01,U02
Compare prior distributions against observed data or resulting posteriors to diagnose prior-data conflict and prior informativeness.,subfield,U02.15,U02
Compare qualitative cases across countries or periods to interpret divergent outcomes.,subfield,U28.07,U28
Compare quantitative results across alternative simulation models to assess robustness of policy-relevant estimates.,subfield,U02.08,U02
Compare recurring motifs and symbolic images across texts or traditions to identify shared meanings or diffusion.,subfield,U28.01,U28
Compare rehabilitation outcomes across patient populations while controlling for baseline functional status.,subfield,U02.02,U02
Compare scores from alternative instruments or symptom-elicitation methods to establish measurement equivalence.,subfield,U02.07,U02
Compare sequences and structures of homologous biomolecules using bioinformatics databases to assess homology and adaptation.,subfield,U02.12,U02
Compare serial imaging examinations within patients to assess interval change in findings.,subfield,U01.10,U01
Compare soil properties and crop responses between amended and control plots using appropriate statistical methods.,subfield,U02.01,U02
Compare spatial distributions of names or other cultural markers across time periods to infer historical change.,subfield,U28.04,U28
Compare specimen fixation and processing protocols to determine their effects on staining and biomarker detection.,subfield,U02.01,U02
Compare taxonomic composition of fossil assemblages among regions and time intervals to infer biogeographic history.,subfield,U02.11,U02
Compare the discriminative and incremental predictive value of candidate biomarkers for clinical outcomes,subfield,U02.07,U02
Compare the revenue yield and cost of alternative fiscal policy instruments to assess their relative effectiveness.,subfield,U02.08,U02
Compare theoretical predictions of prime-counting functions against computed numerical data.,subfield,U09.09,U09
Compare tumor growth rates or survival outcomes between treatment and control groups using appropriate statistical methods.,subfield,U02.01,U02
Compare written literary texts against oral narrative traditions to determine how oral genres and materials were transmitted into written form.,subfield,U28.05,U28
"Compare yield, quality, or growth parameters between treatment groups using appropriate statistical methods for agricultural experiments.",subfield,U02.01,U02
"Compile and analyze court decisions, statutes, and regulatory guidance relevant to health law research questions.",subfield,U28.02,U28
"Compile and analyze fishery catch, effort, and trade statistics from landings records or monitoring databases to assess exploitation trends.",subfield,U01.01,U01
Compile and analyze historical philosophical texts and commentaries as primary sources for interpretive scholarship.,subfield,U28.01,U28
Compile and analyze institutional funding and service data to assess the adequacy of library support.,subfield,U01.01,U01
"Compile and analyze judicial opinions, statutes, and legislative histories from legal databases and court records.",subfield,U28.02,U28
"Compile and analyze published reviews, program notes, and critical reception materials from theater productions.",subfield,U28.01,U28
"Compile and analyze state reports, shadow reports, and concluding observations from UN treaty body monitoring mechanisms.",subfield,U28.02,U28
"Compile and analyze statutory texts, regulations, and administrative rules from environmental agencies across jurisdictions.",subfield,U28.02,U28
"Compile and compare documented features of programs, institutions, or settings to characterize variation across sites.",subfield,U04.06,U04
"Compile and curate text corpora from web sources, digitized archives, or existing linguistic databases.",subfield,U06.01,U06
"Compile and integrate secondary data from national statistical offices, regional economic databases, and international trade repositories.",subfield,U01.01,U01
"Compile and quantify representation data from professional programs, publications, or membership records to assess patterns of inclusion in the discipline.",subfield,U01.01,U01
"Compile and synthesize documentary, secondary, and case-narrative evidence to support substantive or theoretical claims.",subfield,U24.03,U24
"Compile annotated taxonomic checklists documenting pest species, their hosts, and distribution records.",subfield,U06.01,U06
Compile archival materials from scientific institutions to reconstruct historical episodes of theory change.,subfield,U01.03,U01
"Compile archival materials including historical documents, photographs, or organizational records for cultural analysis.",subfield,U01.03,U01
"Compile archival materials including historical speeches, pamphlets, or media coverage to trace the evolution of rhetorical strategies over time.",subfield,U01.03,U01
"Compile census, demographic, and institutional statistics to characterize the language composition and language use of a population.",subfield,U01.01,U01
"Compile circulation, reference, and electronic-resource usage statistics to document collection use and service demand.",subfield,U01.01,U01
Compile comparative wordlists and grammatical descriptions from published sources across related languages.,subfield,U01.03,U01
"Compile corpora of naturally occurring discourse, argumentation, or rhetorical texts for analysis.",subfield,U06.01,U06
"Compile corpora of published poems from literary databases, anthologies, or digital archives for systematic analysis.",subfield,U06.01,U06
"Compile data from international organizations on arms transfers, peacekeeping operations, or sanctions regimes.",subfield,U01.01,U01
"Compile datasets of constitutional court decisions, dissents, and concurrences from official court records and legal databases.",subfield,U06.01,U06
"Compile datasets of corporate filings, contract terms, or regulatory enforcement actions from public registries.",subfield,U06.01,U06
"Compile datasets of immigration legislation, regulations, and judicial decisions for doctrinal or comparative analysis.",subfield,U06.01,U06
Compile datasets of published field-experiment results through systematic literature searches with predefined eligibility criteria.,subfield,U24.01,U24
"Compile demographic, economic, or administrative data from early modern parish registers, tax records, and notarial documents.",subfield,U01.03,U01
"Compile filmographies and production data from industry databases, trade publications, and historical records.",subfield,U01.01,U01
"Compile historical data on trade flows, tariffs, and economic agreements from government archives and statistical agencies.",subfield,U01.01,U01
Compile historical records from national archives to construct longitudinal data on political development.,subfield,U01.03,U01
Compile measurements and attribute information reported across many published studies into a unified database.,subfield,U06.01,U06
"Compile media archives from broadcast content, digital platforms, or print publications for textual analysis.",subfield,U01.03,U01
Compile merger and acquisition records from antitrust agencies or financial databases for competition analysis.,subfield,U01.01,U01
"Compile morbidity, mortality, and treatment records from farms or animal health databases.",subfield,U01.01,U01
Compile panel datasets combining farm-level records with regional economic and environmental indicators.,subfield,U06.02,U06
Compile parallel corpora of source texts and their translations from published materials or archives.,subfield,U06.01,U06
"Compile paratextual materials such as prefaces, correspondence, and reviews to contextualize literary works.",subfield,U01.03,U01
"Compile protest event data from newspaper archives, police records, or organizational documents.",subfield,U01.03,U01
Compile regulatory standards and grid-code requirements into technical design specifications for energy systems.,subfield,U30.07,U30
Compile sector statistics from national and international databases to characterize production and development trends,subfield,U01.01,U01
"Compile species occurrence records from museum collections, citizen science platforms, and field surveys.",subfield,U01.01,U01
Compile technical and deployment data from published and commercially deployed energy systems to characterize industry-wide trends.,subfield,U01.01,U01
Compile textual corpora of primary philosophical works and related historical documents for analysis.,subfield,U06.01,U06
Complete public trial registration and regulatory authorization requirements for study conduct,subfield,U19.01,U19
"Compute and validate citation-based indicators, field-normalized scores, and network centrality measures.",subfield,U02.11,U02
Compute bifurcation diagrams to predict qualitative changes in system behavior as parameters vary.,subfield,U09.01,U09
Compute biological distance statistics from metric or non-metric skeletal and dental traits to infer population and kin relationships.,subfield,U02.11,U02
"Compute citation-based indicators to assess the productivity and impact of publications, authors, or journals.",subfield,U02.11,U02
Compute confidence intervals and statistical significance tests for performance comparisons.,subfield,U02.09,U02
Compute controllability and observability properties for dynamic system models.,subfield,U09.01,U09
Compute crystallographic texture and misorientation distributions from orientation mapping or diffraction data.,subfield,U02.10,U02
"Compute derived clinical values, such as energy requirements and composite risk indices, from patient measurements using published equations.",subfield,U02.11,U02
Compute ecological diversity indices and multivariate similarity metrics from microbial community data to compare samples.,subfield,U02.12,U02
Compute energies of candidate structural and defect configurations from first principles to identify stable states,subfield,U09.04,U09
Compute entropy and entropy production for systems approaching or away from equilibrium.,subfield,U09.01,U09
Compute exact distributional properties of estimators and monitoring procedures through deterministic analytic or numerical computation.,subfield,U02.16,U02
Compute financial measures such as implied interest rates or realized returns from historical transaction and account records.,subfield,U02.11,U02
Compute free energy differences using thermodynamic integration or perturbation methods.,subfield,U09.04,U09
Compute fundamental groups and higher homotopy groups to distinguish topological spaces.,subfield,U29.01,U29
Compute hemispheric laterality or asymmetry indices from paired regional brain measures.,subfield,U02.11,U02
Compute homology and cohomology groups to classify topological spaces.,subfield,U29.01,U29
"Compute hydrodynamic forces, torques, and power expenditure on bodies from computed flow fields.",subfield,U09.01,U09
Compute low-rank matrix or tensor decompositions to extract and compress dominant structure of high-dimensional discrete data.,subfield,U02.07,U02
Compute metrics over source-code corpora with automated analysis to quantify the prevalence of code properties.,subfield,U02.11,U02
Compute molecular potential energy surfaces and rovibrational energy levels numerically.,subfield,U09.04,U09
Compute normalized therapeutic radiation dose distributions to enable comparison across patients or planning approaches.,subfield,U02.11,U02
Compute performance indices from human-device interaction measurements to evaluate assistive device or interface efficacy.,subfield,U02.11,U02
"Compute predicted physicochemical, drug-likeness, and ADMET properties of candidate compounds using in silico tools to prioritize hits.",subfield,U09.06,U09
Compute quantitative measures of temporal or lexical coordination between conversational partners.,subfield,U02.11,U02
Compute quantitative proportions from measured data to characterize samples or populations,subfield,U02.11,U02
"Compute sequence composition and structural statistics, such as GC content or intron density, to characterize genome architecture.",subfield,U02.12,U02
Compute spectral and variance statistics from ocean time series to characterize variability across frequencies and scales.,subfield,U02.06,U02
Compute spectral indices from multi-band optical measurements to characterize surface and atmospheric conditions.,subfield,U02.11,U02
Compute spectral properties of differential and integral operators to analyze solution stability.,subfield,U09.01,U09
Compute stable and unstable manifolds numerically to visualize global phase space structure.,subfield,U09.01,U09
"Compute standard demographic rates and indicators, such as fertility rates and life tables, from census and vital statistics data.",subfield,U02.11,U02
Compute strongly-coupled gauge-theory observables from dual gravitational backgrounds using holographic duality.,subfield,U09.01,U09
Compute structural and topological metrics from empirical network datasets to characterize real-world systems.,subfield,U02.11,U02
Compute topological invariants and band-geometric quantities from electronic structure to classify topological phases.,subfield,U09.04,U09
Compute trade potential by comparing gravity-model predicted flows with actual trade flows.,subfield,U02.08,U02
Compute trade-structure indices such as revealed comparative advantage or intra-industry trade from disaggregated trade flow data.,subfield,U02.11,U02
Conceptualize altmetrics and usage-based indicators to capture broader scholarly and societal engagement with research.,subfield,U07.14,U07
Conduct Monte Carlo simulation studies to evaluate the finite-sample performance of estimators or tests.,subfield,U02.16,U02
"Conduct archival research in libraries, museums, and special collections to locate primary source materials.",subfield,U01.03,U01
"Conduct archival research in libraries, special collections, or digital repositories to gather primary documents related to American authors and literary movements.",subfield,U01.03,U01
"Conduct archival research in repositories holding medieval manuscripts, charters, and administrative records.",subfield,U01.03,U01
Conduct baseline and endline data collection for randomized controlled trials evaluating development interventions.,subfield,U01.06,U01
Conduct bedside physiological challenge experiments that systematically vary clinical conditions to assess patient response,subfield,U01.10,U01
Conduct behavioral and functional performance tests in animals to quantify capacity after injury or intervention,subfield,U01.11,U01
"Conduct behavioral observations or simulations to assess deception, credibility, or malingering.",subfield,U01.09,U01
Conduct case-study analyses of implemented transport systems to derive transferable design and operational lessons.,subfield,U24.03,U24
Conduct classroom and school observations to document leadership practices and instructional climate.,subfield,U01.08,U01
"Conduct classroom observations to document instructional accommodations, modifications, and inclusive teaching practices.",subfield,U01.08,U01
"Conduct classroom observations to document instructional practices, student engagement, or peer interactions.",subfield,U01.08,U01
"Conduct classroom observations to document instructional practices, teacher-student interactions, or learner participation patterns.",subfield,U01.08,U01
Conduct classroom observations to document literacy instruction and student engagement with texts.,subfield,U01.08,U01
Conduct classroom observations to document teaching practices and student-teacher interactions.,subfield,U01.08,U01
Conduct classroom observations to document teaching practices or student behaviors during instruction.,subfield,U01.08,U01
Conduct close readings of primary theoretical texts to reconstruct a theorist's concepts and their development.,subfield,U28.01,U28
Conduct cointegration analysis to identify long-run equilibrium relationships in nonstationary time series.,subfield,U02.06,U02
Conduct comparative analysis of qualitative case studies across sites or regions to identify recurring drivers and patterns of social-ecological change.,subfield,U28.07,U28
Conduct conceptual analysis of contested policy terms to clarify their definitions and expose underlying assumptions.,subfield,U28.03,U28
"Conduct consumer surveys to collect data on brand awareness, preferences, or purchase behavior.",subfield,U01.06,U01
Conduct contact tracing and collect exposure histories to reconstruct transmission chains during outbreaks.,subfield,U01.07,U01
"Conduct content analysis of news articles, broadcasts, or social media posts to identify patterns in media coverage.",subfield,U28.06,U28
Conduct controlled laboratory soil incubations with repeated sampling to quantify biogeochemical transformations over time.,subfield,U01.17,U01
Conduct controlled user studies measuring task performance and interaction behaviour with map displays or geovisualization tools.,subfield,U01.09,U01
Conduct correspondence or audit field experiments that send fictitious applications to real-world gatekeepers to measure discriminatory treatment.,subfield,U01.21,U01
Conduct direct-observation transect or plot counts of animals to quantify abundance and activity.,subfield,U01.12,U01
Conduct discourse or conversation analysis of interaction transcripts to trace how participants' talk accomplishes social actions.,subfield,U28.06,U28
Conduct discourse or narrative analysis to examine how cultural meanings are constructed in texts or speech.,subfield,U28.01,U28
"Conduct ecological field surveys to document species abundance, habitat conditions, and ecosystem health.",subfield,U01.12,U01
"Conduct elite interviews with foreign policy practitioners, diplomats, or representatives of international organizations.",subfield,U01.07,U01
"Conduct elite interviews with policymakers, business leaders, or union officials to understand political-economic decision-making.",subfield,U01.07,U01
"Conduct elite interviews with policymakers, legislators, or interest group representatives to gather primary data on decision-making processes.",subfield,U01.07,U01
"Conduct elite interviews with politicians, bureaucrats, or party officials to gather primary data on political processes.",subfield,U01.07,U01
"Conduct employer surveys to collect data on hiring practices, wages, and workforce composition.",subfield,U01.06,U01
"Conduct ethnographic fieldwork at temples, monasteries, or pilgrimage sites to observe religious practices and community dynamics.",subfield,U01.08,U01
Conduct ethnographic fieldwork including participant observation in communities within the region of study.,subfield,U01.08,U01
"Conduct ethnographic fieldwork to document musical performances, rituals, or community music-making practices.",subfield,U01.08,U01
"Conduct ethnographic observations at cultural events, institutions, or sites to document practices and interactions.",subfield,U01.08,U01
Conduct ethnographic observations in racial or ethnic community settings to document cultural practices and social dynamics.,subfield,U01.08,U01
"Conduct ethnographic observations of media production environments, fan communities, or digital spaces.",subfield,U01.08,U01
"Conduct ethnographic observations of rehearsals, performances, and backstage processes to document theatrical production.",subfield,U01.08,U01
"Conduct ethnographic observations of religious rituals, ceremonies, and community gatherings across multiple traditions.",subfield,U01.08,U01
Conduct ex vivo drug-sensitivity assays on patient-derived or established cancer cells to test treatment response.,subfield,U01.19,U01
"Conduct ex-post evaluation of implemented public policies and funded programs, judging their performance against stated objectives, intended beneficiaries, and costs to inform resource allocation.",subfield,U02.99,U02
Conduct exit polls or election-day surveys to capture vote choice and voter characteristics.,subfield,U01.06,U01
Conduct exploratory or confirmatory factor analysis to identify underlying dimensional structures in multivariate data.,subfield,U02.07,U02
Conduct field condition surveys of existing structures to document damage and diagnose deterioration or failure causes.,subfield,U01.18,U01
Conduct field excavations to recover human skeletal remains and associated archaeological materials.,subfield,U01.12,U01
"Conduct field interviews with firm managers, entrepreneurs, or economic development practitioners to gather primary data on local economic processes.",subfield,U01.07,U01
"Conduct field interviews with refugees, displaced persons, or conflict-affected populations while managing security risks.",subfield,U01.07,U01
"Conduct field interviews with trade officials, customs authorities, or international arbitration practitioners.",subfield,U01.07,U01
"Conduct field observations in high-crime areas, correctional facilities, or community settings to document behaviors and interactions.",subfield,U01.08,U01
"Conduct field observations of public space usage, pedestrian activity, or built environment conditions.",subfield,U01.08,U01
"Conduct field sampling of wildlife, livestock, and arthropod vectors to assess pathogen prevalence at the animal-human interface.",subfield,U01.12,U01
"Conduct field surveys to document species abundance, distribution, and community composition.",subfield,U01.12,U01
Conduct field surveys using mobile GIS applications to record geolocated observations and attribute data.,subfield,U01.12,U01
"Conduct fieldwork interviews with native speakers to document vocabulary, grammar, and oral traditions.",subfield,U01.07,U01
Conduct finite element analysis to simulate structural response under mechanical and thermal loads.,subfield,U09.03,U09
Conduct finite element simulations to model continuum-scale mechanical behavior of materials.,subfield,U09.03,U09
Conduct follow-up examinations and owner interviews after treatment to ascertain long-term outcome and recurrence.,subfield,U01.11,U01
Conduct grid convergence studies to verify numerical accuracy of simulation results.,subfield,U09.09,U09
Conduct hazard and operability assessments for experimental apparatus and pilot plants.,subfield,U16.04,U16
Conduct host-organism bioassays to assess effects of microbial isolates or their metabolites on host growth.,subfield,U01.19,U01
Conduct human-participant studies to evaluate operator performance and experience with a system,subfield,U01.09,U01
Conduct immunohistochemistry to detect protein expression and localization in tissue sections.,subfield,U01.19,U01
Conduct in vitro drug release or dissolution testing of formulations under simulated physiological conditions.,subfield,U01.17,U01
Conduct in vitro incubations of feed or food materials to estimate digestibility and fermentation,subfield,U01.19,U01
Conduct in vivo efficacy studies in whole-organism or animal disease models to evaluate pharmacological activity of candidate compounds.,subfield,U01.11,U01
"Conduct in vivo metabolic challenge tests, such as glucose tolerance tests, to assess dynamic metabolic function.",subfield,U01.11,U01
Conduct in vivo studies in animals or plants to evaluate biological response to implanted or administered materials,subfield,U01.11,U01
"Conduct in-depth interviews to gather narrative accounts of embodied experience, memory, or identity formation.",subfield,U01.07,U01
"Conduct informal, uncontrolled trials of prototypes with users to identify promising design directions.",subfield,U01.09,U01
"Conduct interviews and focus groups with providers, administrators, and patients to characterize implementation contexts.",subfield,U01.07,U01
"Conduct interviews or ethnographic observations within churches, seminaries, or Christian organizations to gather primary data on religious life.",subfield,U01.07,U01
"Conduct interviews or focus groups with clergy, religious practitioners, or members of faith communities to gather primary data on religious life.",subfield,U01.07,U01
Conduct interviews or oral histories with individuals about their experiences of gender identity formation or sexual identity development.,subfield,U01.07,U01
"Conduct interviews with IP practitioners, policymakers, or industry stakeholders to gather primary qualitative data.",subfield,U01.07,U01
"Conduct interviews with Islamic scholars, religious leaders, and community members to gather primary qualitative data.",subfield,U01.07,U01
"Conduct interviews with constitutional court judges, clerks, or advocates to understand decision-making processes.",subfield,U01.07,U01
"Conduct interviews with directors, producers, actors, or other film industry personnel to document production histories and creative practices.",subfield,U01.07,U01
"Conduct interviews with divorcing parties, custodial parents, or family law attorneys about legal processes and outcomes.",subfield,U01.07,U01
"Conduct interviews with entrepreneurs, investors, or innovation managers to gather primary qualitative data.",subfield,U01.07,U01
"Conduct interviews with health care providers, patients, or legal professionals to gather perspectives on bioethical controversies.",subfield,U01.07,U01
"Conduct interviews with human rights defenders, legal practitioners, and civil society actors to gather primary accounts of rights implementation.",subfield,U01.07,U01
"Conduct interviews with immigration judges, attorneys, or agency officials to gather data on legal decision-making processes.",subfield,U01.07,U01
"Conduct interviews with justice-involved individuals, crime victims, or criminal justice professionals.",subfield,U01.07,U01
"Conduct interviews with legal practitioners, judges, or policymakers to gather perspectives on legal processes and reforms.",subfield,U01.07,U01
"Conduct interviews with legal practitioners, judges, or regulatory officials to gather expert perspectives.",subfield,U01.07,U01
Conduct interviews with living postcolonial authors or cultural practitioners to contextualize literary production and reception.,subfield,U01.07,U01
"Conduct interviews with migrants, refugees, or diaspora members about their migration trajectories and settlement experiences.",subfield,U01.07,U01
"Conduct interviews with patients, caregivers, or healthcare providers about illness experiences and care processes.",subfield,U01.07,U01
"Conduct interviews with policymakers, legal practitioners, or affected communities to gather perspectives on environmental law implementation.",subfield,U01.07,U01
"Conduct interviews with political elites, activists, or organizational leaders to understand decision-making and power dynamics.",subfield,U01.07,U01
Conduct interviews with practitioners to understand how corporate and commercial law operates in practice.,subfield,U01.07,U01
"Conduct interviews with religious practitioners, clergy, or community members to gather firsthand accounts of religious life.",subfield,U01.07,U01
Conduct interviews with scientists to gather data on reasoning processes and decision-making in research.,subfield,U01.07,U01
"Conduct interviews with translators, editors, or publishers to gather data on translation practices and workflows.",subfield,U01.07,U01
"Conduct item analysis to evaluate difficulty, discrimination, and functioning of assessment items.",subfield,U02.07,U02
"Conduct laboratory analyses of collected samples to quantify their physical, chemical, or mineralogical properties.",subfield,U01.17,U01
Conduct laboratory experiments to test theoretical predictions about individual choice or strategic behavior.,subfield,U01.09,U01
Conduct laboratory experiments using computerized interfaces to collect incentivized choice data from participants.,subfield,U01.09,U01
Conduct laboratory experiments using confederates or scripted social interactions to study influence processes.,subfield,U01.09,U01
Conduct longitudinal clinical follow-up after treatment to detect disease recurrence or progression.,subfield,U01.10,U01
Conduct manipulation checks to verify that experimental treatments produced their intended psychological state or perception.,subfield,U02.01,U02
Conduct meta-analyses using random-effects models to synthesize treatment effects across heterogeneous studies.,subfield,U02.08,U02
Conduct micromagnetic simulations to predict domain structures and magnetization reversal processes.,subfield,U09.03,U09
Conduct needs assessments with learners and stakeholders to identify competencies and content for a new curriculum.,subfield,U08.01,U08
Conduct newsroom observations or ethnographic fieldwork to document journalistic practices and organizational cultures.,subfield,U01.08,U01
Conduct numerical experiments varying model parameters or assumptions to assess the behavior and robustness of model solutions.,subfield,U09.09,U09
Conduct observational and ethnographic fieldwork on how patrons navigate physical and virtual library spaces.,subfield,U01.08,U01
"Conduct observations of intercultural interactions in naturalistic settings such as multicultural workplaces, classrooms, or community organizations.",subfield,U01.08,U01
Conduct online surveys or experiments embedded within digital platforms to study user behavior.,subfield,U01.06,U01
Conduct oral history interviews with individuals who experienced colonial rule or its immediate aftermath.,subfield,U01.07,U01
Conduct oral history interviews with individuals who experienced or witnessed historical events and cultural transformations.,subfield,U01.07,U01
Conduct oral history interviews with individuals who experienced or witnessed significant modern historical events.,subfield,U01.07,U01
"Conduct oral history interviews with participants in political events, military operations, or policy decisions.",subfield,U01.07,U01
"Conduct oral history interviews with scientists, technologists, or witnesses to document firsthand accounts of scientific developments.",subfield,U01.07,U01
Conduct parallel analyses in a second species to test whether developmental findings generalize across species.,subfield,U02.08,U02
"Conduct participant observation at protests, rallies, or movement meetings to document tactical repertoires and group dynamics.",subfield,U01.08,U01
"Conduct participant observation in clinical settings, healing ceremonies, or community health contexts.",subfield,U01.08,U01
"Conduct participant observation in community settings to document everyday practices, rituals, and social interactions.",subfield,U01.08,U01
Conduct participant observation in hospitality settings to document service encounters and guest-staff interactions.,subfield,U01.08,U01
"Conduct participant observation in neighborhoods, public spaces, or community settings to document spatial practices.",subfield,U01.08,U01
"Conduct participant observation in public spaces, neighborhoods, or cultural sites to document spatial practices.",subfield,U01.08,U01
"Conduct participant observation in religious services, rituals, and congregational activities.",subfield,U01.08,U01
Conduct participant observation in speech communities to document language practices in naturalistic settings.,subfield,U01.08,U01
Conduct participant observation in speech communities to document language use in everyday social interactions.,subfield,U01.08,U01
Conduct participatory consultations with community members to gather local concerns and personal stories as source material for devised performance.,subfield,U01.07,U01
Conduct pathway and gene ontology enrichment analyses to interpret gene lists.,subfield,U02.12,U02
Conduct pathway enrichment and gene ontology analyses to interpret lists of significant genes.,subfield,U02.12,U02
Conduct phenomenological analysis of interview data to identify essential structures of lived experience.,subfield,U28.06,U28
Conduct phylogenetic analyses to infer evolutionary relationships among plant lineages.,subfield,U02.13,U02
Conduct phylogenetic analyses to infer evolutionary relationships among taxa.,subfield,U02.13,U02
"Conduct phylogenetic analyses using parsimony, likelihood, or Bayesian methods to reconstruct evolutionary trees.",subfield,U02.13,U02
Conduct plot-based field surveys of vegetation and land cover to characterize present-day landscape conditions.,subfield,U01.12,U01
"Conduct policy impact evaluations using difference-in-differences, regression discontinuity, or instrumental variable approaches.",subfield,U02.03,U02
Conduct post-mortem organ and tissue examination to assess structural effects of dietary interventions.,subfield,U01.11,U01
Conduct post-occupancy evaluations to assess building performance and user satisfaction.,subfield,U01.08,U01
Conduct posterior predictive checks to assess model fit and identify systematic discrepancies.,subfield,U02.15,U02
Conduct power or precision calculations to determine the sample size required before data collection.,subfield,U07.01,U07
Conduct pre-participation medical screening to establish eligibility and safety for exercise-based research protocols.,subfield,U07.06,U07
"Conduct process evaluations of intervention delivery to assess fidelity, reach, and dose.",subfield,U02.11,U02
Conduct qualitative case studies of food or agricultural organizations and programs to characterize their operation and evolution.,subfield,U28.06,U28
"Conduct quantitative bias analysis to quantify the influence of unmeasured confounding, misclassification, or selection on estimates.",subfield,U02.08,U02
Conduct rank-based hypothesis tests for comparing groups when normality assumptions are violated.,subfield,U02.01,U02
Conduct repeated phenological monitoring to record the timing and duration of vegetative and reproductive events.,subfield,U01.12,U01
"Conduct semi-structured interviews or focus groups with patients, caregivers, and clinicians to elicit their perspectives",subfield,U01.07,U01
Conduct sensitivity analyses to test the robustness of findings to alternative measures or causal assumptions.,subfield,U02.08,U02
Conduct sensitivity analysis to assess how parameter variations affect optimal solutions and objective values.,subfield,U09.09,U09
Conduct sensitivity analysis to quantify how model outputs depend on parameter variations.,subfield,U09.09,U09
"Conduct serial clinical, laboratory, and imaging assessments in individual patients to track disease course and treatment response",subfield,U01.10,U01
Conduct site assessments to characterize contamination extent and environmental conditions.,subfield,U01.12,U01
Conduct site observations and spatial analyses to document how people use and navigate built environments.,subfield,U01.08,U01
"Conduct site visits and field observations to document actual waste handling, collection, and disposal practices.",subfield,U01.08,U01
"Conduct site visits to courthouses and other legal settings to document their physical, spatial, and technological features.",subfield,U01.08,U01
Conduct small-scale pilot fieldings to estimate operational parameters such as completion time and response rates before full launch.,subfield,U07.03,U07
"Conduct standardized laboratory tests on soil specimens to determine classification, compaction, and strength properties.",subfield,U01.17,U01
Conduct statistical significance testing to compare system performance across experimental conditions.,subfield,U02.01,U02
"Conduct structured behavioral observations of children in naturalistic settings such as homes, classrooms, or playgrounds.",subfield,U01.08,U01
Conduct structured or behavioral interviews to assess job candidates or gather data on workplace experiences.,subfield,U01.07,U01
"Conduct structured or naturalistic observations of children's play, social interactions, or learning behaviors in early childhood settings.",subfield,U01.08,U01
Conduct studio visits or site observations to document artistic practices and creative processes.,subfield,U01.08,U01
Conduct survey experiments exposing respondents to varied political messages to measure persuasion or attitude change.,subfield,U01.06,U01
"Conduct surveys of public managers, frontline workers, or elected officials to gather primary data on administrative practices.",subfield,U01.06,U01
"Conduct surveys or experiments with financial professionals, investors, or corporate managers to collect primary behavioral data.",subfield,U01.06,U01
Conduct systematic multi-database literature searches with explicit screening criteria to assemble a study corpus for evidence synthesis,subfield,U24.01,U24
"Conduct systematic observations of physical education classes, sport practices, or recreational settings.",subfield,U01.08,U01
"Conduct systematic observations of public spaces, streetscapes, or neighborhood conditions to document urban environments.",subfield,U01.08,U01
Conduct systematic pedestrian surveys to identify and record surface artifacts and site locations.,subfield,U01.12,U01
Conduct think-aloud interviews to capture student reasoning during STEM problem-solving tasks.,subfield,U01.07,U01
Conduct turn-by-turn sequential analysis of recorded interaction to show how participants accomplish actions in talk.,subfield,U28.06,U28
"Conduct usability studies to observe how users interact with digital libraries, catalogs, or information retrieval systems.",subfield,U01.09,U01
Conduct usability testing sessions to gather primary data on user interactions with information systems.,subfield,U01.09,U01
"Conduct vegetation surveys using quadrats, transects, or point-intercept methods to quantify plant community composition.",subfield,U01.12,U01
Conduct waste characterization studies through systematic sampling and sorting of municipal solid waste.,subfield,U01.12,U01
"Conduct workplace observations to document organizational routines, labor processes, and social interactions.",subfield,U01.08,U01
Configure batch and continuous flow experiments to characterize biological or chemical treatment processes.,subfield,U07.11,U07
Configure experimental setups for measuring power quality parameters and harmonic distortion.,subfield,U07.10,U07
"Configure exposure protocols that deliver controlled acoustic, electromagnetic, or thermal energy doses to cells or tissues.",subfield,U07.11,U07
"Configure flow visualization setups using dye injection, smoke, or particle seeding techniques.",subfield,U07.10,U07
Configure hardware-in-the-loop test environments for validating control algorithms.,subfield,U07.10,U07
"Configure laser beam paths and optical elements for atom trapping, cooling, or spectroscopy.",subfield,U07.10,U07
Configure magnetic field environments using superconducting magnets for magnetotransport measurements.,subfield,U07.10,U07
"Configure optical setups with beam splitters, waveplates, and detectors for quantum state preparation and measurement.",subfield,U07.10,U07
Configure reactor systems with controlled residence time and mixing conditions.,subfield,U07.10,U07
Configure repeatable manipulation tasks with known object properties to benchmark grasping algorithms.,subfield,U07.10,U07
"Configure spectroscopic measurements with appropriate wavelength ranges, resolution, and sample conditions.",subfield,U07.11,U07
Configure structural test setups with specified loading conditions and boundary constraints.,subfield,U07.11,U07
Configure testbed networks with controlled traffic patterns and channel conditions to evaluate protocol performance.,subfield,U07.10,U07
Configure wind tunnel or flow channel experiments with specified inlet conditions and turbulence levels.,subfield,U07.11,U07
Confirm structural and stereochemical assignments by chemical correlation with independently prepared authentic compounds.,subfield,U01.17,U01
Consider developmental stage and aging effects when interpreting neuropsychological assessment results across the lifespan.,subfield,U02.07,U02
Consider whether interpretations of aesthetic value or meaning will hold across different cultural traditions and historical periods.,subfield,U28.07,U28
Constrain cosmological parameters by comparing theoretical predictions to large-scale structure or CMB observations.,subfield,U02.10,U02
Construct Hammett or linear free energy relationship plots to probe electronic effects on catalysis.,subfield,U02.10,U02
Construct affordability or financial-burden indicators by relating expenditure requirements to household income or capacity to pay.,subfield,U04.05,U04
Construct alternative scenarios and vary input assumptions to assess robustness of power system planning results.,subfield,U09.10,U09
Construct analogies between structurally similar debates or domains to illuminate a normative argument.,subfield,U28.03,U28
Construct and defend original normative arguments that derive conclusions from explicit premises.,subfield,U28.03,U28
Construct and run Markov chain Monte Carlo samplers for posterior inference.,subfield,U02.15,U02
"Construct and validate historical price indices, GDP estimates, or living standards measures from fragmentary source data.",subfield,U04.05,U04
Construct and verify mathematical proofs using rigorous deductive reasoning from foundational principles.,subfield,U29.01,U29
Construct belief elicitation tasks using proper scoring rules to measure subjective probabilities.,subfield,U07.04,U07
Construct benchmark datasets with controlled relevance judgments for system comparison.,subfield,U07.04,U07
Construct benchmark problem instances with known optimal solutions to validate algorithmic correctness.,subfield,U09.09,U09
Construct benchmark suites with representative workloads to evaluate software system performance.,subfield,U09.09,U09
Construct biographical case studies of individual officials to illuminate broader institutional dynamics.,subfield,U28.04,U28
Construct birational modifications such as blow-ups to resolve singularities or degeneracies of a variety or geometric structure.,subfield,U29.02,U29
Construct bootstrap or resampling-based standard errors and critical values for statistics with intractable sampling distributions.,subfield,U02.16,U02
Construct chronologies by counting and cross-matching incremental growth layers in accretionary deposits or organisms.,subfield,U04.05,U04
"Construct co-authorship, citation, or co-word networks to model the structure and dynamics of research communities.",subfield,U04.05,U04
"Construct comorbidity, severity, and risk-adjustment measures from clinical and claims data for use in health economic analyses.",subfield,U04.05,U04
Construct comparative profiles of study sites across multiple descriptive dimensions to characterize variation.,subfield,U04.05,U04
Construct complex polymer topologies by coupling or exchanging bonds between preformed polymer chains.,subfield,U30.04,U30
Construct composite indices by aggregating multiple indicators into domain or global scores.,subfield,U04.05,U04
Construct composite indices by combining multiple measured variables into summary scores for analysis,subfield,U04.05,U04
"Construct composite measures of socioeconomic status from multiple indicators of education, occupation, and income.",subfield,U04.05,U04
"Construct composite scales or indices from survey items to measure farmers' attitudes, competencies, or motivations.",subfield,U07.07,U07
"Construct composition indicators such as diversity or homophily measures from author, topic, and affiliation attributes.",subfield,U04.05,U04
"Construct computational representations of experimental stimuli, such as semantic embeddings or extracted stimulus events, for use in neural analyses.",subfield,U04.05,U04
Construct conceptual typologies and models that define and organize the core constructs of a phenomenon.,subfield,U12.03,U12
"Construct conjugacies, semi-conjugacies, or factor maps to normal-form models to classify systems up to equivalence.",subfield,U29.02,U29
Construct consistent measures of union status and living arrangements from varying survey definitions.,subfield,U04.02,U04
"Construct consistent time series by harmonizing macroeconomic data across different vintages, definitions, or reporting standards.",subfield,U04.02,U04
"Construct consistent wage measures by adjusting for inflation, hours worked, and non-wage compensation.",subfield,U04.05,U04
Construct controlled evaluation datasets to isolate specific linguistic capabilities or model behaviors.,subfield,U07.04,U07
Construct decision-analytic simulation models of disease progression to project long-term costs and health outcomes.,subfield,U09.10,U09
Construct dichotomous or multi-access identification keys from diagnostic characters for practical taxon identification.,subfield,U07.07,U07
Construct directed acyclic graphs to encode causal assumptions and identify minimal sufficient sets of variables for adjustment.,subfield,U02.03,U02
Construct discrete counterparts of continuous structures to serve as tools for analyzing them.,subfield,U29.03,U29
Construct distance-based proximity or accessibility measures for use as explanatory variables.,subfield,U04.05,U04
Construct effective tax rates and fiscal variables from raw administrative or survey data.,subfield,U04.05,U04
"Construct empirically grounded typologies that classify practices, artifacts, or organizational forms.",subfield,U12.03,U12
"Construct examples or counterexamples demonstrating the necessity, tightness, or independence of a theoretical result's assumptions.",subfield,U29.02,U29
Construct explicit bijections between combinatorial structures to prove enumerative identities and structural equivalences.,subfield,U29.02,U29
Construct explicit examples and counterexamples to test algebraic conjectures.,subfield,U29.02,U29
Construct explicit examples and counterexamples to test conjectures about manifolds and spaces.,subfield,U29.02,U29
Construct explicit examples of algebraic varieties to test or illustrate theoretical predictions.,subfield,U29.02,U29
"Construct explicit representations, such as formal diagrams or distribution maps, to display the patterns under analysis",subfield,U27.01,U27
Construct explicit solutions or solution representations for differential equations using transform methods and special functions.,subfield,U29.02,U29
"Construct exposure databases of building stock attributes and asset values from census, registry, and geospatial data.",subfield,U04.04,U04
Construct field- or farm-scale nutrient and carbon budgets by integrating measured input and output flows.,subfield,U04.05,U04
Construct forced-choice or scalar rating instruments to assess interpretation of ambiguous or context-dependent expressions.,subfield,U07.04,U07
Construct genetic or physical marker maps to localize loci and anchor genome assemblies.,subfield,U04.09,U04
Construct genetically modified microbial strains such as targeted knockouts or fluorescent reporters to test gene or trait function.,subfield,U07.13,U07
Construct genetically modified strains and site-directed mutants to probe the function of specific molecular components.,subfield,U07.13,U07
"Construct geographically defined market and shock measures by geocoding firm, event, and population locations.",subfield,U04.04,U04
"Construct geometric structures on solution spaces, such as metrics or retractions, to support optimization over them.",subfield,U29.03,U29
Construct graph or ontology structures over entities derived from data to encode their semantic relations.,subfield,U04.05,U04
Construct house price indices from repeat sales or median transaction prices to track market price trends.,subfield,U04.05,U04
Construct hypothetical cases and analogies to test the implications of legal or philosophical claims.,subfield,U28.03,U28
Construct hypothetical intercultural scenarios or vignettes to serve as experimental stimuli or illustrative cases.,subfield,U07.04,U07
Construct incentive-compatible elicitation mechanisms to measure economic preferences or beliefs.,subfield,U07.04,U07
Construct instruments to measure principal leadership behaviors and their relationship to school outcomes.,subfield,U07.03,U07
Construct integrative conceptual frameworks by adapting and synthesizing theory across disciplines to explain sustainability problems.,subfield,U12.03,U12
"Construct invented example sentences or minimal pairs and apply the researcher's own acceptability, felicity, or truth-value judgments to test semantic and pragmatic hypotheses.",subfield,U07.04,U07
Construct items to capture individual differences in behavioral tendencies such as sensation seeking or perfectionism.,subfield,U07.07,U07
"Construct language history questionnaires to measure bilingual experience, language dominance, and usage patterns.",subfield,U07.03,U07
Construct longitudinal employment spell and event-timing variables from panel or administrative histories.,subfield,U04.04,U04
Construct measurable witnesses whose observed values certify entanglement or coherence in a quantum system.,subfield,U07.14,U07
Construct measures of electoral competition and partisan behavior from precinct- and district-level election returns.,subfield,U04.05,U04
Construct measures of foreign investment presence or spillover exposure from industry-level data.,subfield,U04.05,U04
Construct model inputs with prescribed parameters or statistics to set up coarse-grained simulations,subfield,U09.02,U09
"Construct new conceptual frameworks or typologies to organize determinants, actors, and stages of health-system change.",subfield,U12.03,U12
Construct new hypothesis test statistics and testing procedures to detect misspecification or parameter instability.,subfield,U02.16,U02
"Construct non-wage outcome measures, such as job match quality or absence, from survey and administrative data.",subfield,U04.05,U04
Construct nonverbal perceptual or magnitude-estimation tasks to measure social judgments.,subfield,U07.04,U07
Construct normative principles from political philosophy to evaluate the justice or legitimacy of migration policies.,subfield,U28.03,U28
Construct optimal portfolio weights by solving allocation problems under specified risk or utility objectives.,subfield,U29.01,U29
Construct or adapt population anatomical atlases and templates for defining regions of interest in imaging analyses.,subfield,U04.10,U04
Construct original arguments to establish or challenge a philosophical thesis,subfield,U28.03,U28
Construct p-adic analytic objects by interpolating classical modular forms or L-values across families.,subfield,U29.02,U29
"Construct panel datasets linking energy prices, consumption, and policy variables across jurisdictions and time periods.",subfield,U04.04,U04
Construct periodization schemes that divide design or institutional developments into distinct historical phases.,subfield,U12.03,U12
Construct periodizations of regional historical processes by synthesizing evidence across sites and sources.,subfield,U12.03,U12
Construct predictors and portfolio formation rules from contemporaneously available information to avoid look-ahead bias.,subfield,U02.11,U02
"Construct price indices, productivity measures, or risk indicators from raw agricultural data.",subfield,U04.05,U04
Construct proxy measures from indirect or secondary data when direct measures are unavailable,subfield,U04.05,U04
Construct purpose-built instruments or functions to generate quantitative environmental estimates,subfield,U07.14,U07
Construct quasi-experimental research designs to evaluate the causal impacts of agricultural policies or programs.,subfield,U02.03,U02
"Construct question batteries to assess political knowledge, partisan identity, and ideological self-placement.",subfield,U07.03,U07
"Construct questionnaire items assessing perceived social norms, conformity pressures, or group identification.",subfield,U07.03,U07
"Construct questionnaire items to capture perceptions of corruption, institutional trust, or political efficacy.",subfield,U07.03,U07
"Construct questionnaires to capture customer experience, service quality perceptions, or loyalty intentions.",subfield,U07.03,U07
"Construct questionnaires to elicit self-reported language use, proficiency, and linguistic repertoires.",subfield,U07.03,U07
Construct questionnaires to measure access to and usage of financial services among underserved populations.,subfield,U07.03,U07
"Construct questionnaires with attention to question wording, order effects, and response scale design to minimize measurement error.",subfield,U07.03,U07
Construct reusable models or mechanisms that satisfy stated requirements of a target system.,subfield,U30.02,U30
"Construct sampling and post-stratification weights that adjust for selection probabilities, nonresponse, and population benchmarks.",subfield,U04.03,U04
"Construct scales to measure HR practices, organizational climate, or workplace perceptions at individual or unit levels.",subfield,U07.07,U07
"Construct scales to measure academic emotions, test anxiety, or attitudes toward specific subjects.",subfield,U07.07,U07
"Construct scales to measure workplace constructs such as burnout, engagement, or perceived organizational support.",subfield,U07.07,U07
Construct sentence completion or forced-choice tasks to elicit syntactic preferences from participants.,subfield,U07.04,U07
Construct spatial data structures such as triangulations or voxel hierarchies from point and mesh data.,subfield,U09.08,U09
Construct spatially and relationally structured datasets from event records to model diffusion of collective action across units.,subfield,U04.04,U04
Construct stratifications of spaces indexed by combinatorial data to analyze their decomposition and closure relations.,subfield,U29.02,U29
Construct stylized numerical examples or accounting models to illustrate and quantify predicted policy effects.,subfield,U09.10,U09
Construct surrogate models or emulators that cheaply approximate expensive simulators for use in Bayesian inference and design.,subfield,U09.06,U09
"Construct surrogate, shuffled, or randomized versions of financial data to benchmark observed statistics against a null of no structure.",subfield,U02.06,U02
Construct survey experiments with randomized treatments to test causal claims about political communication or framing effects.,subfield,U07.04,U07
Construct survey instruments measuring resident attitudes toward tourism development and perceived community impacts.,subfield,U07.03,U07
"Construct survey instruments to measure household energy consumption behaviors, conservation attitudes, or technology adoption intentions.",subfield,U07.03,U07
Construct synthetic test systems and input datasets to exercise simulation models and algorithms,subfield,U09.09,U09
Construct taxonomies and conceptual frameworks that organize technologies and practices in an emerging research area,subfield,U24.03,U24
Construct the control elements and hardware assemblies needed to realize an experimental system,subfield,U07.10,U07
Construct training datasets for susceptibility modeling by sampling non-event locations to complement hazard inventories.,subfield,U04.04,U04
Construct vignette-based questionnaires presenting moral dilemmas to elicit normative reasoning from participants.,subfield,U07.04,U07
Consult with descendant communities and Indigenous groups regarding research involving ancestral sites or human remains.,subfield,U19.04,U19
Contact patients during follow-up to ascertain outcome events such as recurrence or death,subfield,U01.10,U01
Contextualize individual narratives within broader social structures and cultural frameworks to assess representativeness.,subfield,U28.06,U28
"Control for age, sex, and population affinity when analyzing skeletal variation or disease prevalence.",subfield,U02.02,U02
Control for base rates of offending and selection effects when validating risk assessment instruments.,subfield,U02.02,U02
Control for baseline fitness levels and habitual activity when analyzing intervention effects on health outcomes.,subfield,U02.02,U02
Control for baseline symptom severity and comorbid conditions when analyzing treatment outcome data.,subfield,U02.02,U02
Control for borrowing and areal diffusion when establishing genetic relationships between languages.,subfield,U02.02,U02
Control for case selection effects when analyzing patterns in constitutional litigation outcomes.,subfield,U02.02,U02
Control for circadian timing and sleep history when analyzing behavioral or neural outcome measures.,subfield,U02.02,U02
Control for confounding between religious participation and sociodemographic characteristics in statistical analyses.,subfield,U02.02,U02
"Control for confounding factors such as colonial history, economic development, or regional diffusion in cross-national analyses.",subfield,U02.02,U02
"Control for confounding factors such as colonial history, geography, or resource endowments in cross-national economic analyses.",subfield,U02.02,U02
"Control for confounding factors such as economic conditions, demographic composition, or historical legacies in observational analyses.",subfield,U02.02,U02
"Control for confounding factors such as geographic proximity, alliance membership, or regime type in cross-national security analyses.",subfield,U02.02,U02
"Control for confounding factors such as geographic proximity, economic interdependence, or shared regime type in cross-national analyses.",subfield,U02.02,U02
"Control for confounding factors such as income, jurisdiction, and legal representation when analyzing family law outcomes.",subfield,U02.02,U02
Control for confounding factors such as pre-migration characteristics when estimating effects of migration on health or economic outcomes.,subfield,U02.02,U02
"Control for confounding factors such as socioeconomic status, education, or regional context when analyzing political outcomes.",subfield,U02.02,U02
Control for confounding factors when analyzing the effects of immigration policies on migrant outcomes.,subfield,U02.02,U02
"Control for confounding variables related to location, built environment, and socioeconomic context in urban analyses.",subfield,U02.02,U02
"Control for confounding variables such as disability severity, socioeconomic status, and prior services when evaluating intervention effectiveness.",subfield,U02.02,U02
Control for confounding variables such as prior brand usage or competitive advertising when estimating marketing effects.,subfield,U02.02,U02
"Control for confounding variables such as prior criminal history, socioeconomic status, or neighborhood context in crime and justice research.",subfield,U02.02,U02
"Control for confounding variables such as tenure, job level, or industry when analyzing workplace outcomes.",subfield,U02.02,U02
"Control for confounding variables such as text length, domain, or time period when analyzing corpus-based findings.",subfield,U02.02,U02
"Control for confounding variables such as trip purpose, travel party composition, and prior visitation when analyzing tourist behavior.",subfield,U02.02,U02
Control for confounding variables when analyzing the relationship between IT investments and organizational performance.,subfield,U02.02,U02
Control for confounding variables when comparing policy outcomes across jurisdictions with different characteristics.,subfield,U02.02,U02
Control for confounding variables when estimating the impact of media exposure on political attitudes.,subfield,U02.02,U02
Control for contextual and prosodic confounds when analyzing pragmatic interpretation data.,subfield,U02.02,U02
Control for country-level confounders such as institutional quality and economic development when analyzing cross-national data.,subfield,U02.02,U02
Control for demographic and cultural variables when analyzing cross-cultural data on philosophical intuitions.,subfield,U02.02,U02
Control for differences in legal culture and institutional context when comparing legal outcomes across jurisdictions.,subfield,U02.02,U02
Control for endogeneity between economic outcomes and locational factors in observational studies of regional development.,subfield,U02.02,U02
Control for endogeneity in studies examining relationships between entrepreneurial actions and firm outcomes.,subfield,U02.02,U02
Control for endogeneity when examining relationships between HR practices and organizational outcomes.,subfield,U02.02,U02
Control for firm characteristics and market conditions when analyzing the effects of IP rights on innovation outcomes.,subfield,U02.02,U02
Control for firm fixed effects and time fixed effects to isolate causal relationships in panel data.,subfield,U02.05,U02
Control for firm-level and industry-level confounders in observational studies of operational outcomes.,subfield,U02.02,U02
Control for firm-level heterogeneity and time-varying confounders using fixed effects models in panel data analysis.,subfield,U02.05,U02
Control for health literacy and prior health knowledge when analyzing message effects on health outcomes.,subfield,U02.02,U02
Control for health-related confounders such as comorbidities or medication use when analyzing psychological predictors of health outcomes.,subfield,U02.02,U02
Control for individual differences in processing speed or working memory capacity when analyzing cognitive task data.,subfield,U02.02,U02
Control for individual differences in social desirability when analyzing self-reported prejudice or discrimination.,subfield,U02.02,U02
"Control for industry effects, firm heterogeneity, and time trends when analyzing determinants of firm outcomes.",subfield,U02.02,U02
Control for institutional characteristics and student background factors when comparing outcomes across colleges or universities.,subfield,U02.02,U02
Control for jurisdictional and industry-specific factors when analyzing the effects of legal rules on corporate outcomes.,subfield,U02.02,U02
Control for jurisdictional and temporal confounders when comparing policy effects across governance systems.,subfield,U02.02,U02
Control for jurisdictional variation and regulatory heterogeneity when comparing environmental policy outcomes across regions.,subfield,U02.02,U02
"Control for language proficiency, length of residence, and prior intercultural experience when analyzing cross-cultural communication outcomes.",subfield,U02.02,U02
"Control for learner proficiency level, first language background, and prior instruction when analyzing effects of pedagogical interventions.",subfield,U02.02,U02
Control for lexical and semantic confounds when analyzing syntactic processing data.,subfield,U02.02,U02
"Control for lexical variables such as word frequency, length, and imageability when analyzing processing effects.",subfield,U02.02,U02
Control for maturational confounds when analyzing age-related differences in cross-sectional developmental data.,subfield,U02.02,U02
Control for multilateral resistance and other confounding factors when estimating gravity model specifications.,subfield,U02.02,U02
Control for neighborhood selection and sorting when estimating the effects of local amenities or disamenities on housing market outcomes.,subfield,U02.02,U02
Control for neighborhood-level confounders when analyzing relationships between community characteristics and crime rates.,subfield,U02.02,U02
Control for omitted variable bias and reverse causality when analyzing the effects of policy interventions on aggregate outcomes.,subfield,U02.02,U02
Control for premorbid functioning and demographic variables when analyzing neuropsychological test performance.,subfield,U02.02,U02
Control for prior academic performance and training site characteristics when analyzing educational outcomes.,subfield,U02.02,U02
Control for prior academic preparation and course-taking patterns when comparing outcomes across instructional interventions.,subfield,U02.02,U02
Control for prior achievement and demographic variables when estimating instructional effects on student outcomes.,subfield,U02.02,U02
Control for prior achievement and socioeconomic factors when analyzing effects of educational interventions.,subfield,U02.02,U02
Control for prior technology experience and access when analyzing effects of educational technology interventions.,subfield,U02.02,U02
Control for response biases including social desirability and acquiescence in personality scale analyses.,subfield,U02.02,U02
"Control for social factors such as age, gender, ethnicity, and social class in analyses of linguistic variation.",subfield,U02.02,U02
Control for spatial autocorrelation and clustering effects when analyzing tourism data across geographic units.,subfield,U02.14,U02
Control for spatial spillovers and geographic confounders when estimating localized environmental or energy policy effects.,subfield,U02.14,U02
"Control for student, school, and district characteristics when estimating effects of educational policies or leadership practices.",subfield,U02.02,U02
Control for unobserved firm heterogeneity and selection into markets when estimating competitive effects.,subfield,U02.02,U02
Convene expert and stakeholder panels to reach consensus on research classifications and nutrition indicators.,subfield,U05.01,U05
Convene stakeholder advisory groups to guide the design and adaptation of interventions and research instruments.,subfield,U05.01,U05
Convert measured or mapped variables into derived quantities using established relationships,subfield,U04.05,U04
Convert raw assessment results into performance categories or grades using criterion- or norm-referenced standards.,subfield,U04.08,U04
Convert recorded communicative events into analytic representations that account for speech and its accompanying resources,subfield,U04.07,U04
Convert refractive and optical measurements into analysis-ready components using optical correction formulae.,subfield,U04.01,U04
Convert source materials or reported data into standardized products using defined protocols,subfield,U04.02,U04
"Coordinate multi-messenger observations combining electromagnetic, gravitational wave, or neutrino detections.",subfield,U01.14,U01
Coordinate multicenter emergency care research networks for adequate enrollment of patients with acute conditions.,subfield,U05.01,U05
Coordinate research enrollment across multiple shifts and providers in high-volume emergency departments.,subfield,U05.01,U05
Coordinate with IT departments to obtain system data or recruit enterprise system users as study participants.,subfield,U01.04,U01
Coordinate with STEM departments and instructors to recruit student participants and access classroom settings for data collection.,subfield,U01.04,U01
Coordinate with antitrust agencies or industry associations to access confidential firm-level data.,subfield,U01.04,U01
"Coordinate with archives, libraries, or indigenous communities to access rare manuscripts or endangered language speakers.",subfield,U01.04,U01
"Coordinate with archives, museums, and cultural institutions in former colonies to access restricted or dispersed collections.",subfield,U01.04,U01
Coordinate with cancer centers and tumor banks for access to annotated tissue specimens.,subfield,U01.04,U01
Coordinate with cardiac catheterization laboratories and electrophysiology units for procedural data collection and patient enrollment.,subfield,U01.04,U01
Coordinate with central banks or finance ministries to obtain proprietary data on policy decisions or economic forecasts.,subfield,U01.04,U01
Coordinate with child welfare agencies or early intervention programs to access populations for developmental research.,subfield,U01.04,U01
Coordinate with children's hospitals and pediatric specialty clinics for multi-site recruitment and data collection.,subfield,U01.04,U01
"Coordinate with churches, denominational bodies, or parachurch organizations to access participants or archival materials for research.",subfield,U01.04,U01
"Coordinate with civil society organizations, political parties, or advocacy groups to recruit participants or access field sites.",subfield,U01.04,U01
Coordinate with classroom teachers to schedule data collection activities that minimize disruption to instruction.,subfield,U01.04,U01
Coordinate with clinical departments and training programs to recruit learner participants.,subfield,U01.04,U01
Coordinate with clinical neuroimaging facilities to access scanner time and patient populations for research studies.,subfield,U01.04,U01
Coordinate with clinical neurology or psychiatry departments for patient recruitment and phenotyping.,subfield,U01.04,U01
Coordinate with clinical settings to access patient data or implement health psychology interventions.,subfield,U01.04,U01
Coordinate with community organizations and public health agencies for program implementation and data collection.,subfield,U01.04,U01
Coordinate with community organizations or justice system stakeholders to recruit hard-to-reach populations such as offenders or victims.,subfield,U01.04,U01
"Coordinate with correctional facilities, courts, or forensic hospitals to gain access to offender populations.",subfield,U01.04,U01
"Coordinate with correctional facilities, courts, or police departments to gain access to administrative data or recruit study participants.",subfield,U01.04,U01
"Coordinate with courts, bar associations, or legal aid organizations to access case files or recruit legal professionals as study participants.",subfield,U01.04,U01
"Coordinate with courts, bar associations, or legal archives to access restricted judicial records or case files.",subfield,U01.04,U01
"Coordinate with customs authorities, trade ministries, or international organizations to obtain restricted trade microdata.",subfield,U01.04,U01
"Coordinate with defense ministries, intelligence agencies, or international security organizations for data access or expert interviews.",subfield,U01.04,U01
Coordinate with dental schools and community dental clinics for patient recruitment and data collection.,subfield,U01.04,U01
Coordinate with dermatology departments and skin cancer centers for multi-site patient recruitment.,subfield,U01.04,U01
Coordinate with destination management organizations and tourism boards to access visitor data and recruit research participants.,subfield,U01.04,U01
Coordinate with diabetes clinics and endocrine specialty centers for patient recruitment and sample collection.,subfield,U01.04,U01
Coordinate with diaspora communities or heritage organizations to recruit participants and access dispersed populations.,subfield,U01.04,U01
Coordinate with educational organizations to implement and evaluate instructional interventions in authentic settings.,subfield,U01.04,U01
"Coordinate with environmental agencies, regulated industries, or advocacy organizations to access compliance data or recruit research participants.",subfield,U01.04,U01
Coordinate with executives or corporate contacts to recruit senior managers as research participants.,subfield,U01.04,U01
Coordinate with family courts or court administrators to obtain access to case files and hearing records.,subfield,U01.04,U01
"Coordinate with foreign archives, military museums, and government agencies to access classified or restricted historical materials.",subfield,U01.04,U01
Coordinate with foreign legal scholars or institutions to access jurisdiction-specific legal materials and expertise.,subfield,U01.04,U01
"Coordinate with foreign ministries, embassies, or international organizations to access restricted data or interview key informants.",subfield,U01.04,U01
Coordinate with foreign research institutions or local partners to facilitate fieldwork access in comparative studies.,subfield,U01.04,U01
"Coordinate with health care institutions, ethics committees, or legal organizations to access case records or recruit research participants.",subfield,U01.04,U01
"Coordinate with healthcare organizations, clinics, or hospitals to recruit patient participants or access clinical data.",subfield,U01.04,U01
Coordinate with healthcare systems to implement research protocols within active treatment settings.,subfield,U01.04,U01
"Coordinate with heritage organizations, design firms, and property owners to access buildings and archival materials.",subfield,U01.04,U01
"Coordinate with hotels, restaurants, and tourism operators to gain access to guest data and operational records.",subfield,U01.04,U01
"Coordinate with housing authorities, community organizations, or municipal agencies to access data or recruit urban residents.",subfield,U01.04,U01
"Coordinate with human rights NGOs, legal aid organizations, and advocacy groups to access documentation or recruit research participants.",subfield,U01.04,U01
Coordinate with immigration legal aid organizations or advocacy groups to recruit study participants or access case files.,subfield,U01.04,U01
"Coordinate with incubators, accelerators, or venture capital firms to access proprietary data or recruit startup participants.",subfield,U01.04,U01
Coordinate with intensive care units across multiple hospitals for sepsis or ARDS patient enrollment.,subfield,U01.04,U01
Coordinate with international governance bodies to obtain cross-national institutional data.,subfield,U01.04,U01
"Coordinate with international libraries, archives, or literary estates to access rare manuscripts, correspondence, or unpublished materials.",subfield,U01.04,U01
Coordinate with labor and delivery units for prospective sample collection during childbirth.,subfield,U01.04,U01
"Coordinate with labor unions, professional associations, or community organizations to reach worker populations.",subfield,U01.04,U01
Coordinate with language communities or speaker groups to recruit participants for linguistic elicitation studies.,subfield,U01.04,U01
"Coordinate with language programs, schools, or testing organizations to recruit learner participants or access instructional materials.",subfield,U01.04,U01
"Coordinate with libraries, archives, and special collections to obtain access to rare manuscripts and early printed editions.",subfield,U01.04,U01
"Coordinate with libraries, archives, or information organizations to access collections or recruit study participants.",subfield,U01.04,U01
"Coordinate with local governments, planning agencies, or community organizations for site access and participant recruitment.",subfield,U01.04,U01
Coordinate with local research institutions and field offices to facilitate data collection in remote areas.,subfield,U01.04,U01
"Coordinate with manufacturing firms, retailers, or logistics providers to access operational data or recruit study participants.",subfield,U01.04,U01
Coordinate with market research firms to obtain proprietary consumer or advertising data.,subfield,U01.04,U01
"Coordinate with mosques, Islamic centers, and Muslim organizations to recruit study participants.",subfield,U01.04,U01
Coordinate with multinational enterprises to gain access to proprietary data on international operations and supply chains.,subfield,U01.04,U01
Coordinate with municipal planning departments or housing authorities to access administrative records or recruit participants.,subfield,U01.04,U01
"Coordinate with museums, cultural heritage agencies, or landowners to secure site access and artifact study permissions.",subfield,U01.04,U01
"Coordinate with museums, galleries, or cultural institutions to examine artworks or access collection records.",subfield,U01.04,U01
"Coordinate with museums, galleries, or media arts organizations to access exhibition spaces or recruit artist and audience participants.",subfield,U01.04,U01
"Coordinate with music schools, conservatories, or community ensembles to recruit performers or students as research participants.",subfield,U01.04,U01
Coordinate with nephrology practices and dialysis units for patient recruitment and data collection.,subfield,U01.04,U01
Coordinate with neurology clinics and neurosurgery departments for patient recruitment and specimen collection.,subfield,U01.04,U01
Coordinate with neurology clinics or neurosurgery centers for access to patient populations and intracranial recordings.,subfield,U01.04,U01
"Coordinate with neurology clinics, rehabilitation centers, or memory disorder programs to recruit patients with specific neurological conditions.",subfield,U01.04,U01
Coordinate with neurology or otolaryngology clinics for patient recruitment and access to clinical neurophysiology data.,subfield,U01.04,U01
Coordinate with nursing units and allied health departments to facilitate patient recruitment and data collection.,subfield,U01.04,U01
Coordinate with operating room staff and surgical departments for intraoperative data collection.,subfield,U01.04,U01
Coordinate with operating room staff and surgical teams to facilitate intraoperative data collection and patient enrollment.,subfield,U01.04,U01
Coordinate with ophthalmology or otolaryngology departments at multiple institutions for multicenter trial recruitment.,subfield,U01.04,U01
Coordinate with organizational sponsors to recruit employee participants while minimizing disruption to work activities.,subfield,U01.04,U01
Coordinate with orthopedic surgery departments and rehabilitation centers for multi-site patient enrollment.,subfield,U01.04,U01
"Coordinate with patent offices, industry associations, or technology transfer offices to access proprietary IP data.",subfield,U01.04,U01
Coordinate with pediatric clinics and developmental centers for participant recruitment and clinical data access.,subfield,U01.04,U01
Coordinate with polling organizations and survey firms to field election studies and recruit representative samples.,subfield,U01.04,U01
Coordinate with primary care practices and hospital medicine services for patient recruitment and data collection.,subfield,U01.04,U01
Coordinate with psychiatric hospitals and community mental health agencies for participant recruitment and data collection.,subfield,U01.04,U01
Coordinate with psychology or cognitive science departments to recruit participants for interdisciplinary studies on reasoning and belief formation.,subfield,U01.04,U01
Coordinate with public health laboratories for access to pathogen isolates and antimicrobial resistance data.,subfield,U01.04,U01
Coordinate with public organizations to recruit government employees or program beneficiaries as study participants.,subfield,U01.04,U01
"Coordinate with real estate industry associations, housing authorities, or municipal agencies to obtain proprietary data on property listings, rents, or development activity.",subfield,U01.04,U01
"Coordinate with regional development agencies, chambers of commerce, or industry associations to access proprietary economic data or recruit firm participants.",subfield,U01.04,U01
"Coordinate with religious congregations, denominations, or faith-based organizations to recruit study participants.",subfield,U01.04,U01
"Coordinate with religious institutions, advocacy organizations, or professional bodies to access participants for ethics research.",subfield,U01.04,U01
"Coordinate with religious institutions, congregations, or faith-based organizations to recruit participants or access community settings.",subfield,U01.04,U01
"Coordinate with religious institutions, leaders, and communities to gain access for fieldwork and participant recruitment.",subfield,U01.04,U01
Coordinate with resettlement agencies or advocacy organizations to access refugee populations for research participation.,subfield,U01.04,U01
Coordinate with school districts and special education administrators to recruit participants and access student records.,subfield,U01.04,U01
"Coordinate with school districts to gain access to schools, teachers, and administrative records for research purposes.",subfield,U01.04,U01
Coordinate with schools and districts to gain access to student data and recruit participants for assessment studies.,subfield,U01.04,U01
Coordinate with schools or literacy programs to recruit teachers and students as research participants.,subfield,U01.04,U01
"Coordinate with schools, fitness facilities, or sport organizations to recruit participants and access training environments.",subfield,U01.04,U01
Coordinate with student affairs units or academic departments to facilitate data collection or intervention implementation.,subfield,U01.04,U01
Coordinate with technology vendors or platform providers to access usage data for research purposes.,subfield,U01.04,U01
Coordinate with transplant centers for access to liver recipient and donor data.,subfield,U01.04,U01
Correct for detector pile-up and coincidence summing effects.,subfield,U04.01,U04
"Correct for instrumental artifacts, sample geometry effects, and absorption in raw measurement data.",subfield,U04.01,U04
Correct for sample selection bias in wage equations using appropriate econometric techniques.,subfield,U02.03,U02
Correct for survivorship bias when analyzing mutual fund performance or firm-level outcomes.,subfield,U02.03,U02
"Correct raw sensor data for instrument drift, fouling, and environmental interference.",subfield,U04.01,U04
Correct satellite altimetry data for atmospheric and geophysical effects.,subfield,U04.10,U04
"Correct satellite retrievals for cloud contamination, surface emissivity, and atmospheric interference.",subfield,U04.10,U04
Correct sensor drift and apply calibration factors to thermal and electrical measurement data.,subfield,U04.01,U04
Correct survey income and wealth data for top-coding and undercoverage of the wealthiest households.,subfield,U04.03,U04
Correlate antemortem clinical findings with postmortem pathological findings to establish the cause of death or explain disease presentation.,subfield,U02.02,U02
Correlate composition and measured structural features with macroscopic properties across a sample series to establish empirical structure–property relationships,subfield,U02.10,U02
Correlate experimental attack results with theoretical security bounds to validate cryptographic assumptions.,subfield,U02.08,U02
Correlate imaging findings with clinical outcomes to assess prognostic value of radiological biomarkers.,subfield,U02.02,U02
Correlate molecular descriptors with biological activity data to establish quantitative structure-activity relationships.,subfield,U02.02,U02
Correlate molecular findings with clinical outcomes and pathological staging.,subfield,U02.02,U02
Correlate processing parameters with resulting microstructures and properties using regression analysis.,subfield,U02.02,U02
Correlate propulsion performance models with engine test data across operating conditions.,subfield,U02.08,U02
Correlate site chronological and sedimentary sequences with independent paleoenvironmental proxy records to reconstruct regional environmental context.,subfield,U02.08,U02
Correlate spatially resolved force or stiffness maps with sample topography to localize binding sites and material heterogeneity.,subfield,U02.14,U02
Correlate spectroscopic data with proposed structures to confirm compound identity.,subfield,U02.10,U02
Corroborate findings by re-estimating them in independent datasets or triangulating with data from related studies.,subfield,U02.08,U02
"Corroborate qualitative interpretations against independent input, such as participant feedback or a second analyst, to confirm their trustworthiness.",subfield,U28.06,U28
"Count flowers, pollen grains, ovules, and seeds to quantify reproductive potential and mating-system indices.",subfield,U01.12,U01
Craft explicit constructions that combine or exploit properties of a target to achieve a specified outcome.,subfield,U29.02,U29
"Crawl and harvest web documents, metadata, or structured data from online sources.",subfield,U01.02,U01
Create assessments to measure cognitive or metacognitive processes during learning tasks.,subfield,U07.04,U07
Create caregiver and family interview guides to capture perspectives on child development and family dynamics.,subfield,U07.05,U07
Create concrete representations of interaction concepts that convey how users engage with a proposed system.,subfield,U30.06,U30
Create evaluation surveys to measure stakeholder perceptions of program effectiveness and implementation fidelity.,subfield,U07.03,U07
"Create instruments to measure STEM identity, sense of belonging, or career intentions among students from diverse backgrounds.",subfield,U07.03,U07
Create instruments to measure parental involvement and home-school communication practices.,subfield,U07.03,U07
Create structured diagnostic interview guides based on established classification criteria.,subfield,U07.05,U07
Critically analyze published dictionaries or reference works against explicit criteria to evaluate lexicographic practice.,subfield,U24.02,U24
"Critically appraise the methodological quality and appropriate scope of application of existing instruments, methods, or the evidence base supporting established practice.",subfield,U24.02,U24
Critically assess silences and absences in archival records concerning colonized peoples' perspectives.,subfield,U28.04,U28
"Critically compare the theoretical positions of other scholars to expose their assumptions, tensions, and limitations.",subfield,U28.03,U28
Critically evaluate the conceptual and measurement validity of theoretical constructs and indices used in regional economic research.,subfield,U24.02,U24
Critically examine the epistemological assumptions and disciplinary structures underlying theological scholarship.,subfield,U28.03,U28
Critique the assumptions and limitations of established methodological frameworks and propose refinements for future use.,subfield,U24.02,U24
Critique the assumptions and theoretical coherence of established sustainability concepts and management paradigms.,subfield,U24.02,U24
Cross and genotype model organisms to combine or confirm defined genetic alterations,subfield,U01.20,U01
Cross-check derived outputs or measures against independent external sources to assess their validity.,subfield,U02.08,U02
Cross-check land users' self-reported information against independent measurements or survey data.,subfield,U02.08,U02
Crosslink or functionalize biopolymers to modify mechanical or biological properties.,subfield,U01.15,U01
Cultivate microorganisms in controlled media to biosynthesize biopolymers and optimize production yield.,subfield,U01.20,U01
Cultivate microorganisms under controlled conditions to quantify biomass yield and product composition,subfield,U01.20,U01
Culture and maintain live cells or microorganisms under defined growth and buffer conditions for biophysical experiments.,subfield,U01.20,U01
Culture bacterial or fungal pathogens from clinical or environmental samples for downstream analysis.,subfield,U01.20,U01
Culture cells and tissues for experimental studies on device biocompatibility or tissue regeneration.,subfield,U01.20,U01
Culture cells on biomaterial substrates or scaffolds for imaging and mechanical testing.,subfield,U01.20,U01
Culture microorganisms from environmental samples using selective enrichment media,subfield,U01.20,U01
Curate and classify gene and transcript annotation models in reference genomes.,subfield,U06.04,U06
Curate and quality-filter genetic datasets prior to population genetic or phylogenomic analysis.,subfield,U04.09,U04
"Curate and version datasets, codebases, and experimental artifacts for replication and extension by other researchers.",subfield,U06.03,U06
Curate illustrative cases or real-world examples to demonstrate the application of a conceptual framework.,subfield,U28.03,U28
"Decompose changes in mortality or life expectancy into contributions from risk-factor trends, treatment, and population structure.",subfield,U02.11,U02
Decompose demographic change into components attributable to population composition versus behavioral shifts.,subfield,U02.11,U02
Decompose gross trade flows into domestic and foreign value-added components using input-output methods.,subfield,U02.11,U02
Decompose incidence of taxes and transfers across income groups using microsimulation or structural models.,subfield,U02.11,U02
Decompose macroeconomic time series into trend and cyclical components using statistical filtering techniques.,subfield,U02.06,U02
Decompose observed financial measures into economically interpretable components such as risk premia or manager skill.,subfield,U02.02,U02
Decompose solid and complex samples by acid digestion or oxidative combustion to bring target analytes into solution.,subfield,U04.12,U04
Decompose wage gaps between demographic groups into explained and unexplained components.,subfield,U02.02,U02
Define and formally establish names or classification schemes for new chemical species and compound families.,subfield,U06.04,U06
Define and harmonize consistent units of observation across data sources and time.,subfield,U04.02,U04
Define and operationalize indicators of care quality and service utilization for use as study measures,subfield,U07.14,U07
Define and revise classification criteria that delimit categories of geological phenomena using comparative attribute data.,subfield,U06.04,U06
Define explicit rules and constraints that shape model outputs into valid structured decisions.,subfield,U09.02,U09
Define imaging-based endpoints and response criteria for clinical trials evaluating treatment efficacy.,subfield,U07.02,U07
Define indicators and data requirements for measuring performance against objectives,subfield,U07.14,U07
Define observation periods and comparison benchmarks for assessing change in measured indicators over time,subfield,U07.14,U07
Define operational safety limits and failure thresholds for controlled systems from trajectory data and physical constraints.,subfield,U09.11,U09
Define parameterized motion or action primitives that serve as reusable units of robot behavior.,subfield,U09.11,U09
"Define primary endpoints such as major adverse cardiovascular events, mortality, or hospitalization rates for cardiovascular trials.",subfield,U07.02,U07
Define quantitative metrics to evaluate the quality of map products or automated cartographic outputs.,subfield,U07.14,U07
Delineate and label features by manual visual interpretation of imagery to produce vector layers or reference samples.,subfield,U04.10,U04
Delineate hazard zones by applying threshold criteria to terrain attributes or observed event extents.,subfield,U02.14,U02
"Delineate or segment regions on medical images and extract quantitative morphological, intensity, or radiomic metrics from them.",subfield,U02.11,U02
Delineate spatial analysis units such as homogeneous roadway segments or traffic analysis zones for transportation models.,subfield,U09.02,U09
Deliver and document individualized dental treatment procedures for patients in case-based clinical research.,subfield,U01.21,U01
Deliver exogenous nucleic acids into cells or embryos using chemical or physical transfection methods.,subfield,U01.20,U01
Deliver researcher-designed instructional treatments in classrooms with fidelity across study conditions.,subfield,U01.21,U01
"Deliver somatic or physical interventions such as electroconvulsive therapy or supervised exercise, titrating dose to individualized physiological targets.",subfield,U01.21,U01
Deliver structured behavioral or nursing interventions to participants according to the study protocol,subfield,U01.21,U01
Demonstrate self-powered operation by driving electronic loads directly from energy-harvester output.,subfield,U01.18,U01
Deploy automated sensors and data loggers to continuously monitor environmental conditions in ecosystems.,subfield,U01.13,U01
Deploy automated weather stations and soil monitoring networks across study sites.,subfield,U01.13,U01
Deploy camera traps or acoustic sensors to monitor wildlife presence and activity patterns.,subfield,U01.13,U01
"Deploy camera traps, acoustic sensors, or telemetry receivers to monitor wildlife populations.",subfield,U01.13,U01
Deploy contact and follow-up strategies to maximize response rates and minimize nonresponse bias.,subfield,U01.05,U01
Deploy current meters and acoustic Doppler profilers to measure ocean velocity fields.,subfield,U01.13,U01
Deploy field monitoring equipment to assess ambient air quality and emission sources.,subfield,U01.13,U01
Deploy passive samplers for time-integrated monitoring of organic pollutants in environmental media.,subfield,U01.13,U01
"Deploy sensor networks to monitor environmental variables such as temperature, humidity, and carbon flux.",subfield,U01.13,U01
"Deploy sensor networks to monitor slope stability, ground deformation, or hydrological conditions.",subfield,U01.13,U01
Deploy temporary seismic arrays in field locations to record earthquake aftershocks or ambient noise.,subfield,U01.13,U01
Deploy temporary seismic arrays to monitor volcanic unrest or aftershock sequences.,subfield,U01.13,U01
"Deposit and pattern thin films using sputtering, evaporation, or chemical vapor deposition.",subfield,U01.15,U01
"Deposit thin films using molecular beam epitaxy, sputtering, or pulsed laser deposition.",subfield,U01.15,U01
Deposit thin films using physical or chemical vapor deposition techniques with controlled stoichiometry.,subfield,U01.15,U01
"Deposit thin films using physical vapor deposition, chemical vapor deposition, or solution-based coating methods.",subfield,U01.15,U01
Deposit type and voucher specimens in recognized institutional collections for permanent curation and future verification.,subfield,U06.05,U06
Derivatize analytes to enhance detection sensitivity or improve chromatographic separation characteristics.,subfield,U04.12,U04
Derive Diophantine or arithmetic conditions on parameters and invariants to determine the resulting dynamical behavior.,subfield,U29.01,U29
Derive a priori estimates for solutions of partial differential equations to establish existence and regularity properties.,subfield,U29.01,U29
Derive aerodynamic force and moment coefficients from governing equations for vehicle performance prediction.,subfield,U09.01,U09
Derive algebraic properties of number fields and their rings of integers from structural axioms.,subfield,U29.01,U29
Derive analytic conditions delimiting the validity regime of approximations in quantum dynamical theories.,subfield,U09.01,U09
"Derive analytical models for network throughput, latency, and packet loss based on queuing theory and protocol specifications.",subfield,U09.01,U09
Derive analytical models of manufacturing system cost and lead time from production parameters.,subfield,U09.01,U09
Derive analytical properties of random network models and their structural measures using generating-function or ensemble methods.,subfield,U09.01,U09
Derive analytical results and formal proofs establishing mathematical properties of theoretical models or analysis measures.,subfield,U29.01,U29
Derive analytical solutions to differential equations arising from physical or biological systems.,subfield,U09.01,U09
Derive analytical solutions to the Navier-Stokes equations for simplified flow configurations.,subfield,U09.01,U09
"Derive and bank stem cell lines from embryonic, adult, or induced pluripotent sources.",subfield,U01.20,U01
Derive and prove analytical criteria and reformulations that extend theory to classes of dynamic systems,subfield,U29.01,U29
Derive asymptotic expansions to characterize solution behavior in limiting regimes.,subfield,U09.01,U09
Derive asymptotic formulas for arithmetic functions using analytic techniques such as contour integration and residue calculus.,subfield,U29.01,U29
Derive atmospheric stability indices and convective parameters from thermodynamic profiles.,subfield,U04.05,U04
Derive baseline performance expectations from linguistic theory and statistical language properties.,subfield,U09.01,U09
Derive beam propagation characteristics from Maxwell's equations and paraxial approximations.,subfield,U09.01,U09
"Derive biomechanical predictions from musculoskeletal models to estimate joint forces, tissue stresses, or movement kinematics.",subfield,U09.01,U09
Derive categorical event and status measures from longitudinal or retrospective data to operationalize life course positions.,subfield,U04.05,U04
Derive charge carrier mobility and conductivity from semiconductor transport models.,subfield,U09.01,U09
Derive circuit transfer functions and frequency response characteristics from component parameters and network topology.,subfield,U09.01,U09
Derive classical performance benchmarks to establish the advantage of quantum protocols or simulators over classical alternatives.,subfield,U09.09,U09
Derive climate projections from general circulation models and radiative forcing scenarios.,subfield,U09.10,U09
Derive climatic indices from instrumental meteorological records to characterize environmental conditions.,subfield,U04.05,U04
Derive closed-form analytical expressions from mathematical models to predict community-level patterns.,subfield,U09.01,U09
"Derive closed-form expressions for moments, generating functions, and characteristic functions of distributions.",subfield,U02.16,U02
Derive combinatorial identities and closed-form expressions from generating functions and recurrence relations.,subfield,U29.01,U29
Derive comparative statics characterizing how model outcomes respond to changes in structural parameters.,subfield,U09.01,U09
Derive computational complexity bounds and performance guarantees for proposed algorithms.,subfield,U09.07,U09
Derive computational complexity bounds for algorithms using asymptotic analysis and recurrence relations.,subfield,U09.07,U09
Derive concrete design recommendations and guidelines from empirical study findings.,subfield,U10.01,U10
"Derive conditions for chaos using symbolic dynamics, homoclinic orbits, or horseshoe constructions.",subfield,U09.01,U09
Derive department- and shift-level measures of emergency department crowding and operational performance from patient-level records.,subfield,U04.05,U04
Derive dose-response relationships from toxicity bioassay data.,subfield,U02.01,U02
Derive electrode kinetics parameters from Butler-Volmer or Marcus theory to predict reaction rates.,subfield,U09.01,U09
Derive entanglement measures and quantum information metrics for multipartite systems.,subfield,U09.01,U09
Derive exact closed-form identities for arithmetic sums and q-series rather than asymptotic approximations.,subfield,U29.01,U29
Derive exact identities or quantitative constraints on arithmetic and geometric objects from auxiliary structures attached to them.,subfield,U29.01,U29
Derive expected biodiversity metrics from ecological theory and landscape characteristics.,subfield,U09.01,U09
Derive expected detector response functions from physical interaction models and material properties.,subfield,U09.01,U09
"Derive expected software behavior from formal specifications, type systems, or logical constraints.",subfield,U09.07,U09
Derive expected spectral line positions and intensities using atomic structure theory.,subfield,U09.01,U09
Derive formulas relating invariants defined by different theories or constructions.,subfield,U29.01,U29
Derive geometric or topological invariants from axiomatic definitions and foundational theorems.,subfield,U29.01,U29
"Derive geospatial measures from participants' residence, birth, or offense location records to characterize context or mobility.",subfield,U04.05,U04
Derive global arithmetic conclusions from families of special objects satisfying prescribed conditions.,subfield,U29.01,U29
Derive heat and mass transfer coefficients for reactor and separation equipment design.,subfield,U09.01,U09
"Derive housing market measures from property price, rent, and debt data to characterize housing costs and dynamics.",subfield,U04.05,U04
Derive identification conditions for econometric models through formal analysis.,subfield,U02.16,U02
Derive individual-level biological attributes and missing dimensions from skeletal measurements and morphological indicators using standardized procedures,subfield,U04.05,U04
"Derive instrument requirements and resource trade-offs, such as mass budgets and alignment tolerances, from measurement objectives.",subfield,U07.10,U07
Derive kinematic and dynamic equations for robotic manipulators and mobile platforms to predict system behavior.,subfield,U09.01,U09
"Derive kinematic, temporal, and response parameters from raw physiological or motion recordings.",subfield,U04.11,U04
Derive kinetic rate expressions from proposed catalytic cycles to guide mechanistic understanding.,subfield,U09.01,U09
Derive labels automatically from proxy signals or existing structured resources in place of manual annotation.,subfield,U04.06,U04
Derive large-deviation and extreme-value statistics of fluctuating observables in stochastic many-body systems.,subfield,U29.01,U29
Derive link budget calculations from propagation models to predict signal coverage and system performance.,subfield,U09.01,U09
Derive logical consequences and theorems from axiom systems and formal theories.,subfield,U29.01,U29
Derive long exact sequences and spectral sequences to compute algebraic invariants.,subfield,U29.01,U29
Derive macroscopic response or bulk equilibrium properties of a many-body system from a microscopic model Hamiltonian using theoretical many-body methods.,subfield,U09.01,U09
Derive magnetization curves and hysteresis behavior from micromagnetic energy considerations.,subfield,U09.01,U09
Derive material properties from density functional theory calculations to predict electronic structure and bonding characteristics.,subfield,U09.04,U09
"Derive mathematical formulations for image transformations, projections, and geometric relationships in visual data.",subfield,U09.02,U09
Derive mathematical proofs or analytical demonstrations of the properties of spatial methods and data structures.,subfield,U29.01,U29
Derive mathematical properties of statistical procedures and metrics used in genomic data analysis.,subfield,U02.16,U02
Derive minimax lower bounds and detection boundaries establishing fundamental limits of inference.,subfield,U02.16,U02
Derive multiplicity-adjusted critical values or p-values for simultaneous inference across many tests.,subfield,U02.16,U02
Derive new indices or fit statistics analytically from model parameters or summary statistics to characterize multivariate solutions.,subfield,U02.16,U02
Derive non-asymptotic concentration and tail bounds for functionals of random variables and stochastic processes.,subfield,U02.16,U02
Derive novel indices from theoretical models or adjacent disciplines to operationalize abstract constructs.,subfield,U07.14,U07
Derive nuclear structure properties using shell model or collective model frameworks.,subfield,U09.01,U09
Derive numerical approximations of continuous operators to enable discrete computation of physical phenomena.,subfield,U09.08,U09
Derive observable signatures from cosmological models to test against survey data.,subfield,U09.01,U09
Derive ocean circulation patterns from geostrophic balance equations and density gradients.,subfield,U09.01,U09
Derive optimal cutoff thresholds or simplified scoring tools from continuous measures to classify patients into groups.,subfield,U02.07,U02
Derive optimality conditions and bounds from mathematical programming formulations to characterize solution quality.,subfield,U29.01,U29
Derive paleoenvironmental interpretations from sedimentological and taphonomic evidence preserved in fossil assemblages.,subfield,U28.99,U28
Derive performance figures of merit by fitting response models to measured output-versus-stimulus data,subfield,U02.10,U02
Derive phase transition behavior from free energy landscapes and order parameters.,subfield,U09.01,U09
Derive plasma equilibrium configurations from magnetohydrodynamic equations and boundary conditions.,subfield,U09.01,U09
Derive policy and practice recommendations from research findings,subfield,U10.01,U10
"Derive pollutant emission rates and emission factors from measured concentrations combined with flow, activity, or speciation data.",subfield,U04.05,U04
"Derive potential-theoretic quantities for Markov processes, such as hitting probabilities and Green's functions.",subfield,U29.01,U29
Derive power flow equations and stability criteria from circuit theory and electromagnetic principles.,subfield,U09.01,U09
Derive practical storage or separation performance metrics from measured adsorption isotherm data.,subfield,U04.05,U04
"Derive predictions for particle masses, lifetimes, and branching ratios from the Standard Model or extensions.",subfield,U09.01,U09
Derive predictions of mineral stability and phase equilibria from thermodynamic principles.,subfield,U09.01,U09
Derive prescriptive design principles or procedure models from artifact development as a research contribution.,subfield,U30.99,U30
Derive probabilistic hazard estimates from geophysical models and historical event catalogs.,subfield,U09.01,U09
Derive probability distributions and their properties from foundational axioms and assumptions.,subfield,U29.01,U29
Derive process parameter relationships from thermodynamic and kinetic principles to predict manufacturing outcomes.,subfield,U09.01,U09
Derive projections of resource availability and environmental carrying capacity from ecosystem models and sustainability indicators.,subfield,U09.10,U09
Derive quantitative behavioral indices from sensor-based or continuous recordings such as eye tracking or motion capture.,subfield,U04.11,U04
Derive quantitative summary measures from high-dimensional or multi-source data using computational modeling methods,subfield,U04.05,U04
Derive quantum state evolution using Schrödinger or master equations for open and closed systems.,subfield,U09.01,U09
"Derive reduced hydrodynamic representations of suspended bodies, such as mobility tensors or multipole expansions, to model their interactions.",subfield,U09.02,U09
Derive reduced models and design relationships from numerical simulation results to approximate input–output behavior,subfield,U09.06,U09
Derive relevance rankings from probabilistic retrieval models or learning-to-rank frameworks.,subfield,U09.06,U09
Derive rendering equations and shading models from physical principles of light transport and material interaction.,subfield,U09.02,U09
Derive scaling relationships and dimensionless numbers from catchment and climate data to characterize hydrologic behavior.,subfield,U04.05,U04
Derive security bounds and attack complexity estimates from cryptographic assumptions and mathematical hardness problems.,subfield,U29.01,U29
Derive seismic response predictions for structures using dynamic analysis methods.,subfield,U09.01,U09
Derive seismic wave propagation predictions from elastic wave equations and Earth velocity models.,subfield,U09.01,U09
Derive solidification parameters and cooling rates to control grain structure and segregation.,subfield,U09.01,U09
Derive spatial measures such as territorial clustering or boundary proximity from geospatial data to operationalize conflict variables.,subfield,U04.05,U04
Derive spectroscopic selection rules and transition probabilities from molecular symmetry analysis.,subfield,U09.01,U09
Derive stability conditions for equilibrium points and periodic orbits using linearization and Lyapunov methods.,subfield,U09.01,U09
Derive standardized quantitative measures from observed data by fitting or applying established formulas.,subfield,U04.05,U04
Derive stress and strain distributions in mechanical components using solid mechanics and elasticity theory.,subfield,U09.01,U09
Derive structural properties of algebraic objects from axiomatic definitions and established theorems.,subfield,U29.01,U29
Derive summary metrics from processed remote sensing data to serve as predictor variables in statistical models.,subfield,U04.05,U04
Derive surface deformation patterns from subsurface magmatic or tectonic source models.,subfield,U09.01,U09
Derive surface reflectance values from atmospheric radiative transfer models to correct satellite imagery.,subfield,U04.10,U04
"Derive the formal specification, assumptions, and estimation properties of statistical models, including consequences of assumption violations.",subfield,U09.07,U09
"Derive theoretical bounds on model generalization, convergence rates, or computational complexity.",subfield,U09.07,U09
Derive theoretical performance bounds for parallel algorithms based on computational complexity and communication costs.,subfield,U09.07,U09
Derive thermochemical quantities such as bond dissociation enthalpies from experimental kinetic and equilibrium data using thermochemical cycles.,subfield,U09.01,U09
"Derive thermodynamic and kinetic predictions for biomolecular folding, binding, and conformational changes.",subfield,U09.01,U09
Derive thermodynamic equations of state from partition functions using ensemble theory.,subfield,U09.01,U09
Derive thermodynamic properties from statistical mechanical partition functions.,subfield,U09.01,U09
Derive traffic flow predictions from fundamental diagrams and kinematic wave theory.,subfield,U09.01,U09
Derive transfer functions and state-space representations from physical system dynamics.,subfield,U09.02,U09
Derive transport coefficients from Boltzmann equations or Kubo formalism to interpret conductivity measurements.,subfield,U09.01,U09
"Derive usability predictions from cognitive models of human perception, attention, and motor control.",subfield,U09.01,U09
"Design One Health studies that jointly sample animals, humans, and the environment to trace cross-species transmission.",subfield,U07.12,U07
Design PCR primers targeting marker genes of specific taxa or functional groups from sequence alignments.,subfield,U07.13,U07
Design acceptability judgment tasks to measure native speaker intuitions about grammatical structures.,subfield,U07.04,U07
Design acceptability judgment tasks to measure speakers' intuitions about sentence meaning or felicity.,subfield,U07.04,U07
"Design age-appropriate questionnaires that account for reading level, attention span, and cognitive abilities of child participants.",subfield,U07.03,U07
Design aggregation rules that combine outputs of multiple trained models into a single prediction.,subfield,U09.06,U09
Design allocation procedures such as randomization and counterbalancing to assign participants to study conditions without bias.,subfield,U07.01,U07
Design and administer assessment instruments to measure learners' understanding and performance in technical coursework.,subfield,U08.01,U08
"Design and administer surveys to clinicians or health professionals to measure their knowledge, attitudes, practices, and work-related experiences.",subfield,U07.03,U07
"Design and analyze algorithms that compute outcomes satisfying a theoretical solution concept, including their complexity.",subfield,U09.07,U09
Design and build custom imaging instrumentation and optical components to enable new measurement capabilities.,subfield,U07.10,U07
"Design and build robot hardware platforms by integrating actuators, sensors, and onboard computing components.",subfield,U30.02,U30
Design and conduct cadaveric or simulation studies to model surgical procedures before application in patients.,subfield,U07.01,U07
Design and conduct standardized field surveys to document the distribution and abundance of target organisms,subfield,U07.12,U07
Design and construct custom instrument hardware and sample-introduction systems to enable new measurement capabilities.,subfield,U07.10,U07
Design and deliver multi-component health interventions intended to change health behaviors or outcomes.,subfield,U07.02,U07
"Design and implement custom sensor chips, readout electronics, and data acquisition firmware for detector systems.",subfield,U07.10,U07
Design and implement domain-specific languages or code generators that translate system descriptions into executable low-level artifacts.,subfield,U30.01,U30
Design and integrate device components into stretchable or wearable prototypes to demonstrate application-level operation,subfield,U30.02,U30
Design and justify a doctrinal research strategy specifying the legal sources and interpretive approaches for a study,subfield,U28.02,U28
"Design and operate atomic or molecular beam sources to produce beams with target velocity, flux, and internal state distribution.",subfield,U07.10,U07
Design and perform controlled crosses between individuals of known lineage or genotype to test inheritance and map trait loci.,subfield,U07.13,U07
"Design and prepare sequence-specific oligonucleotides (primers, probes, or modified constructs) for downstream detection or functional assays",subfield,U07.13,U07
Design animal housing and management protocols that control for environmental variables affecting experimental outcomes.,subfield,U07.11,U07
Design annotation guidelines and protocols to ensure consistent labeling of linguistic phenomena.,subfield,U07.07,U07
"Design audience reception surveys to measure interpretations, engagement patterns, or affective responses to media content.",subfield,U07.03,U07
"Design batch adsorption experiments with controlled pH, temperature, and contact time to evaluate pollutant removal efficiency.",subfield,U07.11,U07
Design beam configurations and target arrangements for nuclear reaction experiments.,subfield,U07.10,U07
Design before-and-after studies to evaluate the safety impacts of roadway treatments or policy changes.,subfield,U07.12,U07
"Design behavioral assays that track insect movement, settling, or searching responses to host and habitat cues.",subfield,U07.04,U07
Design behavioral observation protocols with standardized ethograms and recording methods.,subfield,U07.04,U07
Design behavioral observation protocols with standardized ethograms and sampling intervals.,subfield,U07.04,U07
Design behavioral paradigms with appropriate control conditions to isolate specific neural or cognitive processes.,subfield,U07.04,U07
Design bench-scale reactor experiments to evaluate treatment process parameters under controlled conditions.,subfield,U07.11,U07
Design bioassays to assess insecticide toxicity and resistance levels in pest populations.,subfield,U07.08,U07
Design bioassays to assess lethal and sublethal effects of pesticides on non-target beneficial organisms.,subfield,U07.08,U07
Design biocompatibility and cytotoxicity testing protocols following regulatory standards.,subfield,U07.08,U07
"Design calorimetric experiments to measure heats of reaction, mixing, or phase transitions.",subfield,U07.11,U07
Design calorimetry experiments to measure heat capacities and phase transition temperatures.,subfield,U07.11,U07
Design case report forms to standardize collection of clinical and demographic variables across study sites.,subfield,U07.02,U07
Design case-control studies comparing diseased and normal tissue specimens with matched demographic variables.,subfield,U07.02,U07
Design case-control studies to investigate risk factors for cancer and other chronic conditions.,subfield,U07.02,U07
"Design catalyst screening experiments with systematic variation of ligands, metals, and reaction conditions.",subfield,U07.11,U07
Design challenge studies to evaluate pathogen behavior in food products under various conditions.,subfield,U07.11,U07
"Design cleanroom fabrication sequences with controlled temperature, humidity, and particulate levels.",subfield,U07.11,U07
Design clinical trials evaluating antimicrobial therapies with appropriate microbiological endpoints and resistance monitoring.,subfield,U07.02,U07
Design clinical trials evaluating dialysis modalities and vascular access outcomes in end-stage renal disease patients.,subfield,U07.02,U07
Design clinical trials evaluating pharmacological or neuromodulation interventions for neurological disorders.,subfield,U07.02,U07
Design clinical trials evaluating the efficacy of dental treatments using standardized oral health indices as endpoints.,subfield,U07.02,U07
"Design clinical trials evaluating topical, systemic, or biologic therapies for dermatologic conditions.",subfield,U07.02,U07
Design clinical trials with glycemic control endpoints such as HbA1c or fasting glucose levels.,subfield,U07.02,U07
"Design clinical trials with neurological endpoints such as cognitive assessments, functional scales, or biomarker changes.",subfield,U07.02,U07
"Design clinical trials with pulmonary function endpoints such as FEV1, FVC, or diffusing capacity.",subfield,U07.02,U07
"Design clinical trials with visual acuity, intraocular pressure, or audiometric thresholds as primary endpoints.",subfield,U07.02,U07
Design cohort-comparison or cohort-sequential studies to separate age-related change from birth-cohort effects.,subfield,U07.02,U07
Design communication channels through which participants exchange messages during experimental interaction.,subfield,U07.04,U07
Design community-based and participatory studies that engage local stakeholders in low-resource settings.,subfield,U07.15,U07
Design community-based interventions to improve dietary behaviors and nutritional status in target populations.,subfield,U07.02,U07
Design community-based studies to evaluate environmental exposures and health disparities in affected populations.,subfield,U07.02,U07
Design compact encoding and transmission schemes for streaming geometry or rendered content to remote clients.,subfield,U30.01,U30
Design comparative effectiveness studies evaluating minimally invasive versus open surgical approaches.,subfield,U07.02,U07
Design comparative studies across species or populations to test evolutionary hypotheses.,subfield,U07.01,U07
Design compliant interconnect layout geometries to achieve target stretchability in flexible devices.,subfield,U30.01,U30
Design computational experiments with appropriate parameter sweeps and baseline comparisons for algorithm benchmarking.,subfield,U07.01,U07
Design computational experiments with systematic parameter variations to evaluate algorithm robustness.,subfield,U07.01,U07
Design consent procedures that protect employee anonymity from supervisors and organizational leadership.,subfield,U19.02,U19
Design control experiments to distinguish between homogeneous and heterogeneous catalytic pathways.,subfield,U07.11,U07
Design control experiments to establish reaction mechanisms and identify key intermediates.,subfield,U07.11,U07
Design controlled RF measurement environments using anechoic chambers or shielded enclosures to isolate electromagnetic interference.,subfield,U07.10,U07
Design controlled benchmark experiments to evaluate algorithm performance across standardized test cases.,subfield,U07.01,U07
"Design controlled benchmark experiments to isolate the effects of network latency, bandwidth, and node count on system performance.",subfield,U07.01,U07
Design controlled computational experiments with systematic parameter variations to evaluate algorithm performance.,subfield,U07.01,U07
Design controlled experimental environments with isolated networks and sandboxed systems for security testing.,subfield,U07.10,U07
"Design controlled experiments comparing software tools, techniques, or methodologies with appropriate treatment and control conditions.",subfield,U07.01,U07
Design controlled experiments with standardized image datasets to evaluate algorithm performance across varying conditions.,subfield,U07.01,U07
"Design controlled experiments with training, validation, and test splits to evaluate model performance.",subfield,U07.01,U07
Design controlled exposure tests to characterize sensor response and specificity to target analytes,subfield,U07.08,U07
Design controlled feeding trials to isolate the metabolic effects of specific nutrients or dietary patterns.,subfield,U07.02,U07
"Design controlled human-subject movement or exercise protocols that vary task, posture, or device conditions.",subfield,U07.04,U07
Design controlled in vitro experiments that allocate dental specimens across treatment and processing conditions.,subfield,U07.11,U07
"Design controlled network testbed experiments with specified topologies, traffic patterns, and workload configurations.",subfield,U07.10,U07
"Design controlled pollination experiments using hand-pollination, bagging, or emasculation treatments to determine plant reproductive systems.",subfield,U07.11,U07
"Design controlled production tasks, such as picture description or sentence continuation, to elicit targeted linguistic output.",subfield,U07.04,U07
Design controlled test environments with standardized obstacles and terrain for evaluating robot navigation performance.,subfield,U07.10,U07
Design controlled user studies with counterbalanced conditions to evaluate interface alternatives.,subfield,U07.01,U07
Design cooperative multi-catalyst systems with mutually compatible components for one-pot cascade transformations.,subfield,U30.03,U30
Design coordination and dispatch strategies for distributed resources or agents to meet system-level objectives,subfield,U30.01,U30
Design critical care studies with appropriate severity scoring systems and ICU-specific outcome measures.,subfield,U07.02,U07
Design cross-national or multi-country studies to compare health outcomes and disparities across settings.,subfield,U07.02,U07
Design crossing schemes and breeding populations for genetic mapping or variety development.,subfield,U07.13,U07
Design culturally adapted survey instruments that incorporate local idioms of distress and illness categories.,subfield,U07.03,U07
"Design data-collection protocols that minimize recall bias, misclassification, and differential measurement of exposures and outcomes.",subfield,U07.02,U07
Design database schemas and logical data models that represent domain entities and their relationships for storage and querying.,subfield,U06.04,U06
"Design degradation studies with controlled light, oxygen, and microbial activity to assess pollutant persistence.",subfield,U07.11,U07
"Design deposition experiments with controlled substrate temperature, chamber pressure, and gas flow rates.",subfield,U07.11,U07
"Design device architectures with electrode, gate, and interlayer configurations to control charge distribution and isolate operating mechanisms.",subfield,U30.01,U30
"Design differentiation protocols with appropriate growth factors, small molecules, and temporal controls.",subfield,U07.13,U07
Design digital hardware architectures and implement them in hardware description languages for programmable or custom devices.,subfield,U30.01,U30
"Design distributed network protocols and control-plane mechanisms, such as resource allocation or congestion control, to achieve target performance objectives.",subfield,U30.01,U30
Design doping concentration series to systematically vary carrier density in semiconductor samples.,subfield,U07.11,U07
Design dose-escalation studies to establish toxicity profiles and maximum tolerated doses.,subfield,U07.02,U07
Design dose-response studies to characterize pharmacological or physiological sensitivity of tissues and organs.,subfield,U07.11,U07
Design dose-response studies with appropriate vehicle controls and pharmacokinetic sampling timepoints.,subfield,U07.11,U07
Design drug interaction studies to evaluate potential pharmacokinetic or pharmacodynamic interactions.,subfield,U07.02,U07
"Design electrochemical cells with controlled atmosphere, temperature, and electrolyte composition for reproducible measurements.",subfield,U07.10,U07
"Design electrochemical cycling experiments with controlled temperature, humidity, and atmosphere conditions.",subfield,U07.11,U07
Design electrochemical testing protocols for battery and fuel cell materials characterization.,subfield,U07.11,U07
Design electrophysiological recording protocols to assess neuronal activity or synaptic transmission.,subfield,U07.04,U07
"Design elicitation protocols to collect lexical, phonological, or grammatical data from native speakers of understudied languages.",subfield,U07.04,U07
Design elicitation protocols to collect naturalistic speech samples and metalinguistic commentary from speakers.,subfield,U07.04,U07
"Design employee surveys to measure job satisfaction, organizational commitment, or turnover intentions.",subfield,U07.03,U07
Design endoscopy-based studies with standardized biopsy protocols and histological endpoints.,subfield,U07.02,U07
"Design environmental cycle manipulations, such as light or temperature schedules, to test entrainment or lasting programming effects.",subfield,U07.11,U07
Design enzyme kinetics experiments with appropriate substrate concentrations and time points.,subfield,U07.11,U07
Design ethnographic interview guides to explore interactions between biomedical and traditional healing systems.,subfield,U07.05,U07
"Design evaluations of antenatal, delivery, and postnatal interventions to improve maternal and neonatal outcomes.",subfield,U07.02,U07
Design evaluations of policy or program implementation using quasi-experimental or stepped-wedge designs.,subfield,U07.02,U07
Design exercise protocols that manipulate physical activity or substrate availability as experimental conditions.,subfield,U07.04,U07
Design experimental or quasi-experimental intervention studies with treatment and comparison groups to test effects of instruction on language learning outcomes.,subfield,U07.01,U07
Design experimental procedures that induce or elicit participant behavior to test its effect on economic outcomes.,subfield,U07.04,U07
"Design experimental protocols to elicit preferences, risk attitudes, or strategic behavior in controlled settings.",subfield,U07.04,U07
Design experimental protocols with appropriate neural recording paradigms and behavioral controls.,subfield,U07.04,U07
Design experimental treatments that vary the institutional rules or interaction structure of a game to identify their behavioral effects.,subfield,U07.04,U07
Design experiments comparing tumor and matched normal tissue samples to identify cancer-specific alterations.,subfield,U07.01,U07
"Design experiments to evaluate catalyst performance under varying temperature, pressure, and feed composition.",subfield,U07.11,U07
Design experiments to evaluate efficacy of disease management treatments across multiple pathogen isolates.,subfield,U07.12,U07
Design experiments varying illumination parameters to assess photodamage in living specimens.,subfield,U07.11,U07
Design experiments with appropriate physiological controls to isolate specific organ or tissue responses.,subfield,U07.01,U07
"Design experiments with appropriate positive and negative controls for microbial growth, infection, or metabolic activity assays.",subfield,U07.08,U07
"Design experiments with appropriate sensory stimuli, behavioral paradigms, and neural recording protocols to test circuit-level hypotheses.",subfield,U07.04,U07
"Design experiments with controlled humidity, temperature, and pH to simulate physiological or environmental conditions.",subfield,U07.11,U07
"Design experiments with controlled temperature, pH, ionic strength, and buffer conditions for studying biological samples.",subfield,U07.11,U07
Design experiments with cryogenic or vacuum environments to isolate quantum coherence from thermal noise.,subfield,U07.10,U07
Design factorial experiments to evaluate effects of process parameters on product quality and throughput.,subfield,U07.11,U07
Design factorial model experiments that fix or decouple individual drivers to isolate their contributions to simulated responses.,subfield,U09.09,U09
Design feeding trials with appropriate control diets and replication to assess nutritional effects on animal performance.,subfield,U07.12,U07
"Design feeding trials with appropriate dietary treatments, adaptation periods, and measurement endpoints.",subfield,U07.12,U07
"Design feeding trials with appropriate stocking densities, replication, and control diets to evaluate aquaculture nutrition.",subfield,U07.12,U07
Design field experiments with controlled traffic signal timing to measure intersection performance.,subfield,U07.12,U07
"Design field experiments with replicated plots, paired sites, or before-after-control-impact frameworks to test ecological hypotheses.",subfield,U07.12,U07
"Design field experiments with replicated plots, transects, or enclosures to test ecological hypotheses.",subfield,U07.12,U07
"Design field or greenhouse experiments with replicated plots, appropriate controls, and randomized block arrangements to evaluate crop treatments.",subfield,U07.12,U07
"Design field plot experiments with appropriate soil sampling depths, replication, and spatial controls.",subfield,U07.12,U07
Design field sampling campaigns to capture spatial and temporal variability in water quality or hydrological conditions.,subfield,U07.12,U07
"Design field sampling protocols to assess biodiversity, soil health, or water quality across heterogeneous landscapes.",subfield,U07.12,U07
"Design field sampling schemes stratified by soil type, topography, and land use.",subfield,U07.12,U07
"Design field sampling schemes with stratification by habitat type, season, or environmental gradient.",subfield,U07.12,U07
"Design field sampling strategies accounting for tidal cycles, seasonal variation, and habitat heterogeneity.",subfield,U07.12,U07
Design field trials with replicated plots to evaluate pest control treatments under natural conditions.,subfield,U07.12,U07
"Design field trials with replicated plots, randomized block designs, and appropriate check varieties to evaluate crop performance.",subfield,U07.12,U07
Design field-normalized indicators that account for disciplinary differences in citation rates and publication volume.,subfield,U30.01,U30
"Design firm-level surveys to measure export behavior, import sourcing decisions, or responses to trade policy changes.",subfield,U07.03,U07
Design focus group guides for parents or caregivers to understand perspectives on early learning programs and school readiness.,subfield,U07.05,U07
Design focus group guides to examine barriers and facilitators to health-promoting behaviors in community settings.,subfield,U07.05,U07
Design focus group guides to examine collective sense-making and social dynamics around media consumption.,subfield,U07.05,U07
Design focus group guides to explore collective political experiences across different national or ethnic communities.,subfield,U07.05,U07
"Design focus group guides to explore community perceptions of crime, safety, or informal social control.",subfield,U07.05,U07
"Design focus group guides to explore shared cultural understandings, collective memories, or group interpretations of symbols.",subfield,U07.05,U07
Design focus group guides to explore student or teacher experiences with assessment practices.,subfield,U07.05,U07
Design focus group guides to gather teacher or parent perspectives on educational programs or interventions.,subfield,U07.05,U07
Design focus group protocols to explore civilian experiences and perceptions in conflict-affected communities.,subfield,U07.05,U07
"Design focus group protocols to explore community experiences with discrimination, displacement, or access to remedies.",subfield,U07.05,U07
Design focus group protocols to explore community perspectives on immigration enforcement and legal compliance.,subfield,U07.05,U07
"Design focus group protocols to explore consumer motivations, brand associations, or reactions to marketing stimuli.",subfield,U07.05,U07
Design focus group protocols to explore how citizens perceive economic inequality and government economic performance.,subfield,U07.05,U07
Design focus group protocols to explore how communities interpret and negotiate religious boundaries and shared practices.,subfield,U07.05,U07
Design follow-up and assessment schedules specifying testing intervals and modalities for cancer patients.,subfield,U07.02,U07
Design follow-up studies that retest an effect with new content or added control conditions to rule out alternative explanations.,subfield,U07.01,U07
Design formulation stability studies following regulatory guidelines for pharmaceutical development.,subfield,U07.08,U07
Design genetic association studies with appropriate case-control or family-based sampling strategies.,subfield,U07.02,U07
"Design greenhouse or growth chamber experiments with controlled light, temperature, and humidity conditions.",subfield,U07.11,U07
"Design guest satisfaction surveys measuring service quality dimensions, perceived value, and behavioral intentions.",subfield,U07.03,U07
Design guidance and motion-planning algorithms that generate reference trajectories and waypoints for control systems.,subfield,U30.01,U30
Design harmonized model experiment protocols to enable consistent intercomparison of simulations,subfield,U09.09,U09
"Design health-services studies to evaluate the access, quality, safety, or efficiency of care delivery.",subfield,U07.02,U07
Design heat treatment protocols to achieve target microstructures and mechanical properties.,subfield,U07.11,U07
Design heat treatment schedules to achieve target microstructures and mechanical properties.,subfield,U07.11,U07
"Design herd health studies with appropriate randomization or matching at the pen, paddock, or farm level.",subfield,U07.12,U07
Design hierarchical control architectures that decompose robot control into high-level command generation and low-level execution.,subfield,U30.01,U30
Design high-pressure and high-temperature experiments to simulate mantle or crustal conditions.,subfield,U07.11,U07
"Design household survey modules to measure consumption, income, assets, and economic well-being in low-income populations.",subfield,U07.03,U07
Design idealized model systems with tailored conditions to isolate specific mechanisms in targeted numerical studies,subfield,U09.09,U09
"Design imaging experiments with appropriate controls for autofluorescence, photobleaching, and background signal.",subfield,U07.11,U07
"Design immunization protocols with appropriate adjuvants, dosing schedules, and control groups to evaluate immune responses.",subfield,U07.11,U07
Design in vitro experiments using cancer cell lines with appropriate controls to test drug efficacy or pathway function.,subfield,U07.11,U07
Design in vitro experiments using primary neuronal cultures or neural cell lines to test mechanistic hypotheses.,subfield,U07.11,U07
"Design in vitro experiments with controlled physiological conditions including temperature, pH, oxygen levels, and sterility.",subfield,U07.11,U07
Design in vivo bioassays that use functional physiological endpoints to evaluate compound effects.,subfield,U07.08,U07
"Design incentive-compatible elicitation mechanisms to measure risk preferences, time preferences, or social preferences.",subfield,U07.04,U07
Design index or dictionary structures tuned to data distributions and hardware characteristics to reduce storage and lookup cost.,subfield,U30.01,U30
"Design infant looking-time or eye-tracking paradigms to assess attention, discrimination, or preference in preverbal participants.",subfield,U07.04,U07
"Design infection experiments with appropriate multiplicity of infection, time points, and uninfected controls.",subfield,U07.11,U07
Design informed consent processes that address therapeutic misconception and ensure participant comprehension of research risks.,subfield,U19.02,U19
Design informed consent processes that protect participant identity when studying stigmatized gender or sexual identities.,subfield,U19.02,U19
"Design inoculation experiments with appropriate pathogen doses, application methods, and uninoculated controls.",subfield,U07.11,U07
Design instructional content and training activities delivered through an interactive technology.,subfield,U08.01,U08
"Design instruments to elicit farmers' subjective perceptions, well-being, or probability beliefs.",subfield,U07.03,U07
"Design instruments to measure aesthetic preferences, emotional responses, or judgments of artistic quality.",subfield,U07.07,U07
"Design instruments to measure clinical competence, professional identity formation, or readiness for practice.",subfield,U07.07,U07
Design integrated process configurations linking multiple unit operations to improve energy recovery and utility use.,subfield,U30.01,U30
Design interaction techniques and command vocabularies that map user input modalities to system actions.,subfield,U30.01,U30
"Design interview guides for collecting narrative accounts from victims of stalking, harassment, or sexual offenses.",subfield,U07.05,U07
"Design interview protocols for collecting data from policymakers, legislators, or public administrators.",subfield,U07.05,U07
Design interview protocols incorporating walking interviews or go-along methods to elicit place-based narratives.,subfield,U07.05,U07
"Design interview protocols sensitive to monastic hierarchies, ritual contexts, and religious observances in Buddhist communities.",subfield,U07.05,U07
"Design interview protocols that account for cultural differences in self-disclosure, directness, and power distance between researcher and participant.",subfield,U07.05,U07
"Design interview protocols that address sensitive topics related to religious practice, identity, and community dynamics.",subfield,U07.05,U07
Design interview protocols that allow participants to narrate their racial or ethnic identity formation and lived experiences.,subfield,U07.05,U07
Design interview protocols that create safe spaces for participants to discuss sensitive topics related to gender identity or sexual experiences.,subfield,U07.05,U07
"Design interview protocols to capture activist narratives, recruitment pathways, and biographical consequences of participation.",subfield,U07.05,U07
"Design interview protocols to capture founder narratives, venture development processes, or innovation decision-making.",subfield,U07.05,U07
Design interview protocols to capture stakeholder perspectives on policy implementation and administrative decision-making.,subfield,U07.05,U07
Design interview protocols to capture stakeholder perspectives on urban planning decisions and community engagement processes.,subfield,U07.05,U07
Design interview protocols to capture the lived experiences of students with disabilities in educational settings.,subfield,U07.05,U07
"Design interview protocols to collect narratives from offenders, victims, or criminal justice practitioners about their experiences.",subfield,U07.05,U07
Design interview protocols to collect oral histories or personal narratives related to literary reception and cultural memory.,subfield,U07.05,U07
"Design interview protocols to collect oral histories or testimonies from authors, translators, or literary community members for qualitative research.",subfield,U07.05,U07
"Design interview protocols to collect perspectives from legal practitioners, judges, or policymakers across multiple jurisdictions.",subfield,U07.05,U07
"Design interview protocols to document artists' creative processes, workflows, and conceptual approaches to technology-based work.",subfield,U07.05,U07
"Design interview protocols to document designer intentions, creative processes, and professional practices.",subfield,U07.05,U07
Design interview protocols to document occupants' and residents' lived experience of buildings and neighborhoods.,subfield,U07.05,U07
"Design interview protocols to document the creative processes, rehearsal methods, and artistic choices of theater practitioners.",subfield,U07.05,U07
Design interview protocols to elicit detailed phenomenological descriptions of mental states or experiences.,subfield,U07.05,U07
Design interview protocols to elicit first-person accounts of lived experience for phenomenological analysis.,subfield,U07.05,U07
"Design interview protocols to elicit migration narratives, including pre-migration experiences and settlement processes.",subfield,U07.05,U07
"Design interview protocols to elicit musicians' perspectives on performance practice, creative processes, or professional experiences.",subfield,U07.05,U07
"Design interview protocols to elicit narratives about career trajectories, workplace experiences, and economic decision-making.",subfield,U07.05,U07
"Design interview protocols to elicit narratives about educational trajectories, career pathways, or experiences of disadvantage.",subfield,U07.05,U07
"Design interview protocols to elicit narratives from business owners, policymakers, or workers about regional economic change and development strategies.",subfield,U07.05,U07
Design interview protocols to elicit patient preferences and willingness-to-pay for health interventions.,subfield,U07.05,U07
Design interview protocols to elicit philosophical intuitions or beliefs from non-specialist participants for experimental philosophy studies.,subfield,U07.05,U07
"Design interview protocols to elicit reader responses, interpretive practices, or personal narrative accounts.",subfield,U07.05,U07
"Design interview protocols to elicit reflective judgments on political values, democratic practices, or conceptions of citizenship.",subfield,U07.05,U07
"Design interview protocols to elicit translators' accounts of their strategies, challenges, and professional experiences.",subfield,U07.05,U07
Design interview protocols to explore decision-making processes of executives managing cross-border operations.,subfield,U07.05,U07
Design interview protocols to explore decision-making processes of supply chain managers and procurement professionals.,subfield,U07.05,U07
"Design interview protocols to explore employee experiences with HR policies, leadership, or organizational change.",subfield,U07.05,U07
Design interview protocols to explore how individuals interpret and discuss political media content.,subfield,U07.05,U07
Design interview protocols to explore how school leaders navigate policy mandates and local community expectations.,subfield,U07.05,U07
"Design interview protocols to explore journalists' professional practices, ethical reasoning, or newsroom routines.",subfield,U07.05,U07
"Design interview protocols to explore learners' literacy histories, reading experiences, or language ideologies.",subfield,U07.05,U07
Design interview protocols to explore litigants' experiences navigating family court systems.,subfield,U07.05,U07
Design interview protocols to explore lived experiences of political marginalization or representation.,subfield,U07.05,U07
"Design interview protocols to explore lived experiences of urban residents regarding housing, displacement, or neighborhood change.",subfield,U07.05,U07
"Design interview protocols to explore patient experiences with chronic illness, disability, or healthcare encounters.",subfield,U07.05,U07
Design interview protocols to explore patient-provider communication experiences and health decision-making processes.,subfield,U07.05,U07
"Design interview protocols to explore personal religious narratives, conversion experiences, and faith development.",subfield,U07.05,U07
Design interview protocols to explore student and instructor experiences with online or blended learning formats.,subfield,U07.05,U07
Design interview protocols to explore student experiences with learning challenges or educational transitions.,subfield,U07.05,U07
Design interview protocols to explore student reasoning processes and problem-solving strategies in STEM content areas.,subfield,U07.05,U07
"Design interview protocols to explore student transitions, persistence decisions, or career development experiences.",subfield,U07.05,U07
Design interview protocols to explore subjective experiences of family caregiving and intergenerational support.,subfield,U07.05,U07
Design interview protocols to explore teachers' experiences implementing new curricula or instructional strategies.,subfield,U07.05,U07
"Design interview protocols to explore tourist experiences, meanings, and emotional connections to places.",subfield,U07.05,U07
"Design interview protocols to explore tourist experiences, travel decision-making processes, and memorable tourism encounters.",subfield,U07.05,U07
Design interview protocols to explore trainee experiences with clinical learning environments or professional socialization.,subfield,U07.05,U07
Design interview protocols to explore user experiences with information systems and digital platforms.,subfield,U07.05,U07
"Design interview protocols to explore user experiences with information systems, digital collections, or library services.",subfield,U07.05,U07
"Design interview protocols to explore user motivations, experiences, and meaning-making in digital spaces.",subfield,U07.05,U07
Design interview protocols to explore voter decision-making processes and political socialization experiences.,subfield,U07.05,U07
Design interview protocols to gather oral histories or reader responses related to American literary works and their cultural reception.,subfield,U07.05,U07
Design interview protocols to gather oral histories or testimonies from communities represented in postcolonial literary works.,subfield,U07.05,U07
Design interview protocols to gather perspectives from religious communities on biblical interpretation and practice.,subfield,U07.05,U07
"Design interview protocols to gather poets' perspectives on their creative processes, influences, or compositional choices.",subfield,U07.05,U07
Design interview protocols to gather reader responses or author perspectives for reception studies or biographical research.,subfield,U07.05,U07
"Design kinetics experiments with controlled temperature, pressure, and concentration conditions.",subfield,U07.11,U07
"Design laboratory tests for concrete, steel, or composite material specimens under controlled loading conditions.",subfield,U07.11,U07
Design language attitude surveys using matched-guise or verbal-guise techniques to measure perceptions of speakers and varieties.,subfield,U07.04,U07
Design language proficiency assessments or vocabulary tests to characterize participant linguistic backgrounds.,subfield,U07.04,U07
Design level-of-detail simplification schemes with error metrics that bound the visual deviation of reduced geometry.,subfield,U30.01,U30
"Design location-based survey instruments that capture respondents' spatial behaviors, travel patterns, or place-based experiences.",subfield,U07.03,U07
Design long-term forest monitoring plots with appropriate spatial replication and stratification by stand type.,subfield,U07.12,U07
Design longitudinal cohort studies to monitor animal morbidity and mortality across production cycles.,subfield,U07.02,U07
Design longitudinal data collection that follows the same migrants over time and across locations.,subfield,U07.01,U07
Design longitudinal studies that track pediatric outcomes across developmental stages from infancy through adolescence.,subfield,U07.02,U07
Design longitudinal studies tracking neurodevelopmental trajectories from infancy through childhood or adolescence.,subfield,U07.02,U07
Design low-temperature experiments using cryostats or dilution refrigerators to access quantum ground states.,subfield,U07.11,U07
Design magnetic field coil arrangements for atom trapping or Zeeman state manipulation.,subfield,U07.10,U07
"Design magnetometry experiments with controlled temperature, field orientation, and sample geometry.",subfield,U07.11,U07
Design mark-recapture studies to estimate population abundance and movement patterns of marine species.,subfield,U07.12,U07
Design masked or removable reagent strategies that carry functionality or chirality for later release in synthesis.,subfield,U30.03,U30
Design material compositions by proportioning constituents to achieve target properties,subfield,U30.03,U30
Design measurement batteries with multiple indicators per construct to enable latent variable modeling.,subfield,U07.07,U07
Design measurement protocols that capture uncertainty and variability needed for probabilistic modeling.,subfield,U07.01,U07
Design mechanical testing protocols with controlled loading rates and environmental conditions.,subfield,U07.11,U07
Design mechanical testing protocols with controlled temperature and humidity conditions to evaluate composite performance.,subfield,U07.11,U07
"Design method validation experiments to establish selectivity, linearity, accuracy, and precision for quantitative analyses.",subfield,U07.08,U07
Design mixed-mode survey instruments that maintain measurement equivalence across administration methods.,subfield,U07.03,U07
Design multi-criteria decision analysis frameworks with weighted criteria and scoring rules to support health resource allocation decisions.,subfield,U30.05,U30
Design multi-sited and multi-scalar research strategies linking local settings to wider institutional and policy contexts.,subfield,U07.01,U07
Design multi-stage assessment sequences in which brief screening results determine which participants receive in-depth diagnostic evaluation.,subfield,U07.02,U07
Design multi-stage tandem mass spectrometry acquisition strategies that combine complementary precursor ions or activation methods for structural elucidation.,subfield,U07.08,U07
Design mutagenesis experiments to probe structure-function relationships in proteins.,subfield,U07.13,U07
Design network protocols and node cooperation strategies to coordinate transmissions among distributed nodes.,subfield,U30.01,U30
Design neuroimaging studies with appropriate control conditions and imaging timepoints to detect brain changes.,subfield,U07.01,U07
Design new algorithms and data representations to solve specified computational problems.,subfield,U30.01,U30
Design new observables and analysis strategies to discriminate between competing new-physics interpretations.,subfield,U29.03,U29
Design novel catalyst and ligand systems from mechanistic and structure-reactivity hypotheses to enable new transformations.,subfield,U30.03,U30
Design observational studies to assess risk factors for infection acquisition or disease progression.,subfield,U07.02,U07
Design observational studies to examine long-term outcomes of psychiatric treatment in real-world settings.,subfield,U07.02,U07
"Design observational studies to identify risk factors for infection and disease spread within herds, flocks, and wildlife populations.",subfield,U07.02,U07
Design observational studies using emergency department registries to evaluate diagnostic and treatment protocols.,subfield,U07.02,U07
Design occupational cohort studies to track worker health outcomes in relation to job exposures over time.,subfield,U07.02,U07
Design on-chip physical layout geometry to minimize parasitics and maximize device signal quality before fabrication.,subfield,U30.01,U30
Design oncology clinical trials with appropriate tumor response criteria and survival endpoints.,subfield,U07.02,U07
Design optical setups with vibration isolation and temperature control to minimize environmental noise.,subfield,U07.10,U07
Design oral history interview protocols to elicit personal narratives about lived experiences and cultural practices.,subfield,U07.05,U07
Design oral history or ethnographic interview protocols to document traditional knowledge relevant to archaeological interpretation.,subfield,U07.05,U07
Design oral history protocols to collect testimonies from communities affected by colonial legacies.,subfield,U07.05,U07
Design oral history protocols to document lived experiences and collective memory within specific regional communities.,subfield,U07.05,U07
"Design oral history protocols to document living religious traditions, practices, or community memories.",subfield,U07.05,U07
"Design oral history protocols to document the experiences and perspectives of scientists, engineers, or medical practitioners.",subfield,U07.05,U07
"Design outbreak investigations to identify sources, modes of transmission, and populations at highest risk.",subfield,U07.02,U07
Design outcome measures capturing eyewitness memory accuracy and judgments about a witnessed event.,subfield,U07.14,U07
"Design parent or caregiver questionnaires to assess home learning environments, parenting practices, or family engagement in early education.",subfield,U07.03,U07
Design performance-based achievement tests to measure students' academic or skill attainment.,subfield,U07.04,U07
"Design perioperative clinical trials with endpoints measuring pain scores, opioid consumption, and functional recovery.",subfield,U07.02,U07
Design photoinitiating systems by matching chromophore absorption to the emission of the intended irradiation source.,subfield,U30.03,U30
Design physical-layer transmission and reception schemes to improve communication link performance,subfield,U30.01,U30
Design pilot-scale treatment systems to evaluate waste processing technologies under controlled conditions.,subfield,U07.10,U07
"Design plasma confinement geometries to achieve target density, temperature, and stability conditions.",subfield,U30.01,U30
Design policy packages combining multiple instruments to address environmental market failures.,subfield,U30.05,U30
"Design polymerization reactions with controlled temperature, atmosphere, and monomer feed rates to achieve target molecular architectures.",subfield,U30.03,U30
Design pragmatic clinical studies evaluating nursing care protocols or allied health interventions in real-world healthcare settings.,subfield,U07.02,U07
Design pragmatic clinical trials that accommodate the unpredictable patient flow and acuity variations in emergency departments.,subfield,U07.02,U07
Design pragmatic clinical trials that can be implemented within routine primary care workflows.,subfield,U07.02,U07
"Design predictive models of workload, cost, or reliability that drive online resource allocation and job placement decisions.",subfield,U09.06,U09
Design procedural controls that hold constant or randomize incidental features of the experimental setting to rule out confounds.,subfield,U07.01,U07
Design process or implementation evaluations alongside clinical outcome evaluation of mental health services.,subfield,U07.02,U07
Design professional development cycles that structure STEM teachers' collaborative planning and reflection for research purposes.,subfield,U07.01,U07
Design programming or query interfaces that let users express operations while hiding underlying execution details.,subfield,U30.01,U30
"Design prospective clinical trials in client-owned animals with clinically relevant endpoints such as survival, return to function, and quality of life.",subfield,U07.02,U07
Design prospective cohort studies to examine long-term risk factors for incident chronic disease.,subfield,U07.02,U07
Design prospective cohort studies to track pregnancy outcomes across trimesters.,subfield,U07.02,U07
Design prospective pregnancy or birth cohort studies to follow mothers and children over time.,subfield,U07.02,U07
"Design prospective surgical trials with appropriate endpoints such as operative time, length of stay, and complication rates.",subfield,U07.02,U07
Design protocols for collecting oral histories or ethnographic accounts related to mortuary practices or population histories.,subfield,U07.05,U07
Design pulse sequences for coherent control and manipulation of quantum states.,subfield,U07.11,U07
"Design purely qualitative studies with purposive sampling and saturation criteria to explore experiences of care, practice, or illness.",subfield,U07.06,U07
Design purposive and theoretical sampling strategies for qualitative studies of health-system stakeholders.,subfield,U07.06,U07
Design purposive sampling strategies to select information-rich and diverse participants for qualitative health research.,subfield,U07.06,U07
"Design qualitative protocols to understand household decision-making processes around savings, investment, and risk management.",subfield,U07.05,U07
Design quality improvement studies with appropriate pre-post or stepped-wedge methodologies.,subfield,U07.02,U07
"Design quantum communication and computation protocols specifying how quantum resources encode, transmit, and process information.",subfield,U30.01,U30
"Design questionnaires to assess physical activity levels, sedentary behavior, or exercise motivation.",subfield,U07.03,U07
"Design questionnaires to elicit speaker intuitions about meaning, acceptability, or pragmatic interpretation.",subfield,U07.04,U07
"Design questionnaires to measure language learner attitudes, motivation, anxiety, or self-efficacy toward target language use.",subfield,U07.03,U07
"Design questionnaires to measure translator attitudes, decision-making processes, or professional practices.",subfield,U07.03,U07
Design randomized controlled trials comparing surgical techniques while accounting for patient signalment and disease severity.,subfield,U07.02,U07
Design randomized controlled trials comparing surgical versus conservative treatment approaches for musculoskeletal conditions.,subfield,U07.02,U07
"Design randomized controlled trials evaluating cardiovascular drugs, devices, or procedural interventions with appropriate clinical endpoints.",subfield,U07.02,U07
Design randomized controlled trials to evaluate psychiatric medication efficacy and tolerability.,subfield,U07.02,U07
Design randomized controlled trials with control conditions and allocation procedures to test intervention effects on developmental outcomes.,subfield,U07.01,U07
"Design randomized or quasi-experimental evaluations, including cluster-level allocation, to estimate health intervention effects.",subfield,U07.02,U07
Design randomized trials evaluating weight-loss interventions with body-composition and metabolic endpoints.,subfield,U07.02,U07
Design rating scales or ordinal response formats suitable for rank-based statistical analysis.,subfield,U07.07,U07
Design reader studies with appropriate blinding and randomization to evaluate radiologist interpretation performance.,subfield,U07.02,U07
Design reciprocal transplant or common garden experiments to distinguish genetic and environmental effects on plant traits.,subfield,U07.12,U07
Design recruitment and sampling procedures to assemble experimental subject pools from target populations.,subfield,U07.06,U07
"Design resident surveys to measure perceptions of neighborhood quality, housing satisfaction, or access to services.",subfield,U07.03,U07
Design respondent identification mechanisms that preserve anonymity while enabling targeted follow-up or record linkage.,subfield,U07.06,U07
Design retrosynthetic pathways to identify viable routes for target molecule synthesis.,subfield,U30.03,U30
Design rheological experiments with controlled temperature and shear conditions to characterize polymer flow behavior.,subfield,U07.11,U07
Design rubrics and scoring guides to evaluate student performance on constructed-response tasks.,subfield,U07.07,U07
Design rule-based or switching decision logic that selects among discrete robot behaviors or controller modes.,subfield,U30.01,U30
Design sampling schemes that ensure valid statistical inference for target populations.,subfield,U07.06,U07
"Design sampling strategies for rock, sediment, and water collection to ensure spatial and temporal representativeness.",subfield,U07.12,U07
Design sampling strategies to capture taxonomic diversity across geographic ranges and habitat types.,subfield,U07.12,U07
Design schemes that partition and move data across distributed computing or network resources to use them efficiently.,subfield,U30.01,U30
"Design self-report batteries to assess psychological symptoms, functioning, and treatment response.",subfield,U07.03,U07
"Design self-report instruments to measure offending behavior, victimization experiences, or fear of crime.",subfield,U07.03,U07
"Design self-report instruments to measure offending behavior, victimization experiences, or perceptions of the criminal justice system.",subfield,U07.03,U07
"Design self-report instruments to measure student motivation, self-efficacy, or learning strategies.",subfield,U07.03,U07
"Design self-report measures to assess emotional regulation, coping styles, or motivational tendencies.",subfield,U07.03,U07
"Design self-report measures to assess job satisfaction, organizational commitment, and turnover intentions.",subfield,U07.03,U07
"Design self-report measures to assess offending history, victimization experiences, or attitudes toward criminal behavior.",subfield,U07.03,U07
"Design self-report measures to assess psychological constructs such as stress, coping, or health-related self-efficacy.",subfield,U07.03,U07
"Design self-report scales to assess metacognitive awareness, cognitive strategies, or subjective experiences.",subfield,U07.03,U07
Design self-report scales to measure implicit and explicit attitudes toward social groups.,subfield,U07.03,U07
Design semi-structured interview guides that accommodate culturally specific communication norms and local languages.,subfield,U07.05,U07
Design semi-structured interview protocols appropriate for children or adolescents at varying developmental levels.,subfield,U07.05,U07
Design semi-structured interview protocols to explore employee experiences with organizational change or leadership.,subfield,U07.05,U07
Design semi-structured interview protocols to explore strategic decision-making processes among top management teams.,subfield,U07.05,U07
Design semi-structured interview protocols to explore subjective experiences of social identity and group membership.,subfield,U07.05,U07
Design series of computational model systems with systematic structural variation to isolate specific theoretical effects.,subfield,U09.09,U09
Design seroprevalence surveys to estimate the extent of prior infection and population-level immunity.,subfield,U07.02,U07
"Design shelf-life studies with appropriate storage conditions, sampling intervals, and replication.",subfield,U07.11,U07
Design shielding configurations to minimize background radiation and electromagnetic interference in measurements.,subfield,U07.10,U07
Design silvopastoral experiments with randomized treatments to assess livestock-tree-pasture interactions.,subfield,U07.12,U07
Design simulation experiments to evaluate the performance of statistical estimators under varying sample sizes and data conditions.,subfield,U09.09,U09
Design simulation-based studies to evaluate resuscitation and teamwork performance of clinicians or lay rescuers.,subfield,U07.01,U07
"Design sintering experiments with controlled atmosphere, temperature profiles, and heating rates.",subfield,U07.11,U07
Design sociolinguistic interview protocols that elicit naturalistic speech across multiple registers and topics.,subfield,U07.05,U07
Design spatial and path representations that make robot planning problems computationally tractable.,subfield,U09.07,U09
Design state estimation algorithms that reconstruct unmeasured quantities from noisy sensor measurements,subfield,U09.11,U09
Design stated preference surveys using contingent valuation or choice experiments to elicit willingness to pay for environmental goods.,subfield,U07.04,U07
Design stimulated recall protocols to elicit learner or teacher reflections on language use during instructional tasks.,subfield,U07.05,U07
Design stimulus-presentation or conditioning experiments with defined training and treatment cues to test animal discrimination and learning.,subfield,U07.04,U07
Design structured abstraction forms to extract standardized variables from institutional case files and administrative records.,subfield,U07.07,U07
Design structured interview protocols to elicit verbal reports of cognitive processes or phenomenological experiences.,subfield,U07.05,U07
Design structured interview tasks to investigate grammatical variation across speaker groups.,subfield,U07.05,U07
Design studies comparing treatment regimens for inflammatory bowel disease with appropriate disease activity indices as endpoints.,subfield,U07.02,U07
Design studies comparing typically developing controls with participants having neurodevelopmental conditions using age-appropriate assessments.,subfield,U07.02,U07
"Design studies evaluating educational or training programs using knowledge, skill, or competency assessments as endpoints.",subfield,U07.01,U07
Design studies evaluating hemodynamic stability and cardiovascular outcomes during anesthetic management.,subfield,U07.02,U07
Design studies that collect or review spontaneously reported adverse drug reactions for post-marketing surveillance.,subfield,U07.02,U07
Design studies that evaluate candidate diagnostic or screening tests against a reference standard in animal populations.,subfield,U07.02,U07
Design studies that pair doctrinal analysis of legal texts with fieldwork on how the norms operate in practice.,subfield,U07.01,U07
Design studies to assess exposure-response relationships between environmental or occupational hazards and health.,subfield,U07.02,U07
Design studies to evaluate the effectiveness of injury-prevention interventions and safety policies.,subfield,U07.02,U07
Design studies with appropriate gestational age windows and trimester-specific endpoints.,subfield,U07.02,U07
Design studies with renal function endpoints using validated measures such as estimated glomerular filtration rate and proteinuria.,subfield,U07.02,U07
Design supervisory switching and reconfiguration logic that selects among multiple controllers during operation.,subfield,U30.01,U30
Design surveillance studies to detect and monitor emerging and endemic zoonotic pathogens in animal reservoirs.,subfield,U07.02,U07
Design surveillance studies to monitor dietary intake and nutritional status across population subgroups.,subfield,U07.02,U07
"Design surveillance systems to detect outbreaks, monitor disease trends, or evaluate interventions in near-real time.",subfield,U07.02,U07
"Design survey and interview instruments to assess stakeholder practices, perceptions, and institutional capacity relevant to animal disease control.",subfield,U07.03,U07
"Design survey instruments incorporating validated intercultural competence scales to measure cross-cultural adaptation, communication apprehension, or cultural identity.",subfield,U07.03,U07
"Design survey instruments that accurately capture religious observance, belief, and identity among Muslim respondents.",subfield,U07.03,U07
Design survey instruments that capture non-binary gender identities and diverse sexual orientations using inclusive response options.,subfield,U07.03,U07
"Design survey instruments that capture religious identity, practice, and belief while respecting theological nuances across traditions.",subfield,U07.03,U07
"Design survey instruments that capture respondents' spatial behaviors, mobility patterns, and place-based experiences.",subfield,U07.03,U07
"Design survey instruments to assess perceptions of rights violations, access to justice, or legal awareness among affected populations.",subfield,U07.03,U07
Design survey instruments to assess scientists' reasoning practices and methodological commitments.,subfield,U07.03,U07
"Design survey instruments to capture firm-level data on supply chain linkages, labor sourcing, and locational decision-making.",subfield,U07.03,U07
"Design survey instruments to collect farm-level data on production costs, input use, and management practices.",subfield,U07.03,U07
"Design survey instruments to measure acculturation, belonging, or experiences of discrimination among immigrant populations.",subfield,U07.03,U07
"Design survey instruments to measure brand perceptions, purchase intentions, or customer satisfaction.",subfield,U07.03,U07
"Design survey instruments to measure entrepreneurial intentions, opportunity recognition, or innovation adoption behaviors.",subfield,U07.03,U07
"Design survey instruments to measure experiences with divorce proceedings, custody arrangements, or domestic relations courts.",subfield,U07.03,U07
"Design survey instruments to measure financial literacy, investment decision-making, or risk preferences among individuals or managers.",subfield,U07.03,U07
"Design survey instruments to measure firm-level internationalization processes, entry mode choices, or foreign market commitment.",subfield,U07.03,U07
"Design survey instruments to measure health information seeking behaviors, source credibility perceptions, and message recall.",subfield,U07.03,U07
"Design survey instruments to measure healthcare utilization, out-of-pocket expenditures, and insurance coverage status.",subfield,U07.03,U07
"Design survey instruments to measure immigrant experiences with legal processes, such as asylum procedures or visa applications.",subfield,U07.03,U07
"Design survey instruments to measure job search behavior, reservation wages, and employment history.",subfield,U07.03,U07
"Design survey instruments to measure media consumption patterns, news credibility perceptions, or audience engagement.",subfield,U07.03,U07
"Design survey instruments to measure moral intuitions, ethical judgments, or value commitments across respondent populations.",subfield,U07.03,U07
"Design survey instruments to measure participation in protests, boycotts, petitions, or other forms of collective action.",subfield,U07.03,U07
"Design survey instruments to measure patient experiences, healthcare utilization, or health-related quality of life.",subfield,U07.03,U07
"Design survey instruments to measure perceptions of economic fairness, workplace norms, or organizational culture.",subfield,U07.03,U07
"Design survey instruments to measure political attitudes, party identification, or regime support across countries.",subfield,U07.03,U07
"Design survey instruments to measure preferences for redistribution, taxation, or government intervention.",subfield,U07.03,U07
"Design survey instruments to measure public attitudes toward defense policies, military interventions, or threat perceptions.",subfield,U07.03,U07
"Design survey instruments to measure public attitudes toward economic redistribution, trade policy, or market regulation.",subfield,U07.03,U07
Design survey instruments to measure public trust in governmental institutions and legal systems.,subfield,U07.03,U07
"Design survey instruments to measure religious beliefs, spiritual practices, or congregational experiences among Christian populations.",subfield,U07.03,U07
"Design survey instruments to measure religious beliefs, spiritual practices, or moral attitudes within faith communities.",subfield,U07.03,U07
"Design survey instruments to measure residents' perceptions of neighborhood quality, safety, or community attachment.",subfield,U07.03,U07
"Design survey instruments to measure sense of place, place attachment, or spatial belonging among community members.",subfield,U07.03,U07
"Design survey instruments to measure social media usage patterns, platform preferences, and online behaviors.",subfield,U07.03,U07
Design survey instruments to measure stakeholder attitudes toward contested bioethical issues such as informed consent or end-of-life care.,subfield,U07.03,U07
"Design survey instruments to measure strategic constructs such as competitive positioning, dynamic capabilities, or organizational ambidexterity.",subfield,U07.03,U07
"Design survey instruments to measure taxpayer compliance behavior, perceptions of tax fairness, or preferences for public goods.",subfield,U07.03,U07
"Design survey instruments to measure technology acceptance constructs such as perceived usefulness, ease of use, and behavioral intention.",subfield,U07.03,U07
"Design survey items measuring political attitudes, partisanship, ideology, or policy preferences using validated scales.",subfield,U07.03,U07
Design survey items that capture racial and ethnic self-identification using culturally appropriate categories and response options.,subfield,U07.03,U07
"Design survey items to measure cultural tastes, consumption patterns, or symbolic boundaries among respondents.",subfield,U07.03,U07
"Design survey items to measure political attitudes, trust in institutions, or civic participation.",subfield,U07.03,U07
"Design survey items to measure political knowledge, media trust, or perceived media bias among respondents.",subfield,U07.03,U07
"Design survey items to measure religiosity, spiritual practices, and religious identity across diverse faith traditions.",subfield,U07.03,U07
"Design survey items to measure socioeconomic status, class position, or social mobility experiences.",subfield,U07.03,U07
"Design survey items to measure vote intention, candidate evaluations, and issue positions among likely voters.",subfield,U07.03,U07
"Design survey modules to capture fertility intentions, partnership histories, and household composition.",subfield,U07.03,U07
"Design surveys and interview protocols to capture patrons' information needs, service satisfaction, and information-seeking behavior.",subfield,U07.03,U07
"Design surveys of patients, providers, or organizations to assess experiences, practices, and readiness for change.",subfield,U07.03,U07
"Design surveys to assess stakeholder perceptions of environmental regulations, enforcement practices, or compliance burdens.",subfield,U07.03,U07
Design surveys to measure citizen satisfaction with public services and government responsiveness.,subfield,U07.03,U07
"Design surveys to measure elite or public attitudes toward foreign policy, international cooperation, or global governance.",subfield,U07.03,U07
"Design surveys to measure household housing preferences, residential mobility intentions, and neighborhood satisfaction.",subfield,U07.03,U07
"Design surveys to measure information literacy, search behaviors, or user satisfaction with library services and systems.",subfield,U07.03,U07
"Design surveys to measure learner engagement, satisfaction, or self-efficacy in technology-enhanced learning environments.",subfield,U07.03,U07
Design surveys to measure legal practitioners' interpretations and applications of commercial law provisions.,subfield,U07.03,U07
"Design surveys to measure listeners' aesthetic responses, musical preferences, or engagement with musical activities.",subfield,U07.03,U07
"Design surveys to measure perceptions of legal legitimacy, procedural justice, or compliance among legal actors or the public.",subfield,U07.03,U07
"Design surveys to measure public attitudes toward constitutional rights, judicial legitimacy, or constitutional amendments.",subfield,U07.03,U07
"Design surveys to measure stakeholder attitudes toward patent reform, copyright enforcement, or trademark protection.",subfield,U07.03,U07
"Design surveys to measure student attitudes toward science or mathematics, self-efficacy, or motivation in STEM learning environments.",subfield,U07.03,U07
"Design surveys to measure student engagement, satisfaction, or learning experiences across academic programs.",subfield,U07.03,U07
"Design surveys to measure students' reading attitudes, writing self-efficacy, or language learning motivation.",subfield,U07.03,U07
"Design surveys to measure supply chain practices, capabilities, or performance outcomes from managers or practitioners.",subfield,U07.03,U07
"Design surveys to measure teacher attitudes, self-efficacy, and preparedness for teaching students with disabilities.",subfield,U07.03,U07
"Design surveys to measure teacher beliefs, pedagogical practices, or professional development needs.",subfield,U07.03,U07
"Design surveys to measure teacher perceptions of school climate, leadership support, and professional development opportunities.",subfield,U07.03,U07
"Design surveys to measure user perceptions, spatial experiences, and satisfaction with built environments.",subfield,U07.03,U07
Design symptom validity measures to detect suboptimal effort or malingering during cognitive assessments.,subfield,U07.07,U07
Design syntheses with inert atmosphere conditions to protect air-sensitive or moisture-sensitive compounds.,subfield,U07.11,U07
"Design synthesis experiments with controlled atmosphere, temperature, and pressure conditions to achieve target material phases.",subfield,U07.11,U07
"Design synthesis experiments with controlled temperature, atmosphere, and precursor concentrations to achieve target nanostructure morphologies.",subfield,U07.11,U07
"Design synthesis protocols with controlled temperature, atmosphere, and precursor concentrations to achieve target nanoparticle characteristics.",subfield,U07.11,U07
Design synthetic routes with appropriate reaction conditions for target compound libraries.,subfield,U07.11,U07
Design systematic excavation protocols to control for stratigraphic context and spatial relationships of fossil specimens.,subfield,U07.12,U07
Design test configurations for evaluating power converter performance under varying load conditions.,subfield,U07.11,U07
Design test configurations with controlled disturbances to evaluate controller robustness.,subfield,U07.11,U07
Design test fixtures and probe configurations for characterizing electronic components and circuits.,subfield,U07.10,U07
Design test-negative or screening studies to estimate vaccine effectiveness under real-world conditions.,subfield,U07.02,U07
"Design thermal experiments with controlled boundary conditions for temperature, pressure, and flow rate.",subfield,U07.11,U07
Design thermal reduction or oxidation pretreatments to modify catalyst active-site states and correlate them with activity.,subfield,U07.11,U07
"Design thin film deposition experiments with controlled substrate temperature, pressure, and gas composition.",subfield,U07.11,U07
Design training-set selection strategies to minimize the number of costly calculations needed for accurate surrogate models.,subfield,U09.06,U09
Design trials of maternal or infant supplementation to improve nutritional status and child growth.,subfield,U07.02,U07
Design trigger systems to select rare physics events from high-rate collision data.,subfield,U07.10,U07
Design user studies with controlled search tasks to evaluate retrieval system effectiveness.,subfield,U07.04,U07
Design user studies with controlled viewing conditions to evaluate visualization effectiveness and perceptual accuracy.,subfield,U07.04,U07
Design vacuum chamber configurations to achieve ultra-high vacuum conditions for atomic experiments.,subfield,U07.10,U07
"Design visitor surveys to measure travel motivations, satisfaction levels, and destination image perceptions.",subfield,U07.03,U07
Design walking interview or go-along protocols to capture participants' spatial practices and place meanings in situ.,subfield,U07.05,U07
Design wind tunnel or water channel experiments with controlled inlet conditions and test section geometry.,subfield,U07.11,U07
"Design wind tunnel test campaigns with controlled Mach number, Reynolds number, and angle of attack conditions.",subfield,U07.11,U07
Design within-subject or between-subject experimental paradigms with appropriate cognitive task conditions and neuroimaging protocols.,subfield,U07.04,U07
Designate and deposit type and voucher specimens in permanent institutional collections.,subfield,U06.05,U06
Detect and characterize target proteins in samples using gel electrophoresis with blot-based detection,subfield,U01.19,U01
Detect and delineate discrete features in imagery using segmentation and thresholding algorithms without training samples.,subfield,U04.10,U04
Detect and extract discrete sources from astronomical images or survey maps to build catalogues.,subfield,U04.10,U04
Detect and pick discrete arrivals or features in continuous geophysical recordings using automated detection criteria.,subfield,U04.11,U04
Detect discrete transient events in continuous neural signals using empirically defined criteria.,subfield,U04.11,U04
Detect pathogen nucleic acids in clinical or environmental specimens using targeted PCR assays.,subfield,U01.19,U01
"Determine and catalogue the type status and provenance of historical specimens using labels, collection registers, and original descriptions.",subfield,U06.05,U06
Determine appropriate dosing strategies and safety monitoring protocols for pediatric drug trials.,subfield,U07.02,U07
Determine appropriate follow-up duration and outcome definitions for studies of slowly developing chronic diseases.,subfield,U07.02,U07
Determine bulk elemental and oxide composition of materials using X-ray fluorescence or wet chemical analysis.,subfield,U01.17,U01
Determine bulk or apparent density of synthesized solid materials using displacement or geometric measurements.,subfield,U01.17,U01
Determine calorific value and proximate or elemental composition of waste samples to assess fuel quality.,subfield,U01.17,U01
Determine chromaticity coordinates and photometric quality metrics from emission or transmission spectra of luminescent materials and devices.,subfield,U04.05,U04
Determine convergence regions and modes of convergence for series representations of functions.,subfield,U29.01,U29
Determine crystal structures and mineral phases using X-ray diffraction techniques.,subfield,U01.17,U01
Determine crystallographic properties of minerals using X-ray diffraction analysis.,subfield,U01.17,U01
Determine degradation kinetics by fitting rate equations to time-series concentration data.,subfield,U02.10,U02
Determine dissolved ion or species concentrations in solutions and filtrates using wet-chemical solution-phase analysis such as titration.,subfield,U01.17,U01
Determine earthquake hypocenters and origin times by inverting phase arrival-time observations against a velocity model.,subfield,U02.10,U02
Determine element oxidation states in minerals from spectroscopic intensity ratios or binding-energy shifts.,subfield,U04.13,U04
Determine elemental composition and chemical bonding states of nanomaterials using X-ray spectroscopy.,subfield,U01.17,U01
Determine enantiomeric excess using chiral HPLC or NMR shift reagents.,subfield,U01.17,U01
Determine enantiomeric excess using chiral chromatography or polarimetry for asymmetric reactions.,subfield,U01.17,U01
Determine film growth kinetics by fitting deposition rate models to thickness versus time data.,subfield,U02.10,U02
Determine how a robot behaves under real operating conditions to validate its performance.,subfield,U09.09,U09
Determine how synthesized nanoparticles distribute and organize within processing or delivery systems,subfield,U04.10,U04
Determine kinetic rate constants by fitting concentration-time data to mechanistic models.,subfield,U02.10,U02
"Determine macromolecular structures by X-ray crystallography, from crystallization through model refinement.",subfield,U01.17,U01
Determine material composition and bonding states by fitting spectral peaks to reference databases.,subfield,U04.01,U04
Determine molecular weight averages and distributions of synthesized polymers by size-exclusion chromatography,subfield,U01.17,U01
Determine molecular weight distributions of biopolymers using gel permeation chromatography.,subfield,U01.17,U01
Determine optimal dosing schedules and dose-escalation schemes for cancer therapeutic agents.,subfield,U07.02,U07
Determine optimal sample sizes for imaging studies based on expected effect sizes and measurement variability.,subfield,U07.01,U07
Determine optimal sample sizes for neuroimaging studies using power analyses specific to imaging effect sizes.,subfield,U07.01,U07
Determine particle identification efficiency and misidentification rates for detector subsystems.,subfield,U04.01,U04
Determine phase constituents and transformation temperatures across sample series from combined structural and thermal measurements,subfield,U04.13,U04
"Determine physical and chemical properties of material specimens through laboratory characterization tests to evaluate quality, suitability, or degradation.",subfield,U01.17,U01
Determine predicted and observed signatures of a source or system to infer its intrinsic properties and benchmark alternative descriptions,subfield,U09.09,U09
"Determine recurrence, transience, and non-explosion properties of stochastic processes.",subfield,U29.01,U29
"Determine sample size, minimum detectable effects, and statistical power for planned epidemiologic studies under realistic assumptions about effect variability.",subfield,U07.01,U07
Determine sample sizes and sampling procedures to select representative samples from target populations.,subfield,U07.06,U07
Determine sample sizes or data collection conditions by optimizing prespecified design criteria for the intended inference.,subfield,U07.01,U07
Determine saturation magnetization and coercivity by fitting hysteresis loop models to experimental data.,subfield,U02.10,U02
Determine solubility and swelling behavior of polymers and additives across a range of solvents.,subfield,U01.17,U01
Determine the age of marine organisms by counting growth increments in calcified structures such as otoliths or scales.,subfield,U01.17,U01
Determine the age or dimensions of landforms and deposits through field and laboratory measurement,subfield,U01.17,U01
Determine the chemical structure and identity of marine natural products using spectroscopic and mass-spectrometric analyses.,subfield,U01.17,U01
"Determine the existence, number, and location of equilibria and periodic orbits using algebraic and qualitative criteria.",subfield,U29.01,U29
Determine the intracavity soliton state of a driven nonlinear microresonator from measured optical and RF signals.,subfield,U04.01,U04
Determine the limiting and asymptotic behavior of stochastic or dynamical systems from their structural properties.,subfield,U29.01,U29
Determine timing resolution and dead time corrections for counting systems.,subfield,U04.01,U04
Develop Monte Carlo simulation procedures to approximate sampling distributions and assess estimator properties.,subfield,U09.09,U09
Develop age-appropriate informed consent and assent protocols for children and adolescents participating in neuroimaging or behavioral studies.,subfield,U19.02,U19
"Develop analysis plans specifying exposure and outcome definitions, confounders, and effect modifiers prior to data collection.",subfield,U07.01,U07
Develop and analytically validate custom laboratory assays to quantify biomarkers in clinical specimens,subfield,U07.08,U07
Develop and apply advanced optical microscopy methods to image cellular and matrix structures in living or excised ocular tissue.,subfield,U01.19,U01
"Develop and apply annotation schemes for labeling linguistic phenomena such as part-of-speech, named entities, or discourse relations.",subfield,U04.06,U04
"Develop and apply coding schemes to categorize news frames, source types, or narrative structures in media content.",subfield,U04.06,U04
"Develop and apply coding schemes to classify digital content types, misinformation categories, or user interaction styles.",subfield,U04.06,U04
"Develop and apply qualitative criteria frameworks to compare systems or processes against standards, specifications, or alternatives.",subfield,U04.08,U04
Develop and evaluate clinical teaching methods and competency assessments for veterinary students and surgical residents.,subfield,U08.01,U08
Develop and optimize MRI acquisition protocols including sequence parameters for structural and functional imaging.,subfield,U07.09,U07
Develop and refine the content and delivery format of a non-pharmacological intervention before trial evaluation,subfield,U07.02,U07
Develop and release open-source software implementing neuroimaging analysis methods for community use.,subfield,U09.08,U09
Develop and release software tools and pipelines that implement genomic data analyses.,subfield,U09.08,U09
Develop and test digital platforms for delivering assessments or psychological interventions remotely.,subfield,U30.02,U30
Develop and validate analytical methods for quantifying analytes in drug products or biological matrices,subfield,U07.08,U07
Develop and validate delivery strategies for introducing nucleic acid constructs into target tissues in vivo.,subfield,U07.13,U07
Develop and validate laboratory assays to detect and type pathogens or pathogen-specific antibodies in animal specimens.,subfield,U07.08,U07
Develop and validate quality-of-care measures and performance indicators for health services.,subfield,U07.14,U07
Develop and validate risk prediction models using regression and machine learning approaches.,subfield,U09.06,U09
Develop and validate systematic search and screening protocols to delimit a reproducible literature corpus.,subfield,U24.01,U24
"Develop assessment instruments with attention to content validity, construct alignment, and item quality standards.",subfield,U07.07,U07
Develop behavioral models of emerging circuit elements for implementation in circuit simulators.,subfield,U09.02,U09
Develop bias corrections for estimators affected by incidental or nuisance parameters in panel models.,subfield,U02.16,U02
"Develop case study protocols to investigate firm strategies, governance structures, or competitive dynamics in depth.",subfield,U07.01,U07
Develop case study protocols to investigate operational challenges and solutions within firms or supply networks.,subfield,U07.01,U07
Develop classification schemes with defined criteria to categorize lesions or cases into standardized subtypes or severity levels.,subfield,U07.14,U07
Develop classroom tasks or instructional materials with teachers or students to elicit and support student reasoning.,subfield,U08.01,U08
"Develop clinical interview protocols to assess symptom presentation, treatment history, and therapeutic processes.",subfield,U07.05,U07
Develop clinical trial protocols for evaluating therapeutic interventions in cirrhosis or portal hypertension.,subfield,U07.02,U07
Develop coding schemes and classification rules that operationalize methodological features of published studies as analysis variables.,subfield,U07.07,U07
Develop coding schemes that capture emic religious categories while enabling cross-traditional comparison.,subfield,U07.07,U07
"Develop coding schemes to categorize thematic patterns, narrative structures, or rhetorical devices across literary texts.",subfield,U07.07,U07
Develop coding schemes to systematically analyze representations of identity categories in media content.,subfield,U07.07,U07
Develop cognitive interview protocols to evaluate how respondents interpret and answer survey questions.,subfield,U07.03,U07
Develop collection development policies and licensing agreements that balance budget constraints against user needs.,subfield,U06.04,U06
Develop computational algorithms that reconstruct or synthesize images from acquired imaging data.,subfield,U09.07,U09
Develop computational algorithms to derive quantitative cardiovascular biomarkers from raw signal or imaging data.,subfield,U09.07,U09
Develop computational algorithms to simulate dynamical systems over time.,subfield,U09.08,U09
Develop computational methods and tools for analyzing genomic or imaging data,subfield,U09.08,U09
Develop computational models to predict neural circuit dynamics and test mechanistic hypotheses.,subfield,U09.02,U09
Develop computational search routines to extract instances of target constructions or recurrent word sequences from corpora.,subfield,U04.06,U04
Develop conceptual definitions and typologies that delimit and classify economic phenomena outside formal modeling.,subfield,U12.03,U12
"Develop conceptual frameworks linking social, ethical, or behavioral dimensions to food and agricultural decisions",subfield,U12.03,U12
"Develop conceptual models, theoretical frameworks, or typologies of health care phenomena from theoretical and qualitative analysis.",subfield,U12.03,U12
Develop consent procedures accommodating patients with cognitive impairment or communication deficits.,subfield,U19.02,U19
Develop consent procedures for patients with cognitive impairment or diminished decision-making capacity.,subfield,U19.02,U19
Develop consent procedures that address power dynamics between researchers and student or faculty participants.,subfield,U19.02,U19
"Develop consent procedures that address the hierarchical relationships between administrators, teachers, and students in school settings.",subfield,U19.02,U19
Develop correction and trimming schemes to compensate offsets and nonlinearity in circuit components and channels.,subfield,U04.01,U04
Develop culturally appropriate informed consent procedures for low-literacy populations in field experiments.,subfield,U19.02,U19
Develop culturally appropriate informed consent procedures for research with Indigenous or immigrant communities.,subfield,U19.02,U19
Develop culturally appropriate informed consent procedures that account for community decision-making norms and health literacy.,subfield,U19.02,U19
"Develop culturally appropriate informed consent procedures that account for local norms around authority, literacy, and privacy.",subfield,U19.02,U19
Develop culturally appropriate questionnaire items that reflect diverse Islamic theological and sectarian perspectives.,subfield,U07.03,U07
Develop data collection instruments that elicit prior beliefs or subjective probability judgments from respondents.,subfield,U07.04,U07
Develop data safety monitoring plans to guide interim analyses and stopping rules for clinical trials.,subfield,U19.05,U19
Develop deception protocols and debriefing procedures for experiments involving false feedback or confederates.,subfield,U19.02,U19
Develop deception-free experimental protocols that maintain credibility with participants while testing behavioral hypotheses.,subfield,U07.04,U07
Develop decision-support tools and interfaces that make research knowledge usable by stakeholders and practitioners.,subfield,U30.02,U30
Develop demographically stratified normative reference values for neuropsychological instruments.,subfield,U02.07,U02
Develop descriptive classification and grading systems to categorize anatomical features or disease severity,subfield,U07.14,U07
Develop design strategies and theoretical frameworks for predicting molecular structure and interactions,subfield,U09.02,U09
Develop developmental-origins hypotheses linking prenatal exposures to later-life health outcomes.,subfield,U12.02,U12
Develop diagnostic algorithms that infer physical quantities or defect locations from raw sensor signals.,subfield,U09.05,U09
Develop elicitation protocols to collect naturalistic speech data for discourse or pragmatic analysis.,subfield,U07.04,U07
Develop elicitation protocols to gather naturalistic speech samples for syntactic analysis.,subfield,U07.04,U07
"Develop ethical protocols for research involving testimonies of trauma, displacement, or marginalized experiences.",subfield,U19.02,U19
Develop evidence-based dietetic practice guidelines and patient nutrition education materials.,subfield,U30.05,U30
Develop experimental designs for optimizing food processing parameters using response surface methodology.,subfield,U07.11,U07
"Develop experimental stimuli using news articles, social media posts, or political advertisements to test media effects.",subfield,U07.04,U07
Develop focus group guides for gathering perspectives from special education teachers on collaborative and co-teaching practices.,subfield,U07.05,U07
"Develop focus group guides that explore community experiences of landscape change, displacement, or urban transformation.",subfield,U07.05,U07
"Develop focus group guides that facilitate discussion of Islamic values, ethics, and social issues among diverse Muslim participants.",subfield,U07.05,U07
Develop focus group guides to examine audience interpretations of health campaign messages and materials.,subfield,U07.05,U07
Develop focus group guides to examine audience interpretations of media messages or news content.,subfield,U07.05,U07
Develop focus group guides to examine collective narratives about political identity or group consciousness.,subfield,U07.05,U07
Develop focus group guides to examine collective religious practices and community meaning-making processes.,subfield,U07.05,U07
Develop focus group guides to examine community health concerns or responses to public health interventions.,subfield,U07.05,U07
Develop focus group guides to examine community perspectives on urban development projects or planning decisions.,subfield,U07.05,U07
Develop focus group guides to examine host community perceptions of tourism development and impacts.,subfield,U07.05,U07
Develop focus group guides to examine how family law practitioners perceive policy reforms or procedural changes.,subfield,U07.05,U07
Develop focus group guides to examine stakeholder perspectives on curriculum reform or institutional policies.,subfield,U07.05,U07
Develop focus group guides to examine teacher perspectives on school reform initiatives and administrative support.,subfield,U07.05,U07
Develop focus group guides to explore citizen experiences with public service delivery and administrative processes.,subfield,U07.05,U07
Develop focus group guides to explore collective identity formation and frame resonance among movement participants.,subfield,U07.05,U07
Develop focus group guides to explore community members' relationships with local or traditional music practices.,subfield,U07.05,U07
"Develop focus group guides to explore community perceptions of crime, policing, or reentry programs.",subfield,U07.05,U07
Develop focus group guides to explore community perceptions of public programs and service delivery.,subfield,U07.05,U07
"Develop focus group guides to explore community perspectives on gender norms, sexuality, or feminist issues.",subfield,U07.05,U07
"Develop focus group guides to explore community perspectives on local economic restructuring, gentrification, or industrial transitions.",subfield,U07.05,U07
"Develop focus group guides to explore community perspectives on race relations, ethnic solidarity, or cultural practices.",subfield,U07.05,U07
Develop focus group guides to explore community-level perspectives on integration or intergroup relations.,subfield,U07.05,U07
"Develop focus group guides to explore resident experiences with neighborhood change, displacement, or gentrification.",subfield,U07.05,U07
"Develop focus group guides to explore shared meanings around work, consumption, or organizational practices.",subfield,U07.05,U07
Develop focus group guides to explore stakeholder perspectives on technology adoption or entrepreneurial ecosystem dynamics.,subfield,U07.05,U07
Develop focus group guides to gather employee perspectives on workplace culture and team dynamics.,subfield,U07.05,U07
Develop focus group guides to gather faculty or preceptor perspectives on curriculum implementation.,subfield,U07.05,U07
Develop focus group guides to gather stakeholder perspectives on educational technology implementation.,subfield,U07.05,U07
Develop focus group guides to gather student perspectives on classroom practices and learning experiences.,subfield,U07.05,U07
"Develop focus group guides to investigate cultural norms around marriage, cohabitation, and parenthood.",subfield,U07.05,U07
Develop focus group guides to investigate hospitality employee perspectives on workplace practices and service delivery.,subfield,U07.05,U07
Develop focus group guides to investigate instructor experiences implementing evidence-based teaching practices in STEM classrooms.,subfield,U07.05,U07
Develop focus group guides to investigate organizational technology implementation processes and challenges.,subfield,U07.05,U07
Develop focus group guides to investigate stakeholder perspectives on multinational corporate practices in host countries.,subfield,U07.05,U07
Develop focus group guides to investigate teacher perspectives on instructional practices or curriculum implementation.,subfield,U07.05,U07
"Develop focus group guides to investigate team dynamics, workplace culture, or reactions to management initiatives.",subfield,U07.05,U07
"Develop focus group protocols to explore community language attitudes, ideologies, and metalinguistic awareness.",subfield,U07.05,U07
Develop focus group protocols to gather audience responses to interactive or immersive digital artworks.,subfield,U07.05,U07
Develop focus group protocols to gather stakeholder perspectives on architectural and urban design proposals.,subfield,U07.05,U07
Develop focus group protocols to investigate classroom literacy practices or community language use.,subfield,U07.05,U07
Develop formal demonstrations or software applications that extend spatial data methods,subfield,U09.08,U09
Develop formal domain knowledge representations and knowledge-based systems to support engineering reasoning and decision-making,subfield,U09.02,U09
Develop functional interface prototypes using software tools for experimental evaluation.,subfield,U30.02,U30
Develop hypotheses about antimicrobial resistance emergence in animal pathogens and its implications for animal and human health.,subfield,U12.02,U12
Develop hypotheses about barriers and facilitators to implementing evidence-based practices in health systems.,subfield,U12.02,U12
Develop hypotheses about behavioral and environmental determinants of obesity and adherence to treatment.,subfield,U12.02,U12
Develop hypotheses about biogeographic patterns and historical dispersal events shaping current species distributions.,subfield,U12.02,U12
Develop hypotheses about determinants of maternal morbidity and mortality across populations and settings.,subfield,U12.02,U12
"Develop hypotheses about determinants of vaccine coverage, hesitancy, and uptake across communities and subgroups.",subfield,U12.02,U12
Develop hypotheses about dose-response relationships and therapeutic windows for pharmacological agents.,subfield,U12.02,U12
Develop hypotheses about drivers of inequities in health outcomes across countries and income settings.,subfield,U12.02,U12
Develop hypotheses about gene-gene or gene-environment interactions underlying complex traits.,subfield,U12.02,U12
"Develop hypotheses about knowledge diffusion, collaboration, and the emergence of research fields from science-of-science frameworks.",subfield,U12.02,U12
Develop hypotheses about modifiable risk factors and their potential for primary prevention at the population level.,subfield,U12.02,U12
"Develop hypotheses about nutritional interventions and their effects on animal health, immunity, and resistance to disease.",subfield,U12.02,U12
"Develop hypotheses about occupational hazards and their relationship to worker injury, illness, and disease.",subfield,U12.02,U12
Develop hypotheses about post-translational modifications and their functional consequences.,subfield,U12.02,U12
Develop hypotheses about protein intake and skeletal muscle metabolism across the lifespan and in aging.,subfield,U12.02,U12
Develop hypotheses about protein structure-function relationships using sequence and structural data.,subfield,U12.02,U12
Develop hypotheses about psychosocial risk factors for mental health conditions across diverse populations.,subfield,U12.02,U12
"Develop hypotheses about sources of bias including confounding, selection, and measurement error that threaten the validity of effect estimates.",subfield,U12.02,U12
Develop hypotheses about the bioactive properties of food components and their health effects.,subfield,U12.02,U12
Develop hypotheses about the biomechanical and neurological mechanisms underlying orthopedic and neurological disease in animals.,subfield,U12.02,U12
Develop hypotheses about transcription factor networks controlling cell fate decisions during development.,subfield,U12.02,U12
Develop hypotheses about vector competence and the ecological drivers of vector-borne disease transmission among animals.,subfield,U12.02,U12
Develop hypotheses comparing the diagnostic performance of different imaging modalities or protocols.,subfield,U12.02,U12
"Develop hypotheses linking cardiovascular risk factors such as hypertension, dyslipidemia, or diabetes to adverse cardiac outcomes.",subfield,U12.02,U12
Develop hypotheses linking early-life nutrition to long-term metabolic programming and later health.,subfield,U12.02,U12
Develop hypotheses linking genetic mutations or biomarkers to cancer prognosis or therapeutic response.,subfield,U12.02,U12
Develop hypotheses linking genetic variants to neurological disease phenotypes and progression patterns.,subfield,U12.02,U12
"Develop hypotheses linking housing, management, and welfare conditions to health outcomes in animal populations.",subfield,U12.02,U12
Develop hypotheses linking inflammatory cell infiltration patterns to tissue damage mechanisms.,subfield,U12.02,U12
Develop hypotheses linking ion channel or receptor dysfunction to neurological disease phenotypes.,subfield,U12.02,U12
Develop hypotheses linking structural or functional brain changes to cognitive or behavioral outcomes.,subfield,U12.02,U12
Develop hypotheses linking tumor microenvironment factors to cancer cell behavior and disease outcomes.,subfield,U12.02,U12
Develop hypotheses regarding anesthetic agent effects on organ systems and patient outcomes.,subfield,U12.02,U12
Develop hypotheses regarding antimicrobial resistance mechanisms or the emergence of drug-resistant strains.,subfield,U12.02,U12
Develop hypotheses regarding disease transmission pathways and parasite life cycles in cultured aquatic species.,subfield,U12.02,U12
Develop hypotheses regarding gastrointestinal microbiome alterations as drivers of inflammatory bowel disease or metabolic dysfunction.,subfield,U12.02,U12
"Develop hypotheses regarding genetic or physiological mechanisms underlying fruit quality, yield, or stress tolerance in horticultural crops.",subfield,U12.02,U12
Develop hypotheses regarding host-pathogen interactions in livestock disease processes.,subfield,U12.02,U12
Develop hypotheses regarding mechanisms of cutaneous carcinogenesis and tumor progression in skin cancers.,subfield,U12.02,U12
"Develop hypotheses regarding mechanisms of seizure generation, propagation, and pharmacoresistance in epilepsy.",subfield,U12.02,U12
"Develop hypotheses regarding microbial community dynamics, succession patterns, or ecological functions in environmental systems.",subfield,U12.02,U12
Develop hypotheses regarding pathogen virulence factors and their roles in disease development.,subfield,U12.02,U12
Develop hypotheses regarding phylogenetic relationships among plant taxa based on morphological or molecular evidence.,subfield,U12.02,U12
Develop hypotheses regarding physiological responses of animals to dietary or nutritional interventions.,subfield,U12.02,U12
Develop hypotheses regarding plant-soil-microbe interactions affecting nutrient uptake and crop productivity.,subfield,U12.02,U12
Develop hypotheses regarding risk factors for progressive sensory disorders such as glaucoma or sensorineural hearing loss.,subfield,U12.02,U12
"Develop hypotheses regarding risk factors for urological malignancies including prostate, bladder, and renal cell carcinoma.",subfield,U12.02,U12
Develop hypotheses regarding soil-plant interactions and their effects on crop productivity or ecosystem function.,subfield,U12.02,U12
"Develop hypotheses regarding species competition, succession, and community assembly in forest stands.",subfield,U12.02,U12
Develop hypotheses regarding the efficacy of biological control agents against target pest species.,subfield,U12.02,U12
Develop hypotheses regarding the efficacy of rehabilitation protocols on functional recovery outcomes.,subfield,U12.02,U12
Develop hypotheses regarding the mechanical properties and biocompatibility of dental restorative materials.,subfield,U12.02,U12
Develop hypotheses regarding trophic interactions and energy flow within marine food webs.,subfield,U12.02,U12
Develop hypotheses regarding ventilator-induced lung injury mechanisms and protective ventilation strategies.,subfield,U12.02,U12
Develop hypotheses regarding zoonotic spillover of pathogens from wildlife or livestock reservoirs to humans at the animal-human interface.,subfield,U12.02,U12
Develop hypotheses relating imaging biomarkers to disease progression or treatment outcomes.,subfield,U12.02,U12
Develop illness narrative interview protocols to elicit patient and healer perspectives on disease causation and treatment.,subfield,U07.05,U07
Develop in vitro assay protocols to screen compounds for biological activity or toxicity.,subfield,U07.08,U07
Develop inductive theoretical frameworks or typologies from qualitative case evidence as the study's central contribution.,subfield,U28.06,U28
Develop informed consent procedures appropriate for different survey modes and respondent populations.,subfield,U19.02,U19
Develop informed consent procedures appropriate for participants with varying health literacy or cognitive capacity.,subfield,U19.02,U19
Develop informed consent procedures appropriate for participants with varying literacy levels or legal vulnerabilities.,subfield,U19.02,U19
Develop informed consent procedures appropriate for patients with varying levels of health literacy or decision-making capacity.,subfield,U19.02,U19
Develop informed consent procedures appropriate for research with vulnerable populations in repressive political environments.,subfield,U19.02,U19
Develop informed consent procedures for research involving digital trace data or platform user studies.,subfield,U19.02,U19
Develop informed consent procedures that accommodate varying health literacy levels among study participants.,subfield,U19.02,U19
Develop informed consent procedures that account for participants experiencing psychological distress or health crises.,subfield,U19.02,U19
Develop informed consent procedures that address coercion concerns in correctional or forensic psychiatric settings.,subfield,U19.02,U19
Develop informed consent procedures that address coercion concerns when recruiting participants in custodial settings.,subfield,U19.02,U19
Develop informed consent procedures that address language barriers and legal risks for immigrant research participants.,subfield,U19.02,U19
Develop informed consent procedures that address risks associated with physical activity assessments or training protocols.,subfield,U19.02,U19
Develop informed consent procedures that address risks of pathogen exposure and specimen storage for infectious disease research.,subfield,U19.02,U19
Develop informed consent procedures that explain neuroimaging risks and incidental findings protocols to participants.,subfield,U19.02,U19
Develop informed consent procedures that protect the identity and safety of participants in conflict zones or authoritarian contexts.,subfield,U19.02,U19
Develop interface adapters and format converters that couple heterogeneous engineering software tools into integrated workflows.,subfield,U30.02,U30
"Develop interpretive codes to categorize recurring motifs, stylistic devices, or intertextual references in poetic works.",subfield,U28.01,U28
"Develop interview guides that accommodate regional communication norms, hierarchies, and culturally sensitive topics.",subfield,U07.05,U07
Develop interview guides that incorporate culturally appropriate discourse norms and address language attitudes or practices.,subfield,U07.05,U07
Develop interview guides to investigate customer decision journeys or service encounter experiences.,subfield,U07.05,U07
"Develop interview protocols for collecting narratives from immigrants, asylum seekers, or immigration attorneys about legal encounters.",subfield,U07.05,U07
"Develop interview protocols for diplomats, policymakers, or international organization officials to gather perspectives on decision-making processes.",subfield,U07.05,U07
Develop interview protocols for documenting testimonies of human rights violations from survivors and witnesses.,subfield,U07.05,U07
"Develop interview protocols for early childhood educators to explore their pedagogical beliefs, instructional decisions, or professional development experiences.",subfield,U07.05,U07
"Develop interview protocols for eliciting information from military personnel, intelligence professionals, or policymakers.",subfield,U07.05,U07
"Develop interview protocols for oral history projects with artists, collectors, curators, or other cultural practitioners.",subfield,U07.05,U07
"Develop interview protocols for oral history research with artists, curators, collectors, or other art world participants.",subfield,U07.05,U07
"Develop interview protocols for oral history research with filmmakers, industry professionals, or audience members.",subfield,U07.05,U07
"Develop interview protocols for regulatory officials, industry representatives, or community members affected by environmental policies.",subfield,U07.05,U07
"Develop interview protocols for trade policymakers, customs officials, or firm managers to understand trade decision-making processes.",subfield,U07.05,U07
"Develop interview protocols that elicit narratives about religious experience, conversion, or interfaith encounters.",subfield,U07.05,U07
Develop interview protocols to capture elite perspectives on policy formation and economic governance decisions.,subfield,U07.05,U07
"Develop interview protocols to collect qualitative data from patent attorneys, inventors, or rights holders about IP practices.",subfield,U07.05,U07
"Develop interview protocols to elicit narratives about identity formation, cultural belonging, or meaning-making experiences.",subfield,U07.05,U07
"Develop interview protocols to elicit narratives about lived experiences of place, mobility, and cultural identity.",subfield,U07.05,U07
"Develop interview protocols to elicit narratives about political participation, mobilization, or identity from citizens or elites.",subfield,U07.05,U07
"Develop interview protocols to elicit narratives from offenders, victims, or criminal justice practitioners about their experiences.",subfield,U07.05,U07
"Develop interview protocols to elicit participant reflections on language choices, rhetorical awareness, and communicative intentions in public or multilingual contexts.",subfield,U07.05,U07
"Develop interview protocols to elicit participants' interpretations of artworks, texts, or media objects.",subfield,U07.05,U07
"Develop interview protocols to elicit participants' mental maps, wayfinding strategies, or sense of place.",subfield,U07.05,U07
"Develop interview protocols to elicit perspectives from patients, clinicians, or policymakers on ethical dilemmas in health care.",subfield,U07.05,U07
Develop interview protocols to elicit scientists' tacit knowledge and epistemic values in research practice.,subfield,U07.05,U07
Develop interview protocols to elicit stakeholder perspectives on regulatory processes or policy implementation.,subfield,U07.05,U07
Develop interview protocols to explore how audiences make meaning from media texts in everyday life.,subfield,U07.05,U07
Develop interview protocols to explore how individuals reason through ethical conflicts or justify moral decisions.,subfield,U07.05,U07
"Develop interview protocols to explore how judges, lawyers, or litigants interpret and apply legal rules in practice.",subfield,U07.05,U07
Develop interview protocols to explore how speakers interpret ambiguous expressions or implicit meanings.,subfield,U07.05,U07
"Develop interview protocols to explore lived religious experience, faith narratives, or ministerial perspectives within Christian communities.",subfield,U07.05,U07
"Develop interview protocols to explore lived religious experiences, moral decision-making processes, or theological understanding among participants.",subfield,U07.05,U07
Develop interview protocols to explore participants' experiences with physical activity programs or sport participation.,subfield,U07.05,U07
"Develop interview protocols to explore patient experiences with illness, treatment adherence, or health behavior change.",subfield,U07.05,U07
"Develop interview protocols to explore stakeholder perspectives on urban development projects, housing policies, or neighborhood change.",subfield,U07.05,U07
Develop interview protocols to explore student experiences with instructional methods or learning environments.,subfield,U07.05,U07
"Develop interview protocols to gather perspectives from corporate counsel, regulators, or transactional lawyers on legal practice.",subfield,U07.05,U07
"Develop interview protocols to gather perspectives from judges, lawyers, or litigants on constitutional interpretation and practice.",subfield,U07.05,U07
"Develop interview protocols to gather perspectives from translators, authors, or literary practitioners on cross-cultural textual production.",subfield,U07.05,U07
Develop interview protocols to gather stakeholder perspectives on educational programs and interventions.,subfield,U07.05,U07
"Develop interview protocols to understand managerial decision-making processes in capital budgeting, disclosure, or risk management.",subfield,U07.05,U07
Develop interviewer training and standardization protocols to control interviewer-related measurement error.,subfield,U07.07,U07
Develop laboratory models that expose dental specimens to simulated oral microbial or chemical challenges,subfield,U07.13,U07
Develop language proficiency assessments or placement instruments aligned with established frameworks such as CEFR or ACTFL guidelines.,subfield,U07.07,U07
Develop life history interview guides that capture individual trajectories within broader social and cultural contexts.,subfield,U07.05,U07
Develop mechanistic hypotheses linking ion channel function to cellular excitability and organ system performance.,subfield,U12.02,U12
Develop mechanistic hypotheses linking neural circuit formation abnormalities to neurodevelopmental disorder phenotypes.,subfield,U12.02,U12
"Develop metadata schemas, controlled vocabularies, and classification frameworks to describe and organize collections.",subfield,U06.04,U06
Develop methodological guidance or decision aids to steer future research in a field.,subfield,U30.05,U30
Develop molecular markers from sequence data for genotyping and genetic mapping.,subfield,U07.13,U07
Develop multi-rater instruments to assess leadership behaviors or employee performance from multiple perspectives.,subfield,U07.07,U07
"Develop multi-source rating instruments to capture supervisor, peer, and subordinate evaluations of employee performance.",subfield,U07.07,U07
Develop multilingual survey versions to accommodate linguistic diversity among migrant respondents.,subfield,U07.03,U07
Develop multilingual versions of questionnaires with back-translation procedures to ensure conceptual equivalence across language groups.,subfield,U07.03,U07
Develop multivariable risk-prediction models and simplified scoring rules from clinical variables to stratify patient risk,subfield,U09.06,U09
Develop new analytical calculational formalisms to extend theory into previously inaccessible regimes,subfield,U29.03,U29
"Develop new estimators, formulas, or inference algorithms for epidemiologic quantities that existing methods cannot validly estimate.",subfield,U29.03,U29
Develop new formal analytical models or notational systems to represent musical structures and their transformations.,subfield,U29.03,U29
"Develop normative welfare-economic frameworks for allocating fixed health budgets, deriving decision rules such as cost-effectiveness thresholds and making embedded value judgements explicit.",subfield,U29.03,U29
Develop novel computational algorithms or methods for analyzing biological data.,subfield,U09.07,U09
Develop novel laboratory platforms or assays for genome-wide genetic measurement.,subfield,U07.08,U07
Develop numerical algorithms for simulation codes to improve their efficiency and accuracy,subfield,U09.08,U09
Develop observational cohort studies to track disease progression and treatment outcomes in ambulatory patients.,subfield,U07.02,U07
Develop or adapt clinical rating instruments and scoring metrics for conditions lacking suitable validated measures.,subfield,U07.07,U07
Develop or administer standardized instruments to collect comparable data across texts or readers.,subfield,U07.07,U07
Develop oral history interview protocols to collect firsthand accounts from witnesses or participants in historical events.,subfield,U07.05,U07
"Develop oral history protocols to collect firsthand accounts from veterans, diplomats, or political actors.",subfield,U07.05,U07
"Develop parent or caregiver report measures to assess child behaviors, temperament, or developmental progress.",subfield,U07.07,U07
Develop post-performance discussion guides to gather audience responses and interpretive experiences.,subfield,U07.05,U07
"Develop predictions about how environmental changes affect population dynamics, species distributions, or biodiversity patterns.",subfield,U12.02,U12
Develop protocols for life history interviews to document individual experiences within broader cultural contexts.,subfield,U07.05,U07
Develop protocols for managing acute psychiatric crises or suicidal ideation during research participation.,subfield,U19.05,U19
Develop protocols for managing incidental neuroimaging findings that may indicate clinical abnormalities.,subfield,U19.05,U19
"Develop protocols for oral history interviews with specialists in medieval crafts, liturgy, or living history practices.",subfield,U07.05,U07
Develop protocols for protecting user privacy when analyzing identifiable digital content or online interactions.,subfield,U19.03,U19
Develop protocols to protect participant confidentiality when collecting sensitive data on illegal activities or victimization.,subfield,U19.03,U19
Develop protocols to protect vulnerable populations such as abuse survivors or minor children in family law research.,subfield,U19.05,U19
"Develop questionnaire items capturing housing conditions, residential mobility histories, or access to urban amenities.",subfield,U07.03,U07
"Develop questionnaire items capturing social capital, network ties, and trust in economic relationships.",subfield,U07.03,U07
"Develop questionnaire items measuring sense of place, place attachment, or neighborhood perceptions.",subfield,U07.03,U07
"Develop questionnaire items to assess activist identities, grievances, and perceptions of collective efficacy.",subfield,U07.03,U07
"Develop questionnaire items to measure experiences of gendered discrimination, harassment, or microaggressions.",subfield,U07.03,U07
"Develop questionnaire modules to assess social capital, network ties, or community engagement.",subfield,U07.03,U07
"Develop questionnaire modules to capture perceptions of fairness, discrimination, or social position.",subfield,U07.03,U07
"Develop questionnaire modules to capture workplace conditions, benefits, and non-wage compensation.",subfield,U07.03,U07
"Develop questionnaire scales that capture religious participation, belief salience, and congregational involvement.",subfield,U07.03,U07
"Develop questionnaires assessing illness narratives, health beliefs, or perceptions of medical authority.",subfield,U07.03,U07
Develop questionnaires targeting executives or managers to capture strategic decision processes and firm-level practices.,subfield,U07.03,U07
"Develop questionnaires to assess attitudes toward marriage, cohabitation, or parental rights policies.",subfield,U07.03,U07
"Develop questionnaires to assess classroom climate, teacher-student relationships, or school belonging.",subfield,U07.03,U07
Develop questionnaires to assess community attitudes toward heritage preservation and adaptive reuse projects.,subfield,U07.03,U07
Develop questionnaires to assess community attitudes toward proposed development projects or planning initiatives.,subfield,U07.03,U07
"Develop questionnaires to assess faculty perceptions of teaching practices, workload, or institutional climate.",subfield,U07.03,U07
Develop questionnaires to assess family perspectives on special education services and IEP processes.,subfield,U07.03,U07
Develop questionnaires to assess health-related quality of life and patient-reported outcomes for economic evaluations.,subfield,U07.03,U07
Develop questionnaires to assess instructor attitudes toward integrating digital tools into teaching practice.,subfield,U07.03,U07
Develop questionnaires to assess knowledge sharing practices and information management behaviors in organizations.,subfield,U07.03,U07
"Develop questionnaires to assess managerial perceptions of cross-cultural differences, political risk, or institutional distance.",subfield,U07.03,U07
"Develop questionnaires to assess music education experiences, pedagogical approaches, or learning outcomes among students and educators.",subfield,U07.03,U07
"Develop questionnaires to assess organizational innovation climate, knowledge management practices, or entrepreneurial orientation.",subfield,U07.03,U07
Develop questionnaires to assess parent and community engagement with school governance and policy decisions.,subfield,U07.03,U07
"Develop questionnaires to assess public employee attitudes toward organizational change, leadership, or job characteristics.",subfield,U07.03,U07
Develop questionnaires to assess stakeholder perceptions of regulatory burden and institutional performance.,subfield,U07.03,U07
"Develop questionnaires to assess student engagement, motivation, or perceptions of classroom learning environments.",subfield,U07.03,U07
Develop questionnaires to assess student perceptions of instructional practices or classroom climate in STEM courses.,subfield,U07.03,U07
"Develop questionnaires to assess supplier relationship quality, collaboration intensity, or risk management practices.",subfield,U07.03,U07
Develop questionnaires to assess teachers' beliefs about literacy instruction or language pedagogy.,subfield,U07.03,U07
"Develop questionnaires to assess tourist motivations, travel preferences, and destination loyalty.",subfield,U07.03,U07
"Develop questionnaires to assess tourist spatial behavior, including route choices and time allocation across sites.",subfield,U07.03,U07
"Develop questionnaires to assess user satisfaction, system quality, and information quality in digital systems.",subfield,U07.03,U07
"Develop questionnaires to measure perceptions of regional economic conditions, business climate, or place-based assets among local stakeholders.",subfield,U07.03,U07
Develop randomized controlled trials comparing interventions for labor and delivery management.,subfield,U07.02,U07
Develop reception surveys to assess reader responses to translated texts.,subfield,U07.03,U07
Develop regression models relating field measurements to remotely sensed spectral variables.,subfield,U02.02,U02
Develop reporting guidelines and appraisal criteria for research methods by drafting candidate items and refining them against published studies.,subfield,U07.07,U07
Develop research questions addressing age-specific disease presentations and treatment responses in children.,subfield,U13.01,U13
"Develop research questions comparing medical and surgical treatment approaches for common clinical conditions in dogs, cats, and horses.",subfield,U13.01,U13
Develop research questions comparing surgical techniques or approaches for specific clinical conditions.,subfield,U13.01,U13
Develop research questions examining hormonal influences on reproductive function and fertility.,subfield,U13.01,U13
"Develop research questions examining relationships between adipokines, inflammation, and metabolic disease progression.",subfield,U13.01,U13
Develop research questions examining relationships between care delivery models and patient safety or quality indicators.,subfield,U13.01,U13
Develop research questions examining the effectiveness of prehospital interventions and emergency department treatments.,subfield,U13.01,U13
Develop research questions examining the effectiveness of preventive interventions in primary care settings.,subfield,U13.01,U13
Develop research questions on breastfeeding practices and their determinants across populations.,subfield,U13.01,U13
Develop research questions on dietary and lifestyle interventions for weight management.,subfield,U13.01,U13
"Develop research questions on food insecurity, food environments, and dietary quality in communities.",subfield,U13.01,U13
"Develop research questions on vitamin D status and its relationships to musculoskeletal, immune, and metabolic health.",subfield,U13.01,U13
Develop retrospective life history calendars to collect data on family and employment trajectories.,subfield,U07.04,U07
Develop safety monitoring protocols and adverse event reporting procedures for clinical intervention studies.,subfield,U19.05,U19
Develop sampling strategies to obtain representative data from agricultural populations across diverse farming systems.,subfield,U07.06,U07
"Develop scales to assess advertising effectiveness, brand attitudes, or willingness to pay.",subfield,U07.07,U07
"Develop scales to assess emotional responses to health messages, including fear, efficacy, and risk perceptions.",subfield,U07.07,U07
"Develop scales to assess public attitudes toward journalists, news organizations, or media trust.",subfield,U07.07,U07
"Develop scales to assess user engagement, content credibility perceptions, or digital literacy levels.",subfield,U07.07,U07
"Develop semi-structured interview guides to explore language learner experiences, identities, or perceptions of classroom practices.",subfield,U07.05,U07
Develop semi-structured interview protocols to explore subjective experiences of personality-relevant constructs.,subfield,U07.05,U07
Develop semi-structured interview protocols to gather reader interpretations or author perspectives for reception studies.,subfield,U07.05,U07
Develop skip patterns and branching logic to route respondents through complex survey instruments.,subfield,U07.03,U07
Develop software tools that give researchers access to computational methods or automated data analysis,subfield,U16.06,U16
Develop spatial metrics to quantify the variability and dependence structure of hydrometeorological fields.,subfield,U02.14,U02
Develop split-mouth or crossover study designs to compare dental interventions within the same patient.,subfield,U07.02,U07
Develop standardized osteometric data collection forms to systematically record skeletal measurements and morphological traits.,subfield,U07.07,U07
Develop standardized questionnaires to measure individual differences in cognitive styles or processing preferences.,subfield,U07.03,U07
Develop structured clinical interview protocols to gather patient history relevant to neurological and psychiatric conditions.,subfield,U07.05,U07
"Develop structured interview protocols to assess mental state, competency, or criminal responsibility in forensic populations.",subfield,U07.05,U07
"Develop structured programs or models that organize staff roles, activities, and experiences into an integrated account for practice.",subfield,U30.05,U30
Develop study protocols comparing surgical versus medical management of urological conditions with appropriate functional endpoints.,subfield,U07.02,U07
Develop study protocols for psychotherapy outcome research with appropriate comparison conditions.,subfield,U07.02,U07
Develop study protocols incorporating validated respiratory symptom questionnaires and quality of life measures.,subfield,U07.02,U07
Develop study protocols using exception from informed consent for research involving incapacitated emergency patients.,subfield,U19.02,U19
Develop survey experiments embedding randomized treatments to test effects of political messages and frames.,subfield,U07.04,U07
"Develop survey instruments to capture agricultural production, labor allocation, and enterprise activities in rural economies.",subfield,U07.03,U07
"Develop survey measures to assess experiences of racial discrimination, microaggressions, or ethnic prejudice.",subfield,U07.03,U07
"Develop survey measures to assess fear of crime, attitudes toward punishment, or confidence in law enforcement.",subfield,U07.03,U07
Develop tailored geometries or detection algorithms to control and follow the motion of localized structures,subfield,U09.11,U09
Develop test protocols for evaluating mechanical properties of manufactured components under controlled conditions.,subfield,U07.11,U07
Develop testable predictions about neural circuit mechanisms underlying stress-induced behavioral changes.,subfield,U12.02,U12
Develop testable predictions about phylogenetic relationships among taxa based on morphological or molecular evidence.,subfield,U12.02,U12
"Develop theoretical frameworks linking market structures, trade policies, or subsidies to agricultural sector performance.",subfield,U12.02,U12
Develop theoretical models linking brain activity patterns to behavioral performance on cognitive tasks.,subfield,U09.02,U09
Develop theoretical models linking neural activity patterns to behavioral or physiological outcomes.,subfield,U09.02,U09
Develop think-aloud or retrospective verbal protocol procedures to capture translation processes.,subfield,U07.04,U07
Develop validated assessment tools for evaluating learner performance in simulated or clinical settings.,subfield,U07.07,U07
"Develop validated scales to assess risk factors, protective factors, or attitudes toward deviant behavior.",subfield,U07.07,U07
Develop vignette-based measures to capture social judgments and attributional processes.,subfield,U07.04,U07
Develop within-subjects or between-subjects experimental protocols for comparing interaction techniques.,subfield,U07.01,U07
"Develop, refine, and standardize novel operative or image-guided interventional techniques and their associated instruments and devices.",subfield,U30.02,U30
Devise computational or counterfactual procedures to produce estimates that standard calculation cannot deliver.,subfield,U02.16,U02
Devise designs whose overall behavior emerges from repeated local interactions or iteration cycles.,subfield,U09.03,U09
"Devise new measures to operationalize subjective perceptual, affective, or metacognitive constructs.",subfield,U07.14,U07
"Devise procedures that convert raw material or data inputs into separated, structured forms for downstream analysis",subfield,U04.04,U04
Diagnose and address numerical convergence issues in estimation procedures.,subfield,U02.16,U02
Diagnose and correct for serial correlation and heteroskedasticity in regression residuals.,subfield,U02.02,U02
"Diagnose convergence of sampling algorithms using trace plots, effective sample sizes, and diagnostic statistics.",subfield,U02.15,U02
Diagnose nonresponse and item-missingness patterns in surveys to evaluate sample representativeness.,subfield,U04.14,U04
"Diagnose sources of measurement error in existing survey measures, such as mode effects or overreporting.",subfield,U04.14,U04
Diagnose sources of structural error in climate models by comparing process formulations and parameter-observation inconsistencies across models.,subfield,U09.09,U09
Diagnose violations of multivariate modeling assumptions such as multicollinearity and independence of observations.,subfield,U02.02,U02
Differentially test implementations or transformed artifacts against reference versions to expose behavioral discrepancies.,subfield,U09.09,U09
Digitize and code archival or documentary records into structured machine-readable datasets.,subfield,U04.15,U04
Digitize and georeference historical maps to enable comparison with contemporary spatial data.,subfield,U04.10,U04
Disambiguate author names and unify institutional affiliations to build reliable bibliometric datasets.,subfield,U04.02,U04
Discount future costs and health outcomes to present value in long-horizon economic evaluations.,subfield,U02.11,U02
Disperse nanofillers such as carbon nanotubes or graphene into polymer matrices using sonication or melt mixing.,subfield,U30.04,U30
Disperse pre-formed nanomaterials into suspensions with controlled concentration and aggregation state for downstream testing.,subfield,U30.04,U30
Distinguish between multiple equilibria when interpreting observed market or strategic outcomes.,subfield,U29.03,U29
Document and classify informal or customary family practices and dispute-resolution mechanisms operating outside state law.,subfield,U28.02,U28
Document and model process workflows and operating procedures to characterize operation sequences,subfield,U09.02,U09
"Document and publish analytic replication scripts, and if possible, data, accompanying scientific manuscripts.",subfield,U06.03,U06
"Document artistic practice through studio visits, process recordings, or participatory observation of creative workflows.",subfield,U01.08,U01
Document disease symptom progression through systematic photography of infected plants over time.,subfield,U01.12,U01
"Document field relationships including mineral paragenesis, textures, and structural orientations.",subfield,U01.12,U01
Document gross and microscopic pathological findings with standardized terminology.,subfield,U01.10,U01
"Document material culture, spatial arrangements, and bodily practices through systematic field observation.",subfield,U01.08,U01
Document morphological character observations and measurements during specimen examination.,subfield,U01.17,U01
Document pain management and anesthesia protocols for invasive procedures in research animals.,subfield,U19.05,U19
Document practitioners' own professional practice through reflective narratives or journals used as research data.,subfield,U01.07,U01
Document procedural technique step by step in written or video form to support consistent execution and teaching,subfield,U06.03,U06
Document procedures for minimizing pain and distress in experimental animals for ethics review.,subfield,U19.05,U19
Document researcher positionality and apply reflexive procedures to manage its influence on the interpretation of participant narratives.,subfield,U28.06,U28
Document traditional healing practices and local medical knowledge through extended fieldwork with healers and community members.,subfield,U01.08,U01
"Draw on access, equity, and social justice frameworks to contextualize research on underrepresented student populations.",subfield,U12.01,U12
Draw on behavioral finance concepts such as investor sentiment and cognitive biases when explaining market anomalies.,subfield,U12.01,U12
Draw on cognitive dissonance or attribution theories to explain attitude change and social judgment processes.,subfield,U12.01,U12
Draw on conceptual change frameworks to investigate how students develop or revise scientific and mathematical reasoning.,subfield,U12.01,U12
Draw on critical theory and cultural studies frameworks to analyze relationships between aesthetic forms and social structures.,subfield,U12.01,U12
Draw on established domain-specific theoretical frameworks of learning or professional knowledge to formulate and frame research questions.,subfield,U12.01,U12
Draw on established theoretical frameworks to motivate and frame research questions or hypotheses.,subfield,U12.01,U12
Draw on established theory or expert judgement to define the constructs and hypotheses guiding analysis.,subfield,U12.01,U12
Draw on first-person or hypothetical accounts of media use to theorize embodied everyday experience.,subfield,U12.03,U12
Draw on first-person or professional experience to compose case narratives that ground abstract philosophical claims in concrete particulars,subfield,U28.03,U28
Draw on formal logic or argumentation theory to structure analyses of reasoning patterns in discourse.,subfield,U12.01,U12
Draw on gatekeeping or news values frameworks to examine journalistic decision-making processes.,subfield,U12.01,U12
Draw on genre theory to situate narrative texts within broader literary and cultural traditions.,subfield,U12.01,U12
Draw on information behavior theories such as sense-making or information foraging to frame studies of how users seek and use information.,subfield,U12.01,U12
Draw on institutional frameworks to examine how labor market regulations affect employment outcomes.,subfield,U12.01,U12
"Draw on institutional theories of Congress, the presidency, or federalism to explain policy outcomes or political processes.",subfield,U12.01,U12
"Draw on institutional theories of state capacity, party systems, or electoral rules to explain cross-national variation.",subfield,U12.01,U12
Draw on institutional theory to examine organizational adoption of information systems and digital technologies.,subfield,U12.01,U12
"Draw on knowledge organization frameworks when investigating classification, metadata, or retrieval systems.",subfield,U12.01,U12
Draw on leadership theories to develop research questions about supervisor-subordinate relationships and team effectiveness.,subfield,U12.01,U12
Draw on macro-sociological theories of societal development and globalization to interpret change in national education systems.,subfield,U12.01,U12
"Draw on motivation theories to develop research questions about employee engagement, performance, or retention.",subfield,U12.01,U12
Draw on network theory to conceptualize information diffusion and social influence in online environments.,subfield,U12.01,U12
Draw on phenomenological frameworks to articulate the structure of subjective experience in research design.,subfield,U12.01,U12
Draw on policy implementation frameworks to examine how educational reforms are enacted at district and school levels.,subfield,U12.01,U12
"Draw on policy process frameworks such as incrementalism, advocacy coalitions, or multiple streams when designing policy studies.",subfield,U12.01,U12
Draw on present-day media or survey evidence to document contemporary afterlives of historical phenomena.,subfield,U18.01,U18
Draw on second language acquisition theories when investigating multilingual learners' literacy development.,subfield,U12.01,U12
Draw on selective exposure and partisan media theories when examining audience media choices and their political consequences.,subfield,U12.01,U12
"Draw on social movement theories to analyze collective action, mobilization, and political contention.",subfield,U12.01,U12
Draw on sociological or cognitive models of translator behavior to conceptualize research problems.,subfield,U12.01,U12
Draw on technology acceptance models to investigate factors influencing adoption of educational tools.,subfield,U12.01,U12
Draw on the researcher's own prior participation in governance processes as an evidentiary source for reconstructing institutional practice.,subfield,U28.06,U28
Draw on the researcher's own remembered life or creative-practice experience as evidence within the analysis.,subfield,U28.06,U28
Draw on theories of collective memory and commemoration to analyze how groups construct shared pasts.,subfield,U12.01,U12
"Draw on theories of gentrification, displacement, or urban restructuring to frame research on neighborhood transitions.",subfield,U12.01,U12
Draw on variationist sociolinguistic frameworks to investigate relationships between linguistic features and social variables.,subfield,U12.01,U12
Draw structural analogies between a mental phenomenon and cases from other domains to support conceptual claims about it.,subfield,U28.03,U28
Elicit and code participants' open-ended verbal reports of task strategies or subjective experience.,subfield,U01.07,U01
Elicit and quantify speakers' semantic categorization through structured cognitive tasks such as free-listing or sorting.,subfield,U01.09,U01
Elicit and specify functional and non-functional requirements from stakeholders and operational constraints.,subfield,U30.07,U30
Elicit knowledge from practitioners and domain experts through structured interviews and questionnaires,subfield,U01.22,U01
Elicit structured expert judgments to identify and weight decision criteria for decision models,subfield,U01.22,U01
"Elicit structured expert or practitioner judgment to review, rate, and refine research instruments, assessment items, or conceptual frameworks prior to data collection.",subfield,U07.15,U07
Elucidate reaction pathways and reactive intermediates in treatment processes by interpreting analytical characterization evidence.,subfield,U02.10,U02
Elucidate the chemical structures of isolated bioactive compounds using spectroscopic and mass spectrometric analysis.,subfield,U02.10,U02
Elucidate the chemical structures of isolated compounds from spectroscopic and spectrometric data,subfield,U02.10,U02
Employ instrumental variable strategies to address endogeneity between political and economic variables.,subfield,U02.03,U02
Employ performative or experimental writing that enacts the concept under study as a mode of philosophical argument.,subfield,U28.03,U28
"Employ quasi-experimental methods to identify causal effects of place-based policies, infrastructure investments, or regulatory changes on property values.",subfield,U02.03,U02
Engage interlocutors' own concepts and knowledge traditions as analytic theory rather than as data to be explained.,subfield,U28.06,U28
Engage participants and stakeholders in reviewing study data or findings to validate and refine interpretations.,subfield,U28.06,U28
"Engage patients, clinicians, and policy stakeholders to co-design research questions, studies, and interventions",subfield,U07.15,U07
Engage practitioners and experts in iterative sessions to co-develop and validate analytic or governance frameworks.,subfield,U07.15,U07
"Engage with canonical and contemporary political philosophers when framing normative research questions about justice, legitimacy, or authority.",subfield,U12.01,U12
"Engage with canonical and contemporary theories of justice, rights, or legitimacy when framing normative research questions.",subfield,U12.01,U12
"Engage with classical and contemporary epistemological theories when formulating research questions about knowledge, justification, or belief.",subfield,U12.01,U12
Engage with epistemological theories of justification and evidence when formulating research problems about scientific knowledge.,subfield,U12.01,U12
Engage with ethnomusicological theories of cultural practice and identity when framing studies of music in social contexts.,subfield,U12.01,U12
"Engage with existentialist concepts of subjectivity, freedom, and authenticity when formulating philosophical inquiries.",subfield,U12.01,U12
Engage with historiographical debates about the relationship between religious institutions and political or social structures.,subfield,U12.01,U12
"Engage with historiographical debates on periodization, continuity, and change when situating medieval research problems.",subfield,U12.01,U12
Engage with historiographical debates specific to the region when framing research problems and interpretive approaches.,subfield,U12.01,U12
"Engage with intersectionality frameworks to examine how race and ethnicity interact with gender, class, and other social categories.",subfield,U12.01,U12
Engage with law and economics frameworks to analyze the efficiency and welfare effects of intellectual property regimes.,subfield,U12.01,U12
"Engage with normative ethical theories such as deontology, consequentialism, or virtue ethics when framing research questions about moral phenomena.",subfield,U12.01,U12
"Engage with phenomenological and hermeneutical frameworks to interpret religious beliefs, practices, and experiences across traditions.",subfield,U12.01,U12
"Engage with philosophical theories of beauty, taste, and aesthetic experience when framing research questions about art and cultural objects.",subfield,U12.01,U12
Engage with postcolonial or critical geographic frameworks to examine power relations embedded in cultural landscapes.,subfield,U12.01,U12
Engage with push-pull models or network theories to explain migration decision-making and patterns.,subfield,U12.01,U12
Engage with regulatory theory when examining the effects of corporate and commercial law reforms on market behavior.,subfield,U12.01,U12
Engage with social constructionist perspectives on gender and sexuality to frame empirical investigations.,subfield,U12.01,U12
Engage with spatial justice and equity frameworks when conceptualizing urban development research.,subfield,U12.01,U12
"Engage with systematic theology, biblical hermeneutics, or ecclesiological frameworks when formulating research questions about Christian belief and practice.",subfield,U12.01,U12
"Engage with theological doctrines, ethical frameworks, or religious traditions when framing research questions about moral reasoning or religious practice.",subfield,U12.01,U12
"Engage with theories of authorship, patronage, and print culture to contextualize early modern literary works.",subfield,U12.01,U12
"Engage with theories of consciousness, intentionality, or mental causation when framing philosophical research questions.",subfield,U12.01,U12
Engage with theories of cultural translation and literary circulation to frame analyses of texts moving between linguistic and cultural contexts.,subfield,U12.01,U12
"Engage with theories of empire, settler colonialism, and decolonization when framing historical research questions.",subfield,U12.01,U12
Engage with theories of judicial behavior and institutional design when analyzing constitutional court outcomes.,subfield,U12.01,U12
"Engage with theories of legal positivism, natural law, or legal realism when framing research questions about the nature and function of law.",subfield,U12.01,U12
Engage with theories of material culture and craft traditions when investigating design objects and practices.,subfield,U12.01,U12
"Engage with theories of meaning, reference, or speech acts when framing research questions about language use.",subfield,U12.01,U12
"Engage with theories of media ecology, digital aesthetics, or human-computer interaction when framing research questions about creative technologies.",subfield,U12.01,U12
Engage with theories of migration governance and border control when developing legal research frameworks.,subfield,U12.01,U12
Engage with theories of religious authority and transmission to contextualize institutional dynamics in Muslim societies.,subfield,U12.01,U12
Engage with theories of religious pluralism and interreligious relations when examining multi-faith contexts.,subfield,U12.01,U12
Engage with theories of state responsibility and non-state actor accountability when analyzing human rights violations.,subfield,U12.01,U12
Engineer drive and coupling schemes in controllable quantum platforms to realize target Hamiltonians or qubit operations,subfield,U30.01,U30
Enroll patients during acute emergency presentations while minimizing interference with clinical care delivery.,subfield,U01.05,U01
Ensure compliance with biosafety regulations and institutional biosafety committee requirements for handling infectious agents.,subfield,U19.01,U19
Ensure compliance with regulations governing implantable neural devices and investigational medical equipment.,subfield,U19.01,U19
Ensure compliance with regulations governing the collection and storage of reproductive tissues and fetal specimens.,subfield,U19.01,U19
Ensure protection of sensitive patient information when collecting data on care processes and health outcomes.,subfield,U19.03,U19
Enumerate and classify combinatorial terms in moment or trace expansions to determine their asymptotic contributions.,subfield,U29.01,U29
Enumerate cell or microbial populations in samples using culture-based counting or flow cytometry.,subfield,U01.19,U01
Enumerate microbial cell abundance or biomass in cultures and environmental samples.,subfield,U01.19,U01
Enumerate microorganisms in environmental samples using culture-based or direct counting methods,subfield,U01.19,U01
Establish age-depth chronologies for sediment or peat cores to date subsurface samples.,subfield,U01.17,U01
Establish almost-sure geometric and regularity properties of random sets and sample paths.,subfield,U29.01,U29
"Establish analytically how alternative models, rules, or measures relate to one another.",subfield,U29.01,U29
Establish and maintain patient-derived cancer cell lines or organoids for experimental studies.,subfield,U07.13,U07
Establish and optimize clonal or in vitro propagation protocols to produce plant material for experimental or conservation use.,subfield,U07.13,U07
Establish and use experimental animal models to study nutrient metabolism and disease mechanisms under controlled dietary conditions.,subfield,U07.13,U07
Establish appropriate control groups for surgical intervention studies involving ocular or otologic procedures.,subfield,U07.02,U07
Establish appropriate control treatments and application rates for pesticide efficacy studies.,subfield,U07.12,U07
Establish appropriate dietary washout and equilibration periods for nutrient balance and bioavailability studies.,subfield,U07.02,U07
Establish appropriate follow-up periods for assessing dental implant osseointegration and long-term survival.,subfield,U07.02,U07
Establish appropriate positive and negative controls for biochemical assays.,subfield,U07.08,U07
Establish appropriate washout periods for studies involving hormone replacement therapies.,subfield,U07.02,U07
"Establish arithmetic constraints on integer solutions, sets, or coefficients using structural number-theoretic arguments.",subfield,U29.01,U29
Establish asymptotic bounds for counting sequences using analytic and probabilistic methods.,subfield,U29.01,U29
Establish before-after-control-impact study designs to evaluate conservation intervention effectiveness.,subfield,U07.12,U07
Establish bounds on exponential sums and character sums to obtain number-theoretic estimates.,subfield,U29.01,U29
"Establish case-classification criteria for coding disease etiology, lesion type, and outcome in retrospective record reviews.",subfield,U07.14,U07
Establish cell culture models of target tissue as experimental substrates for mechanistic in vitro study,subfield,U07.13,U07
Establish cell culture models with differentiated or disease-like phenotypes for functional physiological study.,subfield,U07.13,U07
Establish clinically meaningful endpoints for orthopedic trials using validated patient-reported outcome measures.,subfield,U07.02,U07
Establish clinically meaningful endpoints for skin disease trials using validated severity scoring systems.,subfield,U07.02,U07
Establish collaborations with endoscopy units for prospective tissue collection and patient enrollment.,subfield,U05.01,U05
Establish collaborations with stroke centers or epilepsy monitoring units for prospective data collection.,subfield,U05.01,U05
"Establish collaborative relationships with monasteries, temples, or religious organizations to facilitate research access and participant recruitment.",subfield,U05.01,U05
Establish community consultation procedures required for emergency research conducted under exception from informed consent.,subfield,U19.04,U19
Establish congruences between modular forms and their Fourier coefficients using the structure of modular forms modulo primes.,subfield,U29.01,U29
Establish control and treatment sites to isolate effects of environmental variables on ecological communities.,subfield,U07.12,U07
Establish control conditions that isolate specific neural pathways or sensory modalities from confounding variables.,subfield,U07.01,U07
Establish controlled atmosphere conditions for synthesis and processing of reactive materials.,subfield,U07.11,U07
Establish controlled composting or anaerobic digestion experiments to assess organic waste degradation.,subfield,U07.11,U07
Establish controlled exposure conditions for ecotoxicological assays on model organisms.,subfield,U07.11,U07
Establish controlled oxygen fugacity and volatile conditions for mineral synthesis experiments.,subfield,U07.11,U07
Establish controlled preparation procedures to expose diagnostic features while preserving specimen integrity.,subfield,U07.08,U07
"Establish controlled temperature, vacuum, or humidity conditions for precision instrument testing.",subfield,U07.09,U07
Establish controlled thermal and electrical conditions for testing energy storage systems.,subfield,U07.11,U07
Establish convergence rates and asymptotic behavior of estimators using limit theorems.,subfield,U02.16,U02
"Establish curing parameters including temperature profiles, pressure, and time for thermoset composite fabrication.",subfield,U07.11,U07
Establish data sharing agreements with emergency medical services agencies for prehospital research collaboration.,subfield,U01.04,U01
Establish data sharing agreements with healthcare networks to access multi-site clinical data.,subfield,U01.04,U01
Establish data-access and governance arrangements with tiered permissions to enable secondary reuse of shared population data resources.,subfield,U01.04,U01
"Establish data-sharing agreements with criminal justice agencies, victim service organizations, or correctional facilities.",subfield,U01.04,U01
Establish data-sharing agreements with law enforcement agencies or victim advocacy organizations for participant recruitment.,subfield,U01.04,U01
Establish empirical measures of an artifact's properties to drive its improvement.,subfield,U30.02,U30
Establish energy estimates and conservation laws for evolution equations.,subfield,U29.01,U29
Establish environmental controls for live cell imaging and single-molecule experiments.,subfield,U07.10,U07
Establish ex vivo tissue or organ explant cultures for functional and developmental assays,subfield,U07.13,U07
"Establish existence, uniqueness, and regularity of invariant measures such as SRB or equilibrium states using transfer-operator and recurrence arguments.",subfield,U29.01,U29
Establish experimental agroforestry trials comparing tree-crop combinations with monoculture controls.,subfield,U07.12,U07
Establish experimental plots with controlled treatments to evaluate sustainable agricultural or forestry practices.,subfield,U07.12,U07
Establish field plot experiments with appropriate spatial arrangements to account for environmental heterogeneity.,subfield,U07.12,U07
"Establish formal partnership structures with participating communities that govern research decision-making and ensure recognition, credit, and benefit-sharing for community collaborators.",subfield,U05.01,U05
"Establish formal structures and theorems, such as symmetry algebras or factorization proofs, that underpin field-theory formulations.",subfield,U29.01,U29
"Establish inclusion and exclusion criteria based on cardiovascular disease severity, comorbidities, and procedural history.",subfield,U07.02,U07
"Establish inclusion and exclusion criteria based on neurological diagnosis, disease stage, and comorbidities.",subfield,U07.02,U07
Establish long-term monitoring plots to track soil quality changes under different management practices.,subfield,U07.12,U07
Establish long-term soil monitoring trials to assess treatment effects across multiple growing seasons.,subfield,U07.12,U07
"Establish mechanical loading protocols to simulate physiological or pathological conditions on cells, tissues, or devices.",subfield,U07.11,U07
Establish monitoring well networks to characterize groundwater flow patterns and aquifer properties.,subfield,U07.12,U07
Establish monotonicity and convexity properties of special functions using integral representations and auxiliary functions.,subfield,U29.01,U29
Establish multi-center collaborations for surgical trials requiring adequate patient volume.,subfield,U05.01,U05
Establish partnerships with endemic disease sites or outbreak response teams for field-based data collection.,subfield,U01.04,U01
Establish partnerships with industry associations to facilitate large-scale surveys of supply chain professionals.,subfield,U01.04,U01
"Establish partnerships with local institutions, ministries of health, and communities to collect data in international settings.",subfield,U01.04,U01
Establish partnerships with prenatal clinics for longitudinal participant recruitment and follow-up.,subfield,U01.04,U01
Establish partnerships with public health agencies and surveillance networks to access notifiable-disease and outbreak data.,subfield,U01.04,U01
Establish partnerships with pulmonary function laboratories for standardized data collection protocols.,subfield,U01.04,U01
Establish partnerships with research institutions in other countries to facilitate cross-national data collection.,subfield,U01.04,U01
Establish pen or paddock replication strategies to account for group effects in livestock studies.,subfield,U07.12,U07
Establish pilot-scale treatment systems to test technology performance before full-scale implementation.,subfield,U07.10,U07
Establish precise limits on the fine-scale behavior of high-dimensional random models.,subfield,U02.16,U02
Establish protocols for managing mandatory reporting obligations when research reveals ongoing risk or abuse.,subfield,U19.03,U19
Establish provenance chains and attribution histories by cross-referencing documentary evidence with material analysis.,subfield,U28.05,U28
Establish quantification without external calibration standards using internal reference signals or fundamental-parameter response models.,subfield,U07.09,U07
Establish quantitative control on the behavior of a complex system by locating the regimes or reductions that govern it.,subfield,U29.01,U29
Establish reference standards and verification procedures for classifying disease status in diagnostic accuracy studies,subfield,U07.08,U07
"Establish relationships with local cultural institutions, universities, or community organizations to facilitate research access and collaboration.",subfield,U01.04,U01
Establish relationships with migrant organizations or advocacy groups to facilitate research access and community engagement.,subfield,U01.04,U01
Establish relationships with speech communities to facilitate ethical recruitment and data collection.,subfield,U19.04,U19
Establish relationships with tribal governments or Indigenous community leaders to negotiate research access and protocols.,subfield,U19.04,U19
Establish risk assessment and crisis intervention procedures for research involving vulnerable psychiatric populations.,subfield,U19.05,U19
Establish sampling designs that account for spatial autocorrelation and environmental heterogeneity across study sites.,subfield,U07.12,U07
Establish standardized case definitions and health-scoring systems for animal disease and welfare assessment.,subfield,U07.14,U07
Establish standardized outcome measures and complication definitions for multi-institutional veterinary clinical studies.,subfield,U07.02,U07
Establish standardized outcome measures for surgical quality assessment across study sites.,subfield,U07.14,U07
"Establish standardized symmetry-based crystallographic representations for defining structures, interfaces, and reciprocal-space sampling paths.",subfield,U07.14,U07
Establish stochastic ordering and dominance relations between random variables or processes.,subfield,U02.16,U02
Establish testing protocols for evaluating material performance under realistic charge-discharge conditions.,subfield,U07.11,U07
"Establish the date, composition, and authenticity of documents and objects from their internal and material features.",subfield,U28.05,U28
"Establish the timing and sequence of deformation, metamorphic, and magmatic events by combining cross-cutting field relationships with radiometric ages.",subfield,U28.04,U28
Establish theoretical convergence rates and stability conditions for numerical algorithms.,subfield,U09.07,U09
Establish theoretical correspondences among alternative inferential frameworks to characterize their assumptions and approximation relationships.,subfield,U02.16,U02
Establish theoretical guarantees for approximation algorithms by deriving performance ratios relative to optimal solutions.,subfield,U29.01,U29
Establish ultra-high vacuum conditions for surface-sensitive measurements and thin film growth.,subfield,U07.10,U07
Establish where and how a gene acts in neural development using mutant-background and cell-type-restricted rescue experiments.,subfield,U01.11,U01
Estimate age- and setting-specific contact matrices and network structure from contact data.,subfield,U02.10,U02
Estimate and adjust for nonresponse bias using auxiliary data and propensity score methods.,subfield,U02.05,U02
"Estimate and compare the monetary and staff-time costs of alternative survey design, mode, or recruitment strategies to inform design decisions.",subfield,U07.01,U07
Estimate and test multi-factor asset pricing models to explain the cross-section of returns.,subfield,U02.02,U02
"Estimate behavioral elasticities of taxable income, labor supply, or consumption in response to tax rate changes.",subfield,U02.03,U02
"Estimate body size, mass, or proportions of fossil organisms by scaling from preserved skeletal elements.",subfield,U02.10,U02
Estimate capital and operating costs of process and technology designs to assess economic feasibility,subfield,U30.07,U30
"Estimate choice or valuation models from stated-preference data to derive preference weights, utility tariffs, or willingness-to-pay values.",subfield,U02.10,U02
Estimate climate sensitivity parameters from paleoclimate records and physical constraints.,subfield,U02.10,U02
Estimate damage and casualties by applying vulnerability or damage functions to modeled hazard intensity and exposure data.,subfield,U02.10,U02
Estimate demand elasticities and substitution patterns to assess market power and merger effects.,subfield,U02.02,U02
Estimate discretization error using mesh refinement studies and Richardson extrapolation.,subfield,U09.09,U09
"Estimate disease prevalence, incidence, and transmission parameters from animal surveillance and outbreak data.",subfield,U02.10,U02
Estimate disease severity measures such as case-fatality and hospitalization risk from outbreak and surveillance data.,subfield,U02.11,U02
Estimate divergence times among lineages using calibrated molecular clock models.,subfield,U02.13,U02
Estimate dynamical invariants such as fractal dimensions and entropy from time series data.,subfield,U02.06,U02
Estimate earthquake location uncertainties by propagating arrival time picking errors through location algorithms.,subfield,U02.09,U02
Estimate effects of early-life exposures on neurodevelopmental outcomes while controlling for socioeconomic and environmental confounders.,subfield,U02.02,U02
Estimate effects of experimental manipulations on neural activity while controlling for individual differences in baseline cognition.,subfield,U02.02,U02
Estimate effects of maternal and infant nutrition interventions on growth and developmental outcomes.,subfield,U02.02,U02
Estimate effects of modifiable risk factors on chronic disease incidence while controlling for confounding.,subfield,U02.02,U02
Estimate effects of nursing staffing levels or care interventions while controlling for patient acuity and comorbidities.,subfield,U02.02,U02
Estimate effects of nutritional and pharmacological interventions while accounting for adherence.,subfield,U02.02,U02
Estimate effects of prenatal exposures on birth outcomes while accounting for gestational age and confounding.,subfield,U02.02,U02
Estimate effects of surgical interventions while adjusting for patient comorbidities and disease severity.,subfield,U02.02,U02
Estimate error terms in asymptotic expansions of number-theoretic functions.,subfield,U29.01,U29
Estimate evapotranspiration rates using energy balance or empirical methods for watershed water budgets.,subfield,U02.10,U02
Estimate fiber-matrix interfacial shear strength from theoretical bonding models and surface energy calculations.,subfield,U02.10,U02
Estimate firm-level productivity from input and output data using production function methods.,subfield,U02.10,U02
Estimate future land use change impacts on ecosystem services using scenario-based modeling approaches.,subfield,U09.10,U09
Estimate greenhouse gas emissions from waste decomposition using decay models and emission factors.,subfield,U09.01,U09
Estimate ground motion parameters from seismic source characteristics and attenuation relationships.,subfield,U02.10,U02
"Estimate growth, mortality, and exploitation parameters of wild fish populations from catch and size data to support fishery management.",subfield,U02.10,U02
Estimate health effects of environmental and occupational exposures while adjusting for confounding and the healthy-worker effect.,subfield,U02.02,U02
Estimate health indicators for small areas or sparse populations using hierarchical and shrinkage methods that borrow information across units.,subfield,U02.05,U02
Estimate human health risks from environmental pollutant exposure using standardized exposure and response factors,subfield,U02.10,U02
"Estimate maternal mortality ratios and cause-specific mortality measures from facility, vital, or survey data.",subfield,U02.11,U02
Estimate model parameters by fitting mathematical models to empirical data.,subfield,U02.10,U02
"Estimate model parameters for adsorption, biodegradation, or membrane filtration processes.",subfield,U02.10,U02
Estimate model parameters for photovoltaic cells from current-voltage characteristic curves.,subfield,U02.10,U02
"Estimate model parameters using maximum likelihood, method of moments, or Bayesian inference.",subfield,U02.16,U02
Estimate neural biomarker associations with clinical outcomes while controlling for demographic and disease-related confounders.,subfield,U02.02,U02
Estimate panel data models with fixed or random effects to control for unobserved heterogeneity.,subfield,U02.05,U02
Estimate physicochemical properties of drug candidates using computational chemistry approaches.,subfield,U09.04,U09
Estimate population demographic parameters by fitting mark-recapture or survival models to field data.,subfield,U02.10,U02
Estimate population prevalence of psychiatric or behavioral conditions from representative community samples.,subfield,U02.11,U02
Estimate population viability and extinction risk using demographic parameters and stochastic models.,subfield,U09.12,U09
Estimate production functions or cost functions to assess farm efficiency and technology adoption.,subfield,U02.10,U02
Estimate propulsion system performance parameters from thermodynamic cycle analysis.,subfield,U09.01,U09
Estimate reliability coefficients and measurement error to evaluate the precision of assessment scores.,subfield,U02.07,U02
"Estimate reproduction numbers, serial intervals, and other transmission parameters from case surveillance data.",subfield,U02.10,U02
Estimate size selectivity of fishing gears from length-based catch data.,subfield,U02.10,U02
Estimate soil bearing capacity and settlement using geotechnical engineering principles.,subfield,U09.01,U09
Estimate soil carbon sequestration potential based on land use change scenarios.,subfield,U09.10,U09
Estimate spatial interaction models to quantify how distance attenuates flows and spillovers between locations.,subfield,U02.14,U02
Estimate structural parameters of utility functions or decision models from experimental choice data.,subfield,U02.10,U02
Estimate the costs of alternative management or mitigation options to compare their feasibility,subfield,U02.11,U02
Estimate the future resource and cost requirements of a proposed deployment to assess its feasibility.,subfield,U02.11,U02
Estimate the impact of health policies and interventions on outcomes and their distribution across population subgroups.,subfield,U02.02,U02
"Estimate time-series statistics of persistence, predictability, and cyclical asymmetry to characterize housing price dynamics.",subfield,U02.06,U02
Estimate travel demand and mode choice probabilities using discrete choice models.,subfield,U02.02,U02
Estimate travel demand model coefficients using revealed and stated preference survey data.,subfield,U02.02,U02
Estimate treatment effects of analgesic interventions while adjusting for surgical complexity and patient comorbidities.,subfield,U02.02,U02
Estimate treatment effects of antimicrobial therapies while controlling for disease severity and comorbidities.,subfield,U02.02,U02
Estimate treatment effects of antiviral therapies on hepatitis outcomes while adjusting for baseline liver function and comorbidities.,subfield,U02.02,U02
Estimate treatment effects of bronchodilators or inhaled corticosteroids while adjusting for disease severity and comorbidities.,subfield,U02.02,U02
Estimate treatment effects of cardiovascular interventions while adjusting for baseline disease severity and comorbidities.,subfield,U02.02,U02
Estimate treatment effects of dermatologic interventions while adjusting for disease severity and comorbidities.,subfield,U02.02,U02
Estimate treatment effects of emergency interventions using propensity score methods to address selection bias in observational data.,subfield,U02.03,U02
Estimate treatment effects of immunosuppressive regimens on transplant outcomes while adjusting for donor and recipient characteristics.,subfield,U02.02,U02
Estimate treatment effects of medications using propensity score methods to address confounding by indication.,subfield,U02.03,U02
Estimate treatment effects of ophthalmic or otologic interventions while adjusting for baseline disease severity.,subfield,U02.02,U02
Estimate treatment effects of periodontal interventions while controlling for patient oral hygiene behaviors and systemic health conditions.,subfield,U02.02,U02
Estimate treatment effects of pharmacological or surgical interventions on neurological outcomes while adjusting for disease severity and comorbidities.,subfield,U02.02,U02
Estimate treatment effects of psychiatric interventions while controlling for illness severity and comorbidities.,subfield,U02.02,U02
Estimate treatment effects of surgical interventions while adjusting for patient comorbidities and injury severity.,subfield,U02.02,U02
Estimate treatment effects on maternal and neonatal outcomes while adjusting for pregnancy-specific confounders.,subfield,U02.02,U02
Estimate treatment effects on neurological outcomes while adjusting for baseline disease severity and comorbidities.,subfield,U02.02,U02
"Estimate treatment effects while adjusting for comorbidities, breed, and disease stage using appropriate statistical models.",subfield,U02.02,U02
"Estimate treatment effects while adjusting for tumor characteristics, comorbidities, and prior therapies.",subfield,U02.02,U02
Estimate unknown regression or response functions using nonparametric smoothing or basis-expansion methods.,subfield,U02.02,U02
Estimate vaccine effectiveness from observational data while adjusting for confounding by indication and differential exposure risk.,subfield,U02.02,U02
Estimate vector autoregression models to analyze dynamic relationships among multiple economic variables.,subfield,U02.06,U02
Evaluate analytical and taphonomic biases in dating and proxy evidence when reconstructing past environments.,subfield,U28.04,U28
Evaluate antimicrobial efficacy of materials against bacterial or fungal strains using growth-inhibition assays,subfield,U02.01,U02
"Evaluate associations between environmental, nutritional, and management factors and animal health outcomes.",subfield,U02.02,U02
Evaluate behavioral observations using appropriate statistical methods for ethological data.,subfield,U02.01,U02
Evaluate boundary conditions for theoretical predictions across different competitive environments or ownership structures.,subfield,U24.05,U24
Evaluate cancer-specific and overall survival outcomes following treatment for urological malignancies.,subfield,U02.04,U02
Evaluate climate model output against observational benchmarks to assess model skill.,subfield,U09.09,U09
"Evaluate confounding, exposure measurement error, and causal identifiability in multi-pollutant epidemiological models.",subfield,U02.03,U02
"Evaluate convergent, discriminant, and criterion validity of a personality measure by correlating its scores with external criteria.",subfield,U02.07,U02
Evaluate cross-national differences in family policies when considering generalizability of findings across countries.,subfield,U24.05,U24
Evaluate effectiveness of interventions for chronic kidney disease progression while accounting for baseline kidney function and comorbidities.,subfield,U02.02,U02
Evaluate existing notation systems or language resources for how well they serve their intended use,subfield,U30.07,U30
Evaluate film crystallinity and phase structure using X-ray diffraction techniques.,subfield,U02.10,U02
Evaluate host tissue response to implanted biomaterials using histological and immunohistochemical staining.,subfield,U02.01,U02
Evaluate how algorithmic changes or platform policy shifts may limit the temporal generalizability of research findings.,subfield,U24.05,U24
Evaluate how changes in family law statutes or court practices over time affect the comparability of research findings.,subfield,U24.05,U24
"Evaluate how colonial legacies, migration patterns, or political transitions affect the applicability of findings to contemporary contexts.",subfield,U24.05,U24
Evaluate how database coverage and indexing choices limit the generalizability of bibliometric findings.,subfield,U24.05,U24
Evaluate how findings about specific racial or ethnic groups may or may not transfer to other minoritized populations.,subfield,U24.05,U24
Evaluate how findings from specific protest cycles or campaigns apply to movements across different historical periods.,subfield,U24.05,U24
"Evaluate how health disparities findings may vary across racial, ethnic, or socioeconomic groups.",subfield,U24.05,U24
Evaluate how historical and contemporary political conditions shape the applicability of findings across Muslim-majority and minority settings.,subfield,U24.05,U24
"Evaluate how historical processes such as migration, colonialism, or globalization shape the generalizability of cultural patterns.",subfield,U24.05,U24
Evaluate how historical religious transformations may limit the applicability of findings to contemporary settings.,subfield,U24.05,U24
Evaluate how immigration policy changes over time affect the comparability of research findings across cohorts.,subfield,U24.05,U24
Evaluate how policy changes or historical periods may limit the generalizability of findings about student success or institutional effectiveness.,subfield,U24.05,U24
"Evaluate how shifts in publishing, funding, or technology limit the generalizability of collection use and access patterns.",subfield,U24.05,U24
Evaluate how technological changes affect the applicability of intellectual property research findings over time.,subfield,U24.05,U24
Evaluate how urban processes differ across global North and global South contexts when interpreting results.,subfield,U24.05,U24
Evaluate implant survival and revision rates over long-term follow-up periods.,subfield,U02.04,U02
"Evaluate joint effects of multiple cardiovascular risk factors using combined exposure categories, interaction terms, or composite scores.",subfield,U02.02,U02
"Evaluate language sources, such as translations or legacy documentation, for the shifts and limitations they carry as evidence",subfield,U28.05,U28
Evaluate machine learning models for software engineering tasks using cross-validation and held-out test sets.,subfield,U09.06,U09
Evaluate medication safety and prescribing appropriateness in obstetric and gynecologic patients to detect adverse drug effects.,subfield,U02.02,U02
Evaluate method precision and accuracy using replicate analyses and certified reference materials.,subfield,U02.09,U02
Evaluate model fit using multiple indices and modify specifications based on theoretical and empirical criteria.,subfield,U02.07,U02
Evaluate observed biological data against standardized tests or null expectations to identify taxa or patterns.,subfield,U02.01,U02
Evaluate photocatalytic performance of materials under controlled illumination by quantifying contaminant removal or product formation,subfield,U02.01,U02
"Evaluate policies, institutions, or legal instruments against normative or theoretical benchmarks to identify shortcomings",subfield,U28.03,U28
Evaluate prototype systems in real operating conditions over extended use to assess performance,subfield,U30.02,U30
Evaluate seasonal and temporal variations in tourist behavior when considering the generalizability of research findings.,subfield,U24.05,U24
Evaluate statistical significance of observed signals against background-only hypotheses.,subfield,U02.01,U02
Evaluate statistical support for phylogenetic tree topologies using bootstrap or Bayesian posterior probabilities.,subfield,U02.13,U02
Evaluate survival and recurrence outcomes in gynecologic oncology research.,subfield,U02.04,U02
Evaluate survival outcomes following resuscitation interventions while accounting for illness severity and comorbidities.,subfield,U02.04,U02
"Evaluate systematic uncertainties from stray fields, collisions, and Doppler effects in precision measurements.",subfield,U02.09,U02
"Evaluate temporal changes in crime trends, sentencing practices, or policing strategies when interpreting research findings.",subfield,U24.05,U24
Evaluate the antimicrobial and antibiofilm efficacy of dental agents or material surfaces using in vitro assays.,subfield,U02.01,U02
Evaluate the applicability of European philosophical frameworks to non-Western or postcolonial contexts.,subfield,U24.05,U24
Evaluate the applicability of historical design precedents to contemporary architectural and design contexts.,subfield,U24.05,U24
Evaluate the applicability of postcolonial concepts developed in one geographic or linguistic tradition to literatures from other colonial histories.,subfield,U24.05,U24
Evaluate the applicability of research findings across common law and civil law traditions in commercial contexts.,subfield,U24.05,U24
Evaluate the applicability of research findings across jurisdictions with varying levels of human rights treaty ratification.,subfield,U24.05,U24
Evaluate the applicability of theoretical concepts developed in one European literary tradition to texts from other traditions.,subfield,U24.05,U24
Evaluate the applicability of theoretical concepts developed in one literary tradition to works from other linguistic or national contexts.,subfield,U24.05,U24
Evaluate the comparability of early modern institutional structures across different political and religious contexts.,subfield,U24.05,U24
Evaluate the comparability of economic indicators across different historical periods accounting for structural economic transformations.,subfield,U04.14,U04
Evaluate the cultural and contextual factors that may limit generalizability of teaching practices across diverse student populations.,subfield,U24.05,U24
Evaluate the drafting quality of criminal legislation against normative criteria to identify vagueness or risks of arbitrary application.,subfield,U28.02,U28
"Evaluate the economic value of mineral materials and occurrences from mineralogical, geochemical, and geological indicators.",subfield,U02.11,U02
Evaluate the effectiveness of implemented interventions using observational evidence,subfield,U02.02,U02
Evaluate the effectiveness of nutrition interventions using randomized or quasi-experimental designs.,subfield,U02.03,U02
Evaluate the effects of policy or system changes on utilization and outcomes using quasi-experimental methods.,subfield,U02.03,U02
Evaluate the extent to which a philosopher's arguments can be understood independently of their historical and intellectual context.,subfield,U24.05,U24
Evaluate the extent to which findings about specific artists or art movements generalize to broader art historical narratives.,subfield,U24.05,U24
Evaluate the extent to which findings about specific historical periods or figures illuminate broader patterns in cultural or intellectual history.,subfield,U24.05,U24
Evaluate the extent to which locally grounded qualitative findings can inform understanding of broader spatial processes.,subfield,U24.05,U24
Evaluate the external validity of experimental findings on political persuasion and mobilization across campaign environments.,subfield,U02.08,U02
Evaluate the external validity of experimental results conducted on convenience samples for understanding mass political behavior.,subfield,U02.08,U02
Evaluate the external validity of findings across countries with varying institutional structures or levels of financial development.,subfield,U02.08,U02
"Evaluate the external validity of findings across different product categories, industries, or stages of global value chains.",subfield,U02.08,U02
Evaluate the external validity of firm conduct estimates across geographic markets or time periods.,subfield,U02.08,U02
Evaluate the external validity of policy estimates derived from specific jurisdictions or time periods with distinct fiscal regimes.,subfield,U02.08,U02
Evaluate the external validity of program evaluations for implementation in different policy environments.,subfield,U02.08,U02
Evaluate the external validity of real estate research across different housing market cycles and macroeconomic conditions.,subfield,U02.08,U02
Evaluate the external validity of results across developed and emerging financial markets.,subfield,U02.08,U02
"Evaluate the external validity of results across different firm sizes, industries, or capital market development levels.",subfield,U02.08,U02
Evaluate the external validity of treatment effect estimates across patient populations with varying disease severity and comorbidities.,subfield,U02.08,U02
Evaluate the feasibility and conduct of research procedures across settings to derive methodological guidance.,subfield,U07.01,U07
Evaluate the generalizability of assessment results across diverse student populations and educational contexts.,subfield,U02.08,U02
Evaluate the generalizability of findings across neighborhoods with varying socioeconomic and demographic characteristics.,subfield,U24.05,U24
Evaluate the generalizability of intervention effects across health systems and cultural contexts.,subfield,U02.08,U02
"Evaluate the generalizability of leadership practices across urban, suburban, and rural school settings.",subfield,U24.05,U24
Evaluate the generalizability of transmission estimates across settings with differing contact patterns and population structures.,subfield,U02.08,U02
Evaluate the historical and geographical boundaries within which comparative religious findings remain valid.,subfield,U24.05,U24
Evaluate the historical and regional specificity of cultural-spatial relationships when considering generalizability.,subfield,U24.05,U24
Evaluate the influence of seasonality and travel patterns on the generalizability of tourism research findings.,subfield,U24.05,U24
Evaluate the internal consistency and logical validity of normative arguments and theoretical frameworks.,subfield,U28.03,U28
"Evaluate the provenance, authenticity, and reliability of primary sources produced by states, organizations, or individuals.",subfield,U04.14,U04
"Evaluate the realized economic performance of trading or hedging strategies, accounting for implementation frictions.",subfield,U02.11,U02
Evaluate the reliability and potential biases of medieval chroniclers and document authors.,subfield,U04.14,U04
"Evaluate the reliability and provenance of historical documents to account for propaganda, censorship, or selective preservation.",subfield,U04.14,U04
Evaluate the reliability and provenance of historical sources to account for potential distortions in scientific narratives.,subfield,U04.14,U04
Evaluate the representativeness of surviving ancient sources when drawing conclusions about past populations.,subfield,U04.14,U04
Evaluate the representativeness of surviving documentary or material evidence for broader medieval populations.,subfield,U04.14,U04
Evaluate the representativeness of surviving religious sources for broader populations of believers or institutions.,subfield,U04.14,U04
Evaluate the robustness of statistical algorithms to violations of model assumptions through simulation studies.,subfield,U02.16,U02
Evaluate the scope conditions under which philosophical principles or concepts retain their validity.,subfield,U24.05,U24
Evaluate the scope conditions under which theoretical claims about political concepts remain valid across diverse institutional settings.,subfield,U24.05,U24
Evaluate the sensitivity of posterior inferences to prior specifications across different population subgroups.,subfield,U02.15,U02
Evaluate the temporal applicability of environmental legal research given evolving scientific standards and regulatory frameworks.,subfield,U24.05,U24
Evaluate the temporal boundaries of historical arguments to determine applicability to earlier or later periods.,subfield,U24.05,U24
Evaluate the temporal scope of comparative claims across different political eras or regime periods.,subfield,U24.05,U24
Evaluate the temporal scope of findings across different eras of international order or geopolitical configurations.,subfield,U24.05,U24
Evaluate the temporal scope of political-economic relationships given changing global trade and governance structures.,subfield,U24.05,U24
Evaluate the temporal stability of environmental valuations and energy demand elasticities under changing technological and policy conditions.,subfield,U02.08,U02
Evaluate the temporal stability of findings given changes in political institutions or economic conditions.,subfield,U24.05,U24
Evaluate the temporal stability of international business phenomena given changing trade policies and geopolitical conditions.,subfield,U24.05,U24
Evaluate the temporal stability of spatial economic relationships across different phases of economic cycles or policy regimes.,subfield,U02.08,U02
Evaluate the temporal validity of findings given rapid technological change and evolving digital environments.,subfield,U24.05,U24
"Evaluate the timeliness, completeness, and coverage of animal disease surveillance and reporting systems.",subfield,U06.04,U06
Evaluate the transferability of findings about constitutional rights protections across jurisdictions with varying constitutional frameworks.,subfield,U24.05,U24
Evaluate the transferability of findings about scientific institutions or practices across different cultural and temporal settings.,subfield,U24.05,U24
Evaluate the transferability of findings across different linguistic and cultural settings.,subfield,U24.05,U24
Evaluate the transferability of findings across societies with varying levels of state capacity or civil society development.,subfield,U24.05,U24
Evaluate the transferability of findings from specific media case studies to broader cultural patterns.,subfield,U24.05,U24
Evaluate the transferability of findings on victimization or offending across diverse cultural and legal systems.,subfield,U24.05,U24
Evaluate the transferability of governance mechanisms across varying constitutional and administrative contexts.,subfield,U24.05,U24
Evaluate the transferability of health campaign findings across different media platforms and communication channels.,subfield,U24.05,U24
Evaluate the transferability of immigration law research across different visa categories and migrant populations.,subfield,U24.05,U24
Evaluate the transferability of interventions and findings across countries with differing health systems and cultural contexts.,subfield,U02.08,U02
Evaluate the transferability of jurisprudential arguments between common law and civil law traditions.,subfield,U24.05,U24
Evaluate the transferability of legal interpretations across jurisdictions with different constitutional frameworks.,subfield,U24.05,U24
Evaluate the transferability of operational improvement strategies across manufacturing and service contexts.,subfield,U24.05,U24
Evaluate the transferability of organizational practices and economic arrangements across national or regional boundaries.,subfield,U24.05,U24
Evaluate the transferability of security policy lessons across different political systems and alliance structures.,subfield,U24.05,U24
"Evaluate the transportability of exposure-response estimates across workplaces, populations, and exposure ranges.",subfield,U02.08,U02
Evaluate time to treatment response or disease flare in chronic inflammatory skin conditions.,subfield,U02.04,U02
Evaluate time to tumor recurrence or metastasis following primary treatment.,subfield,U02.04,U02
"Evaluate time-to-event outcomes such as graft survival, wound healing, or return to function after surgery.",subfield,U02.04,U02
"Evaluate trade-offs among candidate study designs in terms of feasibility, susceptibility to bias, and statistical efficiency.",subfield,U07.01,U07
Evaluate transportability of effect estimates from study samples to external target populations.,subfield,U02.08,U02
Evaluate whether a test's normative reference data apply to the study population and adjust score interpretation accordingly.,subfield,U02.08,U02
Evaluate whether aggregated or model-derived performance indicators are stable enough to compare institutions or educators.,subfield,U02.08,U02
Evaluate whether artifact typologies and chronological sequences developed in one region apply to other geographic or temporal contexts.,subfield,U24.05,U24
Evaluate whether cognitive task performance generalizes across different sensory modalities or stimulus types.,subfield,U02.08,U02
"Evaluate whether communication patterns and intercultural competence findings will transfer across different cultural contexts, language groups, or migration settings.",subfield,U24.05,U24
"Evaluate whether consumer insights will generalize across different product categories, market segments, or cultural contexts.",subfield,U24.05,U24
Evaluate whether developmental findings from one age cohort generalize to children or adolescents at different developmental stages.,subfield,U24.05,U24
Evaluate whether educational interventions will transfer across different clinical training environments or healthcare systems.,subfield,U02.08,U02
Evaluate whether effects observed during election periods or political crises apply to routine political communication contexts.,subfield,U02.08,U02
Evaluate whether equilibrium results hold under alternative solution concepts or behavioral assumptions.,subfield,U09.09,U09
"Evaluate whether estimated wage effects generalize across demographic groups, industries, or time periods.",subfield,U02.08,U02
"Evaluate whether experimental results replicate across different incentive structures, stake sizes, or cultural contexts.",subfield,U02.08,U02
Evaluate whether findings about inequality trends hold across different birth cohorts or historical periods.,subfield,U02.08,U02
"Evaluate whether findings from early childhood interventions will generalize across diverse family structures, cultural backgrounds, or childcare settings.",subfield,U02.08,U02
Evaluate whether findings from forensic samples generalize to community populations or different correctional settings.,subfield,U02.08,U02
"Evaluate whether findings from single-organization studies will generalize across industries, firm sizes, or national cultures.",subfield,U02.08,U02
"Evaluate whether findings from single-organization studies will generalize to other industries, job types, or national cultures.",subfield,U02.08,U02
Evaluate whether findings from specific classroom or school contexts will transfer to different educational settings or student populations.,subfield,U24.05,U24
Evaluate whether findings from specific classroom or school settings will transfer to different educational contexts or grade levels.,subfield,U24.05,U24
Evaluate whether findings from specific learning management systems or platforms generalize to other technological contexts.,subfield,U24.05,U24
"Evaluate whether findings from study sites will generalize across different climatic zones, geological settings, or temporal scales.",subfield,U02.08,U02
Evaluate whether health behavior findings generalize across clinical and non-clinical populations.,subfield,U02.08,U02
"Evaluate whether innovation adoption patterns transfer across industries, firm sizes, or national innovation systems.",subfield,U02.08,U02
"Evaluate whether instructional interventions will transfer across different STEM disciplines, course levels, or institutional contexts.",subfield,U02.08,U02
Evaluate whether interpretations of colonial sources can be generalized across colonized populations or time periods.,subfield,U28.07,U28
"Evaluate whether intervention outcomes generalize across disability categories, severity levels, and educational placement settings.",subfield,U02.08,U02
"Evaluate whether language learning findings will transfer across learner proficiency levels, first language backgrounds, or instructional contexts.",subfield,U02.08,U02
"Evaluate whether language models and NLP systems generalize across languages, dialects, and text genres.",subfield,U09.06,U09
Evaluate whether language processing findings generalize across speakers of different languages or language families.,subfield,U02.08,U02
"Evaluate whether literacy interventions or instructional approaches transfer across languages, age groups, or educational settings.",subfield,U02.08,U02
Evaluate whether moral intuitions or ethical judgments studied are culturally specific or reflect cross-cultural moral principles.,subfield,U02.08,U02
Evaluate whether multivariate models and covariance structures will replicate across different samples or populations.,subfield,U02.08,U02
Evaluate whether neuropsychological findings generalize across clinical populations with different etiologies of brain dysfunction.,subfield,U02.08,U02
Evaluate whether nonparametric test assumptions hold across different populations or sampling contexts.,subfield,U02.08,U02
Evaluate whether personality trait structures replicate across cultural groups and linguistic contexts.,subfield,U02.08,U02
Evaluate whether philosophical analyses of scientific concepts apply across different scientific disciplines and historical periods.,subfield,U28.07,U28
Evaluate whether philosophical arguments about mental states apply across different psychiatric conditions or cultural contexts.,subfield,U28.07,U28
Evaluate whether philosophical arguments and thought experiments maintain validity across different cultural or historical contexts.,subfield,U28.07,U28
"Evaluate whether physical activity interventions will generalize across age groups, fitness levels, or cultural contexts.",subfield,U02.08,U02
Evaluate whether program effects measured in pilot studies will scale to larger populations or different institutional environments.,subfield,U02.08,U02
Evaluate whether proposed sound correspondences or grammatical reconstructions hold across related languages within a language family.,subfield,U02.08,U02
Evaluate whether public programs meet their stated targets or reach their intended beneficiaries.,subfield,U02.11,U02
"Evaluate whether semantic or pragmatic findings generalize across languages, dialects, or discourse communities.",subfield,U02.08,U02
"Evaluate whether skeletal or fossil findings can be generalized across geographic regions, temporal periods, or population groups.",subfield,U02.08,U02
Evaluate whether social psychological effects replicate across individualist and collectivist cultural contexts.,subfield,U02.08,U02
Evaluate whether spatial patterns and relationships observed in one geographic area will transfer to other regions or scales.,subfield,U02.08,U02
"Evaluate whether survey findings generalize across different modes of data collection such as web, telephone, or face-to-face.",subfield,U02.08,U02
Evaluate whether syntactic patterns observed in one language or dialect generalize to typologically diverse languages.,subfield,U02.08,U02
Evaluate whether training or simulation environments reproduce the demands of competition.,subfield,U09.09,U09
"Evaluate whether treatment effects will generalize across clinical severity levels, comorbidity profiles, and treatment settings.",subfield,U02.08,U02
Examine a concrete system or debate in detail to draw out its implications for governance or normative argument,subfield,U28.03,U28
Examine authorial revision and editorial intervention to determine how published texts were shaped.,subfield,U28.05,U28
Examine collected host material to record associated organisms or the damage they cause.,subfield,U01.12,U01
Examine differential item functioning to detect potential bias across demographic subgroups.,subfield,U02.07,U02
Examine established theoretical texts or deployed interventions to assess how they have addressed the problem at hand.,subfield,U24.04,U24
Examine existing measures or arguments in detail to expose unexplained variation or inconsistency.,subfield,U24.02,U24
Examine features in the field or across sources to record their properties and identify discrepancies,subfield,U01.03,U01
Examine how claims and categorical measures about a phenomenon are derived from the available evidence,subfield,U24.02,U24
Examine individual cases or score profiles to characterize heterogeneity beyond group-level averages.,subfield,U02.11,U02
Examine instruction or service delivery practice using purpose-collected data to evaluate its effectiveness.,subfield,U02.02,U02
"Examine material evidence through site visits to medieval churches, castles, and archaeological excavations.",subfield,U01.03,U01
Examine measurement invariance of personality scales across demographic groups before making group comparisons.,subfield,U02.07,U02
"Examine original artworks, manuscripts, or architectural sites to gather visual and material evidence.",subfield,U01.03,U01
Examine patterns across ordinary usage or across theories to identify correspondences that fix how a concept applies,subfield,U28.03,U28
Examine policy instruments and stakeholder responses to assess the determinants and expected outcomes of agricultural decisions,subfield,U02.02,U02
Examine surfaces of remains or artifacts systematically under standardized criteria to record modification traces and condition,subfield,U01.03,U01
"Examine tested specimens after failure, including sectioning, to characterize crack patterns and failure modes.",subfield,U01.17,U01
"Examine the correspondence among overlapping constructs, measures, and materials to test whether they function as assumed.",subfield,U02.07,U02
Examine the materials and construction of art or craft objects hands-on to characterize production techniques and material condition.,subfield,U01.03,U01
"Excavate and describe soil profiles in the field to determine soil depth, morphology, and taxonomic class.",subfield,U01.12,U01
"Excavate stratigraphic units using controlled methods to recover artifacts, ecofacts, and features in documented contexts.",subfield,U01.12,U01
Execute Monte Carlo simulations to assess control system robustness across parameter variations.,subfield,U09.03,U09
Execute Monte Carlo simulations to sample thermodynamic ensembles and compute statistical properties.,subfield,U09.04,U09
"Execute computational models of neural activity, muscle activation, or physiological control systems.",subfield,U09.03,U09
Execute coupled physical-biogeochemical models to study nutrient cycling and ecosystem dynamics.,subfield,U09.03,U09
Execute discrete-event simulations to analyze production system performance and identify bottlenecks.,subfield,U09.03,U09
Execute earthquake ground motion simulations for scenario-based risk assessment.,subfield,U09.03,U09
Execute emulation-based experiments that combine real protocol implementations with simulated network conditions.,subfield,U09.03,U09
"Execute finite element analyses for structural stress, thermal, and dynamic response predictions.",subfield,U09.03,U09
Execute flood inundation models to predict water depths and extents under various storm scenarios.,subfield,U09.03,U09
Execute large-scale indexing and query processing experiments on document collections.,subfield,U09.09,U09
Execute large-scale rendering computations to generate synthetic datasets or benchmark image sequences.,subfield,U09.09,U09
Execute large-scale training runs on GPU clusters to develop and validate deep learning models.,subfield,U09.06,U09
"Execute magnetohydrodynamic simulations of plasma equilibrium, stability, and transport.",subfield,U09.03,U09
Execute mesoscale numerical simulations to study severe weather events and boundary layer processes.,subfield,U09.03,U09
Execute network-level traffic assignment models to forecast corridor and regional travel patterns.,subfield,U09.03,U09
Execute parallel workloads on high-performance computing clusters to measure scalability and efficiency.,subfield,U09.09,U09
Execute protocol simulations to verify security properties and identify potential vulnerabilities.,subfield,U09.03,U09
Execute regional climate model simulations to assess local impacts of global climate change.,subfield,U09.03,U09
Execute reinforcement learning training episodes in simulated environments before real-world transfer.,subfield,U09.06,U09
"Execute spatial simulations to project habitat fragmentation, species distribution shifts, or urban growth patterns.",subfield,U09.03,U09
Execute systematic literature searches across bibliographic databases and snowballing to identify candidate primary studies.,subfield,U24.01,U24
Execute technology CAD simulations to model semiconductor fabrication processes and device physics.,subfield,U09.03,U09
Execute transient stability and fault analysis simulations for electrical power networks.,subfield,U09.03,U09
Execute transient thermal simulations to model heat conduction and convection processes.,subfield,U09.03,U09
Exercise integrated prototypes through representative usage scenarios to verify and demonstrate correct end-to-end operation.,subfield,U09.09,U09
Expose participants to test substances or drugs and measure the resulting local reactions or systemic concentrations,subfield,U01.21,U01
"Express and purify recombinant proteins from bacterial, yeast, insect, or mammalian expression systems.",subfield,U01.20,U01
"Express, purify, and characterize proteins and nucleic acids for biophysical experiments.",subfield,U01.20,U01
Externally validate the discrimination and calibration of existing risk or prognostic prediction models in new patient populations.,subfield,U09.06,U09
Extract and code characteristics and reported results of published studies to build datasets for quantitative research synthesis.,subfield,U04.15,U04
Extract and code data from primary studies using a structured classification scheme.,subfield,U04.15,U04
Extract and genotype DNA from tissue or noninvasively collected samples using molecular markers.,subfield,U01.19,U01
Extract and harmonize data from electronic health records for epidemiological analysis.,subfield,U04.15,U04
"Extract and harmonize data from electronic health records, claims, and administrative systems for health-services research.",subfield,U04.15,U04
"Extract and harmonize variables across data sources with differing definitions, coding systems, and observation periods.",subfield,U04.02,U04
"Extract and link data from medical claims, electronic health records, and hospital discharge databases for economic analysis.",subfield,U04.04,U04
Extract and purify microbial DNA or RNA from cultures or environmental samples for sequencing applications.,subfield,U01.16,U01
"Extract and purify natural biopolymers from plant, animal, or microbial sources.",subfield,U01.16,U01
Extract and purify nucleic acids from environmental and process biomass samples for downstream molecular analysis.,subfield,U01.16,U01
Extract and purify secreted microbial macromolecules such as enzymes or exopolysaccharides from cultures for characterization.,subfield,U01.16,U01
Extract and purify target analytes from complex sample matrices using solid-phase extraction or liquid-liquid extraction techniques.,subfield,U01.16,U01
Extract and sequence microbial DNA from soil samples to characterize community composition and diversity.,subfield,U01.19,U01
"Extract and standardize case metadata including citations, voting alignments, and legal issues from judicial opinions.",subfield,U04.15,U04
"Extract and systematize information from diplomatic archives, treaty repositories, or declassified government documents.",subfield,U01.03,U01
Extract and systematize judicial decisions and administrative rulings from environmental case law databases.,subfield,U04.15,U04
Extract and tabulate outcome data from published trials or case reports for evidence synthesis.,subfield,U04.15,U04
Extract atomic or molecular parameters by comparing measured spectra to theoretical models.,subfield,U02.10,U02
Extract bandgap energies by fitting absorption edge data to direct or indirect transition models.,subfield,U02.10,U02
"Extract cardiovascular-specific data including echocardiographic parameters, catheterization results, and medication histories from electronic health records.",subfield,U04.15,U04
Extract clinical records from veterinary teaching hospital databases to assemble retrospective case cohorts.,subfield,U04.15,U04
Extract critical exponents and scaling parameters from experimental or simulation data.,subfield,U02.10,U02
Extract data from medical records or claims databases while maintaining compliance with privacy regulations.,subfield,U04.15,U04
Extract dielectric relaxation parameters by fitting Cole-Cole or equivalent circuit models to impedance data.,subfield,U02.10,U02
"Extract digital trace data from online platforms, social media, or e-commerce systems for research purposes.",subfield,U01.02,U01
Extract equivalent circuit model parameters from measured device characteristics.,subfield,U02.10,U02
"Extract geometric and topological structures, such as isosurfaces or critical points, from volumetric field data.",subfield,U04.10,U04
Extract group velocity and dispersion parameters by tracking pulse arrival or peak shifts with propagation.,subfield,U02.10,U02
"Extract historical data on trade policies, taxation, or property rights from archival sources.",subfield,U01.03,U01
Extract implementable control actions or trajectories from solutions of relaxed or dual optimization problems.,subfield,U09.11,U09
Extract interfacial band offsets and interlayer charge transfer from bias-dependent electrical and optical measurements of heterostructures.,subfield,U02.10,U02
Extract kinetic parameters by fitting reaction models to thermal analysis data.,subfield,U02.10,U02
Extract legislative histories and regulatory materials from official government and EU institutional sources.,subfield,U01.03,U01
Extract legislative voting records and policy outputs from parliamentary databases to analyze political determinants of economic policy.,subfield,U01.01,U01
Extract log data from learning management systems to analyze learner behavior and engagement patterns.,subfield,U01.02,U01
Extract magnetic anisotropy constants by fitting angular-dependent magnetization measurements.,subfield,U02.10,U02
Extract material properties by fitting theoretical models to nanoindentation or mechanical test data.,subfield,U02.10,U02
Extract movement-related content from social media platforms to analyze mobilization patterns and discourse.,subfield,U01.02,U01
Extract nutrition-related data from electronic health records for clinical outcome studies.,subfield,U01.01,U01
"Extract operational and financial data from company reports, government trade statistics, or public procurement records.",subfield,U01.01,U01
"Extract paleoclimate proxy data from ice cores, tree rings, or sediment records.",subfield,U01.12,U01
Extract quantitative measurements from spectroscopic data through baseline correction and peak analysis.,subfield,U04.01,U04
Extract refractive indices and absorption coefficients by fitting transmission and reflection data.,subfield,U02.10,U02
Extract regional BOLD signal measures from defined brain regions to quantify activity amplitude or dynamics.,subfield,U04.11,U04
Extract soil or litter invertebrates from substrate samples using standardized extraction apparatus.,subfield,U01.16,U01
Extract superconducting gap parameters by fitting tunneling or specific heat data to BCS theory.,subfield,U02.10,U02
"Extract text corpora from digital libraries, archives, or document repositories.",subfield,U01.03,U01
Extract thermodynamic parameters by fitting experimental data to van't Hoff or Arrhenius equations.,subfield,U02.10,U02
"Extract velocity and kinematic parameters from video microscopy recordings of moving cells, organelles, or fluids.",subfield,U02.10,U02
Extrapolate from historical patterns and trends to project future political trajectories and scenarios.,subfield,U09.10,U09
Fabricate artificial stimuli matched to the study species' sensory perception for behavioral choice tests.,subfield,U07.04,U07
"Fabricate bulk materials through powder metallurgy, casting, or solid-state processing routes.",subfield,U30.04,U30
"Fabricate composite electrodes by mixing active material, conductive additive, and binder and applying the mixture onto current collectors.",subfield,U30.04,U30
"Fabricate composite laminates through hand layup, vacuum bagging, or compression molding techniques.",subfield,U30.04,U30
Fabricate composite material specimens for mechanical property characterization.,subfield,U30.04,U30
"Fabricate dense ceramic bodies through pressing, casting, or additive manufacturing followed by sintering.",subfield,U30.04,U30
Fabricate electrode materials and membrane assemblies for fuel cell and battery research.,subfield,U30.04,U30
"Fabricate joints between material components using welding, soldering, or bonding processes with controlled process parameters.",subfield,U30.04,U30
Fabricate micro- and nanoscale device structures using lithography and etching techniques.,subfield,U30.04,U30
"Fabricate micropatterned substrates, sensing platforms, or microfluidic devices using lithography, etching, or thin-film deposition.",subfield,U30.04,U30
"Fabricate modified electrodes by immobilizing catalysts, enzymes, or functional materials on conductive substrates.",subfield,U07.08,U07
Fabricate multilayer heterostructures by sequential deposition of different electronic materials.,subfield,U30.04,U30
Fabricate nanostructures using lithographic patterning and etching processes.,subfield,U30.04,U30
Fabricate optical thin films and coatings using deposition techniques for specific wavelength applications.,subfield,U30.04,U30
Fabricate physical prototypes of tangible interfaces or wearable devices for user testing.,subfield,U30.04,U30
"Fabricate polymer films, fibers, and coatings using spin coating, electrospinning, or extrusion techniques.",subfield,U30.04,U30
"Fabricate polymer scaffolds, films, or fibers using electrospinning, casting, or freeze-drying techniques.",subfield,U30.04,U30
Fabricate prototype components using additive manufacturing or conventional machining for experimental validation.,subfield,U30.04,U30
Fabricate structural test specimens incorporating reinforcement configurations and connection details.,subfield,U30.04,U30
Fabricate thin films of magnetic materials using sputtering or pulsed laser deposition.,subfield,U30.04,U30
Fabricate thin films or nanostructured coatings using physical or chemical deposition techniques.,subfield,U30.04,U30
"Fabricate thin films, coatings, or nanostructures for detector active elements.",subfield,U07.10,U07
Fabricate thin-film electrolytes and electrode layers using physical or chemical vapor deposition techniques.,subfield,U30.04,U30
Fabricate thin-film structures and semiconductor heterostructures using deposition and etching processes.,subfield,U30.04,U30
"Fabricate tissue engineering scaffolds using biocompatible polymers, hydrogels, or composite materials.",subfield,U30.04,U30
Field nationally representative or state-level surveys to measure public opinion on political issues and candidates.,subfield,U01.06,U01
Filter GPS telemetry data to remove erroneous locations and movement artifacts.,subfield,U04.01,U04
Filter and preprocess network trace data to remove measurement artifacts and synchronize timestamps across distributed collection points.,subfield,U04.01,U04
Filter multipath interference and noise from channel measurement data to extract propagation parameters.,subfield,U04.01,U04
Filter noise and artifacts from gaze tracking and motion capture recordings.,subfield,U04.11,U04
Filter noise and remove outliers from performance measurements caused by system interference or transient failures.,subfield,U04.01,U04
Filter noise from photodetector signals using lock-in amplification or signal averaging techniques.,subfield,U04.01,U04
Filter noise from sensor signals and apply compensation algorithms to account for thermal drift in measurements.,subfield,U04.01,U04
Filter noisy sensor readings using Kalman filters or particle filters for robot localization.,subfield,U04.01,U04
Filter point cloud data to separate ground returns from vegetation and built structures.,subfield,U04.10,U04
Filter power supply noise and common-mode interference from sensitive analog signal measurements.,subfield,U04.01,U04
Filter quantum measurement records to extract signals from environmental and technical noise.,subfield,U04.01,U04
Filter sensor signals to remove noise while preserving dynamic response characteristics.,subfield,U04.01,U04
Filter structural vibration signals to isolate modal frequencies from measurement noise.,subfield,U04.01,U04
Fit Arrhenius models to temperature-dependent conductivity data to extract activation energies.,subfield,U02.10,U02
Fit Curie-Weiss models to temperature-dependent susceptibility data to extract exchange parameters.,subfield,U02.10,U02
Fit Hamiltonian parameters to spectroscopic or dynamical measurement data.,subfield,U02.10,U02
Fit absorption spectra to theoretical models to extract nanoparticle size and concentration parameters.,subfield,U02.10,U02
Fit adsorption isotherm models to experimental data for characterizing pollutant-sorbent interactions.,subfield,U02.10,U02
Fit adsorption isotherm models to experimental gas uptake data for pore characterization.,subfield,U02.10,U02
Fit aerodynamic models to wind tunnel and flight test data for vehicle simulation databases.,subfield,U09.05,U09
Fit biometric twin and family models to decompose trait variance into genetic and environmental components.,subfield,U02.10,U02
Fit calibration curves to concentration-response data using linear or nonlinear regression models.,subfield,U02.10,U02
Fit classical non-neural statistical models to visual features to obtain compact representations or unsupervised groupings.,subfield,U02.17,U02
Fit complexity models to empirical runtime data to validate theoretical predictions.,subfield,U02.10,U02
Fit constitutive models to characterize mechanical properties of biological tissues and biomaterials.,subfield,U02.10,U02
Fit constitutive models to experimental stress-strain data for structural materials.,subfield,U02.10,U02
Fit constitutive models to stress-strain data for predicting material deformation behavior.,subfield,U02.10,U02
Fit crystal-chemical models to mineral composition and partitioning data to derive structural parameters.,subfield,U02.10,U02
Fit crystallization kinetics models to differential scanning calorimetry data.,subfield,U02.10,U02
Fit crystallization kinetics models to time-resolved thermal or scattering data.,subfield,U02.10,U02
Fit crystallographic models to diffraction data for structure refinement and phase quantification.,subfield,U02.10,U02
Fit diffusion profiles in minerals to constrain cooling rates and thermal histories.,subfield,U02.10,U02
Fit dynamic models to experimental input-output data using system identification techniques.,subfield,U09.05,U09
Fit earthquake source models to observed seismograms to determine focal mechanisms and moment tensors.,subfield,U02.10,U02
"Fit empirical correlations for drag, lift, or heat transfer coefficients to experimental datasets.",subfield,U02.10,U02
Fit empirical correlations to experimental heat transfer and friction factor data.,subfield,U02.10,U02
Fit empirical models to observed relationships between physical and biogeochemical variables.,subfield,U02.02,U02
Fit enzyme kinetics data to determine kinetic parameters and compare between conditions.,subfield,U02.10,U02
Fit equations of state and thermodynamic models to experimental phase behavior data.,subfield,U02.10,U02
Fit equivalent circuit models to electrochemical impedance spectra to extract kinetic parameters.,subfield,U02.10,U02
Fit equivalent circuit models to impedance spectra of micro/nano-electromechanical devices.,subfield,U02.10,U02
Fit equivalent circuit models to impedance spectra to extract charge transfer resistance and capacitance values.,subfield,U02.10,U02
Fit equivalent circuit models to impedance spectroscopy data to separate bulk and interface contributions.,subfield,U02.10,U02
Fit equivalent circuit models to measured impedance spectra of batteries and fuel cells.,subfield,U02.10,U02
Fit evolutionary models to morphological or occurrence data to test hypotheses about tempo and mode of evolution.,subfield,U02.13,U02
Fit fragility curves to empirical damage data from post-disaster surveys.,subfield,U02.10,U02
Fit geochemical mixing models to trace element and isotope data to identify source contributions.,subfield,U02.10,U02
Fit geometric primitives to point cloud segments to reconstruct individual object structures.,subfield,U09.05,U09
Fit groundwater flow models to observed hydraulic head and tracer concentration data.,subfield,U09.05,U09
Fit interatomic potentials to ab initio reference data for use in molecular dynamics simulations.,subfield,U09.05,U09
Fit kinetic models to biodegradation or swelling data to determine rate constants and mechanisms.,subfield,U09.05,U09
Fit kinetic models to catalytic reaction data to determine turnover frequencies and activation energies.,subfield,U09.05,U09
Fit kinetic models to experimental data from biological treatment and degradation studies.,subfield,U09.05,U09
Fit kinetic models to experimental data from treatment processes to determine rate constants.,subfield,U09.05,U09
Fit kinetic models to phase transformation data from thermal analysis or dilatometry experiments.,subfield,U09.05,U09
Fit kinetic models to polymerization rate data to determine rate constants and activation energies.,subfield,U09.05,U09
Fit kinetic models to time-course reaction data to extract rate constants and reaction orders.,subfield,U09.05,U09
Fit kinetic models to time-resolved spectroscopic or single-molecule trajectory data.,subfield,U09.05,U09
Fit kinetic rate models to experimental conversion and selectivity data.,subfield,U09.05,U09
Fit learned control policies to observed robot behavior data using regression or neural network models.,subfield,U09.05,U09
"Fit light curves of transient events to infer explosion mechanisms, progenitor properties, or distances.",subfield,U09.05,U09
"Fit mathematical models to describe drying kinetics, thermal inactivation, or degradation reactions in foods.",subfield,U09.05,U09
Fit mathematical models to time-resolved data to extract rate and kinetic parameters,subfield,U09.05,U09
Fit measured spectra to theoretical lineshapes for extracting material optical properties.,subfield,U09.05,U09
Fit micromechanical models to experimental stress-strain data for determining constituent material parameters.,subfield,U09.05,U09
Fit mixed-effects models to account for clustering in multi-site or longitudinal health data.,subfield,U02.05,U02
Fit occupancy models to presence-absence data accounting for imperfect detection.,subfield,U09.05,U09
Fit optical dispersion models to ellipsometric or spectrophotometric data to extract film properties.,subfield,U09.05,U09
Fit parameters of dynamical models to observed trajectories using optimization or Bayesian inference.,subfield,U09.05,U09
Fit parametric and nonparametric probability distributions to empirical data.,subfield,U02.10,U02
Fit parametric appearance models to measured material reflectance and texture data.,subfield,U09.05,U09
Fit peak shapes and extract intensities from gamma-ray or particle spectra.,subfield,U09.05,U09
Fit peak shapes and extract spectral parameters from radiation detection data.,subfield,U09.05,U09
Fit pedotransfer functions to predict soil hydraulic properties from basic soil characteristics.,subfield,U09.05,U09
Fit performance models to empirical scaling data to predict system behavior at larger scales.,subfield,U09.05,U09
Fit plasma equilibrium reconstruction codes to magnetic and kinetic diagnostic data.,subfield,U09.05,U09
"Fit population or community models to estimate demographic parameters, species interactions, or ecosystem processes.",subfield,U09.05,U09
Fit predictive models of user performance such as Fitts' Law to empirical interaction data.,subfield,U09.05,U09
Fit quantitative models to electrophysiological recordings to estimate synaptic and membrane biophysical parameters,subfield,U09.05,U09
Fit regression models to experimental data relating process parameters to quality characteristics.,subfield,U02.02,U02
Fit regression models to observational human population data to estimate associations between ambient pollutant exposure and health outcomes.,subfield,U02.02,U02
Fit rheological models to frequency-dependent viscoelastic data to extract relaxation times and moduli.,subfield,U09.05,U09
Fit seismic velocity models to travel time data from earthquake or controlled source surveys.,subfield,U09.05,U09
Fit semiconductor device models to experimental current-voltage and capacitance data.,subfield,U09.05,U09
Fit signal and background models to invariant mass distributions to extract particle yields.,subfield,U09.05,U09
Fit species distribution models to occurrence data and environmental predictors.,subfield,U09.05,U09
Fit species distribution models to occurrence data with environmental predictors.,subfield,U09.05,U09
"Fit spectral energy distributions to determine physical properties of stars, galaxies, or other sources.",subfield,U09.05,U09
"Fit spectral lineshapes to extract transition frequencies, widths, and amplitudes.",subfield,U09.05,U09
Fit spectroscopic data to theoretical lineshape functions to extract molecular parameters.,subfield,U09.05,U09
Fit spectroscopic data to theoretical models to extract electronic and structural parameters.,subfield,U09.05,U09
Fit statistical channel models to measured propagation data for path loss and fading characterization.,subfield,U02.10,U02
Fit statistical downscaling models to relate large-scale climate patterns to local weather variables.,subfield,U02.02,U02
Fit statistical models to attribute observed climate changes to natural and anthropogenic forcing factors.,subfield,U02.03,U02
Fit statistical models to crash frequency data accounting for exposure and geometric variables.,subfield,U02.02,U02
Fit statistical models to distinguish between benign and malicious network behavior patterns.,subfield,U02.02,U02
Fit statistical models to empirical network traffic patterns and validate against theoretical distributions.,subfield,U02.10,U02
Fit statistical models to environmental time series data to detect trends in ecosystem degradation or recovery.,subfield,U02.06,U02
"Fit statistical models to software defect data, development effort, or system reliability measurements.",subfield,U02.02,U02
Fit statistical or machine-learning models relating observations to environmental predictors to predict values across space,subfield,U02.14,U02
Fit surrogate models or response surfaces to approximate complex objective functions in optimization problems.,subfield,U09.05,U09
Fit temperature-dependent resistivity data to theoretical models for electron-phonon or electron-electron scattering.,subfield,U09.05,U09
Fit transmission models to surveillance data to estimate reproduction numbers and other epidemic parameters.,subfield,U09.12,U09
Follow biosafety level protocols appropriate for handling infectious agents and select agents.,subfield,U16.04,U16
"Follow biosafety protocols when handling marine pathogens, toxins, or invasive species.",subfield,U16.04,U16
Formally describe and name new taxa with diagnoses and designated type specimens in accordance with nomenclatural codes.,subfield,U04.08,U04
Formulate a robot's spatial and resource constraints mathematically to configure its operation.,subfield,U09.02,U09
Formulate and characterize liquid reaction media such as ionic liquids or deep eutectic solvents for reaction and separation studies.,subfield,U01.15,U01
Formulate and evaluate methodological criteria for extending comparative reconstruction to domains where its validity is not established.,subfield,U13.01,U13
Formulate and implement numerical discretization and solution algorithms for governing equations in simulation codes to improve predictive accuracy and robustness,subfield,U09.08,U09
Formulate and symmetry-classify order parameters to characterize complex ordered phases.,subfield,U09.02,U09
Formulate aquafeed recipes specifying ingredient composition and inclusion levels for target aquaculture species.,subfield,U30.03,U30
Formulate boundary layer approximations to predict velocity and pressure distributions near surfaces.,subfield,U09.01,U09
Formulate computational models that incorporate uncertainty quantification to address research questions about system reliability.,subfield,U09.02,U09
Formulate conjectures about graph properties based on structural analysis and known theorems.,subfield,U12.04,U12
Formulate conjectures about prime distribution patterns based on heuristic arguments and computational evidence.,subfield,U12.04,U12
Formulate constitutive and continuum field equations that couple additional physical fields to fluid flow in complex or active fluids.,subfield,U09.02,U09
Formulate discretization schemes for partial differential equations based on conservation laws and boundary conditions.,subfield,U09.08,U09
Formulate dose-response hypotheses linking cumulative exposure to adverse health outcomes.,subfield,U12.02,U12
Formulate explicit evaluative criteria and apply them to adjudicate a contested classificatory or theoretical question.,subfield,U28.03,U28
"Formulate fishery management and conservation recommendations, such as size limits or harvest restrictions, based on assessment findings.",subfield,U30.05,U30
Formulate game-theoretic models of strategic interaction among supply chain actors to characterize equilibrium decisions.,subfield,U09.02,U09
Formulate geometric transformations and projection matrices for 3D scene representation.,subfield,U09.02,U09
Formulate hypotheses about airway inflammation pathways and their role in asthma or COPD exacerbations.,subfield,U12.02,U12
Formulate hypotheses about animal behavioral adaptations to environmental conditions.,subfield,U12.02,U12
"Formulate hypotheses about behavioral, metabolic, and environmental risk factors for chronic diseases such as cardiovascular disease, cancer, and diabetes.",subfield,U12.02,U12
Formulate hypotheses about biomechanical factors contributing to joint degeneration or injury risk.,subfield,U12.02,U12
Formulate hypotheses about carbon sequestration rates and biomass accumulation in agroforestry systems.,subfield,U12.02,U12
Formulate hypotheses about cellular responses to mechanical stimuli or biomaterial interactions.,subfield,U12.02,U12
"Formulate hypotheses about co-infection, syndemics, and the interplay of HIV, tuberculosis, and sexually transmitted infections.",subfield,U12.02,U12
Formulate hypotheses about critical periods in brain development and their vulnerability to environmental or genetic disruption.,subfield,U12.02,U12
Formulate hypotheses about developmental trajectories and their relationship to early-life exposures or interventions.,subfield,U12.02,U12
Formulate hypotheses about disease etiology based on histopathological patterns and molecular alterations.,subfield,U12.02,U12
Formulate hypotheses about disease transmission and dynamics using compartmental or mechanistic epidemic models.,subfield,U12.02,U12
"Formulate hypotheses about disparities in chronic disease incidence, survival, and outcomes across population subgroups.",subfield,U12.02,U12
Formulate hypotheses about drug-receptor interactions and downstream signaling pathways.,subfield,U12.02,U12
Formulate hypotheses about drug-target interactions and their effects on disease-relevant pathways.,subfield,U12.02,U12
Formulate hypotheses about enzyme catalytic mechanisms based on structural and kinetic data.,subfield,U12.02,U12
"Formulate hypotheses about factors affecting patient outcomes in time-critical conditions such as cardiac arrest, trauma, or sepsis.",subfield,U12.02,U12
Formulate hypotheses about factors influencing surgical outcomes and postoperative complications in companion and equine patients.,subfield,U12.02,U12
"Formulate hypotheses about fish growth rates, reproduction, or survival under varying environmental or dietary conditions.",subfield,U12.02,U12
Formulate hypotheses about gene regulatory networks based on computational analysis of expression data.,subfield,U12.02,U12
"Formulate hypotheses about genetic factors controlling crop yield, disease resistance, or stress tolerance traits.",subfield,U12.02,U12
Formulate hypotheses about genetic variants contributing to disease susceptibility or phenotypic variation.,subfield,U12.02,U12
"Formulate hypotheses about genetic, immunologic, or environmental factors contributing to inflammatory skin diseases.",subfield,U12.02,U12
Formulate hypotheses about gut-liver axis interactions in chronic liver disease pathogenesis.,subfield,U12.02,U12
"Formulate hypotheses about homeostatic regulatory mechanisms controlling physiological variables such as blood pressure, temperature, or glucose levels.",subfield,U12.02,U12
Formulate hypotheses about hormonal regulation of glucose metabolism and insulin resistance pathways.,subfield,U12.02,U12
Formulate hypotheses about host-pathogen interaction mechanisms and plant defense signaling pathways.,subfield,U12.02,U12
"Formulate hypotheses about how environmental stressors such as heat, cold, or crowding affect animal health, immune function, and disease susceptibility.",subfield,U12.02,U12
"Formulate hypotheses about how health-system structures and processes affect access, quality, and outcomes of care.",subfield,U12.02,U12
Formulate hypotheses about how specific micronutrients regulate metabolic pathways and chronic disease risk.,subfield,U12.02,U12
Formulate hypotheses about immune cell signaling pathways and their roles in host defense or disease pathogenesis.,subfield,U12.02,U12
Formulate hypotheses about lameness and performance-limiting conditions in equine athletes.,subfield,U12.02,U12
Formulate hypotheses about maternal dietary intake and its effects on pregnancy and birth outcomes.,subfield,U12.02,U12
Formulate hypotheses about maternal-fetal physiological interactions and their effects on pregnancy outcomes.,subfield,U12.02,U12
Formulate hypotheses about mechanisms of acute and chronic pain pathways to identify therapeutic targets.,subfield,U12.02,U12
Formulate hypotheses about mechanisms of acute kidney injury progression to chronic kidney disease.,subfield,U12.02,U12
Formulate hypotheses about mechanisms of drug-induced organ toxicity and cellular injury.,subfield,U12.02,U12
Formulate hypotheses about mechanisms of vision loss or hearing impairment based on anatomical and physiological evidence.,subfield,U12.02,U12
"Formulate hypotheses about microbial growth, survival, or inactivation kinetics in food matrices.",subfield,U12.02,U12
"Formulate hypotheses about microbial pathogenesis mechanisms, host-microbe interactions, or antimicrobial resistance pathways.",subfield,U12.02,U12
Formulate hypotheses about model behavior based on architectural design and training objectives.,subfield,U12.02,U12
"Formulate hypotheses about modifiable risk factors for chronic diseases such as diabetes, hypertension, and cardiovascular disease.",subfield,U12.02,U12
Formulate hypotheses about molecular signaling pathways underlying neuronal dysfunction or degeneration.,subfield,U12.02,U12
"Formulate hypotheses about natural selection, adaptation, or fitness trade-offs in populations.",subfield,U12.02,U12
Formulate hypotheses about neural circuit dysfunction underlying neurological or psychiatric disorders based on imaging biomarkers.,subfield,U12.02,U12
"Formulate hypotheses about neural circuit mechanisms underlying sensory processing, motor control, or homeostatic regulation.",subfield,U12.02,U12
Formulate hypotheses about neural coding mechanisms underlying sensory processing or motor control.,subfield,U12.02,U12
"Formulate hypotheses about neural mechanisms underlying cognitive processes such as memory, attention, or perception.",subfield,U12.02,U12
"Formulate hypotheses about neurobiological mechanisms underlying psychiatric disorders such as depression, schizophrenia, or bipolar disorder.",subfield,U12.02,U12
"Formulate hypotheses about neurodegeneration pathways in conditions such as Alzheimer's disease, Parkinson's disease, or amyotrophic lateral sclerosis.",subfield,U12.02,U12
Formulate hypotheses about neurological disease pathophysiology based on clinical observations and neuroimaging findings.,subfield,U12.02,U12
"Formulate hypotheses about nursing interventions and their effects on patient outcomes such as falls, infections, or pressure injuries.",subfield,U12.02,U12
"Formulate hypotheses about nutritional interventions and their effects on animal growth, reproduction, or health outcomes.",subfield,U12.02,U12
"Formulate hypotheses about oncogenic signaling pathways and their roles in tumor initiation, progression, or metastasis.",subfield,U12.02,U12
Formulate hypotheses about pathogen transmission dynamics and the maintenance of infection within animal populations.,subfield,U12.02,U12
"Formulate hypotheses about pathogen transmission dynamics, virulence factors, or host-pathogen interactions.",subfield,U12.02,U12
"Formulate hypotheses about pathophysiological mechanisms underlying cardiac arrhythmias, heart failure, or coronary artery disease.",subfield,U12.02,U12
Formulate hypotheses about perioperative risk factors and their impact on surgical complications.,subfield,U12.02,U12
"Formulate hypotheses about pest population dynamics, resistance mechanisms, or host-pest interactions.",subfield,U12.02,U12
Formulate hypotheses about phylogenetic relationships among taxa based on morphological or molecular evidence.,subfield,U12.02,U12
"Formulate hypotheses about physiological adaptations of marine organisms to environmental stressors such as salinity, temperature, or pressure.",subfield,U12.02,U12
"Formulate hypotheses about plant growth responses to environmental factors such as light, temperature, and nutrient availability.",subfield,U12.02,U12
"Formulate hypotheses about plant physiological responses to environmental stressors such as drought, temperature, or nutrient availability.",subfield,U12.02,U12
Formulate hypotheses about population dietary patterns and their association with diet-related chronic disease.,subfield,U12.02,U12
"Formulate hypotheses about risk factors for adverse pregnancy, birth, and perinatal outcomes.",subfield,U12.02,U12
Formulate hypotheses about signaling pathways that regulate stem cell self-renewal and differentiation.,subfield,U12.02,U12
"Formulate hypotheses about social, economic, and structural determinants of health disparities within and across populations.",subfield,U12.02,U12
"Formulate hypotheses about software quality, performance, or developer productivity based on theoretical frameworks.",subfield,U12.02,U12
"Formulate hypotheses about soil nutrient cycling, carbon sequestration, or microbial community dynamics.",subfield,U12.02,U12
"Formulate hypotheses about species interactions, community dynamics, or ecosystem processes based on ecological theory.",subfield,U12.02,U12
Formulate hypotheses about the diagnostic accuracy of imaging biomarkers for detecting or staging disease.,subfield,U12.02,U12
"Formulate hypotheses about the effects of agricultural policies on farm productivity, land use, or food security outcomes.",subfield,U12.02,U12
"Formulate hypotheses about the health effects of environmental exposures such as air pollution, water contaminants, and hazardous chemicals.",subfield,U12.02,U12
"Formulate hypotheses about the physiological regulation of appetite, satiety, and energy balance in obesity.",subfield,U12.02,U12
Formulate hypotheses about the relationship between oral microbiome composition and periodontal disease progression.,subfield,U12.02,U12
"Formulate hypotheses about transmission dynamics, routes of spread, and drivers of infectious disease incidence in populations.",subfield,U12.02,U12
Formulate hypotheses about tree-soil-water interactions and nutrient cycling in forest ecosystems.,subfield,U12.02,U12
Formulate hypotheses about tumor molecular pathways and their roles in cancer progression or treatment resistance.,subfield,U12.02,U12
"Formulate hypotheses about viral replication mechanisms, host-pathogen interactions, or microbial pathogenesis.",subfield,U12.02,U12
Formulate hypotheses linking specific neurotransmitter systems to behavioral phenotypes or cognitive functions.,subfield,U12.02,U12
Formulate hypotheses on the relationship between metabolic disorders and kidney stone formation.,subfield,U12.02,U12
Formulate loss functions and optimization objectives for training visual recognition models.,subfield,U09.02,U09
Formulate management recommendations for fisheries or aquaculture water bodies based on analysis of environmental and operational constraints.,subfield,U30.05,U30
Formulate mathematical models from governing equations to predict system behavior.,subfield,U09.02,U09
Formulate mathematical models of operational decision problems to examine their solution behavior,subfield,U09.02,U09
Formulate mathematical models of system behavior to predict software or hardware performance under varying conditions.,subfield,U09.02,U09
Formulate mathematical objectives and loss functions that encode desired model behavior.,subfield,U09.02,U09
"Formulate models of scientific careers, productivity, and the aging and obsolescence of knowledge over time.",subfield,U09.02,U09
"Formulate motion planning constraints based on robot geometry, joint limits, and workspace boundaries.",subfield,U09.02,U09
Formulate multi-component monomer or resin mixtures with fillers and additives to prepare homogeneous precursor formulations.,subfield,U30.03,U30
Formulate objectives quantifying expected information gain or search cost to guide robot exploration under uncertainty.,subfield,U09.02,U09
"Formulate procedural or statistical generative models that synthesize geometry, texture, or trajectory data matching measured statistics.",subfield,U09.02,U09
Formulate quantitative descriptors and order parameters from computed structural and energetic data to characterize and compare materials.,subfield,U09.02,U09
Formulate quantitative indices from measurable response quantities to represent system health or damage state,subfield,U09.02,U09
Formulate query optimization strategies based on cost models and database statistics.,subfield,U30.01,U30
Formulate questions about open access and alternative publishing models and their effects on citation impact and readership.,subfield,U13.01,U13
"Formulate questions about the effectiveness of preventive interventions such as vaccination programs, parasite control, and biosecurity in reducing disease burden.",subfield,U12.02,U12
"Formulate questions about the pharmacokinetics, efficacy, and safety of anesthetic and analgesic agents across animal species.",subfield,U12.02,U12
"Formulate questions about virulence factors, immune evasion, and host immune responses to animal pathogens.",subfield,U12.02,U12
Formulate real-world decision problems as mathematical optimization models with objective functions and constraints.,subfield,U09.02,U09
"Formulate research questions about variation in quality and utilization of care across providers, regions, and systems.",subfield,U12.02,U12
Formulate research questions grounded in economic theory to guide model specification and variable selection.,subfield,U12.01,U12
"Formulate research questions on reproductive health, family planning, and access to maternal care services.",subfield,U12.02,U12
"Formulate research questions on the health effects of migration, conflict, and global-security threats on populations.",subfield,U12.02,U12
Formulate research questions using Bayesian decision-theoretic frameworks to quantify risks and expected utilities.,subfield,U12.01,U12
Formulate research questions using game-theoretic frameworks to analyze strategic interactions among economic agents.,subfield,U12.01,U12
Formulate stochastic models to characterize random phenomena in applied contexts.,subfield,U09.02,U09
"Formulate threat models specifying adversary capabilities, attack surfaces, and security objectives.",subfield,U09.02,U09
Fractionate soil by sieving and dispersion to separate aggregate size classes and organic matter pools.,subfield,U04.12,U04
Frame historical philosophical problems in relation to contemporary scholarly debates about their meaning and significance.,subfield,U13.01,U13
Frame hypotheses in terms of prior distributions and updating mechanisms to reflect existing theoretical knowledge.,subfield,U12.01,U12
"Frame implementation-science questions using established frameworks to study adoption, fidelity, and sustainability.",subfield,U12.01,U12
Frame research questions around causal inference frameworks to estimate treatment effects in health outcomes.,subfield,U12.01,U12
Frame research questions around equity of access and the digital divide across diverse patron populations.,subfield,U12.01,U12
"Frame research questions around long-run economic change using theories of technological diffusion, factor endowments, or path dependence.",subfield,U12.01,U12
Frame research questions around multivariate relationships and latent constructs underlying observed variables.,subfield,U12.02,U12
"Frame research questions around total survey error components including coverage, sampling, nonresponse, and measurement error.",subfield,U12.01,U12
Frame research questions using causal inference frameworks such as potential outcomes and counterfactual reasoning to define target estimands.,subfield,U12.01,U12
Frame research questions using citation theory and normative or social-constructivist accounts of why scholars cite.,subfield,U12.01,U12
"Frame research questions using concepts of market construction, legitimacy, and institutional logics.",subfield,U12.01,U12
Frame research questions using functionalist or culturalist approaches to compare legal systems.,subfield,U12.01,U12
Frame research questions using health-equity frameworks that center marginalized and underserved populations.,subfield,U12.01,U12
Frame research questions using liability of foreignness or cultural distance frameworks to explain cross-border business performance.,subfield,U12.01,U12
"Frame research questions using models of state formation, trade networks, or social organization in ancient societies.",subfield,U12.01,U12
Frame research questions using optimal taxation theory to evaluate trade-offs between redistribution and economic efficiency.,subfield,U12.01,U12
Frame research questions using resource-based view or dynamic capabilities theories to analyze firm-level innovation.,subfield,U12.01,U12
"Frame research questions using theories of human-environment interaction, migration, or social complexity.",subfield,U12.01,U12
"Frame research questions within established metaphysical debates concerning existence, causation, or the nature of reality.",subfield,U12.01,U12
"Frame research questions within historiographical debates about periodization, influence, and cultural transmission.",subfield,U12.01,U12
"Functionalize nanoparticle surfaces with ligands, polymers, or biomolecules for targeted applications.",subfield,U01.15,U01
"Functionalize nanoparticle surfaces with ligands, polymers, or biomolecules to modify stability and reactivity.",subfield,U01.15,U01
"Gather biographical, historical, and cultural materials that contextualize literary works and their production.",subfield,U01.03,U01
Gather contextual data from mobile sensors during field studies of technology use.,subfield,U01.02,U01
Gather conversational or discourse data through recordings of natural language interactions.,subfield,U01.08,U01
"Gather documentation from truth commissions, special rapporteurs, and fact-finding missions for legal analysis.",subfield,U01.03,U01
"Gather ethnographic data from museum collections, photographs, or historical documents to supplement fieldwork.",subfield,U01.03,U01
Gather evidence about a phenomenon in its broader real-world context to explain observed outcomes.,subfield,U01.99,U01
"Gather field observations of geomorphic features, flood marks, or structural damage following hazard events.",subfield,U01.12,U01
Gather human judgments and annotations for supervised learning and evaluation benchmarks.,subfield,U01.22,U01
"Gather naval logs, admiralty records, and maritime intelligence reports from governmental and institutional archives.",subfield,U01.03,U01
Gather oral histories from community members about place-based memories and cultural change over time.,subfield,U01.07,U01
"Gather oral histories from theater artists, technicians, and audience members to preserve performance knowledge.",subfield,U01.07,U01
Gather positioning accuracy data from GNSS receivers and localization systems in diverse operational environments.,subfield,U01.18,U01
"Gather primary data through observation of security institutions, military exercises, or post-conflict reconstruction efforts.",subfield,U01.08,U01
"Gather published primary sources such as newspapers, periodicals, memoirs, and literary texts from historical periods.",subfield,U01.03,U01
"Gather unpublished manuscripts, correspondence, and personal papers of American authors from institutional archives for textual analysis.",subfield,U01.03,U01
Gather user interaction data through instrumented retrieval interfaces.,subfield,U01.02,U01
Gather user-generated content from social media platforms or online communities for discourse analysis.,subfield,U01.02,U01
Gather vehicle trajectory data using video-based tracking systems and computer vision algorithms.,subfield,U01.13,U01
"Gather visual and material sources including photographs, films, posters, and artifacts from modern historical contexts.",subfield,U01.03,U01
"Gather visual documentation from institutional image databases, digital archives, or photographic repositories.",subfield,U01.03,U01
Generate DNA barcode sequences for species identification and delimitation purposes.,subfield,U01.19,U01
Generate PCR-based fingerprint profiles of microbial communities or isolates using gel electrophoretic separation.,subfield,U01.19,U01
Generate amplicon sequencing data targeting taxonomic marker genes for microbial community profiling.,subfield,U01.19,U01
Generate and analyze random graphs or discrete structures to test probabilistic conjectures.,subfield,U09.03,U09
Generate and compare DNA fingerprint profiles to assess relatedness among microbial isolates or communities.,subfield,U01.19,U01
Generate and validate transgenic or knockout animal models for studying gene function in the nervous system.,subfield,U01.20,U01
Generate candidate atomic configurations and structural models to define the input space for computational studies.,subfield,U09.04,U09
"Generate cell lines heterologously expressing receptors, channels, or other proteins for functional characterization.",subfield,U01.20,U01
Generate computational meshes and grids appropriate for the geometry and physics of simulation domains.,subfield,U09.08,U09
Generate digital elevation models from LiDAR point clouds or stereo imagery pairs.,subfield,U04.10,U04
Generate environmental DNA sequences from water samples to assess marine biodiversity and species presence.,subfield,U01.19,U01
Generate experimental data in model systems to characterize biomolecules or gene function,subfield,U01.19,U01
Generate gene expression profiles from diseased and normal tissue specimens.,subfield,U01.19,U01
Generate genetically modified animal lines and characterize their phenotypes to test the causal role of candidate genes,subfield,U01.20,U01
Generate hematopoietic chimeric or humanized animals by transplanting donor hematopoietic cells into conditioned recipients.,subfield,U01.20,U01
Generate hypotheses about determinants of injury occurrence and the effectiveness of injury-prevention strategies.,subfield,U12.02,U12
"Generate hypotheses about early-life exposures and their effects on child growth, development, and health.",subfield,U12.02,U12
Generate hypotheses about evolutionary relationships among species or gene families through phylogenetic analysis.,subfield,U12.02,U12
Generate hypotheses about factors affecting renal transplant outcomes and graft survival.,subfield,U12.02,U12
Generate hypotheses about folate and B-vitamin intake in relation to homocysteine metabolism and disease outcomes.,subfield,U12.02,U12
Generate hypotheses about herd- and flock-level risk factors for production-limiting and metabolic diseases.,subfield,U12.02,U12
Generate hypotheses about how cultural and social factors shape food choices and eating behaviors.,subfield,U12.02,U12
Generate hypotheses about infant and complementary feeding practices and early growth and development.,subfield,U12.02,U12
Generate hypotheses about medication adherence factors and their impact on clinical outcomes.,subfield,U12.02,U12
Generate hypotheses about pharmacological and surgical treatments for obesity and their metabolic effects.,subfield,U12.02,U12
"Generate hypotheses about psychosocial workplace factors contributing to burnout, stress, and mental health outcomes.",subfield,U12.02,U12
Generate hypotheses about risk factors for acute respiratory distress syndrome progression and resolution.,subfield,U12.02,U12
"Generate hypotheses about risk factors for dental caries, tooth loss, or oral cancer development.",subfield,U12.02,U12
Generate hypotheses about risk factors for gynecologic malignancies and their progression.,subfield,U12.02,U12
"Generate hypotheses about species interactions, population dynamics, or ecosystem processes based on ecological theory.",subfield,U12.02,U12
Generate hypotheses about the effects of health policies and reforms on service delivery and population health.,subfield,U12.02,U12
Generate hypotheses about the efficacy of pharmacological or interventional therapies for cardiovascular conditions.,subfield,U12.02,U12
Generate hypotheses about the efficacy of pharmacological or psychotherapeutic interventions for psychiatric symptoms.,subfield,U12.02,U12
Generate hypotheses about the evolutionary origins and functions of behavioral traits.,subfield,U12.02,U12
Generate hypotheses about the health impacts of global-health interventions in low- and middle-income settings.,subfield,U12.02,U12
Generate hypotheses about the neurobiological substrates of motor learning and adaptation.,subfield,U12.02,U12
"Generate hypotheses about the population-level impact of interventions such as vaccination, screening, or contact tracing on disease burden.",subfield,U12.02,U12
Generate hypotheses about thyroid hormone effects on metabolic rate and body composition.,subfield,U12.02,U12
"Generate hypotheses about tumor biology, treatment response, and prognostic factors in veterinary oncology patients.",subfield,U12.02,U12
Generate hypotheses about vaccine efficacy and correlates of protection against infectious diseases in target animal species.,subfield,U12.02,U12
"Generate hypotheses about vaccine efficacy, immunogenicity, or correlates of protection against infectious agents.",subfield,U12.02,U12
Generate large-scale simulated datasets for background estimation and signal optimization studies.,subfield,U09.03,U09
Generate machine tool and robot motion programs from digital models for execution on production equipment.,subfield,U30.02,U30
Generate mass spectrometry data for protein identification and quantification.,subfield,U01.19,U01
Generate matched comparative data to evaluate congruence among alternative results or characters.,subfield,U01.99,U01
Generate microbiome sequencing data from gastrointestinal or reproductive tract samples.,subfield,U01.19,U01
Generate new evidence by designing experiments or pooling material from prior studies to test explanations,subfield,U01.99,U01
Generate or acquire DNA barcoding data for tree species identification and population genetics studies.,subfield,U01.19,U01
Generate or acquire environmental DNA sequences for species detection or community characterization.,subfield,U01.19,U01
Generate or acquire genomic and transcriptomic data to assess genetic diversity or disease resistance in aquatic populations.,subfield,U01.19,U01
"Generate or acquire genomic data for marker-assisted selection, QTL mapping, or genome-wide association studies.",subfield,U01.19,U01
Generate or acquire genomic data to characterize pest populations or detect resistance alleles.,subfield,U01.19,U01
Generate or analyze RNA sequencing data to identify differentially expressed genes in tumor versus normal tissue.,subfield,U01.19,U01
"Generate or obtain transcriptomic data to analyze gene expression patterns related to plant development, stress responses, or fruit ripening.",subfield,U01.19,U01
Generate photographic and microscopic imagery of fossil specimens to document morphological features.,subfield,U01.17,U01
Generate phylogenetic hypotheses from morphological character matrices to predict evolutionary relationships among fossil taxa.,subfield,U12.02,U12
Generate polyclonal or monoclonal antibodies against target antigens for use as research reagents,subfield,U01.20,U01
Generate scanning electron microscopy images to document fine morphological structures for species descriptions.,subfield,U01.17,U01
Generate sequence data from multiple individuals or species for population genetic or phylogenetic analysis.,subfield,U01.19,U01
Generate simulated imaging datasets with known ground truth to validate image-analysis algorithms.,subfield,U09.09,U09
Generate single-cell RNA sequencing data from sorted immune cell populations to characterize transcriptional heterogeneity.,subfield,U01.19,U01
Generate single-cell RNA sequencing data to characterize heterogeneity in stem cell populations.,subfield,U01.19,U01
Generate spatial layouts of abstract graph or relational data by optimizing embedding objectives.,subfield,U27.01,U27
Generate species distribution predictions from habitat suitability models and climate projections.,subfield,U09.10,U09
"Generate structured light fields with tailored phase, amplitude, or polarization using holographic modulation elements.",subfield,U07.10,U07
Generate synthetic datasets with prescribed known truth to benchmark the accuracy of estimation and retrieval methods.,subfield,U09.09,U09
Generate synthetic random samples to evaluate estimator performance under controlled conditions.,subfield,U09.09,U09
Generate synthetic training data through simulation or augmentation techniques.,subfield,U09.06,U09
Generate three-dimensional geological models from subsurface and surface data.,subfield,U09.05,U09
Generate three-dimensional organoid or spheroid cultures from stem cells for functional studies.,subfield,U01.20,U01
Generate transcriptomic data from infected plant tissues to characterize host defense responses.,subfield,U01.19,U01
Generate transcriptomic data from tissues or cells to identify gene expression changes underlying physiological responses.,subfield,U01.19,U01
Generate transcriptomic data to assess gene expression changes in response to experimental treatments.,subfield,U01.19,U01
Generate transcriptomic data to identify genes altered by drug treatment or toxic exposure.,subfield,U01.19,U01
Generate transcriptomic or proteomic data to identify drug response biomarkers and off-target effects.,subfield,U01.19,U01
Generate weather forecasts by applying numerical weather prediction models to current atmospheric conditions.,subfield,U09.03,U09
Generate whole-genome or targeted sequencing data for pathogen identification and strain typing.,subfield,U01.19,U01
Genotype and sequence pathogen isolates to classify circulating strains and assess genetic relatedness among cases.,subfield,U01.19,U01
Geocode address-based records and resolve locational ambiguities in administrative datasets.,subfield,U04.04,U04
Grade and map the severity and distribution of disease-related pathology across tissue regions to establish diagnostic staging.,subfield,U01.19,U01
Ground curriculum evaluation studies in established models of curriculum design and implementation.,subfield,U12.01,U12
Ground evaluation studies in program theory or logic models to guide research design and interpretation.,subfield,U12.01,U12
Ground research designs in developmental or motivational frameworks to explain educational phenomena.,subfield,U12.01,U12
"Ground research questions in established models of attention, perception, or memory to ensure theoretical coherence.",subfield,U12.01,U12
"Ground research questions in established theories of monetary transmission mechanisms, fiscal multipliers, or business cycle dynamics.",subfield,U12.01,U12
Ground research questions in formal semantic frameworks such as truth-conditional semantics or dynamic semantics.,subfield,U12.01,U12
"Ground research questions in knowledge organization principles when evaluating classification schemes, thesauri, or metadata standards.",subfield,U12.01,U12
"Ground research questions in legal and policy frameworks such as IDEA, Section 504, and ADA to address educational rights and services.",subfield,U12.01,U12
"Ground research questions in linguistic theories of syntax, semantics, or pragmatics to guide computational model design.",subfield,U12.01,U12
Ground research questions in theories of bilingual or second language acquisition to explain observed processing differences.,subfield,U12.01,U12
Ground studies of research evaluation in responsible-metrics principles such as the Leiden Manifesto or DORA.,subfield,U12.01,U12
Group learners by achievement level or instructional track to compare their language learning behaviors and outcomes.,subfield,U02.01,U02
Group users into behavioral types by applying clustering or segmentation rules to digital trace data.,subfield,U02.17,U02
"Grow single crystals and polycrystalline samples using melt, solution, or vapor phase methods.",subfield,U01.15,U01
Grow single crystals of inorganic compounds suitable for X-ray diffraction analysis.,subfield,U01.15,U01
Grow single crystals of magnetic materials using flux or floating-zone techniques.,subfield,U01.15,U01
"Grow single crystals using flux, Bridgman, or floating zone techniques for bulk property measurements.",subfield,U01.15,U01
Handle missing data through multiple imputation or other principled statistical approaches to preserve validity.,subfield,U04.03,U04
Handle missing data through multiple imputation or other principled statistical methods.,subfield,U04.03,U04
Handle missing data using multiple imputation or maximum likelihood methods appropriate for multivariate structures.,subfield,U04.03,U04
Handle missing observations and attrition in longitudinal economic data through appropriate imputation or weighting methods.,subfield,U04.03,U04
Harmonize behavioral scoring criteria and operational definitions across multiple experimental sites or raters.,subfield,U04.02,U04
Harmonize cardiovascular diagnostic codes and procedure classifications across different clinical databases and registries.,subfield,U04.02,U04
"Harmonize chief complaint and diagnosis coding between prehospital, emergency department, and inpatient records.",subfield,U04.02,U04
Harmonize country-of-origin and nationality classifications across different data sources or time periods.,subfield,U04.02,U04
Harmonize dermatologic disease severity scores across different validated assessment instruments.,subfield,U04.02,U04
Harmonize developmental assessment scores across different versions of standardized instruments or age-normed scales.,subfield,U04.02,U04
Harmonize developmental screening scores across different validated pediatric assessment tools.,subfield,U04.02,U04
Harmonize diabetes diagnostic criteria and classification systems across multi-site studies.,subfield,U04.02,U04
Harmonize economic indicators and political variables across countries with different measurement standards and reporting practices.,subfield,U04.02,U04
Harmonize family and household variables across waves of longitudinal surveys or cross-national datasets.,subfield,U04.02,U04
Harmonize financial and operational data reported under different national accounting standards and currencies.,subfield,U04.02,U04
Harmonize fiscal and budgetary variables across countries or time periods to enable comparative analysis.,subfield,U04.02,U04
"Harmonize imaging data acquired from different scanner vendors, field strengths, or acquisition protocols.",subfield,U04.02,U04
Harmonize injury classification systems and surgical coding across multi-site orthopedic databases.,subfield,U04.02,U04
Harmonize liver disease severity scores and staging systems across multi-center datasets.,subfield,U04.02,U04
"Harmonize microbiological data across different laboratory methods, pathogen nomenclature systems, or diagnostic platforms.",subfield,U04.02,U04
"Harmonize monetary values, prices, and wages across different historical currencies, units, and time periods.",subfield,U04.02,U04
Harmonize neighborhood boundary definitions across different data sources or time periods.,subfield,U04.02,U04
"Harmonize neural signal data across different recording systems, electrode configurations, or imaging protocols.",subfield,U04.02,U04
"Harmonize neural signal features across different recording systems, electrode configurations, or acquisition sites.",subfield,U04.02,U04
Harmonize neuroimaging data acquired across different scanner platforms or acquisition protocols.,subfield,U04.02,U04
Harmonize neuroimaging data acquired on different scanner platforms or with varying acquisition parameters.,subfield,U04.02,U04
Harmonize neurological rating scale scores and diagnostic classifications across multi-site studies.,subfield,U04.02,U04
Harmonize neurological rating scale scores and diagnostic criteria across multi-site studies or registries.,subfield,U04.02,U04
Harmonize obstetric outcome definitions across institutions and international coding systems.,subfield,U04.02,U04
Harmonize occupational and industry classification codes across different data sources and time periods.,subfield,U04.02,U04
"Harmonize occupational codes, educational classifications, or income measures across datasets or time periods.",subfield,U04.02,U04
Harmonize operative coding systems to enable comparison of surgical data across institutions.,subfield,U04.02,U04
Harmonize pain assessment scales and sedation scoring systems across multi-site perioperative studies.,subfield,U04.02,U04
Harmonize periodontal disease classifications across different diagnostic criteria and coding systems.,subfield,U04.02,U04
Harmonize psychiatric symptom measures and diagnostic classifications across multi-site studies or international datasets.,subfield,U04.02,U04
Harmonize regional economic indicators across different administrative boundary systems or classification schemes.,subfield,U04.02,U04
Harmonize respiratory disease diagnoses coded in ICD systems with clinical phenotype definitions.,subfield,U04.02,U04
Harmonize tumor staging classifications across different cancer staging systems and institutional practices.,subfield,U04.02,U04
Harmonize urological symptom scores and quality of life measures across different validated instruments.,subfield,U04.02,U04
Harmonize variable definitions and coding schemes across surveys conducted in different countries or languages.,subfield,U04.02,U04
Harmonize visual acuity measurements across different notation systems and testing protocols.,subfield,U04.02,U04
Harvest and process animal tissue specimens at defined time points for ex vivo functional and molecular analysis,subfield,U01.11,U01
"Harvest neural tissue samples from animal models for molecular, histological, or biochemical analysis.",subfield,U01.11,U01
Harvest publication and citation records from bibliographic databases and open scholarly metadata sources.,subfield,U01.02,U01
Harvest soil samples at multiple depths to assess root distribution and soil organic matter content.,subfield,U01.12,U01
Have multiple analysts independently code qualitative data and reconcile discrepancies to establish analytic reliability,subfield,U04.06,U04
Homogenize long-term climate records to remove non-climatic discontinuities from station relocations or instrument changes.,subfield,U04.01,U04
"Identify and categorize aesthetic features, stylistic conventions, or genre markers across a corpus of works.",subfield,U28.01,U28
"Identify and categorize iconographic motifs, stylistic features, or rhetorical patterns in visual and textual sources.",subfield,U28.01,U28
"Identify and categorize instances of taboo language, euphemistic substitution, or code-switching in multilingual public discourse.",subfield,U28.06,U28
"Identify and categorize logical fallacies, presuppositions, or implicatures in textual or spoken data.",subfield,U28.01,U28
"Identify and categorize narrative techniques including point of view, unreliable narration, or embedded storytelling.",subfield,U28.01,U28
"Identify and categorize recurring arguments, concepts, and terminology within philosophical texts.",subfield,U28.01,U28
"Identify and categorize recurring themes in metalinguistic discourse about language attitudes, identity, or ideology.",subfield,U28.06,U28
"Identify and characterize microorganisms in clinical specimens using culture, microscopy, or sequencing methods",subfield,U01.19,U01
Identify and classify novel transcripts or small RNA species from sequencing data using custom computational pipelines.,subfield,U04.09,U04
Identify and count fossil specimens in prepared samples to generate quantitative assemblage abundance data.,subfield,U01.12,U01
Identify and screen primary studies for evidence synthesis through systematic database searching and eligibility assessment,subfield,U24.01,U24
Identify cis-regulatory sequence motifs in promoter or non-coding genomic regions.,subfield,U02.12,U02
"Identify cultural themes, symbolic patterns, and social categories through iterative analysis of qualitative data.",subfield,U28.06,U28
Identify differentially expressed genes or differentially methylated regions between experimental groups.,subfield,U02.12,U02
Identify genetic variants by calling SNPs and indels from aligned genomic sequencing data.,subfield,U04.09,U04
Identify known and novel non-coding RNAs from small RNA sequencing data.,subfield,U04.09,U04
Identify known physical systems or observations that realize a newly proposed theoretical structure.,subfield,U12.04,U12
"Identify microbial isolates using morphological, staining, and biochemical phenotyping tests.",subfield,U01.19,U01
Identify mineral phases and bonding environments using Raman and infrared vibrational spectroscopy.,subfield,U01.17,U01
Identify priority conservation sites by applying defined criteria or quantitative thresholds to species population and distribution data.,subfield,U02.11,U02
"Identify recurring themes, imagery, and rhetorical patterns across literary texts through systematic close reading.",subfield,U28.01,U28
"Identify, measure, and enumerate specimens from aquatic surveys and catches to characterize species composition and population structure",subfield,U01.12,U01
"Image domain structures in ferroic materials using magneto-optical, electron, or scanning-probe microscopy.",subfield,U01.17,U01
Image individual crystals or particles by fluorescence microscopy to map spatial heterogeneity within a sample,subfield,U01.17,U01
Image prepared material structures using optical microscopy to characterize constituents and morphology,subfield,U01.17,U01
Implement Markov chain Monte Carlo sampling algorithms to estimate posterior distributions.,subfield,U02.15,U02
Implement Monte Carlo simulations to approximate intractable probability distributions and expectations.,subfield,U09.03,U09
Implement algorithms to enumerate combinatorial objects and verify structural properties.,subfield,U29.02,U29
Implement and execute numerical simulations to model system dynamics or algorithm behavior.,subfield,U09.03,U09
Implement and integrate prototype systems that instantiate a proposed design across heterogeneous hardware and software platforms.,subfield,U30.02,U30
Implement and integrate software components into working tools or systems on a target platform,subfield,U30.02,U30
"Implement appropriate boundary conditions for inflow, outflow, and wall surfaces in numerical models.",subfield,U09.08,U09
Implement biosecurity measures to prevent disease transmission between research animal populations.,subfield,U16.04,U16
Implement blinded outcome ascertainment procedures such as masked assessors or independent event adjudication committees.,subfield,U07.02,U07
Implement containment procedures for working with viral vectors and recombinant microorganisms.,subfield,U16.04,U16
Implement control and estimation software on embedded hardware to realize real-time device behavior,subfield,U07.10,U07
Implement data security protocols for neuroimaging datasets containing identifiable brain scans.,subfield,U06.04,U06
Implement data security protocols for neuroimaging datasets containing identifiable brain structure information.,subfield,U06.04,U06
Implement difference-in-differences designs to evaluate the impact of policy reforms or program rollouts.,subfield,U02.03,U02
Implement difference-in-differences or regression discontinuity designs to identify causal effects from quasi-experimental variation.,subfield,U02.03,U02
Implement enhanced ethical safeguards and trauma-informed consent procedures for research involving victims of human rights abuses.,subfield,U19.02,U19
Implement event study methodology to measure abnormal returns around corporate announcements or policy changes.,subfield,U02.03,U02
Implement geoprocessing algorithms as reusable software tools or web services.,subfield,U09.08,U09
Implement household panel surveys to track economic outcomes and behavioral changes over time in developing regions.,subfield,U01.06,U01
Implement interpolation and approximation methods to reconstruct continuous fields from discrete data samples.,subfield,U09.08,U09
Implement medication withdrawal procedures before cognitive testing to remove acute pharmacological effects.,subfield,U07.02,U07
Implement multiscale simulations that bridge atomistic and continuum length scales.,subfield,U09.04,U09
Implement numerical algorithms such as Monte Carlo or transform methods to compute prices and risk measures from stochastic models.,subfield,U09.08,U09
Implement numerical optimization routines to estimate parameters in complex statistical models.,subfield,U02.16,U02
Implement numerical schemes to solve ordinary and partial differential equations.,subfield,U09.08,U09
Implement online experiments through platforms to collect behavioral data from geographically dispersed participants.,subfield,U01.09,U01
Implement particle-particle contact or repulsion force models in particle-resolved flow simulations.,subfield,U09.03,U09
Implement probability-based sampling designs to achieve representative coverage of target populations.,subfield,U07.06,U07
Implement propensity score methods to adjust for confounding in observational health studies.,subfield,U02.03,U02
Implement quarantine procedures to prevent cross-contamination between marine specimens from different locations.,subfield,U16.04,U16
Implement real-time signal-processing systems that convert ongoing neural or physiological signals into contingent feedback or stimulus control during data collection.,subfield,U07.10,U07
Implement regression discontinuity designs to identify causal effects of age-based or threshold-based labor policies.,subfield,U02.03,U02
Implement respondent-driven or other chain-referral sampling to recruit hidden populations.,subfield,U07.06,U07
Implement safeguards to protect sensitive mental health information and psychiatric diagnoses in research databases.,subfield,U06.04,U06
Implement standardized imaging protocols across multiple scanner platforms and clinical sites.,subfield,U07.02,U07
Implement stochastic dynamics simulations to model nonequilibrium processes.,subfield,U09.03,U09
Implement time-stepping schemes to advance solutions of ordinary and partial differential equations.,subfield,U09.08,U09
Implement timed control sequences and feedback loops to prepare and stabilize experimental conditions,subfield,U07.10,U07
Impute missing survey data using appropriate methods to reduce bias from item nonresponse.,subfield,U04.03,U04
Impute untyped genotypes from reference haplotype panels to extend genomic coverage of array data.,subfield,U04.09,U04
Incorporate agency theory and corporate governance frameworks when examining firm financial decisions.,subfield,U12.01,U12
"Incorporate constructivist, liberal, or realist theoretical frameworks to explain patterns in international politics.",subfield,U12.01,U12
Incorporate deterrence and punishment theories when examining the effects of criminal justice policies and interventions.,subfield,U12.01,U12
Incorporate efficient market hypothesis or behavioral finance perspectives when developing research hypotheses about asset pricing.,subfield,U12.01,U12
Incorporate energy market structures and regulatory institutions when framing hypotheses about policy impacts.,subfield,U12.01,U12
Incorporate feminist legal theory or critical perspectives when analyzing family law policies and outcomes.,subfield,U12.01,U12
Incorporate frameworks of securitization or threat perception to analyze how issues become defined as security concerns.,subfield,U12.01,U12
"Incorporate insights from behavioral anomalies such as loss aversion, present bias, or framing effects into research design.",subfield,U12.01,U12
"Incorporate institutional factors such as zoning regulations, property rights, and housing finance structures into theoretical frameworks for real estate research.",subfield,U12.01,U12
"Incorporate institutional frameworks such as WTO rules, regional trade agreements, or trade policy regimes when designing research questions.",subfield,U12.01,U12
Incorporate institutional frameworks such as property rights regimes or constitutional constraints when developing hypotheses about economic behavior.,subfield,U12.01,U12
"Incorporate institutional perspectives on governance, regulation, and path dependence when analyzing regional economic trajectories.",subfield,U12.01,U12
Incorporate institutional theories of electoral systems when examining how rules shape political competition and representation.,subfield,U12.01,U12
Incorporate macroeconomic theoretical frameworks such as New Keynesian or Real Business Cycle models when formulating research hypotheses.,subfield,U12.01,U12
"Incorporate market failure frameworks when analyzing interventions targeting credit, insurance, or information constraints.",subfield,U12.01,U12
Incorporate medicalization theory to analyze how social conditions become defined and treated as medical problems.,subfield,U12.01,U12
Incorporate mobility and spatial behavior theories when investigating tourist movement patterns and destination choices.,subfield,U12.01,U12
Incorporate models of imperfect competition and market power into research design and theoretical frameworks.,subfield,U12.01,U12
Incorporate models of insurance behavior and moral hazard when designing studies of health coverage effects.,subfield,U12.01,U12
Incorporate search and matching models when analyzing unemployment duration and job transitions.,subfield,U12.01,U12
Incorporate survey design features such as sampling weights and clustering into estimation to produce population-representative estimates.,subfield,U02.05,U02
Incorporate synthesized materials into prototype devices or formulations to demonstrate application performance,subfield,U30.02,U30
"Incorporate theories of customer loyalty, satisfaction, or relationship marketing to guide hypothesis development.",subfield,U12.01,U12
Incorporate theories of fertility decision-making when developing hypotheses about childbearing behavior.,subfield,U12.01,U12
Incorporate theories of regulatory compliance and enforcement when examining institutional effectiveness.,subfield,U12.01,U12
Individualize and titrate pharmacologic regimens for patients based on clinical and biochemical response.,subfield,U01.21,U01
Induce self-assembly of amphiphilic polymers in solution by controlling solvent composition to form micelles or other nanostructures.,subfield,U30.04,U30
Induce spawning in captive aquatic broodstock using environmental or hormonal stimulation to produce offspring.,subfield,U01.11,U01
Infer active deformation and restoration mechanisms from microstructural observations of processed specimens.,subfield,U02.10,U02
Infer author demographic attributes such as gender and ethnicity from names and metadata.,subfield,U04.05,U04
"Infer function, behavior, or soft-tissue anatomy of extinct organisms from skeletal features and comparison with extant relatives.",subfield,U02.13,U02
Infer functional and metabolic potential of microbial communities from sequence data using reference pathway databases.,subfield,U02.12,U02
Infer inaccessible sample or instrument parameters from characteristic features in the measured response,subfield,U02.10,U02
"Infer pollutant emission sources from compositional, statistical, and spatial patterns in measured concentration data.",subfield,U02.10,U02
Infer population occurrence rates or luminosity functions from survey detections corrected for sensitivity and incompleteness.,subfield,U02.10,U02
Infer regional surface greenhouse gas fluxes from atmospheric concentration observations using inverse or tracer-ratio methods.,subfield,U02.10,U02
"Infer social media users' demographic or ideological attributes from profile, name, or network data.",subfield,U04.05,U04
"Infer the genesis and deposit type of rocks and mineral occurrences by integrating field, textural, and geochemical evidence.",subfield,U28.99,U28
Inspect fabricated device components after processing to verify as-built geometry and identify defects or quantify quality.,subfield,U30.02,U30
Instrument animals and record continuous cardiopulmonary variables during anesthesia and experimental procedures.,subfield,U01.11,U01
Instrument running systems with software hooks or external measurement hardware to collect runtime performance and energy data.,subfield,U01.18,U01
"Integrate archaeological, genetic, or historical evidence with linguistic findings to anchor language dispersals and contact events in time and place.",subfield,U24.03,U24
Integrate attachment theory frameworks when investigating interpersonal relationship patterns and outcomes.,subfield,U12.01,U12
Integrate attachment theory or socialization frameworks when examining parent-child relationship influences on development.,subfield,U12.01,U12
Integrate behavioral decision-making theories to explain supplier or buyer choices in procurement and sourcing contexts.,subfield,U12.01,U12
Integrate biopsychosocial frameworks when conceptualizing relationships between psychological factors and physical health outcomes.,subfield,U12.01,U12
Integrate biopsychosocial models of physical activity behavior when developing study hypotheses.,subfield,U12.01,U12
Integrate clinical constructs such as psychopathy and personality disorders into theoretical models of criminal behavior.,subfield,U12.01,U12
Integrate cognitive neuroscience models of brain-behavior relationships when formulating research hypotheses about psychological functions.,subfield,U12.01,U12
Integrate competency-based education frameworks when designing studies on clinical skill acquisition.,subfield,U12.01,U12
"Integrate concepts of mobility, borders, and transnationalism into theoretical frameworks for migration research.",subfield,U12.01,U12
"Integrate contentious politics frameworks to analyze interactions between movements, states, and counter-movements.",subfield,U12.01,U12
Integrate destination image and place attachment frameworks when investigating tourist behavior and destination choice.,subfield,U12.01,U12
Integrate environmental justice principles and distributional equity concepts into research design and problem framing.,subfield,U12.01,U12
Integrate evidence-based treatment frameworks when designing psychotherapy outcome studies.,subfield,U12.01,U12
"Integrate gene expression, protein, and electrophysiological data from multiple experimental platforms.",subfield,U04.04,U04
Integrate genome-wide molecular profiling datasets to nominate candidate regulatory elements or regulators,subfield,U04.04,U04
Integrate ground-based or satellite observations with pollutant model outputs to calibrate and gap-fill simulated concentration fields.,subfield,U04.04,U04
Integrate institutional economics frameworks when analyzing how political structures shape economic development.,subfield,U12.01,U12
Integrate legal doctrines and regulatory frameworks into theoretical models of health care delivery and access.,subfield,U12.01,U12
Integrate local illness narratives and explanatory models into the conceptual framework of health-related research.,subfield,U12.01,U12
Integrate materials into complete devices to determine application-level performance metrics,subfield,U30.02,U30
"Integrate media effects theories to examine how health information exposure influences knowledge, attitudes, and behaviors.",subfield,U12.01,U12
Integrate motivation and self-regulation frameworks when investigating academic achievement or learning behaviors.,subfield,U12.01,U12
Integrate multiple measurement streams with reference information to characterize environmental targets,subfield,U04.04,U04
Integrate optically active or analyte media with fabricated photonic structures to couple them to device modes.,subfield,U30.02,U30
Integrate radiometric or biostratigraphic age constraints with fossil occurrence data to calibrate evolutionary timelines.,subfield,U02.13,U02
"Integrate relational, socio-material, or more-than-human theories into frameworks for research on everyday spatial practices.",subfield,U12.01,U12
Integrate results from multiple diagnostic tests to determine infection source or exclude alternative etiologies in individual patients.,subfield,U01.10,U01
Integrate semantic frameworks with syntactic analysis to investigate form-meaning correspondences.,subfield,U28.99,U28
Integrate social control and labeling perspectives to frame questions about deviance and societal responses to rule-breaking.,subfield,U12.01,U12
Integrate upper echelons theory or behavioral strategy perspectives when examining executive decision-making and firm outcomes.,subfield,U12.01,U12
Interpret NMR coupling patterns and chemical shifts to assign molecular structures.,subfield,U02.10,U02
Interpret agreement coefficients in the context of chance-corrected versus raw agreement.,subfield,U02.07,U02
"Interpret cartographic symbols, conventions, and annotations from historical maps to extract geographic information.",subfield,U28.04,U28
Interpret geochemical tracer patterns in environmental samples to infer material sources and transport pathways.,subfield,U28.99,U28
Interpret historical and philosophical texts using hermeneutic methods to reconstruct authorial intent and contextual meaning.,subfield,U28.01,U28
Interpret historical maps and charts as evidence of the region's spatial and administrative history.,subfield,U28.04,U28
Interpret historical technical texts and artifacts in light of modern scientific knowledge to determine their referents and workings.,subfield,U28.04,U28
"Interpret lithofacies, stratal architecture, and proxy data to reconstruct depositional environments and paleogeography.",subfield,U28.99,U28
"Interpret non-textual religious forms, such as ritual prohibitions or material culture, for their symbolic and social meanings.",subfield,U28.01,U28
Interpret observational or clinical case material through philosophical or psychoanalytic concepts to elaborate theoretical claims.,subfield,U28.03,U28
"Interpret paleographic features of religious manuscripts to establish dating, provenance, and authenticity.",subfield,U28.05,U28
"Interpret phonetic and prosodic evidence, such as pitch contours or formant measurements, to diagnose phonological or grammatical categories.",subfield,U28.05,U28
"Interpret regional phenomena by drawing analogies to concepts, institutions, or traditions from outside the region or period.",subfield,U28.07,U28
Interpret standardized coefficients and effect sizes within multivariate models to assess relative variable importance.,subfield,U02.02,U02
"Interpret textual, lexical, and narrative sources to reconstruct the cultural meanings embedded in landscapes.",subfield,U28.04,U28
Interpret trained machine learning models by analyzing internal representations such as feature importances or activation maps.,subfield,U09.06,U09
"Interrogate gender, geographic, and prestige-based disparities and Matthew effects in citation and evaluation systems.",subfield,U02.11,U02
Interrogate the assumptions of established frameworks or classification schemes to expose their limitations,subfield,U13.01,U13
"Interview artists, curators, dealers, or critics to gather firsthand accounts of art world practices and histories.",subfield,U01.07,U01
"Interview government officials, administrators, and academic experts about the place of religion in secular public institutions.",subfield,U01.07,U01
"Interview monastics, lay practitioners, and religious teachers about beliefs, practices, and lived religious experience.",subfield,U01.07,U01
Interview policymakers and administrators to document policy formulation and implementation processes.,subfield,U01.07,U01
"Interview religious leaders, clergy, and lay members about institutional practices and community dynamics.",subfield,U01.07,U01
"Interview religious practitioners, clergy, and lay members about beliefs, practices, and lived religious experience.",subfield,U01.07,U01
Introduce fluorescent labels or indicator dyes into biomolecules and cells to enable microscopy-based readouts.,subfield,U01.16,U01
Inventory plant systems or propagate plant material to characterize and supply vegetation for study,subfield,U01.20,U01
"Inventory standing and downed dead wood, recording dimensions and decay class, to quantify necromass in forest stands.",subfield,U01.12,U01
Invert geodetic displacement data to estimate fault slip distributions from earthquake ruptures.,subfield,U02.10,U02
Invert geodetic observations to constrain magma reservoir geometry and volume changes.,subfield,U02.10,U02
Invert seismic travel times or waveforms to construct subsurface velocity and attenuation models.,subfield,U09.05,U09
Isolate and enumerate microbial populations from soil and plant samples to quantify their densities,subfield,U01.19,U01
Isolate and enumerate microorganisms from food matrices using selective media and enrichment techniques.,subfield,U01.19,U01
Isolate and expand primary cells from patient-derived tissues for disease modeling or therapeutic applications.,subfield,U01.20,U01
Isolate and propagate viruses using appropriate cell culture systems or embryonated eggs.,subfield,U01.20,U01
"Isolate and purify fungal, bacterial, or oomycete pathogens from symptomatic plant tissues.",subfield,U01.20,U01
Isolate and purify microbial strains from mixed cultures or environmental sources using selective media and enrichment techniques.,subfield,U01.20,U01
"Isolate and purify nucleic acids, proteins, or lipids from biological samples.",subfield,U01.16,U01
Isolate and select microbial strains from environmental sources to obtain cultures for process use,subfield,U01.20,U01
Isolate defined cell populations or subcellular fractions from neural samples for downstream molecular analysis.,subfield,U01.16,U01
Isolate defined cell subpopulations from blood or tissue by sorting or immunomagnetic selection for downstream analysis,subfield,U01.16,U01
Isolate microorganisms from environmental samples and screen them for antagonistic activity against target pathogens.,subfield,U01.19,U01
Isolate primary cells from tissues for physiological characterization in culture.,subfield,U01.20,U01
"Iteratively improve a working system or policy through repeated real-world trials, observing outcomes of each deployment and feeding them back into successive revisions.",subfield,U30.02,U30
Justify animal model selection based on physiological relevance to human organ systems or disease states.,subfield,U07.01,U07
"Justify the geographic scale of analysis against the theorized mechanism, including how processes at nested scales relate.",subfield,U07.01,U07
Label administered cells or drugs to track their distribution and survival in ocular tissue after delivery.,subfield,U01.11,U01
Label or record dynamic biological processes for later quantification of their extent and rate,subfield,U01.19,U01
Link census microdata with administrative records to construct multigenerational family structures.,subfield,U06.02,U06
Link geocoded area-level census or administrative indicators to individual participant records to characterize contextual exposures.,subfield,U06.02,U06
"Link imaging examinations with pathology results, laboratory values, and clinical outcomes from health records.",subfield,U06.02,U06
"Link occupational records, exposure registries, and health outcome databases to construct study populations.",subfield,U06.02,U06
"Link records across separately sourced media, survey, or bibliometric datasets to build combined analytic datasets.",subfield,U06.02,U06
"Link vital registration, birth, and health records to ascertain maternal and child outcomes.",subfield,U06.02,U06
"Locate and access archival collections containing personal papers, organizational records, or community documents.",subfield,U01.03,U01
"Locate and access manuscript collections, inscriptions, and archival materials from Buddhist institutions and repositories.",subfield,U01.03,U01
"Locate and acquire archival materials from scientific institutions, laboratories, museums, or personal collections.",subfield,U01.03,U01
"Locate and acquire primary documents from national archives, military records repositories, and diplomatic collections.",subfield,U01.03,U01
"Locate and obtain personal papers, memoirs, and correspondence from individuals involved in modern historical events.",subfield,U01.03,U01
"Maintain and calibrate field instruments including dendrometers, soil moisture sensors, and portable photosynthesis systems.",subfield,U16.02,U16
"Maintain and calibrate microscopy systems including light sources, objectives, and detectors.",subfield,U16.02,U16
"Maintain and calibrate physiological recording equipment such as pressure transducers, electrodes, or metabolic analyzers.",subfield,U16.02,U16
"Maintain and optimize laser systems including alignment, mode quality, and frequency stability.",subfield,U16.02,U16
Maintain and troubleshoot automated weather observation systems and data loggers in field deployments.,subfield,U16.02,U16
"Maintain and troubleshoot data acquisition systems, actuators, and embedded controllers.",subfield,U16.02,U16
"Maintain and upgrade detector components including sensors, electronics, and cooling systems.",subfield,U16.02,U16
"Maintain bioreactors, filtration units, and other treatment system components.",subfield,U16.02,U16
Maintain compliance with privacy regulations when linking patient data across multiple healthcare systems.,subfield,U06.04,U06
Maintain cryogenic systems and superconducting magnets for low-temperature magnetometry.,subfield,U16.02,U16
"Maintain cryogenic systems including vacuum integrity, cold traps, and thermal shielding.",subfield,U16.02,U16
Maintain field monitoring stations and data transmission systems in hazard-prone areas.,subfield,U16.02,U16
Maintain inert atmosphere gloveboxes and Schlenk lines for air-sensitive polymerization reactions.,subfield,U16.02,U16
"Maintain microbial culture collections through regular subculturing, cryopreservation, and viability testing.",subfield,U16.03,U16
"Maintain mooring systems including anchors, flotation, and instrument housings for redeployment.",subfield,U16.02,U16
"Maintain optical components including cleaning, alignment verification, and replacement of degraded elements.",subfield,U16.02,U16
"Maintain regulatory compliance for storage, transport, and sharing of pathogen isolates and clinical specimens.",subfield,U16.04,U16
"Maintain reproducible experimental infrastructure including build systems, virtual environments, and containerized deployments.",subfield,U16.05,U16
"Maintain seawater systems, filtration equipment, and temperature controls for holding marine organisms.",subfield,U16.03,U16
"Maintain stocks of reference strains, clinical isolates, and characterized pathogen collections.",subfield,U16.03,U16
Maintain testbed networks and honeypot systems for ongoing security research experiments.,subfield,U16.02,U16
"Maintain vacuum deposition systems including pump servicing, chamber cleaning, and seal replacement.",subfield,U16.02,U16
Maintain vacuum systems and beam transport components for accelerator experiments.,subfield,U16.02,U16
"Maintain vacuum systems, cryogenic equipment, and cooling infrastructure for detector operation.",subfield,U16.02,U16
"Maintain vacuum systems, gas handling equipment, and deposition chambers for thin-film processing.",subfield,U16.02,U16
Maintain wind tunnel facilities including flow conditioning systems and data acquisition hardware.,subfield,U16.02,U16
Manage insect rearing facilities including diet preparation and environmental controls.,subfield,U16.03,U16
"Manage live specimen collections including feeding schedules, water quality monitoring, and health assessments.",subfield,U16.03,U16
Manage seed banks and living plant collections for ongoing research and restoration projects.,subfield,U16.03,U16
Manage the obligations and role conflicts arising from conducting research while employed by the studied organization.,subfield,U17.01,U17
Manipulate candidate genes or regulatory sequences in experimental organisms to test their functional roles in trait development.,subfield,U01.20,U01
Manually annotate images to create labeled ground-truth datasets for training automated analysis models.,subfield,U04.06,U04
Manufacture microfluidic devices and lab-on-chip platforms for biological assays.,subfield,U07.10,U07
"Map anatomical connectivity between neural populations using anterograde, retrograde, or transneuronal tracing.",subfield,U01.11,U01
Map and enumerate the locations where hidden or hard-to-reach populations gather to construct sampling frames or population estimates.,subfield,U07.06,U07
Map correspondences between philosophical frameworks and empirical scientific theories or findings to identify points of convergence.,subfield,U28.03,U28
Map diagnostic codes across ICD versions and coding systems to ensure consistent case definitions.,subfield,U04.02,U04
Map disaggregated product codes into analytical categories or external identifier systems for trade analysis.,subfield,U04.02,U04
Map interactions among system components to represent feedbacks and cascading effects,subfield,U09.02,U09
Map local piezoresponse and surface potential of materials using functional scanning probe microscopy,subfield,U01.17,U01
Map nursing diagnoses and interventions to standardized terminologies for cross-institutional comparisons.,subfield,U04.02,U04
"Map the composition, mandate, and allocation of authority of public bodies from constitutional and statutory texts",subfield,U04.06,U04
Map the spatial distribution of labeled projections or molecular markers across anatomically defined brain regions.,subfield,U01.11,U01
Mark individual plants or reproductive structures and monitor them repeatedly to track their demographic or reproductive fate.,subfield,U01.12,U01
Measure S-parameters and impedance characteristics using vector network analyzers.,subfield,U01.17,U01
Measure ad libitum food intake under standardized conditions to quantify acute intervention effects on energy intake.,subfield,U01.09,U01
"Measure and compare the computational cost, scaling, and sampling efficiency of simulation algorithms.",subfield,U09.09,U09
Measure and correct for aberrations in imaging systems using wavefront sensors.,subfield,U01.18,U01
"Measure and decompose health inequalities using concentration indices, disparity metrics, and equity-focused methods.",subfield,U02.11,U02
Measure and document instrument timing resolution and dead time characteristics.,subfield,U16.01,U16
Measure biological activity data through biochemical and cell-based assays.,subfield,U01.19,U01
Measure body composition and energy expenditure using validated laboratory methods.,subfield,U01.09,U01
"Measure body condition, growth, and health scores across animal groups over time.",subfield,U01.11,U01
Measure bulk physical and chemical properties of sediment samples such as grain size and organic or carbonate content.,subfield,U01.17,U01
Measure catalyst turnover numbers and turnover frequencies under standardized conditions.,subfield,U01.17,U01
Measure chlorophyll fluorescence and gas exchange to characterize photosynthetic performance under experimental conditions.,subfield,U01.17,U01
Measure clinician adherence to clinical guidelines and care protocols using documentation or registry review,subfield,U01.01,U01
"Measure coating hardness, elastic modulus, and scratch resistance using nanoindentation and tribological testing.",subfield,U01.17,U01
Measure complex permeability and permittivity spectra over frequency and temperature to characterize high-frequency loss.,subfield,U01.17,U01
Measure composition and quality attributes of process materials using standardized test methods,subfield,U01.17,U01
Measure current-voltage and capacitance-voltage characteristics of test devices to extract electronic parameters,subfield,U01.17,U01
Measure current–voltage–luminance characteristics of light-emitting devices to determine emission efficiency and turn-on voltage.,subfield,U01.18,U01
Measure cutting tool geometry and wear to quantify tool condition during machining trials.,subfield,U01.18,U01
Measure dielectric permittivity and loss tangent across frequency and temperature ranges using impedance spectroscopy.,subfield,U01.17,U01
Measure displacement and force output of micro/nanoscale actuators as a function of applied drive signal.,subfield,U01.18,U01
"Measure electrical and thermal conductivity of composite specimens using probe, electrode, or transient heat-flow instrumentation.",subfield,U01.17,U01
Measure electrical characteristics of nanoscale devices using probe stations and parameter analyzers.,subfield,U01.17,U01
Measure electrical conductivity or sheet resistance of fabricated conductive biomaterials and electrodes.,subfield,U01.17,U01
Measure electrical output and performance signals of operating machines and devices on instrumented test setups,subfield,U01.18,U01
Measure electrical resistivity and Hall effect as functions of temperature and magnetic field.,subfield,U01.17,U01
Measure electrochemical impedance spectra across frequency ranges to characterize interfacial processes.,subfield,U01.17,U01
Measure electromagnetic shielding effectiveness and wave absorption properties using network analyzers.,subfield,U01.17,U01
"Measure film thickness and optical constants using ellipsometry, reflectometry, or interferometry.",subfield,U01.17,U01
Measure flow field properties using particle image velocimetry and hot-wire anemometry.,subfield,U01.17,U01
Measure fluorescence signals from trapped atoms or molecules to determine state populations.,subfield,U01.17,U01
Measure frequency- and time-resolved magnetization to characterize magnetic relaxation dynamics.,subfield,U01.17,U01
Measure gas exchange fluxes at ecosystem surfaces using enclosure chambers.,subfield,U01.13,U01
"Measure gas fluxes from soils, materials, or animals using chamber-based sampling and gas analysis",subfield,U01.13,U01
Measure gross morphometric endpoints such as body mass and organ weight in animals,subfield,U01.11,U01
Measure heat capacity as a function of temperature and applied magnetic field using calorimetric techniques.,subfield,U01.17,U01
"Measure heavy metal concentrations in water, soil, and biological samples using atomic absorption or ICP methods.",subfield,U01.17,U01
Measure hemodynamic and contractile function in vivo in animal models of cardiovascular disease.,subfield,U01.11,U01
Measure host clinical laboratory parameters to characterize organ dysfunction and systemic severity in infected patients.,subfield,U01.10,U01
Measure infant and child anthropometry to assess growth and nutritional status.,subfield,U01.10,U01
Measure insect life-history traits such as longevity and fecundity under defined experimental conditions.,subfield,U01.11,U01
Measure kinetic isotope effects with isotopically labeled reactants to identify rate-determining bond-breaking steps.,subfield,U01.17,U01
Measure laser output power versus pump power or current to determine lasing threshold and slope efficiency.,subfield,U01.18,U01
Measure limb and joint function to quantify lameness severity and treatment response in animals.,subfield,U01.11,U01
Measure magnetic properties of compounds and materials by magnetometry to characterize their magnetic behavior,subfield,U01.17,U01
Measure magnetization as a function of temperature and applied field using SQUID or VSM magnetometry.,subfield,U01.17,U01
Measure magnetoresistance and Hall effect to characterize spin-dependent transport properties.,subfield,U01.17,U01
"Measure mechanical and other macroscopic physical properties of solid samples, such as hardness or stiffness, to characterize bulk behavior",subfield,U01.17,U01
"Measure mechanical properties of polymer samples using tensile testing, dynamic mechanical analysis, or nanoindentation.",subfield,U01.17,U01
"Measure mechanical properties through tensile, compression, and hardness testing.",subfield,U01.17,U01
Measure mineral compositions and textures using electron microprobe or scanning electron microscopy.,subfield,U01.17,U01
Measure morphological and physiological traits of individual sampled organisms,subfield,U01.12,U01
Measure nuclear decay half-lives through time-resolved counting experiments.,subfield,U01.17,U01
Measure nutrient digestibility and digesta passage in livestock using total collection or indigestible markers.,subfield,U01.11,U01
Measure objective image quality metrics such as signal-to-noise and contrast-to-noise ratios to compare imaging protocols or systems.,subfield,U01.18,U01
Measure open-circuit or relaxation potentials to determine equilibrium potentials of electrode reactions.,subfield,U01.17,U01
Measure optical spectra using photoluminescence or Raman spectroscopy to probe electronic and vibrational states.,subfield,U01.17,U01
Measure out-of-pocket costs and financial burden borne by patients and households in seeking care.,subfield,U01.06,U01
Measure participant adherence to assigned intervention protocols during study follow-up.,subfield,U01.10,U01
Measure particle or grain size distributions of powders and suspensions using light scattering or sieving methods.,subfield,U01.17,U01
Measure particle size distribution and bulk handling properties of powder feedstocks to assess processability,subfield,U01.17,U01
Measure permeation flux and selectivity through films and membranes to evaluate barrier and separation performance,subfield,U01.17,U01
Measure photocurrent response of devices and electrodes under controlled illumination,subfield,U01.17,U01
Measure photoluminescence quantum yield of solid or solution samples to quantify emission efficiency.,subfield,U01.17,U01
Measure physical and geotechnical properties of soil or waste materials through standardized laboratory testing,subfield,U01.17,U01
Measure physical constants such as melting point of synthesized compounds to confirm identity and assess purity,subfield,U01.17,U01
"Measure physical properties including viscosity, density, and surface tension of process streams.",subfield,U01.17,U01
Measure physical properties of materials or fields to characterize their state and governing regime,subfield,U01.17,U01
Measure physical quality attributes of food materials using instrumental methods,subfield,U01.17,U01
"Measure physicochemical properties of soil, sediment, and water samples using standard laboratory methods",subfield,U01.17,U01
Measure piezoelectric coefficients and electromechanical coupling factors of poled ceramics using quasi-static or resonance methods.,subfield,U01.17,U01
"Measure pollutant concentrations using chromatography, spectroscopy, or electrochemical methods.",subfield,U01.17,U01
Measure polymer chain and segment dynamics experimentally using relaxation or single-molecule tracking methods.,subfield,U01.17,U01
"Measure population knowledge, awareness, and treatment status for a chronic disease to identify gaps in prevention and care.",subfield,U01.06,U01
Measure pressure distributions on surfaces and within flow fields using pressure taps and probes.,subfield,U01.17,U01
Measure quantitative composition of individual microstructural phases using electron-beam microanalysis.,subfield,U01.17,U01
"Measure reaction kinetics data using stopped-flow, flash photolysis, or temperature-jump techniques.",subfield,U01.17,U01
Measure refractive error and ocular biometric parameters such as cycloplegic refraction and axial length.,subfield,U01.10,U01
"Measure resonance frequencies, damping, and coupling of mechanical or trapped systems from transduced signals to characterize their dynamics",subfield,U01.17,U01
Measure skeletal and dental dimensions across specimens to build comparative morphometric datasets.,subfield,U01.03,U01
Measure soil physical and hydraulic properties such as bulk density and water retention using field and laboratory apparatus.,subfield,U01.17,U01
Measure specific surface area and pore structure of porous materials using sorption and porosimetry methods,subfield,U01.17,U01
"Measure standing trees within plots, recording species, diameter, height, and crown dimensions, to characterize stand structure.",subfield,U01.12,U01
"Measure statistical properties of cryptographic outputs, such as entropy and bit-difference sensitivity, to assess randomness and cryptanalytic resistance.",subfield,U02.11,U02
"Measure surface and interfacial properties of materials, such as wettability and surface energy",subfield,U01.17,U01
"Measure surface area, porosity, and pore size distribution using gas adsorption analysis.",subfield,U01.17,U01
"Measure surface area, porosity, and surface chemistry of nanomaterials using adsorption and spectroscopic methods.",subfield,U01.17,U01
Measure surface or interfacial tension of solutions and formulations to characterize wetting behavior,subfield,U01.17,U01
"Measure surface roughness, dimensional tolerances, and geometric features of manufactured parts.",subfield,U01.17,U01
Measure systemic physiological parameters in animal models to track disease-model induction and progression.,subfield,U01.11,U01
Measure temporal pulse characteristics using autocorrelators or streak cameras.,subfield,U01.17,U01
Measure the delivery and reach of program implementation against planned targets across sites and over time.,subfield,U01.01,U01
"Measure the developer effort required to build or apply a software tool, in time or code changes.",subfield,U02.11,U02
Measure thermal conductivity and Seebeck coefficients of thermoelectric materials across temperature ranges.,subfield,U01.17,U01
Measure thermal expansion and dimensional change of ceramic and glass specimens using dilatometry across temperature ranges.,subfield,U01.17,U01
Measure thermal properties and phase transitions using differential scanning calorimetry or thermogravimetric analysis.,subfield,U01.17,U01
Measure thermal properties using differential scanning calorimetry and thermogravimetric analysis.,subfield,U01.17,U01
Measure thermal transitions and degradation behavior using differential scanning calorimetry and thermogravimetric analysis.,subfield,U01.17,U01
Measure thermal transitions and stability using differential scanning calorimetry and thermogravimetric analysis.,subfield,U01.17,U01
Measure total organic carbon or chemical oxygen demand of treated solutions to quantify pollutant mineralization.,subfield,U01.17,U01
Measure trace element concentrations in minerals using laser ablation inductively coupled plasma mass spectrometry.,subfield,U01.17,U01
Measure zeta potential of particle dispersions to characterize surface charge and colloidal stability,subfield,U01.17,U01
Merge environmental monitoring data with socioeconomic datasets to analyze distributional impacts of pollution or climate policies.,subfield,U04.04,U04
Merge individual-level records with aggregate contextual indicators to build multilevel datasets for analysis,subfield,U04.04,U04
"Merge records on jurisdictions, programs, and officeholders into aggregate-level panel datasets for analysis of political outcomes.",subfield,U04.04,U04
Mine frequent patterns and association rules from transactional or event data using pattern-discovery algorithms.,subfield,U02.17,U02
Model ADMET properties computationally to prioritize compounds for synthesis.,subfield,U09.06,U09
Model MIMO channel behavior and beamforming algorithms through numerical simulation.,subfield,U09.03,U09
Model and correct for cross-sectional dependence among panel units arising from common unobserved factors.,subfield,U02.05,U02
Model catalyst surface interactions and adsorption phenomena for heterogeneous systems.,subfield,U09.04,U09
Model charge carrier transport and device performance using drift-diffusion or Monte Carlo simulations.,subfield,U09.03,U09
Model child growth using standardized growth references and anthropometric z-score methods.,subfield,U02.05,U02
Model converter switching dynamics and control transfer functions from first principles.,subfield,U09.01,U09
Model developmental trajectories using growth curve or multilevel approaches to capture within-person change over time.,subfield,U02.05,U02
Model diffusion kinetics and phase transformation rates in solid-state materials.,subfield,U09.01,U09
Model diffusion-controlled phase transformations and precipitation kinetics in alloy systems.,subfield,U09.01,U09
Model disease progression endpoints such as lung function decline or time to acute exacerbation.,subfield,U02.04,U02
Model disease progression from fibrosis to cirrhosis using longitudinal patient data.,subfield,U02.05,U02
Model disease progression from infection to severe outcomes or death while accounting for competing risks.,subfield,U02.04,U02
Model disease progression trajectories in patients with multimorbidity using longitudinal clinical data.,subfield,U02.05,U02
Model dose-response relationships between nutrient intake and metabolic or health outcomes.,subfield,U02.02,U02
Model drug release kinetics from polymer matrices or scaffold systems using diffusion equations.,subfield,U09.01,U09
Model earthquake rupture propagation and ground motion for seismic hazard assessment.,subfield,U09.03,U09
Model electromagnetic field distributions and signal propagation in sensor designs.,subfield,U09.03,U09
Model electromagnetic field distributions and wave propagation in transmission lines and waveguides.,subfield,U09.03,U09
Model electromagnetic field distributions in plasmonic nanostructures to predict optical responses.,subfield,U09.03,U09
Model electromagnetic wave propagation characteristics using Maxwell's equations for antenna and transmission line analysis.,subfield,U09.03,U09
Model expected speedup and scalability of distributed systems using analytical frameworks such as Amdahl's or Gustafson's laws.,subfield,U09.01,U09
Model exposure-response relationships while accounting for measurement error and cumulative exposure over time.,subfield,U02.02,U02
Model functional connectivity patterns between brain regions while controlling for physiological noise and head motion.,subfield,U02.02,U02
Model gravity anomalies from subsurface density distributions using potential field theory.,subfield,U09.03,U09
Model heat generation and thermal management in energy storage devices during operation.,subfield,U09.03,U09
Model intergenerational transmission of socioeconomic status using parent-child linked data.,subfield,U02.02,U02
Model landslide runout and deposition patterns using physics-based numerical codes.,subfield,U09.03,U09
Model light-matter interactions in optical cavities and resonant structures numerically.,subfield,U09.03,U09
"Model light-matter interactions to predict absorption, emission, and scattering behavior.",subfield,U09.01,U09
Model magma chamber dynamics and eruption scenarios using thermodynamic and fluid mechanical principles.,subfield,U09.03,U09
Model mantle convection and lithospheric deformation to understand tectonic plate dynamics.,subfield,U09.03,U09
Model mass transport and reaction kinetics in electrochemical systems to predict current distributions.,subfield,U09.03,U09
Model maternal and perinatal time-to-event outcomes with attention to competing risks.,subfield,U02.04,U02
Model mechanical deformation and failure using finite element analysis.,subfield,U09.03,U09
Model nanoparticle growth kinetics and self-assembly processes through molecular dynamics or Monte Carlo simulations.,subfield,U09.04,U09
Model nonlinear optical effects such as harmonic generation and self-focusing in materials.,subfield,U09.03,U09
Model nuclear reaction dynamics and decay cascades computationally.,subfield,U09.03,U09
Model nutrient and pollutant flows through watersheds and agricultural systems to evaluate management interventions.,subfield,U09.03,U09
Model nutrient flows and removal kinetics in wastewater treatment processes.,subfield,U09.03,U09
Model optical cavity modes and light propagation through complex optical systems.,subfield,U09.03,U09
Model optical performance of multilayer coating stacks using transfer matrix calculations.,subfield,U09.01,U09
Model or engineer interactions and applied fields in atomic and molecular systems to predict and probe their response,subfield,U09.04,U09
Model pollutant dispersion in air or water systems to predict spatial concentration patterns.,subfield,U09.03,U09
"Model pollutant fate and transport in air, water, and soil systems using mass balance equations.",subfield,U09.01,U09
"Model polymerization kinetics to predict conversion, molecular weight evolution, and copolymer composition.",subfield,U09.03,U09
Model progression from prediabetes to type 2 diabetes using longitudinal glycemic data.,subfield,U02.04,U02
Model progression of retinal or cochlear degeneration using longitudinal imaging or functional measurements.,subfield,U02.05,U02
Model progression trajectories for neurodegenerative diseases using longitudinal clinical and biomarker data.,subfield,U02.05,U02
"Model publication and citation dynamics using regression, network, or topic-modeling approaches.",subfield,U02.11,U02
Model radiative transfer through astrophysical media to generate synthetic spectra or images.,subfield,U09.03,U09
Model recurrent cardiovascular event rates and competing risks in longitudinal patient cohorts.,subfield,U02.04,U02
Model scaffold porosity and transport properties using finite element analysis.,subfield,U09.03,U09
Model selective publication or significance-based selection mechanisms to evaluate their distorting effects on inferential procedures.,subfield,U02.16,U02
Model sensor noise characteristics and environmental uncertainties for state estimation algorithms.,subfield,U09.02,U09
"Model separation processes including distillation, extraction, and membrane operations.",subfield,U09.03,U09
Model size-dependent thermodynamic and kinetic behavior of nanoscale materials.,subfield,U09.01,U09
"Model skewed healthcare expenditure data using two-part, hurdle, or log-linked regression specifications with appropriate retransformation.",subfield,U02.02,U02
Model spatial and temporal patterns of animal disease spread to identify high-risk areas and anticipate spillover events.,subfield,U09.12,U09
Model spatial dependence and spillover effects using spatial econometric techniques.,subfield,U02.14,U02
Model spatial relationships using geostatistical interpolation techniques to estimate values at unsampled locations.,subfield,U02.14,U02
Model the conversion of variable renewable resource conditions into generator output for forecasting and system simulation.,subfield,U09.03,U09
Model the population-level impact of control measures using dynamic transmission models under alternative scenarios.,subfield,U09.12,U09
Model thermobarometric conditions by fitting mineral chemistry data to phase equilibrium constraints.,subfield,U09.05,U09
Model thermodynamic stability and phase behavior of energy storage materials under operating conditions.,subfield,U09.01,U09
Model time to pregnancy and fertility treatment outcomes in reproductive studies.,subfield,U02.04,U02
Model time-varying volatility and risk using econometric specifications appropriate for financial time series.,subfield,U02.06,U02
Model tool–workpiece engagement kinematics geometrically to predict machined surface geometry.,subfield,U09.01,U09
Model tooth survival and extraction rates following endodontic or periodontal treatments.,subfield,U02.04,U02
Model trajectories of symptom change over the course of psychiatric treatment.,subfield,U02.05,U02
Model treatment plant performance under varying influent conditions and operational scenarios.,subfield,U09.10,U09
Model water infiltration and runoff dynamics using soil hydraulic properties.,subfield,U09.03,U09
Model weight-loss trajectories and metabolic outcomes over the course of treatment.,subfield,U02.05,U02
Model whole-rock and mineral chemistry data to determine magma differentiation and source characteristics.,subfield,U09.05,U09
Modify preformed polymer chains and surfaces through post-polymerization reactions to install new functional groups.,subfield,U30.04,U30
Modify surface chemistry of materials and devices by chemical treatment to attach functional groups,subfield,U30.04,U30
Monitor air quality parameters using particulate matter sensors and gas analyzers.,subfield,U01.13,U01
"Monitor and maintain biosafety cabinets, incubators, and other containment equipment for pathogen work.",subfield,U16.04,U16
Monitor deposition and fabrication processes in situ to elucidate structure formation mechanisms,subfield,U01.17,U01
Monitor detector performance and diagnose hardware failures during data-taking operations.,subfield,U16.02,U16
Monitor environmental conditions at study sites with field sensors and instruments to characterize variability,subfield,U01.13,U01
Monitor fidelity of intervention delivery by rating study sessions against protocol adherence standards.,subfield,U07.07,U07
"Monitor groundwater levels, chemistry, and flow using field-deployed sensors and sampling equipment.",subfield,U01.13,U01
Monitor internal quantities of an iterative algorithm across iterations to diagnose its empirical behavior.,subfield,U09.09,U09
Monitor objectively logged records to verify participant adherence to study protocols.,subfield,U01.05,U01
Monitor physiological status and manage adverse reactions in patients during imaging acquisition.,subfield,U01.10,U01
Monitor reaction progress using spectroscopic techniques to track substrate consumption and product formation.,subfield,U01.17,U01
Monitor reaction progress using thin-layer chromatography or in-situ spectroscopic methods.,subfield,U01.17,U01
"Monitor stability of emulsions, foams, and colloidal dispersions over time or under centrifugal stress.",subfield,U01.17,U01
Monitor treatment system performance using online sensors and automated data logging systems.,subfield,U01.13,U01
Mosaic multiple image scenes and apply color balancing to create seamless regional datasets.,subfield,U04.10,U04
Navigate IRB requirements for conducting research in K-12 schools involving minor participants.,subfield,U19.01,U19
Navigate IRB requirements for research conducted in partnership with schools and special education programs.,subfield,U19.01,U19
Navigate IRB requirements for research involving incarcerated populations or other vulnerable groups in the criminal justice system.,subfield,U19.01,U19
"Navigate IRB requirements for research involving student records, classroom observations, or vulnerable student populations.",subfield,U19.01,U19
Navigate IRB requirements for research involving vulnerable health populations or sensitive health topics.,subfield,U19.01,U19
Navigate IRB requirements for research involving vulnerable patient populations or sensitive health information.,subfield,U19.01,U19
Navigate IRB requirements for research involving vulnerable populations including pregnant women and fetuses.,subfield,U19.01,U19
Navigate IRB requirements for studies involving surgical video recording and analysis.,subfield,U19.01,U19
Navigate IRB requirements for studies involving vulnerable populations such as elderly or cognitively impaired patients.,subfield,U19.01,U19
Navigate additional IRB protections required for research involving children as a vulnerable population.,subfield,U19.01,U19
Navigate confidentiality requirements when collecting sensitive financial or strategic data from entrepreneurs and startups.,subfield,U19.03,U19
Navigate cross-national ethical review requirements when conducting research involving participants in multiple countries.,subfield,U19.01,U19
Navigate data use agreements and privacy protections when accessing protected health information for research.,subfield,U19.03,U19
Navigate district and state approval processes for conducting research in K-12 schools alongside IRB requirements.,subfield,U19.01,U19
Navigate dual IRB and HIPAA compliance requirements when conducting research involving protected health information.,subfield,U19.03,U19
Navigate dual IRB requirements when conducting multi-institutional studies across academic medical centers.,subfield,U19.01,U19
Navigate dual-role ethical considerations when conducting research with incarcerated or legally involved participants.,subfield,U19.01,U19
Navigate ethical considerations specific to collecting publicly available social media data without direct consent.,subfield,U19.03,U19
"Navigate ethical considerations specific to documenting endangered languages, including community consent and data sovereignty.",subfield,U19.04,U19
"Navigate ethical considerations specific to research involving incarcerated populations, crime victims, or at-risk youth.",subfield,U19.01,U19
"Navigate ethical considerations specific to research with Indigenous communities, including community consent and data sovereignty.",subfield,U19.04,U19
"Navigate ethical considerations specific to researching religious communities, including respect for sacred practices and doctrinal sensitivities.",subfield,U19.01,U19
Navigate ethical considerations specific to researching vulnerable religious communities or minority faith groups.,subfield,U19.01,U19
Navigate ethical considerations when conducting research in religious communities with distinct norms around privacy and sacred knowledge.,subfield,U19.01,U19
Navigate ethical considerations when conducting research with vulnerable tourist populations or in culturally sensitive destination settings.,subfield,U19.01,U19
"Navigate ethical considerations when researching activists who face surveillance, repression, or legal risks.",subfield,U19.01,U19
Navigate ethical considerations when studying politically sensitive topics or vulnerable populations in authoritarian or transitional contexts.,subfield,U19.01,U19
Navigate ethical considerations when studying vulnerable worker populations or informal economic arrangements.,subfield,U19.01,U19
Navigate ethical guidelines and repatriation laws when conducting research on skeletal collections or archaeological materials.,subfield,U19.04,U19
Navigate ethical review and community-consent processes across multiple jurisdictions and cultural contexts.,subfield,U19.04,U19
Navigate ethical review processes across multiple countries when conducting cross-border development research.,subfield,U19.01,U19
Navigate ethical review processes across multiple national jurisdictions when conducting transnational or comparative research.,subfield,U19.01,U19
Navigate ethical review processes for research involving vulnerable patient populations or sensitive health information.,subfield,U19.01,U19
Navigate ethical review requirements for research involving government officials or sensitive policy information.,subfield,U19.01,U19
Navigate ethical review requirements when conducting research in authoritarian or politically sensitive contexts.,subfield,U19.01,U19
Navigate informed consent processes with Muslim participants across varying literacy levels and cultural expectations.,subfield,U19.02,U19
Navigate multi-country ethical review requirements when conducting research across different national jurisdictions.,subfield,U19.01,U19
Navigate organizational gatekeepers and legal departments to obtain approval for employee research participation.,subfield,U01.04,U01
"Navigate privacy, copyright, and consent requirements when providing access to sensitive records or patron data.",subfield,U19.03,U19
Navigate school district approval processes and coordinate IRB requirements for classroom-based research.,subfield,U19.01,U19
Navigate school district approval processes to conduct literacy research in educational settings.,subfield,U19.01,U19
Navigate security clearances and institutional review requirements for research involving classified information or sensitive populations.,subfield,U19.01,U19
Navigate waiver of informed consent requirements for emergency research involving critically ill or unconscious patients.,subfield,U19.02,U19
"Negotiate access agreements with national archives, libraries, and private collections holding modern historical materials.",subfield,U01.04,U01
Negotiate access to activist networks and movement organizations while maintaining researcher independence and trust.,subfield,U01.04,U01
"Negotiate access to cultural institutions, artistic communities, or heritage sites for fieldwork or data collection.",subfield,U01.04,U01
"Negotiate access to field sites with community organizations, local authorities, or cultural institutions.",subfield,U01.04,U01
"Negotiate access to firms, workplaces, or industry associations for data collection and participant recruitment.",subfield,U01.04,U01
Negotiate access to government archives or restricted political data in multiple country contexts.,subfield,U01.04,U01
Negotiate access to laboratory settings or research groups for observational studies of scientific practice.,subfield,U01.04,U01
"Negotiate access to media organizations, production sites, or proprietary platform data for research purposes.",subfield,U01.04,U01
"Negotiate access to newsrooms, media organizations, or journalist associations for data collection or participant recruitment.",subfield,U01.04,U01
"Negotiate access to private archives, estates, or institutional collections holding musical manuscripts or recordings.",subfield,U01.04,U01
"Negotiate access to private collections, artist estates, or restricted archival materials for research purposes.",subfield,U01.04,U01
Negotiate access to proprietary contract databases or corporate records held by law firms or industry associations.,subfield,U01.04,U01
Negotiate access to proprietary platform data or collaborate with media organizations to obtain political content archives.,subfield,U01.04,U01
"Negotiate access to restricted archival collections held by scientific societies, universities, or government agencies.",subfield,U01.04,U01
Negotiate access to restricted archival collections or private family papers held by individuals or institutions.,subfield,U01.04,U01
Negotiate access to restricted archival collections or private literary estates relevant to postcolonial authors and texts.,subfield,U01.04,U01
Negotiate access to restricted archival materials and rare book collections held by European institutions.,subfield,U01.04,U01
"Negotiate access to restricted archives, organizational communications, or community spaces to gather authentic examples of public discourse.",subfield,U01.04,U01
Negotiate access to restricted early modern manuscript collections and rare book holdings with archival institutions.,subfield,U01.04,U01
Negotiate access to restricted ecclesiastical archives or private religious collections through institutional contacts.,subfield,U01.04,U01
Negotiate access to restricted film collections or proprietary industry data through institutional partnerships.,subfield,U01.04,U01
Negotiate access to restricted government administrative data or proprietary datasets held by international organizations.,subfield,U01.04,U01
"Negotiate access to restricted literary archives, manuscript collections, or unpublished narrative materials.",subfield,U01.04,U01
Negotiate access to restricted manuscript collections and private archives holding medieval materials.,subfield,U01.04,U01
"Negotiate access to sampling frames with organizations, government agencies, or commercial vendors.",subfield,U01.04,U01
"Negotiate access to theater companies, festivals, or educational drama programs for fieldwork and participant recruitment.",subfield,U01.04,U01
"Negotiate access to translation agencies, publishing houses, or professional associations for participant recruitment.",subfield,U01.04,U01
Negotiate data access agreements with HR departments specifying confidentiality protections and data use limitations.,subfield,U01.04,U01
Negotiate data access agreements with corporations or industry associations to obtain proprietary firm-level information.,subfield,U01.04,U01
"Negotiate data access agreements with financial institutions, stock exchanges, or regulatory agencies for proprietary datasets.",subfield,U01.04,U01
Negotiate data access agreements with government agencies or nonprofit organizations for research on governance or civic engagement.,subfield,U01.04,U01
"Negotiate data access agreements with government ministries, central banks, or international economic organizations.",subfield,U01.04,U01
"Negotiate data access agreements with government ministries, courts, or regulatory agencies.",subfield,U01.04,U01
Negotiate data access agreements with organizations to obtain employee survey or personnel records.,subfield,U01.04,U01
Negotiate data access agreements with social media platforms or digital media organizations for research purposes.,subfield,U01.04,U01
"Negotiate data access agreements with statistical agencies holding restricted microdata on income, wealth, or employment.",subfield,U01.04,U01
Negotiate data access agreements with tax authorities or statistical agencies to obtain confidential fiscal microdata.,subfield,U01.04,U01
Negotiate data access agreements with technology companies or platform providers for research purposes.,subfield,U01.04,U01
Negotiate data sharing agreements with platform providers or institutions to obtain user interaction data.,subfield,U01.04,U01
"Negotiate data sharing agreements with transportation agencies, municipalities, or technology companies for access to proprietary spatial data.",subfield,U01.04,U01
"Negotiate data sharing agreements with utilities, energy companies, or environmental agencies to access proprietary consumption or emissions records.",subfield,U01.04,U01
Negotiate data use agreements with government agencies to access restricted labor market microdata.,subfield,U01.04,U01
"Negotiate data-sharing agreements with campaigns, advocacy organizations, or government agencies for access to proprietary political data.",subfield,U01.04,U01
Negotiate data-sharing agreements with government agencies to access restricted administrative records.,subfield,U01.04,U01
Negotiate research agreements with community leaders or cultural organizations that respect local protocols and expectations.,subfield,U01.04,U01
"Normalize collected performance data to account for background traffic, environmental interference, and hardware variations.",subfield,U04.01,U04
Normalize orthographic and linguistic variations in ancient language texts for systematic comparison.,subfield,U04.07,U04
Observe and document audience responses during theatrical screenings or film festival events.,subfield,U01.08,U01
Observe clinical encounters or healthcare settings to document provider-patient interactions and institutional practices.,subfield,U01.08,U01
Observe family court hearings or mediation sessions to collect data on judicial decision-making and procedural practices.,subfield,U01.08,U01
Observe immigration court proceedings or administrative hearings to collect primary data on legal practices.,subfield,U01.08,U01
"Observe legislative proceedings, court hearings, or administrative tribunals to collect behavioral data.",subfield,U01.08,U01
"Observe political events such as elections, protests, or legislative sessions to document political behavior firsthand.",subfield,U18.01,U18
"Observe political events, protests, or civic meetings to document collective behavior and mobilization processes.",subfield,U18.01,U18
"Observe religious practices, rituals, and community gatherings in mosques and Islamic institutions for ethnographic research.",subfield,U18.01,U18
Observe shopper behavior in retail environments or online shopping contexts.,subfield,U18.01,U18
Obtain IACUC approval for animal infection models to study pathogen virulence or vaccine efficacy.,subfield,U19.01,U19
Obtain IACUC approval for animal models of disease including transgenic and knockout strains.,subfield,U19.01,U19
"Obtain IACUC approval for animal models of infection, autoimmunity, or cancer immunology studies.",subfield,U19.01,U19
"Obtain IACUC approval for animal protocols involving surgical procedures, behavioral testing, or tissue collection.",subfield,U19.01,U19
Obtain IACUC approval for animal research protocols involving behavioral testing and neural manipulations.,subfield,U19.01,U19
"Obtain IACUC approval for animal studies involving neural recordings, lesions, or optogenetic manipulations.",subfield,U19.01,U19
Obtain IACUC approval for in vivo imaging studies involving animal models.,subfield,U19.01,U19
Obtain IACUC approval for preclinical efficacy and toxicology studies in animal models.,subfield,U19.01,U19
"Obtain IACUC approval for research involving fish, marine mammals, or other protected marine species.",subfield,U19.01,U19
"Obtain IACUC approval for research involving fish, shellfish, or other aquatic organisms.",subfield,U19.01,U19
Obtain IACUC approval for transplantation studies assessing engraftment and functional integration of stem cell-derived cells.,subfield,U19.01,U19
"Obtain IACUC approval for tumor implantation, drug treatment, or imaging studies in mouse cancer models.",subfield,U19.01,U19
Obtain IACUC approval for vertebrate pest control studies or research involving animal subjects.,subfield,U19.01,U19
"Obtain IACUC approval for wildlife capture, handling, marking, or tracking procedures.",subfield,U19.01,U19
"Obtain IRB approval for classroom-based research involving student performance data, surveys, or observations of instruction.",subfield,U19.01,U19
Obtain IRB approval for community-based research involving vulnerable urban populations or sensitive neighborhood data.,subfield,U19.01,U19
"Obtain IRB approval for consumer research involving deception, incentives, or vulnerable populations.",subfield,U19.01,U19
"Obtain IRB approval for election studies involving voter contact, campaign observation, or sensitive political attitudes.",subfield,U19.01,U19
"Obtain IRB approval for experiments involving auditory, visual, or neuroimaging presentation of linguistic stimuli to human participants.",subfield,U19.01,U19
"Obtain IRB approval for research involving interviews or surveys with executives, board members, or employees.",subfield,U19.01,U19
"Obtain IRB approval for research involving interviews or surveys with inventors, creators, or legal practitioners.",subfield,U19.01,U19
"Obtain IRB approval for research involving interviews with legal practitioners, judges, or parties to constitutional litigation.",subfield,U19.01,U19
Obtain IRB approval for research involving participant interactions with experimental digital interfaces or immersive environments.,subfield,U19.01,U19
Obtain IRB approval for research involving pediatric populations with appropriate assent and parental consent procedures.,subfield,U19.01,U19
Obtain IRB approval for studies involving deception paradigms commonly used in attention or memory research.,subfield,U19.01,U19
"Obtain IRB approval for studies involving library patron data, user search logs, or information behavior observations.",subfield,U19.01,U19
Obtain IRB approval for studies involving neural recording devices or brain stimulation in human participants.,subfield,U19.01,U19
"Obtain IRB approval for studies involving neuroimaging, brain stimulation, or cognitive testing in human participants.",subfield,U19.01,U19
Obtain IRB approval for studies involving physical fitness testing or exercise interventions with human participants.,subfield,U19.01,U19
"Obtain IRB approval for studies involving surveys or experiments with investors, managers, or financial professionals.",subfield,U19.01,U19
"Obtain IRB approval for studies involving user interaction data, system logs, or online behavioral tracking.",subfield,U19.01,U19
"Obtain IRB approval for studies involving vulnerable populations such as elderly patients, critically ill individuals, or those with cognitive impairments.",subfield,U19.01,U19
"Obtain IRB approval with enhanced protections for research involving vulnerable immigrant populations, including undocumented individuals.",subfield,U19.01,U19
Obtain NMR spectra of diamagnetic metal complexes to confirm structure and purity.,subfield,U01.17,U01
"Obtain administrative records from government agencies, NGOs, or microfinance institutions for program evaluation.",subfield,U01.01,U01
"Obtain administrative records on earnings, educational credentials, or program participation from government agencies.",subfield,U01.01,U01
"Obtain administrative records on housing, land use, or municipal services to study urban policy impacts.",subfield,U01.01,U01
"Obtain and link cancer registry, hospital discharge, or mortality records to ascertain chronic disease outcomes.",subfield,U01.01,U01
Obtain anonymized mobility data from telecommunications providers or location-based service platforms.,subfield,U01.02,U01
Obtain anthropometric and biomarker measurements in field-based population surveys.,subfield,U01.09,U01
Obtain appropriate consent and assent procedures for research involving minors with cognitive or communication disabilities.,subfield,U19.02,U19
Obtain biological specimens to measure biomarkers of exposure or early biological effect in exposed populations.,subfield,U01.10,U01
Obtain biopsy or autopsy tissue specimens for histopathological assessment of disease.,subfield,U01.10,U01
Obtain biopsy or surgical resection specimens with documented clinical and demographic information.,subfield,U01.10,U01
Obtain biospecimens such as breast milk or infant blood for nutrient and biomarker analysis.,subfield,U01.10,U01
Obtain blood samples and other biospecimens during routine clinical encounters for research biobanking.,subfield,U01.10,U01
"Obtain blood samples for circulating tumor DNA, biomarker, or immune profiling studies.",subfield,U01.10,U01
"Obtain blood, urine, and tissue biospecimens to measure circulating nutrient concentrations and metabolic markers.",subfield,U01.10,U01
Obtain bronchoalveolar lavage samples or induced sputum specimens for airway inflammation analysis.,subfield,U01.10,U01
Obtain cervical samples and endometrial biopsies for gynecologic research.,subfield,U01.10,U01
Obtain child welfare administrative data to study intersections between family law and protective services.,subfield,U01.01,U01
Obtain clinical and biochemical measures to assess nutritional status and treatment response.,subfield,U01.10,U01
Obtain cone-beam computed tomography scans for three-dimensional analysis of craniofacial anatomy.,subfield,U01.10,U01
Obtain cross-sectional imaging for evaluation of pancreatic or biliary pathology in study participants.,subfield,U01.10,U01
Obtain cystoscopy and ureteroscopy images for bladder and upper tract evaluation.,subfield,U01.10,U01
Obtain dental impressions or intraoral scans for morphometric analysis or treatment planning studies.,subfield,U01.10,U01
Obtain ethical approval and community consent for research involving Indigenous peoples or descendant communities.,subfield,U19.04,U19
"Obtain ethical approval and informed consent for research involving clergy, congregants, or religious institutions.",subfield,U19.04,U19
"Obtain ethical approval for audience studies, oral histories, or ethnographic research involving film viewers or industry participants.",subfield,U19.01,U19
"Obtain ethical approval for collecting linguistic data from human participants, including recorded speech samples.",subfield,U19.01,U19
Obtain ethical approval for collecting linguistic data from speakers of minority or endangered languages.,subfield,U19.01,U19
"Obtain ethical approval for research involving interviews with authors, descendants of colonial subjects, or marginalized communities depicted in literature.",subfield,U19.01,U19
"Obtain ethical approval for studies involving translators, interpreters, or readers as research participants.",subfield,U19.01,U19
Obtain ethics approval for empirical studies involving interviews with legal professionals or corporate stakeholders.,subfield,U19.01,U19
Obtain genotyping data for genetic evaluation and marker-assisted selection studies.,subfield,U01.19,U01
Obtain histopathological images of tissue sections to evaluate drug-induced organ damage.,subfield,U01.19,U01
Obtain in vivo physiological measurements from animals to characterize neural or vascular function,subfield,U01.11,U01
Obtain informed consent for collection and use of intraoperative tissue specimens in research.,subfield,U19.02,U19
Obtain informed consent for research involving screen recordings or analysis of learner interactions in digital environments.,subfield,U19.02,U19
Obtain informed consent from language learners and instructors while addressing multilingual communication needs and power dynamics in educational settings.,subfield,U19.02,U19
Obtain informed consent from participants with psychiatric conditions while assessing decisional capacity.,subfield,U19.02,U19
Obtain informed consent from patients with multiple comorbidities who may have varying levels of health literacy.,subfield,U19.02,U19
Obtain informed consent from pregnant participants addressing risks to both mother and fetus.,subfield,U19.02,U19
Obtain informed consent that addresses risks specific to neuroimaging procedures or cognitive testing in vulnerable populations.,subfield,U19.02,U19
Obtain kidney biopsy specimens for histopathological and molecular analysis.,subfield,U01.10,U01
Obtain linked employer-employee datasets to analyze firm-level wage structures and worker mobility.,subfield,U01.01,U01
"Obtain manuscripts, printed religious texts, or liturgical documents from rare book collections and libraries.",subfield,U01.03,U01
Obtain middle ear fluid or nasal mucosal samples during surgical procedures for research purposes.,subfield,U01.10,U01
Obtain molecular marker data for assessing genetic diversity and population structure.,subfield,U01.19,U01
Obtain neuroimaging data to investigate central nervous system effects of anesthetic agents or chronic pain conditions.,subfield,U01.10,U01
"Obtain neuroimaging data using CT, MR angiography, or digital subtraction angiography for cerebrovascular research.",subfield,U01.10,U01
Obtain or estimate population denominators from census counts and demographic projection methods for rate calculation.,subfield,U01.01,U01
"Obtain organizational and administrative data on staffing, costs, and service utilization from health systems.",subfield,U01.01,U01
Obtain organizational approval and employee informed consent for workplace-based research involving sensitive personnel data.,subfield,U19.01,U19
Obtain organizational permissions and confidentiality agreements for accessing proprietary supply chain or operational data.,subfield,U01.04,U01
"Obtain organizational records on absenteeism, productivity metrics, or safety incidents for research purposes.",subfield,U01.01,U01
Obtain owner consent for enrollment of client-owned animals in clinical trials and for use of surgical and biological specimens.,subfield,U19.02,U19
Obtain parental consent and develop age-appropriate assent procedures for research involving young children.,subfield,U19.02,U19
Obtain parental consent and student assent for classroom-based educational research.,subfield,U19.02,U19
Obtain parental or guardian consent and child assent according to developmental capacity and regulatory requirements.,subfield,U19.02,U19
Obtain pathogen genome sequences for phylogenetic analysis and virulence gene identification.,subfield,U01.19,U01
"Obtain permissions and negotiate access agreements for restricted government, military, or diplomatic archives.",subfield,U01.04,U01
Obtain permissions for conducting fieldwork in communities or on lands with complex governance structures.,subfield,U19.04,U19
"Obtain permits and approvals from descendant communities, tribal authorities, or government agencies for research involving human remains.",subfield,U19.04,U19
Obtain permits from government agencies and landowners for archaeological survey and excavation activities.,subfield,U01.04,U01
Obtain product-level scanner data or transaction records to estimate demand systems and market boundaries.,subfield,U01.01,U01
Obtain regulatory approval for studies involving collection of infectious biological specimens from human subjects.,subfield,U19.01,U19
Obtain regulatory approval for studies involving invasive neuromodulation or experimental neurosurgical procedures.,subfield,U19.01,U19
"Obtain school-level data on discipline, attendance, and graduation rates from district records.",subfield,U01.01,U01
"Obtain serial samples from animals to track pathogen load, seroconversion, and immune responses over the course of infection.",subfield,U01.11,U01
"Obtain serial specimens to assess pathogen load, immune responses, or treatment outcomes over time.",subfield,U01.10,U01
Obtain social media data or online review datasets to study consumer sentiment and brand conversations.,subfield,U01.02,U01
Obtain stool samples from study participants for microbiome sequencing or fecal biomarker analysis.,subfield,U01.10,U01
Obtain structural and functional brain imaging data to assess developmental changes in neural connectivity and morphology.,subfield,U01.09,U01
Obtain temporal bone or sinus imaging data from CT or MRI scans for anatomical or pathological analysis.,subfield,U01.10,U01
"Obtain tissue samples from marine organisms for genetic, histological, or biochemical analyses.",subfield,U01.12,U01
Obtain tissue samples from specimens for molecular analysis while maintaining voucher integrity.,subfield,U01.12,U01
Obtain transcriptomic data to characterize gene expression responses to environmental stresses or treatments.,subfield,U01.19,U01
Operationalize delivery of maternal and newborn health interventions at participating sites.,subfield,U17.01,U17
Operationalize stratification constructs by adapting or departing from official statistical classifications when they fit the research question poorly.,subfield,U07.14,U07
Optimize antenna design parameters by fitting electromagnetic simulation results to measured radiation patterns.,subfield,U09.11,U09
Optimize assay or staining protocols by systematic testing to extend them to new specimens or improve performance,subfield,U07.08,U07
Optimize beam parameters and collision configurations to maximize luminosity and data quality.,subfield,U07.11,U07
Optimize computational code to improve simulation efficiency and scalability.,subfield,U16.05,U16
"Optimize computational performance through algorithm selection, parallelization, and memory management.",subfield,U16.05,U16
"Optimize experimental operating parameters, such as applied potential or reagent concentration, to maximize analytical signal and recovery",subfield,U07.08,U07
Optimize hyperparameters of retrieval and mining algorithms using validation data.,subfield,U09.06,U09
"Optimize imaging acquisition parameters to balance image quality, scan time, and radiation dose for research protocols.",subfield,U07.11,U07
Optimize model parameters through nonlinear least squares fitting with iterative solvers.,subfield,U09.05,U09
Optimize model parameters to minimize discrepancies between simulated and observed climate variables.,subfield,U09.05,U09
Optimize photonic structure parameters through iterative simulation sweeps to meet target optical performance.,subfield,U09.11,U09
"Optimize reaction conditions by systematically varying temperature, solvent, catalyst, and stoichiometry.",subfield,U07.11,U07
Optimize reaction conditions for controlled radical polymerization to achieve narrow molecular weight distributions.,subfield,U07.11,U07
"Optimize reaction conditions to control nanoparticle size distribution, morphology, and surface chemistry.",subfield,U07.11,U07
"Optimize reaction parameters including temperature, pressure, solvent, and catalyst loading for maximum yield and selectivity.",subfield,U07.11,U07
"Optimize separation conditions including mobile phase composition, temperature, and flow rates for chromatographic methods.",subfield,U07.08,U07
Optimize transfer function parameters to match visualization outputs with ground truth data distributions.,subfield,U09.05,U09
"Package, document, and release software tools or analysis pipelines for use by the research community.",subfield,U16.06,U16
Parameterize coupled human-environment system models using empirical data on resource use and ecological responses.,subfield,U09.05,U09
Parameterize population models using field-derived survival and reproduction estimates.,subfield,U09.12,U09
Parse and annotate sentence structures according to syntactic categories and phrase boundaries.,subfield,U04.06,U04
"Parse and code textual disclosures from annual reports, earnings calls, or regulatory filings for quantitative analysis.",subfield,U04.06,U04
"Parse and standardize patent claims, abstracts, or legal text for systematic analysis.",subfield,U04.02,U04
Partition observed fluxes into component terms using mass-balance calculations,subfield,U02.10,U02
Partner with LGBTQ+ community organizations or women's advocacy groups to facilitate participant recruitment and data access.,subfield,U01.04,U01
Partner with clinical or organizational settings to recruit participants with diverse personality profiles.,subfield,U01.04,U01
Partner with community health organizations to facilitate research access and participant recruitment.,subfield,U01.04,U01
Partner with community organizations or reentry programs to facilitate research on offender rehabilitation and desistance.,subfield,U01.04,U01
Partner with community organizations to facilitate resident engagement and data collection in neighborhood studies.,subfield,U01.04,U01
Partner with community organizations to recruit diverse participant samples for studies on intergroup contact or social identity.,subfield,U01.04,U01
"Partner with community organizations, memory institutions, or academic units to co-design collections and services.",subfield,U01.04,U01
Partner with destination marketing organizations and convention bureaus to recruit study participants and access visitor information.,subfield,U01.04,U01
Partner with disability advocacy organizations and parent groups to facilitate community-engaged research participation.,subfield,U01.04,U01
Partner with election commissions or political parties to access campaign data and facilitate field research.,subfield,U01.04,U01
"Partner with government ministries, NGOs, or international organizations to implement and evaluate development programs.",subfield,U01.04,U01
Partner with health departments or healthcare organizations to access patient populations for communication research.,subfield,U01.04,U01
Partner with healthcare facilities or community health organizations to recruit patient populations for research studies.,subfield,U01.04,U01
"Partner with healthcare providers, insurers, or health systems to access administrative data and recruit patient populations.",subfield,U01.04,U01
Partner with human resource departments to recruit employee participants for workplace studies.,subfield,U01.04,U01
Partner with humanitarian organizations or peacekeeping missions to recruit participants or access conflict-affected areas.,subfield,U01.04,U01
Partner with immigrant-serving organizations or community groups to recruit hard-to-reach migrant populations.,subfield,U01.04,U01
Partner with immigration agencies or courts to obtain data access for empirical legal research.,subfield,U01.04,U01
Partner with industry associations or government agencies to obtain innovation survey data or entrepreneurship statistics.,subfield,U01.04,U01
Partner with institutional research offices to access student data or recruit participants for campus-based studies.,subfield,U01.04,U01
Partner with institutional research offices to obtain student records and ensure compliance with data use agreements.,subfield,U01.04,U01
"Partner with international student offices, multinational organizations, or immigrant service agencies to recruit culturally diverse participant samples.",subfield,U01.04,U01
Partner with legal aid organizations or family law clinics to recruit study participants from litigant populations.,subfield,U01.04,U01
Partner with mental health clinics and community agencies to recruit clinical populations for research participation.,subfield,U01.04,U01
Partner with neighborhood associations or community groups to facilitate research access and participant recruitment.,subfield,U01.04,U01
"Partner with preschools, childcare centers, or Head Start programs to recruit child and family participants for research studies.",subfield,U01.04,U01
Partner with program administrators to facilitate data collection and ensure evaluation activities align with organizational needs.,subfield,U01.04,U01
Partner with protected area managers and heritage site administrators to conduct on-site visitor research.,subfield,U01.04,U01
Partner with racial and ethnic community organizations to facilitate participant recruitment and ensure research relevance.,subfield,U01.04,U01
Partner with retailers or brands to access customer data or recruit consumer panels for research.,subfield,U01.04,U01
Partner with school districts to gain access to classrooms and recruit teacher participants.,subfield,U01.04,U01
Partner with schools or districts to recruit student and teacher participants for classroom-based studies.,subfield,U01.04,U01
Partner with schools or districts to recruit student and teacher participants for educational studies.,subfield,U01.04,U01
Partner with schools or institutions to pilot educational technology tools and recruit student participants.,subfield,U01.04,U01
"Partner with schools, childcare centers, or pediatric clinics to recruit child and family participants.",subfield,U01.04,U01
"Partner with schools, clinics, or community organizations to recruit participants for cognitive assessment studies.",subfield,U01.04,U01
Partner with simulation centers or clinical skills laboratories to access training environments for data collection.,subfield,U01.04,U01
Partner with state education agencies to obtain restricted-use data on student outcomes and school performance.,subfield,U01.04,U01
Partner with trade associations or chambers of commerce to recruit internationally active firms for research participation.,subfield,U01.04,U01
Pattern photolithographic masks and perform wafer-level processing for device fabrication.,subfield,U30.04,U30
Perform Monte Carlo simulations to assess detection probabilities and selection effects in surveys.,subfield,U09.03,U09
Perform Monte Carlo simulations to estimate statistical properties of stochastic models.,subfield,U09.03,U09
Perform ancestral state reconstructions to infer character evolution across phylogenetic trees.,subfield,U02.13,U02
Perform and document surgical procedures in individual clinical patients to describe technique and outcome.,subfield,U01.10,U01
Perform and interpret clinical neurophysiological studies to detect and localize neurological abnormalities.,subfield,U01.10,U01
Perform asymptotic analysis to approximate solutions in limiting regimes.,subfield,U29.01,U29
Perform biological assays to quantify cell attachment and functional activity on materials,subfield,U01.19,U01
Perform bulk electrolysis of solution species under controlled potential or current to convert them and quantify charge passed,subfield,U01.17,U01
Perform chemical and spectroscopic analyses to characterize the composition of tissue or material specimens,subfield,U01.17,U01
Perform chromatin accessibility or epigenetic profiling to assess differentiation states.,subfield,U01.19,U01
Perform chromatin immunoprecipitation to map protein or histone-modification occupancy at genomic loci,subfield,U01.19,U01
Perform chromatography-based separation and analysis of biomolecules.,subfield,U01.19,U01
Perform clinical and specialty examinations of individual animal patients to characterize disease presentation and establish diagnoses.,subfield,U01.11,U01
Perform clinical examination and grading of non-carious dental hard-tissue conditions such as tooth wear and developmental anomalies.,subfield,U01.10,U01
Perform clinical neurological examinations and diagnostic laboratory workups to characterize individual patients' deficits.,subfield,U01.10,U01
Perform clinical oral mucosal examination to characterize and diagnose soft-tissue lesions using standardized criteria.,subfield,U01.10,U01
"Perform clinical periodontal assessments including probing depth, attachment level, and bleeding on probing measurements.",subfield,U01.10,U01
Perform clonal or limiting-dilution assays to quantify stem and progenitor cell frequency and self-renewal capacity.,subfield,U01.19,U01
"Perform coarse-grained simulations of membrane systems, protein assemblies, or cellular processes.",subfield,U09.04,U09
Perform colorimetric assays to detect and quantify classes of secondary metabolites in extracts.,subfield,U01.19,U01
Perform computational experiments to explore solution behavior and generate conjectures for rigorous analysis.,subfield,U29.02,U29
Perform computational fluid dynamics simulations to predict flow fields and thermal behavior.,subfield,U09.03,U09
Perform computational modeling of reaction transition states and intermediates to support mechanistic proposals.,subfield,U09.04,U09
"Perform content analysis of media, literature, or visual materials to identify patterns in cultural representation.",subfield,U28.01,U28
Perform critical discourse analysis on philosophical and cultural texts to uncover power relations and ideological assumptions.,subfield,U28.01,U28
Perform culture-based phenotypic assays to quantify microbial traits such as biofilm formation or motility.,subfield,U01.19,U01
Perform de-embedding procedures to remove fixture and interconnect effects from device measurements.,subfield,U04.01,U04
Perform density functional theory calculations to determine ground-state electronic properties.,subfield,U09.04,U09
Perform density functional theory calculations to predict ground state electronic and magnetic properties.,subfield,U09.04,U09
Perform density functional theory calculations to predict magnetic ground states and spin configurations.,subfield,U09.04,U09
Perform density functional theory calculations to predict structures and properties of inorganic compounds.,subfield,U09.04,U09
Perform diagnostic experiments to demonstrate living chain-end activity and controlled character of a polymerization.,subfield,U01.17,U01
Perform differential gene expression analysis between experimental conditions using statistical models.,subfield,U02.12,U02
Perform differential gene expression analysis to compare tumor subtypes or treatment conditions.,subfield,U02.12,U02
Perform direct numerical simulations or large eddy simulations to resolve turbulent flow structures.,subfield,U09.03,U09
Perform dose-response analyses for pharmacological agents targeting neural receptors or signaling pathways.,subfield,U02.01,U02
Perform dynamic hormone stimulation or suppression testing to assess endocrine axis function.,subfield,U01.10,U01
Perform electromagnetic simulations to optimize plasmonic or photonic nanostructure designs.,subfield,U09.11,U09
Perform elemental analysis to verify composition and purity of synthesized compounds.,subfield,U01.17,U01
Perform ensemble model runs to characterize forecast uncertainty and probabilistic outcomes.,subfield,U09.09,U09
Perform ensemble simulations to characterize internal climate variability and model uncertainty.,subfield,U09.09,U09
Perform ex vivo isolated tissue or organ assays to evaluate pharmacological responses to test compounds.,subfield,U01.19,U01
Perform ex vivo organ perfusion or tissue bath assays to measure functional responses to drugs.,subfield,U01.19,U01
Perform finite-element thermal simulations to predict device and package temperature distributions.,subfield,U09.03,U09
"Perform fluorescence microscopy to visualize labeled pathogens, host cell structures, or biofilm formation.",subfield,U01.19,U01
"Perform functional assays on stem cell-derived cells, such as substrate uptake or contractile activity, to confirm mature cell-type function.",subfield,U01.19,U01
Perform functional gastrointestinal or pancreatic secretory and breath tests to establish disease or infection status.,subfield,U01.10,U01
Perform functional immune assays to quantify effector activities such as phagocytosis or target-cell lysis.,subfield,U01.19,U01
Perform genome-wide association analyses to identify genetic loci linked to traits or diseases.,subfield,U02.12,U02
Perform geometric correction of satellite imagery using ground control points to ensure spatial accuracy.,subfield,U04.10,U04
Perform gross pathological examination of postmortem brain and other organs to identify macroscopic lesions.,subfield,U01.10,U01
Perform gyrokinetic simulations to model plasma turbulence and anomalous transport.,subfield,U09.03,U09
Perform histological imaging of tissue sections to assess structural and functional changes in organs.,subfield,U01.19,U01
Perform histological staining to visualize tissue architecture and cellular morphology.,subfield,U01.19,U01
Perform image analysis to quantify staining intensity and cellular distribution patterns.,subfield,U01.19,U01
Perform immunofluorescence microscopy to assess multiple biomarkers simultaneously.,subfield,U01.19,U01
Perform immunofluorescence microscopy to visualize immune cell localization and protein expression in tissues.,subfield,U01.19,U01
Perform in situ spectroelectrochemical measurements coupling potential control with spectroscopic or mass-spectrometric detection to identify reaction intermediates.,subfield,U01.17,U01
Perform in vivo animal surgical procedures to create defects or implant devices for evaluating biomaterial and device performance.,subfield,U01.11,U01
"Perform instrumented measurements of skin or wound tissue properties, such as surface pH or tensile strength, to quantify treatment effects.",subfield,U01.10,U01
Perform instrumented mechanical testing of devices and materials to measure strength and failure behavior,subfield,U01.17,U01
Perform intraoperative diagnostic maneuvers and exploration to localize the source of a finding or complication.,subfield,U01.10,U01
Perform karyotyping or cytogenetic analysis to verify chromosomal stability of stem cell lines during culture.,subfield,U01.19,U01
Perform laboratory assays on blood and body fluid samples to quantify biomarker and biochemical concentrations in animal patients.,subfield,U01.11,U01
Perform laboratory assays on clinical and environmental specimens to detect and identify pathogens.,subfield,U01.19,U01
Perform linear stability analysis of a base flow state to obtain dispersion relations and perturbation growth rates.,subfield,U09.01,U09
Perform linkage analysis in pedigrees or experimental crosses to map trait loci to chromosomal intervals.,subfield,U02.12,U02
"Perform live-cell imaging to monitor cancer cell migration, invasion, or response to treatment.",subfield,U01.19,U01
"Perform live-cell imaging to track stem cell division, migration, or morphological changes over time.",subfield,U01.19,U01
Perform maximum likelihood fits to constrain physics parameters from measured observables.,subfield,U02.10,U02
Perform metagenomic sequencing to characterize microbial community composition in clinical or environmental samples.,subfield,U01.19,U01
Perform molecular docking simulations to predict ligand binding poses and rank candidate compounds against target proteins.,subfield,U09.04,U09
Perform molecular docking simulations to predict ligand-receptor binding interactions.,subfield,U09.04,U09
Perform molecular dynamics simulations to study thermodynamic and transport properties.,subfield,U09.04,U09
Perform molecular expression assays on biospecimens to detect and quantify gene or protein products.,subfield,U01.19,U01
Perform multivariate analysis of variance to test group differences across multiple dependent variables simultaneously.,subfield,U02.01,U02
Perform mutation analysis to identify genetic alterations associated with disease progression.,subfield,U02.12,U02
Perform numerical continuation to track solution branches and bifurcations across parameter space.,subfield,U09.03,U09
Perform numerical modeling of soil-structure interaction and foundation behavior.,subfield,U09.03,U09
Perform optimization simulations for economic dispatch and unit commitment problems.,subfield,U09.11,U09
Perform or interpret whole-exome or targeted sequencing to detect somatic mutations in cancer samples.,subfield,U01.19,U01
Perform organ function testing to quantify physiologic function in animal patients.,subfield,U01.11,U01
Perform orthorectification of aerial and satellite imagery to remove terrain-induced geometric distortions.,subfield,U04.10,U04
Perform physical examinations of participants to ascertain anatomical or clinical exposure status for study variables.,subfield,U01.09,U01
"Perform population genetic analyses to estimate gene flow, genetic drift, and selection pressures.",subfield,U02.12,U02
"Perform post-mortem dissection of animals to record organ weights, carcass yields, and lesions.",subfield,U01.11,U01
Perform post-synthetic modification and activation procedures to optimize material properties.,subfield,U30.04,U30
Perform postmortem examination to characterize gross and histologic lesions and establish cause of death in animals.,subfield,U01.11,U01
Perform procedures to retrieve oocytes and ovarian tissue for assisted reproduction and fertility preservation.,subfield,U01.10,U01
Perform quantitative morphometric measurements on images to characterize anatomic structures in animals.,subfield,U01.11,U01
"Perform quantum chemical calculations to compute molecular geometries, energies, and properties.",subfield,U09.04,U09
Perform quantum state tomography to reconstruct density matrices and verify state preparation fidelity.,subfield,U01.17,U01
Perform quotient constructions from group or groupoid actions to produce reduced or orbifold geometric structures.,subfield,U29.02,U29
Perform ray tracing simulations to optimize lens systems and optical instrument designs.,subfield,U09.11,U09
Perform routine clinical health monitoring and prophylactic treatment of research animals.,subfield,U16.03,U16
Perform scanning probe microscopy to characterize surface topography and electronic structure.,subfield,U01.17,U01
Perform sensitivity analyses to evaluate how conclusions change under alternative prior specifications.,subfield,U02.15,U02
Perform sensitivity analysis to assess how input parameter variations affect simulation outputs.,subfield,U09.09,U09
"Perform site visits and direct observations of industrial districts, commercial zones, or urban neighborhoods to document spatial economic patterns.",subfield,U18.01,U18
Perform spatial analysis operations in GIS to model environmental processes and landscape patterns.,subfield,U09.03,U09
Perform standardized physical and physiological measurements in study subjects using calibrated bedside protocols,subfield,U01.10,U01
Perform statistical analyses on neuroimaging data while correcting for multiple comparisons across brain voxels or regions.,subfield,U02.01,U02
Perform statistical analysis of biosensor response data across multiple experimental conditions.,subfield,U02.01,U02
Perform statistical analysis of mechanical property variations across multiple test specimens.,subfield,U02.01,U02
Perform statistical analysis of pharmacokinetic parameters across different formulations or dosing regimens.,subfield,U02.01,U02
Perform statistical comparisons of protein expression or activity levels across experimental groups.,subfield,U02.01,U02
"Perform symbolic and numerical computations involving modular forms, elliptic curves, or zeta functions.",subfield,U29.01,U29
Perform teratoma formation assays in immunodeficient animals to validate pluripotency of stem cell lines.,subfield,U01.19,U01
"Perform the operative, endoscopic, or catheter-based intervention under study in patients with standardized technique",subfield,U01.21,U01
Perform titration experiments to determine stoichiometry and binding strength of analyte–reagent complexes,subfield,U01.17,U01
Perform trajectory simulations incorporating atmospheric models and vehicle dynamics.,subfield,U09.03,U09
"Perform visual documentation through photography, sketching, and measured drawings of buildings and design objects.",subfield,U01.08,U01
Physically separate and recover product fractions from reaction mixtures using techniques such as centrifugation or magnetic separation.,subfield,U30.04,U30
Pilot-test candidate stimuli or experimental manipulations with independent samples to validate their intended properties before the main study.,subfield,U07.04,U07
Plan animal model studies with appropriate controls to investigate neural circuit function or disease mechanisms.,subfield,U07.01,U07
Plan antimicrobial susceptibility testing with proper drug concentrations and reference strains.,subfield,U07.11,U07
"Plan aquaculture experiments with appropriate stocking densities, feeding regimes, and water quality controls.",subfield,U07.12,U07
Plan biosensor validation studies with appropriate positive and negative controls.,subfield,U07.08,U07
Plan characterization sequences to correlate nanomaterial structure with functional properties.,subfield,U07.11,U07
"Plan coating trials with systematic variation of precursor concentration, deposition time, and post-treatment conditions.",subfield,U07.11,U07
Plan controlled driving simulator experiments to assess driver behavior under varying conditions.,subfield,U07.04,U07
Plan controlled environment studies to isolate effects of specific growing conditions on plant development and productivity.,subfield,U07.12,U07
Plan controlled experiments comparing water quality parameters across treatment tanks or pond systems.,subfield,U07.12,U07
Plan cross-validation strategies and train-test splits for machine learning model evaluation.,subfield,U09.06,U09
Plan disease trials with randomized plot layouts to account for environmental variation in field or greenhouse settings.,subfield,U07.12,U07
Plan dose-response experiments to evaluate compound potency against biological targets.,subfield,U07.01,U07
Plan electrical characterization sequences to isolate contact resistance from bulk material properties.,subfield,U07.11,U07
"Plan evaluations of health-promotion, screening, or prevention programs to assess their impact on disease burden.",subfield,U07.02,U07
"Plan evaluations of nutrition policies, food-assistance programs, and public health nutrition initiatives.",subfield,U07.02,U07
Plan experiments comparing reprogramming efficiency across different cell sources and induction methods.,subfield,U07.11,U07
Plan experiments using appropriate disease models to evaluate pathogenic mechanisms.,subfield,U07.01,U07
"Plan exposure-assessment strategies that combine environmental monitoring, biomarkers, and job-exposure matrices.",subfield,U07.12,U07
Plan factorial experiments to optimize process parameters for yield and selectivity.,subfield,U07.11,U07
Plan field campaigns with controlled sample preservation protocols to prevent contamination or alteration.,subfield,U07.12,U07
Plan field sampling strategies with spatial and temporal controls for population or community studies.,subfield,U07.12,U07
Plan field studies with appropriate sampling strategies to capture natural variation in traits or behaviors.,subfield,U07.12,U07
Plan flight test campaigns specifying maneuver profiles and operational conditions.,subfield,U07.11,U07
Plan geotechnical field investigations with controlled sampling and testing procedures.,subfield,U07.12,U07
Plan glass melting experiments with specified thermal histories and cooling rates to control crystallization.,subfield,U07.11,U07
Plan greenhouse experiments with controlled environmental conditions to isolate effects of specific stressors on plant growth.,subfield,U07.12,U07
Plan implant sizing and positioning preoperatively using imaging measurements or patient-specific anatomical models.,subfield,U30.03,U30
Plan in vitro cell culture studies to evaluate biomaterial biocompatibility and cytotoxicity.,subfield,U07.08,U07
Plan in vitro immune cell stimulation experiments with appropriate positive and negative controls.,subfield,U07.08,U07
Plan in vitro screening assays with positive and negative controls to evaluate compound activity.,subfield,U07.08,U07
Plan intervention trials evaluating preventive protocols while accounting for clustering within herds and flocks.,subfield,U07.02,U07
Plan longitudinal cohort studies to track feeding practices and child growth trajectories over time.,subfield,U07.02,U07
Plan mark-recapture studies with appropriate temporal and spatial replication for population estimation.,subfield,U07.12,U07
Plan mechanical testing protocols with appropriate specimen geometries and loading conditions.,subfield,U07.11,U07
"Plan microbial challenge studies with defined inoculum concentrations, exposure durations, and replication schemes.",subfield,U07.11,U07
Plan mixed-methods studies combining quantitative patient outcomes with qualitative data on care experiences.,subfield,U07.01,U07
Plan mixed-methods studies that combine quantitative outcomes with qualitative insights on implementation.,subfield,U07.01,U07
Plan neurosurgical intervention studies with appropriate sham or standard-of-care control conditions.,subfield,U07.02,U07
Plan oncological studies in urology with disease-specific survival and recurrence endpoints.,subfield,U07.02,U07
"Plan pharmacokinetic studies with appropriate sampling timepoints to characterize drug absorption, distribution, metabolism, and excretion.",subfield,U07.02,U07
"Plan plasma discharge sequences with controlled timing of heating, fueling, and current drive systems.",subfield,U07.11,U07
"Plan program evaluations to assess the reach, effectiveness, and equity of global-health interventions.",subfield,U07.02,U07
"Plan propulsion system tests with controlled fuel flow rates, chamber pressures, and thermal conditions.",subfield,U07.11,U07
Plan protein expression and purification strategies for structural or functional studies.,subfield,U07.13,U07
Plan randomized controlled trials comparing regional anesthesia techniques to general anesthesia for surgical procedures.,subfield,U07.02,U07
"Plan reaction conditions including solvent selection, reagent ratios, and reaction times for reproducible material synthesis.",subfield,U07.11,U07
"Plan reaction conditions including solvent selection, temperature, and stoichiometry for targeted inorganic compound synthesis.",subfield,U07.11,U07
"Plan sensory evaluation panels with proper sample presentation, randomization, and blinding protocols.",subfield,U07.04,U07
Plan sequencing experiments with adequate coverage depth and sample sizes for variant detection.,subfield,U07.01,U07
"Plan studies to assess the coverage and equity of maternal and child health services, especially in low-resource settings.",subfield,U07.02,U07
"Plan surveillance studies to monitor incidence, prevalence, and trends of infectious diseases over time and place.",subfield,U07.02,U07
Plan time-course experiments to capture dynamic physiological responses to stimuli or interventions.,subfield,U07.11,U07
Plan transport measurements under varying magnetic field and temperature conditions.,subfield,U07.11,U07
"Plan usability studies and user experience evaluations of catalogs, discovery layers, and digital library interfaces.",subfield,U07.04,U07
Plan vaccine and antimicrobial trials in animals with microbiological and clinical endpoints.,subfield,U07.02,U07
Plan vaccine efficacy trials with immunological and clinical endpoints to measure protective responses.,subfield,U07.02,U07
Plan within-subject or between-subject experimental designs to assess treatment effects on behavior.,subfield,U07.01,U07
Plan xenograft or syngeneic mouse tumor studies with proper sample sizes to evaluate therapeutic interventions.,subfield,U07.01,U07
Predict achievable state or gate fidelities from analytic models of classical noise sources.,subfield,U09.01,U09
Predict charge transport properties through molecular junctions and nanoscale interfaces.,subfield,U09.04,U09
Predict closed-loop system behavior through pole placement and gain margin analysis.,subfield,U09.11,U09
Predict coating adhesion strength and residual stress based on substrate-film material properties and thermal expansion coefficients.,subfield,U09.01,U09
Predict contaminant removal efficiencies using adsorption isotherms and membrane separation theory.,subfield,U09.01,U09
"Predict diffraction patterns, spectral signatures, or phase transitions based on crystallographic models and material properties.",subfield,U09.01,U09
Predict dynamic response of mechanical systems using vibration theory and modal analysis.,subfield,U09.01,U09
Predict ecosystem responses to environmental change using conceptual or quantitative ecological models.,subfield,U09.12,U09
Predict energy spectra and branching ratios for nuclear transitions.,subfield,U09.01,U09
Predict gravitational wave signals from compact object mergers or other relativistic phenomena.,subfield,U09.03,U09
Predict ionic conductivity and charge transport properties using density functional theory or molecular dynamics.,subfield,U09.04,U09
Predict magnetic phase transitions and critical temperatures using mean-field or statistical mechanics models.,subfield,U09.01,U09
Predict material properties from crystal structure and electronic configuration using density functional theory.,subfield,U09.04,U09
"Predict material properties such as porosity, thermal conductivity, or mechanical strength using computational chemistry methods.",subfield,U09.04,U09
Predict mechanical properties from microstructural features using structure-property relationships.,subfield,U09.01,U09
Predict mechanical properties of composite laminates using classical lamination theory and micromechanics models.,subfield,U09.01,U09
"Predict mechanical, thermal, or degradation behavior of biomaterials using structure-property relationships.",subfield,U09.01,U09
Predict mineral stability fields and reaction boundaries using Gibbs free energy calculations.,subfield,U09.01,U09
Predict molecular geometries and electronic structures of coordination compounds using crystal field theory and ligand field theory.,subfield,U09.01,U09
"Predict nanoparticle optical, electronic, or catalytic properties based on size, shape, and composition using theoretical models.",subfield,U09.01,U09
Predict nanoparticle properties such as surface reactivity and electronic structure using quantum mechanical calculations.,subfield,U09.04,U09
Predict optical absorption and emission spectra from electronic transition calculations.,subfield,U09.04,U09
Predict phase stability and crystallization behavior in ceramic and glass systems using thermodynamic models.,subfield,U09.01,U09
Predict plasma instability thresholds and growth rates from dispersion relations.,subfield,U09.01,U09
Predict pollutant fate and transport in environmental compartments using chemical equilibrium and kinetic models.,subfield,U09.01,U09
Predict polymer chain conformations and phase behavior using statistical mechanics and thermodynamic models.,subfield,U09.01,U09
Predict polymer molecular weight distributions and polydispersity based on reaction kinetics and polymerization mechanisms.,subfield,U09.01,U09
Predict product quality characteristics using statistical process control models and tolerance analysis.,subfield,U09.01,U09
"Predict protein features from pathogen sequence data, such as secretion signals or transmembrane domains, to identify and prioritize candidate effectors.",subfield,U09.06,U09
Predict queue lengths and delays at intersections using queuing theory and signal timing parameters.,subfield,U09.01,U09
Predict reaction mechanisms and transition state energies using density functional theory calculations.,subfield,U09.04,U09
Predict reaction outcomes and product distributions using mechanistic reasoning and electronic effects.,subfield,U09.01,U09
Predict reaction rate constants from transition state theory and potential energy surfaces.,subfield,U09.01,U09
Predict secondary structures of RNA molecules from sequence data.,subfield,U09.06,U09
Predict semiconductor device behavior using carrier transport equations and band structure analysis.,subfield,U09.01,U09
Predict soil erosion rates and sediment transport using empirical and process-based models.,subfield,U09.03,U09
Predict stereochemical outcomes of reactions based on substrate geometry and reaction conditions.,subfield,U09.01,U09
Predict structural and regulatory features of RNAs or proteins from sequence to interpret function,subfield,U09.06,U09
Predict structural loads and stress distributions using analytical methods and finite element formulations.,subfield,U09.03,U09
Predict structure-activity relationships based on molecular properties and pharmacophore models.,subfield,U09.06,U09
Predict thermodynamic stability and phase diagrams using computational free energy methods.,subfield,U09.04,U09
Predict tidal dynamics from harmonic analysis of astronomical forcing.,subfield,U09.01,U09
"Prepare IACUC protocols detailing animal handling, housing, and humane endpoints for livestock or companion animal research.",subfield,U19.05,U19
"Prepare IACUC protocols detailing animal housing, handling, and humane endpoints for vertebrate research.",subfield,U19.05,U19
Prepare IACUC protocols detailing physiological monitoring procedures and humane endpoints for animal studies.,subfield,U19.05,U19
"Prepare IACUC protocols specifying drug administration routes, dosing regimens, and humane endpoints for toxicology studies.",subfield,U19.05,U19
Prepare IRB materials addressing potential psychological distress from exposure to prejudice or social exclusion manipulations.,subfield,U19.01,U19
Prepare IRB protocols addressing risks specific to cancer patients including treatment toxicity and disease progression.,subfield,U19.01,U19
Prepare IRB protocols detailing risks and benefits of neuroimaging or pharmacological challenge studies in human participants.,subfield,U19.01,U19
Prepare IRB protocols for human neuroimaging or electrophysiology studies with detailed risk-benefit assessments.,subfield,U19.01,U19
"Prepare alloy compositions through melting, casting, or powder metallurgy techniques.",subfield,U01.15,U01
Prepare analogs and derivatives of lead compounds for structure-activity relationship studies.,subfield,U01.15,U01
Prepare and calibrate experimental stimuli and their delivery parameters using measurement instrumentation.,subfield,U07.04,U07
Prepare and evaluate specialized methodological inputs such as new estimators or georeferenced datasets for empirical analysis,subfield,U09.99,U09
Prepare and formulate microbial preparations for experimental application or processing use,subfield,U01.20,U01
Prepare and install completed digital works for public access in target venues or viewing platforms.,subfield,U30.06,U30
Prepare and maintain primary neuronal or glial cell cultures for experimental manipulation.,subfield,U01.20,U01
"Prepare and maintain pure cultures of bacteria, fungi, or other microorganisms for experimental use.",subfield,U01.20,U01
"Prepare and microscopically examine samples to identify and count pollen grains, spores, or other microscopic propagules.",subfield,U01.16,U01
Prepare and physicochemically characterize topical formulations or test compounds for experimental and clinical use.,subfield,U01.15,U01
"Prepare and quality-control culture media, buffers, and reagents for microbiological assays.",subfield,U01.16,U01
Prepare and refine three-dimensional structures of target proteins and ligands as inputs for computational docking.,subfield,U09.04,U09
Prepare and standardize specimens from extracted teeth or restorative materials for laboratory testing.,subfield,U01.16,U01
Prepare and standardize textual data from scientific publications for systematic philosophical analysis.,subfield,U04.02,U04
"Prepare and verify the composition of drugs, diets, and other test materials administered in animal studies.",subfield,U01.16,U01
Prepare animal care and welfare protocols specifying humane endpoints and stress-monitoring procedures.,subfield,U19.05,U19
Prepare biological material from organisms or environmental samples for downstream research use,subfield,U01.16,U01
"Prepare biological specimens through fixation, sectioning, or staining for microscopy analysis.",subfield,U01.16,U01
Prepare biosafety and institutional protocols for handling zoonotic pathogens and infected animals.,subfield,U19.01,U19
Prepare block copolymers and functionalized polymers using living polymerization techniques.,subfield,U01.15,U01
Prepare bulk crystals for measurement by cleaving or stress-annealing to control surfaces and domains.,subfield,U01.16,U01
Prepare cell lysates and subcellular fractions for biochemical analysis.,subfield,U01.16,U01
"Prepare collected environmental and biological samples for chemical analysis through drying, dissection, and homogenization.",subfield,U01.16,U01
Prepare composite materials by combining matrix and reinforcement phases through appropriate processing.,subfield,U01.15,U01
Prepare conditioned media or co-cultures with stromal or endothelial cells to model tumor microenvironment interactions in vitro.,subfield,U01.20,U01
"Prepare electrode materials through electrodeposition, drop-casting, or surface modification techniques.",subfield,U01.15,U01
Prepare emulsions and foams by dispersing immiscible fluid phases with particle or surfactant stabilizers.,subfield,U01.15,U01
Prepare formulations by combining active compounds with carrier or excipient materials at defined compositions for testing,subfield,U01.15,U01
Prepare frozen sections and formalin-fixed paraffin-embedded tissue blocks for analysis.,subfield,U01.16,U01
"Prepare gas-phase and vapor samples with controlled purity, composition, and temperature for spectroscopic experiments.",subfield,U01.16,U01
"Prepare heterogeneous catalysts through impregnation, precipitation, or sol-gel methods.",subfield,U01.15,U01
Prepare high-purity samples with controlled concentrations for spectroscopic or kinetic measurements.,subfield,U01.16,U01
Prepare homogeneous solid samples by grinding or milling to ensure representative material for analysis or synthesis,subfield,U01.16,U01
Prepare informed consent procedures that explain incentive payments and experimental tasks without revealing hypotheses.,subfield,U19.02,U19
"Prepare institutional animal care and clinical trial protocols detailing anesthesia, analgesia, and humane endpoints.",subfield,U19.01,U19
Prepare institutional biosafety committee documentation for viral vector use in neural tissue.,subfield,U19.01,U19
"Prepare lipid bilayers, vesicles, and membrane systems for reconstitution studies.",subfield,U01.15,U01
Prepare magnetic alloy samples through arc melting and controlled annealing treatments.,subfield,U01.15,U01
"Prepare material samples through cutting, polishing, mounting, or thin-film deposition for characterization analysis.",subfield,U01.16,U01
Prepare metal alloy specimens and composite materials for mechanical testing and microstructural analysis.,subfield,U01.16,U01
Prepare natural fiber reinforcements through surface treatment and drying processes prior to composite fabrication.,subfield,U01.16,U01
Prepare nucleic acid templates using specialized chemistry such as whole-genome amplification or sequence-specific labeling.,subfield,U01.16,U01
Prepare organometallic compounds using air-free Schlenk line or glovebox techniques.,subfield,U01.15,U01
Prepare pathogen inoculum at standardized concentrations for controlled infection assays.,subfield,U01.16,U01
Prepare photonic structures and waveguides through lithography or direct laser writing.,subfield,U01.15,U01
"Prepare physical bone or tissue specimens in the laboratory through defleshing, sectioning, or histological fixation for analysis.",subfield,U01.16,U01
"Prepare plant, microbial, or fungal extracts for use as reducing and capping agents in nanoparticle synthesis.",subfield,U01.16,U01
"Prepare polymer blends, composites, and nanocomposites by melt mixing or solution processing methods.",subfield,U01.15,U01
Prepare precursors and reducing agents for nanomaterial synthesis by extracting them from biological or waste feedstocks.,subfield,U01.16,U01
Prepare primary cell cultures or tissue slices for ex vivo drug metabolism and toxicity studies.,subfield,U01.20,U01
Prepare propellant samples and fuel mixtures for combustion testing.,subfield,U01.15,U01
Prepare radioactive targets and sources for nuclear physics experiments.,subfield,U01.16,U01
Prepare scintillator crystals or radiation-sensitive materials for detector assembly.,subfield,U01.15,U01
Prepare semiconductor materials and coatings for photovoltaic cell development.,subfield,U01.15,U01
Prepare standardized exposure agents from complex natural or environmental source materials for dosing cells or animals.,subfield,U01.16,U01
"Prepare statistical analysis plans specifying primary endpoints, sample size justification, and analysis methods for IRB submission.",subfield,U19.01,U19
"Prepare substrate surfaces through cleaning, etching, or plasma treatment prior to film deposition.",subfield,U01.16,U01
Prepare synthetic wastewater or contaminated media for controlled treatment experiments.,subfield,U01.15,U01
Prepare the theoretical framing or data adjustments needed to study household tax and wealth behavior.,subfield,U29.03,U29
Prepare thin flakes from layered crystals by mechanical exfoliation and transfer onto target substrates,subfield,U01.15,U01
"Prepare woody plant material by cutting, drying, and milling or conditioning to standardized specifications for laboratory testing.",subfield,U01.16,U01
Preprocess accuracy and response time data from computerized experimental tasks for statistical analysis.,subfield,U04.11,U04
Preprocess multilingual or historical text data to address orthographic variation and non-standard spellings.,subfield,U04.07,U04
"Preprocess neuroimaging data through standardized pipelines including motion correction, spatial normalization, and smoothing.",subfield,U04.10,U04
"Preprocess raw data by applying normalization, noise reduction, and outlier removal techniques.",subfield,U04.01,U04
"Preprocess raw data through normalization, tokenization, or feature extraction pipelines.",subfield,U04.05,U04
"Preprocess video sequences to handle frame alignment, stabilization, and temporal consistency.",subfield,U04.10,U04
Pretest survey instruments through cognitive interviewing to identify comprehension and response problems.,subfield,U07.03,U07
Probe electronic band structure and density of states of films using absorption or tunneling spectroscopy.,subfield,U01.17,U01
Probe material response to applied stimuli or local heterogeneity to identify switching and degradation mechanisms,subfield,U01.17,U01
"Process and analyze electrophysiological recordings to quantify membrane potentials, currents, or action potential characteristics.",subfield,U04.11,U04
Process and analyze genomic or transcriptomic sequence data to identify genes associated with horticultural traits.,subfield,U04.09,U04
Process and analyze genotyping data for genetic diversity assessment or marker-trait associations.,subfield,U04.09,U04
Process and analyze remote sensing data to derive vegetation indices and land cover classifications.,subfield,U04.10,U04
"Process and analyze sequencing data to identify cancer-associated mutations, copy number alterations, or gene fusions.",subfield,U04.09,U04
Process and clean accelerometer or motion sensor data to derive physical activity metrics.,subfield,U04.11,U04
"Process and code textual data from earnings calls, annual reports, or press releases to construct strategic variables.",subfield,U04.06,U04
"Process and correct spatial datasets for geometric distortions, projection errors, or missing attribute information.",subfield,U04.10,U04
"Process and filter GPS trajectory data to identify meaningful stops, routes, and activity spaces of tourists.",subfield,U04.10,U04
Process and prepare social media text data for sentiment analysis or topic modeling.,subfield,U04.02,U04
Process and quality-check environmental DNA or metabarcoding data for species identification.,subfield,U04.09,U04
Process and quality-filter environmental DNA sequences for species identification and community composition analysis.,subfield,U04.09,U04
Process and standardize environmental datasets from multiple sources to ensure comparability across spatial and temporal scales.,subfield,U04.02,U04
"Process and verify open-source intelligence from news reports, social media, or satellite imagery for conflict analysis.",subfield,U04.14,U04
Process chromatographic data from food composition or contaminant analyses for quantification.,subfield,U04.13,U04
Process environmental DNA or microbiome sequencing data from aquatic samples for species detection and community analysis.,subfield,U04.09,U04
Process flight test data to remove sensor drift and atmospheric disturbance effects.,subfield,U04.01,U04
Process immune repertoire sequencing data to identify clonotypes and track antigen-specific lymphocyte expansion.,subfield,U04.09,U04
Process marker gene sequencing data to generate operational taxonomic units or amplicon sequence variants for community analysis.,subfield,U04.09,U04
Process mass spectral data through background subtraction and isotope pattern deconvolution for accurate mass determination.,subfield,U04.01,U04
Process mass spectrometry data to quantify drug concentrations in biological matrices.,subfield,U04.13,U04
Process mass spectrometry raw data for peptide and protein identification.,subfield,U04.01,U04
Process microbial sequencing data to characterize gut or rumen microbiome composition.,subfield,U04.09,U04
Process paradata and response timing data to identify problematic response patterns and satisficing behavior.,subfield,U04.14,U04
"Process raw GPS trajectories to extract trip segments, travel times, and route choices.",subfield,U04.10,U04
Process raw acoustic recordings to extract species detections and remove background noise.,subfield,U04.01,U04
Process raw analytical data from spectroscopic and chromatographic instruments to quantify waste composition.,subfield,U04.13,U04
Process raw chromatographic data from HPLC or mass spectrometry for drug concentration quantification.,subfield,U04.13,U04
Process raw chromatographic data to identify and quantify target pollutants and transformation products.,subfield,U04.13,U04
"Process raw diffraction data to correct for absorption, background, and systematic errors.",subfield,U04.01,U04
Process raw diffraction patterns or electron micrographs to extract structural information.,subfield,U04.01,U04
Process raw machine monitoring data to extract relevant features for quality prediction and fault detection.,subfield,U04.05,U04
"Process raw microscopy images through background subtraction, deconvolution, and noise reduction.",subfield,U04.10,U04
Process raw particle image pairs to compute instantaneous velocity vector fields.,subfield,U04.10,U04
Process raw sensor data to remove outliers and correct for instrument drift.,subfield,U04.01,U04
Process raw sensor signals from structural health monitoring systems to remove noise and drift.,subfield,U04.01,U04
Process raw sequencing data from animal samples to generate quality-filtered datasets for analysis.,subfield,U04.09,U04
Process raw spectral data from soil samples to derive nutrient and organic matter content.,subfield,U04.13,U04
Process raw spectroscopic data to confirm molecular structure and assess compound purity.,subfield,U04.13,U04
Process raw tick and order-level exchange records into analysis-ready price series and microstructure variables.,subfield,U04.05,U04
Process satellite imagery to extract flood inundation extents and landslide inventories.,subfield,U04.10,U04
Process sequencing data to identify pathogen species or strains using reference databases.,subfield,U04.09,U04
"Process sequencing data to identify pest species, assess genetic diversity, or detect resistance markers.",subfield,U04.09,U04
Process soil microbial sequencing data to identify taxa and functional gene abundances.,subfield,U04.09,U04
Process tissue specimens into sections or microarrays for microscopic and immunohistochemical analysis.,subfield,U04.12,U04
"Process tissue specimens through fixation, embedding, sectioning, and staining to prepare sections for microscopic examination.",subfield,U04.12,U04
Process transcriptomic data from differentiated cell populations to identify lineage-specific gene expression signatures.,subfield,U04.09,U04
Produce aggregate opinion estimates for geographic or demographic units by modeling survey microdata with population data.,subfield,U02.05,U02
"Produce and quality-control standardized resources, such as reference atlases or radiolabeled tracers, for brain imaging",subfield,U16.06,U16
Produce annotated line drawings of diagnostic morphological structures to accompany taxonomic descriptions.,subfield,U27.01,U27
Produce biofuels or biochemicals through fermentation or thermochemical conversion.,subfield,U01.15,U01
"Produce implementation toolkits, change packages, or guidance materials to support adoption of interventions across organizations.",subfield,U30.05,U30
Produce isotopically enriched samples for precision nuclear measurements.,subfield,U01.15,U01
Produce morpheme-by-morpheme interlinear glosses of transcribed texts.,subfield,U04.07,U04
Produce nanosheets or nanoparticles by top-down exfoliation or mechanical milling of bulk precursors.,subfield,U01.15,U01
Produce prototype medical devices and implants using additive manufacturing or conventional fabrication methods.,subfield,U16.06,U16
Profile gene and protein expression in cells or tissues to characterize biological responses and biosynthetic pathways.,subfield,U01.19,U01
Program iterative algorithms for fitting models when closed-form solutions are unavailable.,subfield,U09.05,U09
"Project future outcomes under demographic, macroeconomic, or policy scenarios.",subfield,U09.10,U09
Project future waste generation quantities using population and economic growth trends.,subfield,U09.10,U09
Propagate analytical errors through radiometric age dating calculations for volcanic deposits.,subfield,U02.09,U02
Propagate analytical uncertainties through concentration calculations and risk assessments.,subfield,U02.09,U02
Propagate analytical uncertainties through geochronological age calculations.,subfield,U02.09,U02
Propagate analytical uncertainties through geothermobarometric calculations and age determinations.,subfield,U02.09,U02
Propagate component tolerances through circuit analysis to determine output parameter variations.,subfield,U02.09,U02
Propagate dating uncertainties through calculations of evolutionary rates and divergence times.,subfield,U02.09,U02
Propagate deposition parameter variations through to predicted coating property uncertainties.,subfield,U02.09,U02
"Propagate errors in concentration, electrode area, and scan rate through electrochemical calculations.",subfield,U02.09,U02
Propagate errors through force calibration and distance measurements in single-molecule experiments.,subfield,U02.09,U02
Propagate errors through optical transfer functions and system response calculations.,subfield,U02.09,U02
Propagate errors through power flow and loss calculations to establish confidence intervals.,subfield,U02.09,U02
Propagate errors through quantum state reconstruction and parameter estimation procedures.,subfield,U02.09,U02
Propagate manufacturing tolerances and material property variations through structural analysis predictions.,subfield,U02.09,U02
Propagate measurement and sampling errors through climate trend calculations.,subfield,U02.09,U02
Propagate measurement errors through calculations of derived quantities such as vorticity and Reynolds stress.,subfield,U02.09,U02
Propagate measurement errors through control loop calculations to assess performance limits.,subfield,U02.09,U02
Propagate measurement errors through device performance calculations for MEMS/NEMS systems.,subfield,U02.09,U02
Propagate measurement errors through level-of-service calculations and capacity analyses.,subfield,U02.09,U02
Propagate measurement errors through life cycle inventory calculations for waste systems.,subfield,U02.09,U02
Propagate measurement errors through mass balance and loading calculations.,subfield,U02.09,U02
Propagate measurement errors through soil carbon stock calculations.,subfield,U02.09,U02
Propagate measurement uncertainties through calculations of energy efficiency and capacity retention.,subfield,U02.09,U02
Propagate measurement uncertainties through heat transfer coefficient and efficiency calculations.,subfield,U02.09,U02
Propagate measurement uncertainties through mass balance and yield calculations.,subfield,U02.09,U02
Propagate measurement uncertainties through rule-of-mixtures calculations for composite property predictions.,subfield,U02.09,U02
Propagate measurement uncertainty through calculations of ecosystem fluxes or population parameters.,subfield,U02.09,U02
Propagate measurement uncertainty through hierarchical models to obtain calibrated interval estimates.,subfield,U02.09,U02
Propagate measurement uncertainty through process capability calculations and quality metrics.,subfield,U02.09,U02
Propagate numerical integration errors to assess reliability of computed trajectories over long time horizons.,subfield,U02.09,U02
Propagate observational errors through derived quantities such as precipitation rates and wind shear.,subfield,U02.09,U02
Propagate parameter and sampling uncertainty through multi-stage estimation pipelines to derive uncertainty intervals for composite estimates.,subfield,U02.09,U02
Propagate protozoan parasites in culture or animal hosts to obtain material for downstream experiments,subfield,U01.20,U01
Propagate sensor uncertainties through perception and control pipelines to assess system reliability.,subfield,U02.09,U02
Propagate statistical and systematic uncertainties through nuclear data analysis.,subfield,U02.09,U02
Propagate systematic and statistical uncertainties through detector efficiency calculations.,subfield,U02.09,U02
"Propagate systematic uncertainties from detector effects, theoretical inputs, and background estimates.",subfield,U02.09,U02
Propagate thermal fluctuations and measurement uncertainties through thermodynamic calculations.,subfield,U02.09,U02
Propagate timing and synchronization errors through positioning accuracy calculations.,subfield,U02.09,U02
"Propagate uncertainties from temperature, field, and geometric factors through derived quantities.",subfield,U02.09,U02
Propagate uncertainties in molecular weight measurements through calculations of polymer properties.,subfield,U02.09,U02
Propagate uncertainties in plasma parameter measurements through derived quantities like beta and confinement time.,subfield,U02.09,U02
Propagate uncertainties through mathematical models to assess prediction reliability.,subfield,U02.09,U02
Propagate uncertainty from environmental covariates through species distribution model predictions.,subfield,U02.09,U02
Propagate uncertainty through computational pipelines to characterize variability in final outputs.,subfield,U02.09,U02
Propagate uncertainty through image-based measurements of anatomical structures or tissue properties.,subfield,U02.09,U02
Propagate uncertainty through probabilistic models using variance decomposition and sensitivity analysis.,subfield,U02.09,U02
Proportion and detail structural members and connections to satisfy design code requirements.,subfield,U30.03,U30
Propose chemical reaction mechanisms for nanoparticle formation from precursor reactivity and thermodynamic reasoning.,subfield,U12.02,U12
Propose environmental-justice hypotheses about the unequal distribution of exposures and health burdens across communities.,subfield,U12.02,U12
Propose evolutionary hypotheses explaining morphological or functional traits across animal taxa.,subfield,U12.02,U12
Propose gene-diet interaction hypotheses linking genetic variants to individual responses to nutrient intake.,subfield,U12.02,U12
Propose hybrid quantum architectures in which physically distinct systems are coherently coupled through a shared mediating element.,subfield,U30.01,U30
"Propose hypotheses about factors driving the emergence, resurgence, or geographic spread of pathogens.",subfield,U12.02,U12
"Propose hypotheses about how digital health tools affect care delivery, coordination, and patient outcomes.",subfield,U12.02,U12
Propose hypotheses about larval dispersal patterns and population connectivity in marine species.,subfield,U12.02,U12
Propose hypotheses about signal transduction pathways mediating hormonal or neural control of organ function.,subfield,U12.02,U12
"Propose hypotheses about the distribution, capacity, and retention of the global health workforce.",subfield,U12.02,U12
"Propose hypotheses about the effectiveness of maternal, newborn, and child health interventions.",subfield,U12.02,U12
Propose hypotheses about the natural history of chronic disease and progression from risk factors to clinical outcomes.,subfield,U12.02,U12
Propose hypotheses regarding species boundaries and cryptic diversity within taxonomic groups.,subfield,U12.02,U12
Propose mechanisms by which epigenetic modifications regulate gene expression in specific biological contexts.,subfield,U12.02,U12
Propose mechanisms by which genetic mutations or epigenetic alterations drive cancer development or therapeutic resistance.,subfield,U12.02,U12
Propose mechanisms by which immune cells recognize and respond to pathogens or tumor antigens.,subfield,U12.02,U12
Propose mechanisms by which neuroinflammatory processes contribute to neuronal damage or repair.,subfield,U12.02,U12
"Propose mechanisms for how processing conditions affect food quality attributes such as texture, color, or flavor.",subfield,U12.02,U12
Propose mechanisms linking cerebrovascular pathology to cognitive decline or stroke outcomes.,subfield,U12.02,U12
Propose mechanisms linking hepatitis viral infection to hepatocellular carcinoma development.,subfield,U12.02,U12
Propose mechanisms of antimicrobial resistance acquisition and transmission in bacterial populations.,subfield,U12.02,U12
"Propose mechanisms of drug action, metabolism, or resistance based on molecular and pharmacological data.",subfield,U12.02,U12
Propose mechanisms of drug metabolism involving cytochrome P450 enzymes and phase II conjugation reactions.,subfield,U12.02,U12
Propose mechanisms of plant resistance gene function against specific pathogen classes.,subfield,U12.02,U12
Propose mechanisms underlying plant-microbe or plant-fungal symbiotic interactions.,subfield,U12.02,U12
Propose mechanistic models for protein-protein or protein-ligand interactions.,subfield,U12.02,U12
Propose structural modifications of lead compounds to design analogs with improved pharmaceutical properties.,subfield,U30.03,U30
"Propose studies examining childhood undernutrition, stunting, and micronutrient deficiencies.",subfield,U12.02,U12
Propose studies of medical nutrition therapy for gastrointestinal and other clinical conditions.,subfield,U12.02,U12
"Propose study designs such as cohort, case-control, case-crossover, or test-negative designs suited to a given exposure-outcome question.",subfield,U07.02,U07
Protect patient privacy when collecting data during acute resuscitation events and trauma activations.,subfield,U19.03,U19
Protect sensitive health information of minors including reproductive health and mental health records.,subfield,U19.03,U19
"Prove boundedness and weighted norm inequalities for integral, maximal, and singular operators acting between function spaces.",subfield,U29.01,U29
"Prove characterization or impossibility theorems relating axiomatic properties of choice, allocation, or aggregation rules.",subfield,U29.01,U29
"Prove correctness of algorithms through mathematical induction, loop invariants, or formal verification techniques.",subfield,U09.07,U09
Prove existence or non-existence of combinatorial structures satisfying specified constraints.,subfield,U29.02,U29
Prove security properties of cryptographic protocols using formal reduction techniques.,subfield,U09.07,U09
"Prove sharp inequalities relating quantities of interest, identifying the optimal constants or extremal configurations.",subfield,U29.01,U29
"Prove that a discretization preserves discrete analogues of structural properties of the continuous system, such as conserved energy or positivity.",subfield,U09.07,U09
"Prove that dynamical properties hold generically, robustly, or for almost every parameter in a family using perturbation arguments.",subfield,U29.01,U29
Prove theorems by developing chains of logical arguments from established mathematical principles.,subfield,U29.01,U29
"Provide participants with clinical treatment, results counseling, or referral to care as part of the study protocol.",subfield,U19.05,U19
Purify and characterize catalyst materials to confirm structure and purity before catalytic testing.,subfield,U04.12,U04
"Purify and dry monomers, solvents, and reagents prior to polymerization to remove inhibitors, oxygen, and moisture.",subfield,U04.12,U04
"Purify and separate synthesized nanomaterials using centrifugation, filtration, or chromatographic methods.",subfield,U04.12,U04
"Purify and separate synthesized nanomaterials using centrifugation, filtration, or chromatographic techniques.",subfield,U04.12,U04
"Purify crude reaction mixtures using column chromatography, recrystallization, or distillation.",subfield,U04.12,U04
Purify or refine individual compounds and structures to serve as inputs for downstream analysis,subfield,U04.12,U04
"Purify synthesized compounds through recrystallization, sublimation, or chromatographic methods.",subfield,U04.12,U04
Purify synthesized compounds using chromatographic techniques to achieve required purity standards.,subfield,U04.12,U04
"Purify synthesized polymers through precipitation, dialysis, or chromatographic separation methods.",subfield,U04.12,U04
"Purify target analytes from bulk samples using chemical digestion, extraction, and chromatographic separation prior to analysis.",subfield,U04.12,U04
Quantify aerodynamic coefficient uncertainties from measurement repeatability and instrumentation accuracy.,subfield,U02.09,U02
Quantify agreement between algorithm-derived imaging outputs and reference standards using overlap or error metrics.,subfield,U02.07,U02
"Quantify anatomical, cellular, or staining-intensity traits from microscopy images using image analysis software.",subfield,U04.10,U04
Quantify and communicate posterior uncertainty in risk estimates for decision-making applications.,subfield,U02.09,U02
Quantify assemblage composition using standardized abundance indices such as NISP and MNI to characterize taxonomic and skeletal-part representation.,subfield,U04.05,U04
Quantify batch-to-batch variability in polymer synthesis through statistical analysis of replicate experiments.,subfield,U02.09,U02
Quantify biochemical constituents of tissue or soil samples using laboratory biomarker assays.,subfield,U04.13,U04
Quantify chemical constituent content of natural raw materials using wet-chemical analytical assays,subfield,U04.13,U04
Quantify compositional uncertainties from elemental analysis techniques and their effects on property correlations.,subfield,U02.09,U02
Quantify compositional uncertainty from energy-dispersive X-ray spectroscopy measurements.,subfield,U02.09,U02
Quantify confidence intervals for network performance measurements and propagate uncertainty through derived metrics.,subfield,U02.09,U02
Quantify demineralization and surface loss in dental hard-tissue specimens using microhardness and surface-profile measurements.,subfield,U04.13,U04
Quantify detection probability and account for imperfect detection in abundance estimates.,subfield,U02.10,U02
Quantify detection probability and account for imperfect detection in species occurrence or abundance estimates.,subfield,U02.10,U02
Quantify differentiation efficiency by comparing marker expression between treated and control cultures.,subfield,U04.13,U04
Quantify diffusion coefficients and electron transfer rate constants with associated uncertainty from voltammetric analysis.,subfield,U02.10,U02
Quantify dimensional uncertainties in nanofabricated features from imaging and metrology data.,subfield,U02.09,U02
Quantify element flows and process rates in sample incubations using isotopic labeling,subfield,U04.13,U04
"Quantify evoked potential component features, such as latency and amplitude, from neurophysiological recordings.",subfield,U04.11,U04
Quantify experimental reproducibility through replicate runs and statistical analysis.,subfield,U02.09,U02
"Quantify experimental uncertainty in force, pressure, and displacement measurements.",subfield,U02.09,U02
Quantify extracellular matrix components in tissues or cultures to assess fibrosis or matrix degradation.,subfield,U04.13,U04
"Quantify extracted parameters and their uncertainties by comparing results across successive orders, settings, or independent determinations",subfield,U02.09,U02
Quantify false positive and false negative rates for intrusion detection and malware classification systems.,subfield,U02.11,U02
Quantify frequencies of terms or publications in bibliographic and text corpora to measure trends in research or public attention.,subfield,U02.11,U02
Quantify genotoxicity endpoints such as chromosomal aberrations and DNA damage markers in exposed cells.,subfield,U04.13,U04
Quantify geometric dimensioning and tolerancing stack-up uncertainties in assembly processes.,subfield,U02.09,U02
Quantify how faithfully a transformed or reduced data representation preserves structural properties of the original data.,subfield,U09.09,U09
Quantify how methodological choices in data-processing pipelines affect derived climate results.,subfield,U02.08,U02
Quantify how parameter uncertainty affects model-based estimates through probabilistic and deterministic sensitivity analyses.,subfield,U02.09,U02
"Quantify image quality, resolution, and performance metrics to characterize imaging instruments or reconstruction methods.",subfield,U04.01,U04
Quantify kinematic parameters from movement recordings to characterize motor performance.,subfield,U04.11,U04
Quantify loading and release of incorporated species in carrier materials using extraction-based and mass-balance assays,subfield,U04.13,U04
Quantify magnetoelectric coupling from magnetization or dielectric response measured under applied electric or magnetic fields.,subfield,U04.05,U04
Quantify material and substance flows through production-consumption systems to account for resource use and losses.,subfield,U04.05,U04
Quantify measurement error in morphometric analyses and assess its impact on taxonomic or phylogenetic conclusions.,subfield,U02.09,U02
Quantify measurement uncertainties in efficiency calculations for power conversion systems.,subfield,U02.09,U02
"Quantify measurement uncertainty in antenna gain, path loss, and signal quality metrics.",subfield,U02.09,U02
Quantify measurement variability in biomechanical assessments across repeated trials and multiple subjects.,subfield,U02.09,U02
Quantify metabolite profiles in biological samples using mass spectrometry-based assays.,subfield,U04.13,U04
"Quantify model uncertainty through ensemble methods, dropout sampling, or Bayesian approaches.",subfield,U02.09,U02
Quantify nanomaterial production yield by weighing separated product fractions.,subfield,U04.13,U04
"Quantify numerical errors from basis set truncation, k-point sampling, and finite size effects in simulations.",subfield,U02.09,U02
Quantify numerical precision errors in floating-point rendering computations and geometric algorithms.,subfield,U02.09,U02
Quantify optical measurement uncertainties including detector noise and alignment tolerances.,subfield,U02.09,U02
Quantify pathogen burden in host tissues or fluids to monitor infection course and intervention efficacy.,subfield,U04.13,U04
Quantify pesticide residue concentrations in environmental and biological samples using chromatography–mass spectrometry.,subfield,U04.13,U04
"Quantify physiological biomarkers in blood or tissue samples to assess metabolic, hormonal, and immune status",subfield,U04.13,U04
Quantify pollutant concentrations in environmental matrices using chromatography and mass spectrometry techniques.,subfield,U04.13,U04
Quantify pollutant mass in experimental or environmental samples by gravimetric weighing after extraction or filtration.,subfield,U04.13,U04
Quantify population-level motility by measuring colony or swarm expansion in structured media.,subfield,U04.13,U04
"Quantify position, energy, and timing resolution uncertainties in detector performance metrics.",subfield,U02.09,U02
Quantify positional accuracy of geospatial datasets by comparing against higher-accuracy reference data.,subfield,U02.08,U02
Quantify positioning accuracy and repeatability errors in robot manipulation tasks.,subfield,U02.09,U02
Quantify precision and reproducibility of isotope ratio measurements for geochemical interpretations.,subfield,U02.09,U02
Quantify product amounts and species ratios in reaction mixtures by NMR or chromatographic analysis,subfield,U04.13,U04
Quantify protein band intensities from immunoblot images by densitometry relative to loading controls.,subfield,U04.13,U04
Quantify rates of structural and morphological change by analyzing time-resolved image or map series.,subfield,U04.10,U04
Quantify reactive functional and end-group content of polymers by titration or chemical decomposition assays.,subfield,U04.13,U04
Quantify reproductive output of dissected animals by counting eggs or oocytes and measuring gonad mass relative to body size.,subfield,U04.13,U04
Quantify resolution and uncertainty in seismic velocity models through checkerboard and sensitivity tests.,subfield,U02.09,U02
Quantify rumen fermentation characteristics such as volatile fatty acid concentrations and protozoal counts in digesta samples.,subfield,U04.13,U04
Quantify sampling and analytical uncertainties in environmental concentration measurements.,subfield,U02.09,U02
Quantify shape variation in skeletal structures using landmark digitization or surface registration in geometric morphometric analysis.,subfield,U04.05,U04
Quantify signals from labeled specimens or serial image series to produce measurements and reconstructions,subfield,U04.10,U04
Quantify soil or plant properties using instrument- or image-based measurement procedures,subfield,U04.10,U04
Quantify spatial uncertainty in soil property maps using geostatistical validation techniques.,subfield,U02.14,U02
Quantify specific microbial physiological activities using calibrated biophysical assays.,subfield,U04.13,U04
Quantify specific molecular targets in biological samples using targeted PCR-based assays,subfield,U04.13,U04
Quantify statistical uncertainties in measured quantum fidelities and entanglement witnesses.,subfield,U02.09,U02
"Quantify statistical uncertainty through confidence intervals, credible intervals, and standard errors.",subfield,U02.09,U02
Quantify system performance and risk levels against regulatory or safety thresholds,subfield,U02.11,U02
"Quantify systematic errors from instrumental effects, calibration standards, or atmospheric conditions.",subfield,U02.09,U02
Quantify systematic errors in plasma diagnostics due to spatial averaging and line-of-sight integration.,subfield,U02.09,U02
Quantify the economic costs of animal disease and the financial returns of control interventions using economic models.,subfield,U02.02,U02
Quantify the extent of chemical modification of biomaterials using gravimetric and extraction-based analysis.,subfield,U02.10,U02
Quantify the relative importance of individual input features to a trained model's predictions.,subfield,U02.09,U02
Quantify the topological structure of ecological interaction networks using graph-theoretic metrics.,subfield,U02.11,U02
Quantify timing jitter and phase noise contributions in clock and oscillator circuits.,subfield,U02.09,U02
"Quantify treatment effects on neuronal viability, synaptic function, or molecular markers while controlling for experimental variables.",subfield,U02.01,U02
"Quantify uncertainties in compositional analysis, lattice parameter determination, and phase fraction measurements.",subfield,U02.09,U02
Quantify uncertainties in earthquake hypocenter locations and focal mechanism solutions.,subfield,U02.09,U02
"Quantify uncertainties in measured binding affinities, rate constants, and thermodynamic parameters.",subfield,U02.09,U02
"Quantify uncertainties in measured cross-sections, half-lives, and branching ratios.",subfield,U02.09,U02
Quantify uncertainty bounds in system parameters for robust controller design.,subfield,U02.09,U02
Quantify uncertainty in climate projections arising from model spread and internal variability.,subfield,U02.09,U02
Quantify uncertainty in composition measurements from spectroscopic and chemical analysis methods.,subfield,U02.09,U02
"Quantify uncertainty in density, porosity, and grain size measurements from multiple sample preparations.",subfield,U02.09,U02
"Quantify uncertainty in derived quantities such as heat flux, transport, and mixing rates.",subfield,U02.09,U02
Quantify uncertainty in film thickness measurements arising from surface roughness and optical model assumptions.,subfield,U02.09,U02
Quantify uncertainty in hazard model outputs and propagate errors through risk calculations.,subfield,U02.09,U02
Quantify uncertainty in material strength parameters and propagate through structural reliability analyses.,subfield,U02.09,U02
"Quantify uncertainty in measured yields, selectivities, and enantiomeric excess values.",subfield,U02.09,U02
Quantify uncertainty in model predictions through calibration analysis and error characterization.,subfield,U02.09,U02
Quantify uncertainty in nanoparticle size distributions measured by dynamic light scattering or microscopy.,subfield,U02.09,U02
Quantify uncertainty in performance measurements and propagate errors through scalability projections.,subfield,U02.09,U02
"Quantify uncertainty in software metrics due to incomplete data, sampling bias, or measurement limitations.",subfield,U02.09,U02
Quantify uncertainty in streamflow measurements and propagate errors through flood frequency analyses.,subfield,U02.09,U02
"Quantify uncertainty in surface area, pore volume, and crystallite size measurements.",subfield,U02.09,U02
"Quantify uncertainty in sustainability indicators arising from data gaps, measurement variability, and model assumptions.",subfield,U02.09,U02
Quantify uncertainty in traffic forecasts due to variability in demand and network conditions.,subfield,U02.09,U02
Quantify uncertainty in velocity measurements due to seeding particle response and optical distortion.,subfield,U02.09,U02
Quantify uncertainty in waste generation estimates and material flow analyses.,subfield,U02.09,U02
Quantify uncertainty ranges in climate projections arising from model structural differences and internal variability.,subfield,U02.09,U02
Quantify variability in biomaterial properties across multiple sample batches and biological replicates.,subfield,U02.09,U02
Quantify variability in composite mechanical properties arising from manufacturing defects and fiber misalignment.,subfield,U02.09,U02
Quantify variability in electrochemical performance across replicate cell assemblies.,subfield,U02.09,U02
Raise objections to one's own philosophical argument and develop replies that refine the position.,subfield,U28.03,U28
Ramp magnetic fields through Feshbach resonances to tune interatomic interactions in ultracold gases.,subfield,U01.21,U01
Re-run analyses under alternative parameter or pipeline choices to test the robustness of neuroimaging findings.,subfield,U02.08,U02
Read an individual work against the author's wider corpus to trace developmental continuity across the oeuvre.,subfield,U28.01,U28
Rear and maintain insect colonies under controlled laboratory conditions for experimental use.,subfield,U16.03,U16
Reassemble fragmentary or commingled skeletal remains into analytic specimens and estimate missing morphology.,subfield,U04.12,U04
Reassess claims about readers or prior findings by reasoning from existing textual evidence rather than new empirical data.,subfield,U28.01,U28
Reassess published historical estimates by re-examining their sources and methods to reconcile conflicting findings.,subfield,U24.02,U24
"Recalculate chemical analyses into mineral structural formulae, end-member proportions, and normative mineralogy using stoichiometric and charge-balance constraints.",subfield,U04.05,U04
Recode and harmonize offense categories across different data sources or jurisdictions to enable comparative analysis.,subfield,U04.02,U04
Recode and harmonize thematic classes across land cover products into a consistent classification scheme.,subfield,U04.02,U04
Recode and standardize user-generated content and text responses from digital platforms.,subfield,U04.06,U04
Recode diagnostic categories or health conditions using standardized classification systems.,subfield,U04.02,U04
Recode inconsistent racial and ethnic self-identifications to create analytically useful categories while preserving respondent meaning.,subfield,U04.02,U04
Recode narrative feedback from clinical supervisors into analyzable categories.,subfield,U04.06,U04
Recode open-ended responses about religious identity and spiritual experiences into analytical categories.,subfield,U04.06,U04
"Recode open-ended survey responses about business models, innovation types, or entrepreneurial motivations into analytical categories.",subfield,U04.06,U04
Recode open-ended survey responses about educational experiences or career aspirations into analyzable categories.,subfield,U04.06,U04
Recode open-ended survey responses about educational policies into thematic categories for analysis.,subfield,U04.06,U04
Recode open-ended survey responses about neighborhood concerns or planning priorities into thematic categories.,subfield,U04.06,U04
Recode open-ended survey responses about policy preferences or public service experiences into analyzable categories.,subfield,U04.06,U04
Recode open-ended survey responses about political issues or candidate evaluations into analyzable categories.,subfield,U04.06,U04
Recode open-ended survey responses about travel experiences and service encounters into analyzable categories.,subfield,U04.06,U04
Recode self-reported custody arrangements and parenting time schedules into analyzable categories.,subfield,U04.06,U04
Recode survey responses on supply chain practices into constructs for statistical analysis.,subfield,U04.06,U04
Reconcile and merge datasets from multiple financial databases using firm and security identifiers.,subfield,U04.04,U04
Reconcile dates from multiple independent chronometric methods with stratigraphic sequences into an integrated site chronology.,subfield,U04.04,U04
Reconcile differences in legal terminology and concepts across jurisdictions to enable meaningful comparison.,subfield,U04.02,U04
Reconcile discrepancies between manuscript versions and published editions of philosophical works.,subfield,U28.05,U28
Reconcile inconsistent stratigraphic or typological classifications in legacy datasets.,subfield,U04.02,U04
Reconcile independently derived top-down and bottom-up greenhouse gas flux estimates into consistent regional or global budgets.,subfield,U04.04,U04
Reconcile laboratory values measured with different assays or reference ranges across clinical sites.,subfield,U04.02,U04
"Reconstruct and compare the intellectual genealogies of anthropological concepts across scholars, institutions, and regional traditions.",subfield,U28.04,U28
Reconstruct and measure internal anatomy from serial sections or volumetric image stacks using digital segmentation.,subfield,U04.10,U04
Reconstruct and quantify three-dimensional volumes from stacks of serial or sectional images,subfield,U04.10,U04
Reconstruct and systematize arguments from primary sources to facilitate critical analysis.,subfield,U28.03,U28
Reconstruct arguments in public discourse into premise-conclusion structures and evaluate their soundness.,subfield,U28.03,U28
Reconstruct care-pathway timelines from records and informants to derive intervals such as delay to presentation or time to treatment.,subfield,U04.05,U04
Reconstruct gridded historical land-use and nutrient input datasets to serve as forcing data for climate and biogeochemical models.,subfield,U04.04,U04
Reconstruct historical episodes and economic behavior through interpretive narrative analysis of primary sources.,subfield,U28.04,U28
Reconstruct images computationally from raw intensity measurements using inverse algorithms,subfield,U04.10,U04
Reconstruct images or three-dimensional structures computationally from projection series or single-molecule localizations.,subfield,U04.10,U04
Reconstruct internal anatomy of fossil specimens in three dimensions by segmenting tomographic scan data.,subfield,U04.10,U04
Reconstruct phylogenetic relationships among taxa from marker gene sequence data,subfield,U02.13,U02
Reconstruct phylogenetic relationships and ancestor–descendant lineages among fossil taxa from morphological and chronological evidence.,subfield,U02.13,U02
Reconstruct population age or size structure of fossil assemblages from measurements of individual specimens.,subfield,U04.05,U04
Reconstruct quantitative paleoenvironmental conditions from fossil assemblage composition using modern taxon–environment relationships.,subfield,U02.10,U02
"Reconstruct source-language technical terms and names underlying texts preserved only in translation, using phonological and comparative evidence.",subfield,U28.05,U28
Reconstruct the arguments of legal-theoretical texts to assess their logical structure and internal coherence.,subfield,U28.03,U28
Reconstruct the biography and intellectual formation of legal theorists from archival and secondary sources.,subfield,U28.04,U28
"Reconstruct the compositional history of a text by distinguishing redactional layers, source traditions, and literary dependence.",subfield,U28.05,U28
"Reconstruct the content and structure of lost or fragmentary texts from citations, paraphrases, and surviving translations preserved in other works.",subfield,U28.05,U28
Reconstruct the historical development of institutions or research traditions through analysis of primary documents.,subfield,U28.04,U28
"Reconstruct the historical origins and semantic development of lexical items using etymological, lexicographic, and comparative sources.",subfield,U28.05,U28
Reconstruct the organization and reception of state propaganda or information campaigns from administrative and testimonial evidence.,subfield,U28.04,U28
Reconstruct the sound system of a historical language by interpreting the graphemic conventions of the scripts that record it.,subfield,U28.05,U28
Reconstruct trophic relationships among fossil taxa to characterize ancient ecosystems.,subfield,U02.11,U02
Record UV-visible absorption spectra to characterize electronic transitions in metal complexes.,subfield,U01.17,U01
Record airway device insertion success and airway-related complications during anesthetic management.,subfield,U01.10,U01
"Record and collect audio or video samples of natural speech, narratives, or ritual language during fieldwork.",subfield,U01.08,U01
"Record and document live performances using video, audio, or notation systems for subsequent analysis.",subfield,U01.08,U01
"Record and transcribe interviews with musicians, composers, or music educators about their practices and experiences.",subfield,U01.07,U01
"Record atomic and molecular spectra using photodetectors, spectrometers, or imaging systems.",subfield,U01.17,U01
Record behavioral observations of organisms in natural or semi-natural environments.,subfield,U18.01,U18
Record charge-discharge profiles and coulombic efficiency data for energy storage device evaluation.,subfield,U01.18,U01
"Record detailed field observations of animal behavior, habitat conditions, and environmental variables.",subfield,U01.12,U01
Record developer interactions and behaviors during programming tasks using instrumented development environments.,subfield,U01.09,U01
"Record disease incidence, severity ratings, and environmental conditions throughout experimental trials.",subfield,U01.12,U01
Record electrophysiological data using electroencephalography or electromyography for diagnostic or research purposes.,subfield,U01.09,U01
"Record electrophysiological signals from human participants using EEG, MEG, or intracranial electrodes.",subfield,U01.09,U01
Record eye movements during reading or visual world paradigms to capture real-time language processing.,subfield,U01.09,U01
Record force-displacement curves and surface topography using scanning probe microscopes.,subfield,U01.17,U01
Record force-extension curves and mechanical responses of single molecules or cellular structures.,subfield,U01.17,U01
Record heat capacity and thermal transport data to characterize thermodynamic properties.,subfield,U01.17,U01
Record motion capture and force plate data during human movement studies.,subfield,U01.09,U01
"Record optical power, spectral response, and quantum efficiency of photonic devices.",subfield,U01.18,U01
Record or derive trait and environmental descriptors for crops to characterize plants and their growing conditions,subfield,U01.12,U01
Record parent-child or peer interactions for subsequent behavioral coding and analysis.,subfield,U01.08,U01
Record particle detection events from charged particle or neutron detectors.,subfield,U01.17,U01
Record peripheral physiological signals synchronized with neural or imaging measurements.,subfield,U01.09,U01
Record physiological and behavioral indicators of stress and welfare in animals under varying environmental conditions.,subfield,U01.11,U01
"Record propulsion performance data including thrust, specific impulse, and combustion efficiency.",subfield,U01.18,U01
Record sociolinguistic interviews to capture spontaneous speech samples for phonetic and morphosyntactic analysis.,subfield,U01.07,U01
"Record spatial provenience of finds using total stations, GPS, or photogrammetry during fieldwork.",subfield,U01.12,U01
Record species occurrence data through systematic visual or auditory surveys.,subfield,U01.12,U01
Record standardized dental caries indices using visual-tactile examination methods.,subfield,U01.10,U01
Record standardized procedural performance metrics such as completion time and operator-rated difficulty to assess technical quality,subfield,U01.09,U01
Record the codicological and layout features of a manuscript to characterize its production context.,subfield,U01.03,U01
"Record thermodynamic data using calorimeters, vapor pressure apparatus, or electrochemical cells.",subfield,U01.17,U01
Record user interaction data and eye-tracking measurements during visualization tasks.,subfield,U01.09,U01
Record video of animal behavior and recovery for standardized blinded post-hoc scoring.,subfield,U01.11,U01
"Record video, audio, or instrumented-device performance data during real or simulated resuscitations to quantify rescuer and team performance.",subfield,U01.09,U01
Recruit and follow pregnant women and their infants while minimizing loss to follow-up in longitudinal cohorts.,subfield,U01.05,U01
"Recruit and train community members, interpreters, or assistants to carry out culturally appropriate data collection.",subfield,U01.04,U01
"Recruit cancer patients meeting specific eligibility criteria based on tumor type, stage, and prior treatments.",subfield,U01.05,U01
Recruit healthy volunteers for controlled feeding or nutrient supplementation trials.,subfield,U01.05,U01
Recruit matched comparison groups to benchmark target patients' cognitive performance against controls.,subfield,U01.05,U01
Recruit participants from underserved and high-risk communities for population nutrition studies.,subfield,U01.05,U01
"Recruit participants through health care settings, patient advocacy groups, or community health organizations.",subfield,U01.05,U01
"Recruit participants with psychiatric disorders from inpatient units, outpatient clinics, or community mental health centers.",subfield,U01.05,U01
"Recruit participants with specific language profiles, such as monolinguals, bilinguals, or individuals with language disorders, through university or community networks.",subfield,U01.05,U01
Recruit participants with specific neurological conditions or healthy controls for brain recording studies.,subfield,U01.05,U01
"Recruit patients and caregivers from inpatient units, outpatient clinics, or long-term care facilities for study participation.",subfield,U01.05,U01
Recruit patients from dialysis centers and transplant clinics for longitudinal outcome studies.,subfield,U01.05,U01
Recruit patients from general practice clinics for studies on common medical conditions.,subfield,U01.05,U01
Recruit patients undergoing joint replacement or reconstructive surgery for prospective outcome studies.,subfield,U01.05,U01
Recruit patients with chronic liver disease from hepatology clinics for longitudinal cohort studies.,subfield,U01.05,U01
Recruit patients with chronic respiratory conditions from pulmonary clinics and rehabilitation programs.,subfield,U01.05,U01
Recruit patients with confirmed infections or at-risk populations for prospective cohort studies or clinical trials.,subfield,U01.05,U01
Recruit patients with obesity or clinical nutrition disorders from specialty and primary care clinics.,subfield,U01.05,U01
"Recruit patients with specific cardiovascular conditions such as heart failure, atrial fibrillation, or acute coronary syndromes for clinical studies.",subfield,U01.05,U01
Recruit patients with specific ocular or otologic conditions from subspecialty clinics for prospective studies.,subfield,U01.05,U01
Recruit patients with specific skin conditions from dermatology clinics for prospective studies.,subfield,U01.05,U01
Recruit pediatric participants and their families for studies examining brain development or neurodevelopmental disorders.,subfield,U01.05,U01
"Recruit pediatric participants through schools, pediatric clinics, or community health settings with family engagement.",subfield,U01.05,U01
Recruit population-based or high-risk cohorts to follow incident infections and risk behaviors over time.,subfield,U01.05,U01
Recruit pregnant women at specific gestational ages for longitudinal pregnancy studies.,subfield,U01.05,U01
"Recruit pregnant women, mothers, and children through prenatal and pediatric care settings.",subfield,U01.05,U01
"Recruit study participants by drawing on population registries, epidemiological cohorts, or other existing large-scale probability samples.",subfield,U01.05,U01
Recruit surgical patients for studies evaluating anesthetic techniques or perioperative interventions.,subfield,U01.05,U01
Recruit surgical patients preoperatively and coordinate specimen collection during procedures.,subfield,U01.05,U01
Recruit twin and sibling pairs through registries or media outreach for genetically informative designs.,subfield,U01.05,U01
"Recruit, screen, and compensate study participants to obtain a target sample.",subfield,U01.05,U01
"Refine candidate robot paths into smooth, dynamically feasible trajectories through optimization or post-processing.",subfield,U09.11,U09
Refine crystal structure models against diffraction data to determine atomic positions and bond parameters.,subfield,U09.05,U09
Refine crystal structures by fitting diffraction data using Rietveld analysis methods.,subfield,U09.05,U09
Refine crystal structures by fitting diffraction patterns to structural models.,subfield,U09.05,U09
Refine crystal structures by fitting theoretical diffraction models to experimental patterns.,subfield,U09.05,U09
Refine or extend an existing theoretical framework by mapping empirically derived categories onto it.,subfield,U29.03,U29
"Refine structural models against experimental scattering, diffraction, or spectroscopic constraints.",subfield,U09.05,U09
Reformulate component models into simplified or linearized forms to make large-scale energy system computations tractable.,subfield,U09.11,U09
Regress thermodynamic parameters from phase equilibrium measurements.,subfield,U02.10,U02
Relate compound structural features to measured activity across compound sets to derive predictive structure-activity models.,subfield,U02.02,U02
Relate documented life events and personal records of an author to features of the literary work to establish biographical influence.,subfield,U28.01,U28
"Relate spectral band positions, splittings, and intensities to structural features to establish structure-spectrum relationships.",subfield,U02.10,U02
Release fabricated films or devices from their growth substrate and transfer them onto flexible or otherwise incompatible target substrates.,subfield,U30.04,U30
Remove electronic noise and artifacts from detector signals using digital filtering techniques.,subfield,U04.01,U04
Remove pile-up contributions from overlapping collision events in high-luminosity data.,subfield,U04.01,U04
Remove thermal drift and background signals from low-temperature transport measurements.,subfield,U04.01,U04
Remove tidal signals from sea level and current measurements to isolate subtidal variability.,subfield,U04.01,U04
Replicate nanostructured or textured surfaces into polymer parts by molding and casting from master templates.,subfield,U30.04,U30
Report clinical trial results and surgical case series in veterinary journals and continuing-education venues for practitioners.,subfield,U10.01,U10
Resolve cryospheric quantities by sampling or partitioning distinct spatial units,subfield,U04.05,U04
Resolve nomenclatural questions under the codes of nomenclature to fix the correct application of taxon names.,subfield,U04.08,U04
Resolve overlapping spectral bands of multiple components to quantify individual analytes without physical separation.,subfield,U04.01,U04
Retrieve atmospheric profiles from ground-based and airborne remote-sensing instruments.,subfield,U01.14,U01
Retrieve atmospheric variables from satellite radiometer and sounder data products.,subfield,U01.14,U01
Retrieve biophysical parameters by inverting radiative transfer models against measured spectral reflectance.,subfield,U09.05,U09
Retrieve climate variables from satellite remote sensing platforms for global and regional analysis.,subfield,U01.14,U01
"Retrieve data from autonomous platforms including gliders, floats, and drifters.",subfield,U01.14,U01
Return transcripts and preliminary interpretations to participants and community partners for verification and refinement of findings.,subfield,U28.06,U28
Review ethnomedicinal use records of candidate species to guide selection and interpretation of natural product studies.,subfield,U24.03,U24
Revise technology-mediated courses or training materials iteratively based on formative evaluation feedback.,subfield,U08.01,U08
Run Earth system model simulations to project future climate under different emission scenarios.,subfield,U09.03,U09
Run Monte Carlo event generators to simulate particle production and decay processes.,subfield,U09.03,U09
Run Monte Carlo simulations of spin systems to model finite-temperature magnetic behavior.,subfield,U09.04,U09
Run Monte Carlo simulations to model quantum phase transitions and critical phenomena.,subfield,U09.04,U09
Run Monte Carlo simulations to model thermodynamic properties of spin systems.,subfield,U09.04,U09
Run Monte Carlo simulations to sample equilibrium configurations of statistical mechanical systems.,subfield,U09.04,U09
Run N-body or hydrodynamic simulations of galaxy formation and large-scale structure evolution.,subfield,U09.03,U09
Run SPICE-based circuit simulations to verify analog and digital circuit performance.,subfield,U09.03,U09
Run ablation studies to quantify contributions of individual model components.,subfield,U09.09,U09
Run batch experiments to evaluate algorithm scalability across varying data sizes.,subfield,U09.09,U09
Run computational experiments to simulate model behavior under different input conditions and perturbations.,subfield,U09.09,U09
Run computational fluid dynamics simulations to optimize reactor design and mixing conditions.,subfield,U09.11,U09
Run computational fluid dynamics simulations to predict aerodynamic loads and flow phenomena.,subfield,U09.03,U09
Run computational fluid dynamics simulations using finite volume or spectral methods.,subfield,U09.03,U09
Run computational searches for counterexamples to open conjectures in number theory.,subfield,U29.02,U29
Run computational simulations of catalytic reaction pathways to identify rate-determining steps.,subfield,U09.04,U09
Run computational simulations of user behavior to evaluate interface designs before user testing.,subfield,U09.03,U09
Run cryptanalytic simulations to estimate computational complexity of attacks against cipher implementations.,subfield,U09.09,U09
Run discrete-event network simulations to evaluate protocol behavior under varied traffic loads and network topologies.,subfield,U09.03,U09
"Run ecosystem process models to simulate carbon, water, or nutrient cycling under different scenarios.",subfield,U09.12,U09
"Run electromagnetic simulations to analyze antenna characteristics, wave propagation, and interference patterns.",subfield,U09.03,U09
Run environmental fate models to simulate pollutant distribution and transformation across compartments.,subfield,U09.03,U09
Run field experiments by randomizing treatments in natural economic environments to measure behavioral responses.,subfield,U01.21,U01
Run finite element simulations of mechanical stress and deformation in MEMS structures.,subfield,U09.03,U09
"Run finite element simulations of metal forming, welding, or machining processes to predict deformation and residual stresses.",subfield,U09.03,U09
Run finite element simulations of structural systems under static and dynamic loading.,subfield,U09.03,U09
"Run finite element simulations to analyze stress distributions in implants, prosthetics, or biological tissues.",subfield,U09.03,U09
Run finite element simulations to predict stress distributions and failure modes in composite structures.,subfield,U09.03,U09
Run finite-difference or spectral-element simulations of seismic wave propagation through heterogeneous Earth models.,subfield,U09.03,U09
Run global or regional climate model simulations to project future atmospheric conditions.,subfield,U09.03,U09
Run hydrological simulations using terrain models to delineate watersheds and predict flow accumulation.,subfield,U09.03,U09
"Run integrated assessment models to simulate interactions between climate, land use, and socioeconomic systems.",subfield,U09.10,U09
Run large-scale computational experiments on high-performance computing clusters or cloud infrastructure.,subfield,U09.03,U09
Run large-scale simulations of distributed algorithms to evaluate correctness and performance under varying conditions.,subfield,U09.09,U09
Run life cycle assessment simulations to compare environmental impacts of waste management scenarios.,subfield,U09.10,U09
Run load flow and contingency simulations to assess power system operating conditions.,subfield,U09.03,U09
Run molecular dynamics or Monte Carlo simulations to predict polymer chain configurations and thermodynamic properties.,subfield,U09.04,U09
Run molecular dynamics or density functional theory simulations to model material behavior and properties.,subfield,U09.04,U09
Run molecular dynamics or density functional theory simulations to predict glass structure and properties.,subfield,U09.04,U09
Run molecular dynamics simulations of proteins and protein-ligand complexes to characterize conformational stability and binding dynamics.,subfield,U09.04,U09
"Run molecular dynamics simulations to model biomolecular structure, dynamics, and interactions.",subfield,U09.04,U09
Run molecular dynamics simulations to model chemical systems at finite temperature.,subfield,U09.04,U09
Run molecular dynamics simulations to study atomic-scale structure and dynamics of materials.,subfield,U09.04,U09
Run multibody dynamics simulations to analyze mechanism kinematics and kinetics.,subfield,U09.03,U09
Run numerical models of groundwater flow and solute transport in aquifer systems.,subfield,U09.03,U09
"Run numerical simulations of flood inundation, debris flows, or tsunami propagation.",subfield,U09.03,U09
Run numerical simulations of geometric flows to visualize evolution of curves and surfaces.,subfield,U09.03,U09
Run numerical simulations of surface water and groundwater interactions across watershed systems.,subfield,U09.03,U09
Run numerical simulations to test controller behavior under varying disturbances and parameter uncertainties.,subfield,U09.09,U09
Run paleobiogeographic simulations to model dispersal patterns and range evolution of fossil lineages.,subfield,U09.12,U09
Run particle-in-cell simulations of plasma kinetic behavior and wave-particle interactions.,subfield,U09.03,U09
"Run physically-based simulations of light transport, fluid dynamics, or deformable objects for visual synthesis.",subfield,U09.03,U09
Run physics-based simulations of robot dynamics and sensor models to validate algorithms before hardware deployment.,subfield,U09.03,U09
Run rapid iterative improvement cycles that use ongoing feedback to adapt implementation strategies mid-course.,subfield,U30.02,U30
Run regional ocean circulation models to simulate current patterns and water mass distributions.,subfield,U09.03,U09
Run spatially distributed hydrological models to simulate watershed-scale soil-water dynamics.,subfield,U09.03,U09
Run spatially explicit population simulations to project species responses to management scenarios.,subfield,U09.12,U09
Run thermal and mechanical simulations of lithospheric deformation in tectonic settings.,subfield,U09.03,U09
Run thermodynamic modeling software to predict equilibrium mineral assemblages and phase proportions.,subfield,U09.03,U09
Run traffic microsimulation models to evaluate intersection designs and signal timing plans.,subfield,U09.03,U09
"Safeguard participants' emotional wellbeing during and after sensitive health interviews, including responses to distress disclosures.",subfield,U19.05,U19
Sample insect vectors to assess pathogen transmission and vector population dynamics.,subfield,U01.12,U01
Sample plant root systems and rhizosphere soil to assess root-soil interactions.,subfield,U01.12,U01
Scale up synthetic procedures from milligram to gram quantities while maintaining yield and selectivity.,subfield,U30.04,U30
"Score and classify pathological lesions, trauma patterns, or developmental anomalies observed on skeletal remains.",subfield,U04.08,U04
Score and code open-ended responses on academic assessments or learning reflections.,subfield,U04.06,U04
Score and code student responses using established rubrics and inter-rater reliability procedures.,subfield,U04.06,U04
Score body condition of livestock using standardized visual and palpation scales.,subfield,U01.11,U01
Screen and clean response data for inattentive responding or failed manipulation checks in online experiments.,subfield,U04.14,U04
Screen and rank species against defined criteria to produce prioritized lists for management or conservation promotion.,subfield,U04.08,U04
"Screen and recruit participants based on cognitive ability, neurological status, or demographic criteria.",subfield,U01.05,U01
Screen and recruit participants based on neurological health status and medication use criteria.,subfield,U01.05,U01
"Screen and recruit participants based on neurological health status, sensory function, or sleep-wake patterns.",subfield,U01.05,U01
Screen candidate item pools against content and psychometric criteria before scale construction.,subfield,U07.07,U07
Screen candidate predictor variables for relevance and redundancy before model fitting,subfield,U04.14,U04
Screen computational materials databases with descriptor-based criteria to identify candidate materials with target characteristics.,subfield,U09.11,U09
Screen data for multivariate outliers using distance measures and leverage diagnostics.,subfield,U04.14,U04
Screen marine-derived extracts or biomolecules for bioactivity using in vitro assays such as antioxidant or antimicrobial tests.,subfield,U01.19,U01
Screen panels of candidate molecules using high-throughput expression or multiplex assays to identify disease-associated markers.,subfield,U01.19,U01
Search and screen published studies against explicit inclusion criteria to assemble a corpus for synthesis.,subfield,U24.01,U24
Search archival case records or multicenter registries retrospectively to identify and characterize rare pathological findings.,subfield,U01.01,U01
"Search corpora of regional-language texts for specific terms or passages, treating their presence or absence as evidence of transmission.",subfield,U04.06,U04
Search over surrogate model predictions to select structures or processing conditions that achieve target properties.,subfield,U09.11,U09
Segment and annotate speech recordings to extract acoustic-phonetic measurements for analysis.,subfield,U04.11,U04
Segment and quantify cellular features from microscopy images using image analysis software.,subfield,U04.10,U04
Segment brain images into tissue types or anatomical regions for volumetric analysis.,subfield,U04.10,U04
Segment micrographs or volumetric datasets into phases and discrete features for quantitative analysis.,subfield,U04.10,U04
Select age-appropriate clinical endpoints and outcome measures validated for pediatric populations.,subfield,U07.14,U07
"Select and adapt standardized neuropsychological test batteries to assess specific cognitive domains such as memory, attention, or executive function.",subfield,U07.03,U07
Select and adapt validated personality inventories to measure trait dimensions in target populations.,subfield,U07.03,U07
"Select and adapt validated psychometric instruments to measure health behaviors, symptoms, or quality of life.",subfield,U07.03,U07
Select and adapt validated symptom measures and diagnostic screening instruments for study populations.,subfield,U07.03,U07
Select and administer radiotracers with specified dose and timing to acquire PET data of molecular targets.,subfield,U01.10,U01
Select and classify comparison institutions using explicit criteria or external typologies to structure cross-institutional studies.,subfield,U07.01,U07
Select and configure baseline algorithms for fair comparative evaluation of proposed methods.,subfield,U07.01,U07
Select and group subjects by naturally occurring phenotypic or trait differences to study individual variation in behavior.,subfield,U07.06,U07
Select and justify an overarching research design or methodological approach aligned with the study's questions.,subfield,U07.01,U07
Select and justify comparison countries or organizations for benchmarking analysis.,subfield,U07.01,U07
Select and validate scale items to ensure adequate factor loadings and internal consistency for multivariate analysis.,subfield,U07.07,U07
Select appropriate control arms for cancer trials considering standard-of-care treatments and ethical constraints.,subfield,U07.02,U07
Select appropriate inter-rater reliability coefficients based on measurement scale and number of raters.,subfield,U02.07,U02
Select appropriate model organisms or cell lines for investigating gene function.,subfield,U07.13,U07
Select appropriate molecular markers and gene regions for phylogenetic analysis at target taxonomic levels.,subfield,U07.13,U07
Select appropriate protecting group strategies to achieve chemoselectivity in multistep syntheses.,subfield,U30.03,U30
Select appropriate reference and counter electrodes to ensure accurate potential measurements and minimize artifacts.,subfield,U07.11,U07
"Select bandwidth, smoothing, or regularization parameters for nonparametric and penalized estimators using data-driven procedures.",subfield,U02.16,U02
Select behavioral measures and neural outcome variables that align with cognitive constructs under investigation.,subfield,U07.14,U07
Select illustrative or comparative cases from secondary sources to support a conceptual argument,subfield,U24.03,U24
Select ingroup and outgroup taxa for inclusion in phylogenetic data matrices.,subfield,U07.01,U07
"Select pharmacological agents and doses for in vivo studies based on prior selectivity, potency, and exposure data.",subfield,U07.11,U07
Select study sites or facilities purposively based on contextual characteristics such as geography or socioeconomic status.,subfield,U07.06,U07
Select substrates and design buffer or template layers based on lattice and chemical matching to control epitaxial strain and orientation.,subfield,U07.11,U07
Select validated behavioral assays and outcome measures appropriate for the neural systems under investigation.,subfield,U07.14,U07
Select validated biomarkers of nutrient status and metabolic function as primary study endpoints.,subfield,U07.14,U07
"Select validated clinical endpoints such as weight change, glycemic control, and metabolic risk markers.",subfield,U07.14,U07
"Select validated metabolic endpoints including lipid profiles, body composition measures, and insulin sensitivity indices.",subfield,U07.14,U07
Select validated neurological outcome measures and rating scales appropriate for the target condition and patient population.,subfield,U07.14,U07
Selectively cleave polymer chains chemically to isolate and characterize backbone segments or grafted side chains.,subfield,U01.16,U01
Self-assemble small-molecule or biomolecular building blocks into supramolecular fibrillar structures.,subfield,U30.04,U30
Separate electronic and lattice contributions to measured thermal conductivity using carrier transport relations.,subfield,U02.10,U02
Service and maintain gel permeation chromatography columns and solvent delivery systems.,subfield,U16.02,U16
Service and test radiation detection electronics and data acquisition systems.,subfield,U16.02,U16
Service and troubleshoot analytical instruments including spectrometers and diffractometers.,subfield,U16.02,U16
"Service and troubleshoot electronic readout systems, data acquisition hardware, and signal processing chains.",subfield,U16.02,U16
"Service and troubleshoot electrospinning, extrusion, and polymer processing equipment.",subfield,U16.02,U16
Service and troubleshoot environmental monitoring and analytical instrumentation.,subfield,U16.02,U16
Service and troubleshoot sample preparation equipment including ultracentrifuges and chromatography systems.,subfield,U16.02,U16
Service and troubleshoot thin film characterization instruments including spectrometers and microscopes.,subfield,U16.02,U16
Service and troubleshoot vibrating sample magnetometer and SQUID measurement systems.,subfield,U16.02,U16
Service and verify calibration of electronic test and measurement instruments.,subfield,U16.01,U16
Service autonomous underwater vehicles and gliders between research missions.,subfield,U16.02,U16
Service propulsion test stands and associated fuel delivery and measurement systems.,subfield,U16.02,U16
Service thin film deposition systems including target replacement and chamber conditioning.,subfield,U16.02,U16
Service vacuum systems including pump maintenance and leak detection.,subfield,U16.02,U16
Set exclusion limits on new physics models using statistical inference methods.,subfield,U02.09,U02
Simulate agent behavior or system dynamics in virtual environments.,subfield,U09.03,U09
Simulate atomic dynamics under laser cooling and trapping conditions.,subfield,U09.04,U09
Simulate atomic-scale material behavior using molecular dynamics methods.,subfield,U09.04,U09
Simulate closed-loop control system responses to evaluate performance before hardware implementation.,subfield,U09.09,U09
Simulate contaminant fate and transport in aquifers and surface water bodies.,subfield,U09.03,U09
Simulate contaminant transport and dispersion in groundwater or atmospheric systems.,subfield,U09.03,U09
Simulate contaminant transport and fate in landfill environments using numerical models.,subfield,U09.03,U09
Simulate crystallization sequences and melt evolution using computational petrological models.,subfield,U09.03,U09
Simulate cure kinetics and residual stress development during composite manufacturing processes.,subfield,U09.03,U09
Simulate detector response to generated particles using GEANT-based frameworks.,subfield,U09.03,U09
"Simulate diffraction patterns, electronic structures, or spectroscopic responses for comparison with experimental data.",subfield,U09.04,U09
Simulate earthquake rupture dynamics to investigate fault behavior and ground motion generation.,subfield,U09.03,U09
Simulate electromagnetic field distributions and antenna radiation patterns using computational methods.,subfield,U09.03,U09
Simulate electromagnetic responses of metamaterials and photonic structures using finite element methods.,subfield,U09.03,U09
Simulate electromagnetic wave propagation using finite-difference time-domain or beam propagation methods.,subfield,U09.03,U09
Simulate electronic band structures and charge density distributions using first-principles computational methods.,subfield,U09.04,U09
Simulate electronic structure and optical properties of nanostructures using density functional theory or related methods.,subfield,U09.04,U09
"Simulate fluid dynamics in cardiovascular devices, microfluidic systems, or respiratory models.",subfield,U09.03,U09
Simulate fluid flow and hydraulic conditions in geotechnical and hydraulic systems.,subfield,U09.03,U09
Simulate geochemical reaction pathways and mineral precipitation using thermodynamic modeling software.,subfield,U09.03,U09
Simulate ion transport and electrochemical reactions in battery and fuel cell electrode structures.,subfield,U09.03,U09
Simulate land use change impacts on ecosystem services using scenario-based modeling.,subfield,U09.10,U09
Simulate landscape connectivity and dispersal corridors for conservation planning.,subfield,U09.12,U09
Simulate magma ascent and volcanic eruption dynamics using computational fluid dynamics.,subfield,U09.03,U09
"Simulate microstructure evolution during solidification, heat treatment, or deformation processes.",subfield,U09.03,U09
"Simulate microstructure evolution during solidification, recrystallization, or phase transformation.",subfield,U09.03,U09
Simulate molecular interactions between biomaterials and biological molecules using computational methods.,subfield,U09.04,U09
Simulate multi-agent robot interactions to evaluate distributed control and coordination strategies.,subfield,U09.03,U09
Simulate multiphase flow behavior in fluidized beds and packed columns.,subfield,U09.03,U09
Simulate nanoparticle growth mechanisms and surface interactions using molecular dynamics or density functional theory.,subfield,U09.04,U09
Simulate nanoscale heat transfer and thermal management in microsystem designs.,subfield,U09.03,U09
Simulate network attack scenarios to evaluate defensive system performance under varying threat conditions.,subfield,U09.03,U09
Simulate network failures and node crashes to evaluate fault tolerance mechanisms in distributed systems.,subfield,U09.03,U09
Simulate open quantum system dynamics using Lindblad master equations or quantum trajectory methods.,subfield,U09.04,U09
"Simulate optical transmission systems to evaluate signal degradation, dispersion, and amplifier performance.",subfield,U09.03,U09
Simulate particle transport and detector response using Monte Carlo codes.,subfield,U09.03,U09
Simulate particle transport and energy deposition in detector geometries using Monte Carlo methods.,subfield,U09.03,U09
Simulate phase transitions and critical phenomena using lattice models.,subfield,U09.04,U09
Simulate polymer chain conformations and dynamics using molecular dynamics or Monte Carlo methods.,subfield,U09.04,U09
Simulate population or community dynamics to project ecological outcomes over time.,subfield,U09.12,U09
Simulate power electronic converter switching behavior and control system response.,subfield,U09.03,U09
Simulate quantum many-body dynamics using tensor network or exact diagonalization methods.,subfield,U09.04,U09
Simulate quantum transport through nanostructures using non-equilibrium Green's function methods.,subfield,U09.04,U09
Simulate reactor performance using computational fluid dynamics or process simulation software.,subfield,U09.03,U09
Simulate residual stress distribution and thermal behavior in coating-substrate systems.,subfield,U09.03,U09
Simulate self-assembly and phase separation behavior in block copolymers and soft matter systems.,subfield,U09.04,U09
Simulate sintering densification and microstructure evolution using phase-field or finite element methods.,subfield,U09.03,U09
"Simulate software system behavior under varying loads, configurations, or failure scenarios.",subfield,U09.03,U09
Simulate spacecraft attitude dynamics and control system performance.,subfield,U09.03,U09
Simulate spectroscopic observables from computed potential energy surfaces and transition moments.,subfield,U09.04,U09
"Simulate stellar evolution, nucleosynthesis, or supernova explosions to predict observable outcomes.",subfield,U09.03,U09
Simulate stochastic processes and scenarios to evaluate optimization solutions under uncertainty.,subfield,U09.03,U09
Simulate stochastic processes to study their long-run behavior and transient dynamics.,subfield,U09.03,U09
Simulate thermal and mechanical behavior during additive manufacturing build processes.,subfield,U09.03,U09
Simulate thin film growth processes using molecular dynamics or kinetic Monte Carlo methods.,subfield,U09.04,U09
Simulate vehicle dynamics and control system responses under various driving scenarios.,subfield,U09.03,U09
Simulate voltammetric responses using finite element or finite difference methods to model electrode processes.,subfield,U09.03,U09
Simulate wave propagation and coastal hydrodynamics for nearshore environments.,subfield,U09.03,U09
Simulate wireless channel propagation and interference effects to evaluate communication system performance.,subfield,U09.03,U09
"Simulate wireless network performance including throughput, latency, and packet delivery under varying channel conditions.",subfield,U09.03,U09
"Situate analyses of visual or textual sources within relevant theoretical frameworks from aesthetics, hermeneutics, or cultural theory.",subfield,U24.04,U24
"Situate artworks or visual objects within their historical, social, and cultural contexts to frame interpretive arguments.",subfield,U24.04,U24
"Situate close reading practices within broader theoretical debates about meaning, authorship, or textuality.",subfield,U24.04,U24
"Situate film analysis within broader cultural, industrial, or political contexts to frame interpretive arguments.",subfield,U24.04,U24
"Situate literary analysis within historical contexts of colonialism, decolonization, and neocolonialism to frame research inquiries.",subfield,U24.04,U24
"Situate media phenomena within broader debates about representation, identity, and power relations.",subfield,U24.04,U24
"Situate research questions within debates about causation, contingency, and structural change in twentieth and twenty-first century history.",subfield,U24.04,U24
Situate research questions within debates about structural versus individual explanations for stratification outcomes.,subfield,U24.04,U24
"Situate research questions within debates on colonialism, postcolonialism, or decolonization in anthropological scholarship.",subfield,U24.04,U24
Situate research questions within established interpretive traditions or schools of philosophical thought.,subfield,U24.04,U24
Situate research questions within historical lineages and sectarian developments of Eastern religious traditions.,subfield,U24.04,U24
"Situate research questions within historiographical debates about agency, structure, and cultural meaning.",subfield,U24.04,U24
"Situate research questions within historiographical debates about theater movements, genres, or cultural contexts.",subfield,U24.04,U24
"Situate research questions within ongoing debates in democratic theory, liberalism, or communitarianism.",subfield,U24.04,U24
"Situate research questions within ongoing debates in democratic theory, liberalism, republicanism, or critical theory traditions.",subfield,U24.04,U24
"Situate research questions within ongoing debates in metaethics concerning moral realism, relativism, or constructivism.",subfield,U24.04,U24
"Situate research questions within phenomenological, hermeneutic, or critical theoretical frameworks to establish philosophical grounding.",subfield,U24.04,U24
"Situate research questions within postcolonial, transnational, or area-specific theoretical frameworks to account for regional power dynamics.",subfield,U24.04,U24
"Situate scientific or technological developments within broader intellectual, cultural, and institutional contexts when formulating research questions.",subfield,U24.04,U24
Situate studies of digital preservation within archival theory and records lifecycle models for long-term stewardship of materials.,subfield,U24.04,U24
"Situate textual analysis within relevant historical, cultural, or intellectual movements of European literary traditions.",subfield,U24.04,U24
Situate the researcher's own positionality and ties to the communities studied within the interpretation.,subfield,U28.06,U28
Solicit expert and stakeholder review of draft questionnaires to assess content validity before fielding with respondents.,subfield,U07.15,U07
Solve constrained trajectory optimization problems numerically to synthesize optimal reference motions or control inputs.,subfield,U09.11,U09
Solve for welfare-optimal policy rules in structural macroeconomic models to rank alternative policy frameworks.,subfield,U09.10,U09
Solve inverse problems by fitting computational models to observed data using regularization techniques.,subfield,U09.05,U09
Solve large sparse linear systems arising from discretized physical models using direct or iterative methods.,subfield,U09.08,U09
Solve nonlinear algebraic or differential systems arising from discretization by iterative linearization.,subfield,U09.08,U09
Solve quantum impurity models with non-perturbative renormalization-group or diagrammatic techniques to obtain spectral functions and low-energy scales.,subfield,U09.04,U09
Sort extracellular voltage recordings into single- and multi-unit spike trains.,subfield,U04.11,U04
Sort samples or inventory records into defined categories using standardized separation procedures,subfield,U04.08,U04
Spatially co-register images acquired with different modalities to establish voxel correspondence for analysis,subfield,U04.10,U04
"Specify and critically assess the operational definitions, criteria, or measures used to determine what in the source record counts as an instance of the phenomenon under study.",subfield,U07.14,U07
Specify and deliver exercise training protocols with defined muscle activation targets and progression criteria.,subfield,U07.04,U07
Specify and estimate multivariate models that incorporate spatial or temporal dependence structures in the data.,subfield,U02.05,U02
Specify and estimate structural equation models to test hypothesized relationships among latent and observed variables.,subfield,U02.07,U02
"Specify continuous-time stochastic processes for asset prices, defaults, or interest rates to build valuation models.",subfield,U09.02,U09
Specify controlled atmospheres and temperatures for processing experiments to prevent oxidation or contamination.,subfield,U07.11,U07
Specify cross-level interaction models to test how country-level conditions moderate firm-level relationships.,subfield,U02.05,U02
Specify formal rules and models for representing geographic features at a chosen level of detail,subfield,U09.02,U09
Specify informative or weakly informative prior distributions based on domain knowledge and previous studies.,subfield,U02.15,U02
Specify magnetic field configurations and coil arrangements for plasma experiments.,subfield,U07.10,U07
"Specify preference, welfare, or learning structures such as equity weights or recursive utility within dynamic policy models.",subfield,U09.02,U09
Specify rules that transform artifacts or data from one representation or notation into another.,subfield,U30.01,U30
Specify shielding requirements and detector geometries for radiation measurements.,subfield,U07.10,U07
"Specify the architecture, functional modules, and processing logic of a proposed information system.",subfield,U09.02,U09
Stabilize and lock laser frequencies to atomic transitions or optical cavities.,subfield,U16.02,U16
Standardize and quality-assure biomarker assay protocols across laboratories and survey waves.,subfield,U04.02,U04
Standardize and reconcile artifact classifications and chronological attributions across different excavation records.,subfield,U04.02,U04
Standardize anesthesia procedure codes and drug classifications across different institutional databases.,subfield,U04.02,U04
Standardize antimicrobial susceptibility data across different testing methods and interpretive criteria.,subfield,U04.02,U04
Standardize audiometric data collected using different equipment or calibration standards across study sites.,subfield,U04.02,U04
Standardize cardiac arrest data collection and outcome reporting using consensus templates such as the Utstein style.,subfield,U04.02,U04
Standardize cognitive task parameters and scoring procedures across multiple data collection sites.,subfield,U04.02,U04
Standardize dental caries scoring methods when combining data from multiple clinical sites or studies.,subfield,U04.02,U04
Standardize dietary intake estimates using food-composition databases and nutrient calibration methods.,subfield,U04.02,U04
Standardize echocardiographic measurements and ejection fraction calculations across multiple imaging sites.,subfield,U04.02,U04
Standardize endoscopic grading scales and histological classification systems across different study sites.,subfield,U04.02,U04
Standardize functional outcome measures collected using different assessment protocols or instruments.,subfield,U04.02,U04
Standardize gestational age calculations and pregnancy dating across different clinical sources.,subfield,U04.02,U04
Standardize histopathological grading and classification data across multiple study sites.,subfield,U04.02,U04
Standardize hormone assay results across different laboratory platforms and reference ranges.,subfield,U04.02,U04
Standardize injury severity scoring and trauma classification across multiple emergency department sites.,subfield,U04.02,U04
Standardize kidney function measurements across studies using established equations and classification systems.,subfield,U04.02,U04
Standardize legal terminology and classifications across multiple jurisdictions for comparative analysis.,subfield,U04.02,U04
Standardize medication data across different formularies and drug classification systems.,subfield,U04.02,U04
Standardize neuroimaging preprocessing pipelines to enable cross-study comparisons.,subfield,U04.02,U04
Standardize neuroimaging protocols and processing pipelines across different scanners and acquisition sites.,subfield,U04.02,U04
Standardize nursing assessment data and care documentation across multiple clinical sites or healthcare systems.,subfield,U04.02,U04
Standardize preprocessing pipelines for neural data collected under varying experimental conditions.,subfield,U04.02,U04
Standardize pulmonary function test values across different spirometry devices and reference equations.,subfield,U04.02,U04
Standardize sampling effort across sites or time periods to enable valid ecological comparisons.,subfield,U04.02,U04
Standardize sensory stimulus parameters and behavioral task variables across experimental sessions or sites.,subfield,U04.02,U04
Standardize surgical procedure classifications and complication definitions across multi-institutional datasets.,subfield,U04.02,U04
"Standardize testing environments, apparatus, and preparatory procedures to control extraneous variability across performance trials.",subfield,U07.11,U07
Structure ablation studies to isolate the contribution of individual model components.,subfield,U07.01,U07
Structure comparative experiments to benchmark rendering algorithms under standardized scene configurations.,subfield,U07.01,U07
Structure data collection procedures to yield paired or matched observations for nonparametric comparison tests.,subfield,U07.01,U07
Structure observed data into likelihood functions appropriate for Bayesian model specification.,subfield,U02.15,U02
Subtract background currents and capacitive contributions from faradaic signals in electrochemical measurements.,subfield,U04.01,U04
Subtract background radiation contributions from measured spectra.,subfield,U04.01,U04
Subtract foreground contamination from cosmic microwave background or diffuse emission maps.,subfield,U04.01,U04
Superimpose and quantitatively compare three-dimensional macromolecular structures using geometric accuracy metrics.,subfield,U09.09,U09
Sweep a control parameter in increasing and decreasing directions to map hysteresis between flow states.,subfield,U01.18,U01
"Synchronize and align multimodal data streams from eye trackers, input devices, and physiological sensors.",subfield,U04.11,U04
Synthesize adsorbent materials for evaluating pollutant removal from water and wastewater.,subfield,U01.15,U01
Synthesize adsorbent materials or catalysts for pollutant removal applications.,subfield,U01.15,U01
Synthesize and characterize heterogeneous catalysts for reaction studies.,subfield,U01.15,U01
"Synthesize ceramic powders through solid-state reaction, sol-gel, or co-precipitation methods.",subfield,U01.15,U01
Synthesize concepts drawn from divergent theoretical traditions into an original interpretive model for a historical problem.,subfield,U24.03,U24
Synthesize control laws or hardware architectures from system models to meet specified performance requirements,subfield,U09.11,U09
Synthesize coordination compounds and metal complexes through ligand substitution and complexation reactions.,subfield,U01.15,U01
Synthesize datasets from existing measurements to emulate untested instrument configurations or to train detection algorithms.,subfield,U09.03,U09
Synthesize doctrinal statements scattered across a thinker's or tradition's writings into a coherent systematic account.,subfield,U28.03,U28
"Synthesize electrolyte solutions with precise ionic strength, pH, and supporting electrolyte concentrations.",subfield,U01.15,U01
Synthesize evidence on nutrient requirements to inform dietary reference intakes and recommendations.,subfield,U24.03,U24
Synthesize evidence to inform infant feeding guidelines and maternal nutrition recommendations.,subfield,U24.03,U24
Synthesize glassy or amorphous materials by high-temperature melting followed by rapid quenching.,subfield,U01.15,U01
Synthesize isotopically labeled compounds for mechanistic studies and spectroscopic assignments.,subfield,U01.15,U01
Synthesize magnetic oxide compounds using solid-state reaction or sol-gel methods.,subfield,U01.15,U01
Synthesize mineral phases under controlled laboratory conditions to study formation processes.,subfield,U01.15,U01
Synthesize nanoparticles and nanomaterials using solution-based or gas-phase methods.,subfield,U01.15,U01
Synthesize nanoparticles or nanocomposites for incorporation into biomaterial matrices.,subfield,U01.15,U01
Synthesize nanoparticles through wet chemical methods with controlled nucleation and growth conditions.,subfield,U01.15,U01
"Synthesize nanoparticles with controlled size and shape through wet chemical, solvothermal, or vapor-phase methods.",subfield,U01.15,U01
"Synthesize nanostructured electrode materials through sol-gel, hydrothermal, or electrodeposition methods.",subfield,U01.15,U01
Synthesize nanostructured materials through chemical routes with controlled size and morphology.,subfield,U01.15,U01
"Synthesize nanowires, nanoparticles, or thin films through chemical or physical deposition methods.",subfield,U01.15,U01
Synthesize novel heterocyclic scaffolds as potential pharmacologically active compounds.,subfield,U01.15,U01
Synthesize or process materials with controlled compositions and microstructures for systematic property evaluation.,subfield,U01.15,U01
Synthesize organic compounds through multi-step reaction sequences with purification at each stage.,subfield,U01.15,U01
Synthesize organometallic catalyst precursors and ligand frameworks for catalytic applications.,subfield,U01.15,U01
Synthesize polymer nanocomposites with controlled filler loading and distribution for property optimization.,subfield,U01.15,U01
Synthesize polymers through controlled polymerization techniques to achieve target molecular weights and architectures.,subfield,U01.15,U01
"Synthesize polymers through free radical, controlled radical, or step-growth polymerization methods.",subfield,U01.15,U01
"Synthesize porous materials through solvothermal, hydrothermal, or sol-gel processing methods.",subfield,U01.15,U01
Synthesize precursor solutions and target materials for thin film growth experiments.,subfield,U01.15,U01
Synthesize qualitative and mixed-methods evidence to identify determinants of successful implementation.,subfield,U24.03,U24
"Synthesize qualitative data into holistic representations, such as narrative accounts or systemic maps, of relationships among themes.",subfield,U27.01,U27
Synthesize secondary empirical evidence to evaluate the effects and unintended consequences of immigration policies on affected groups.,subfield,U24.03,U24
Synthesize thin films and coatings using physical or chemical vapor deposition techniques.,subfield,U01.15,U01
"Systematically extract and organize legal arguments, holdings, and reasoning from judicial opinions for comparative analysis.",subfield,U04.15,U04
Tailor the interface between a material and its adjacent phase to control device or tissue response,subfield,U01.15,U01
Test analytic inferences against repeated observations or independent reference evidence to establish their reliability,subfield,U02.08,U02
Test built prototypes in real use settings to evaluate their functional and experiential performance.,subfield,U01.18,U01
Test claims made in medieval narrative sources against independent material or technical evidence.,subfield,U28.04,U28
Test effect modification across patient subgroups using interaction terms or stratified analyses,subfield,U02.02,U02
Test fabricated hardware against specified requirements and standards to verify conformance,subfield,U01.18,U01
Test for and address unit roots and nonstationarity in time series data before model estimation.,subfield,U02.06,U02
"Test for nonlinear, asymmetric, or interaction effects by estimating flexible regression specifications.",subfield,U02.02,U02
"Test for order effects, learning, and fatigue in within-subject experimental designs.",subfield,U02.01,U02
Test for signatures of natural selection in genomic data using comparative or population-level approaches.,subfield,U02.12,U02
Test functional performance of polymer materials and coatings under application-relevant operating conditions.,subfield,U01.18,U01
Test measurement invariance across groups to ensure valid comparisons of latent constructs.,subfield,U02.07,U02
Test method robustness by deliberately varying operating parameters and quantifying the effect on results.,subfield,U02.08,U02
"Test model assumptions, such as functional form or distributional form, using formal specification tests.",subfield,U02.08,U02
Test normative and conceptual claims against empirical findings or hypothetical scenarios,subfield,U28.03,U28
Test proposed cross-linguistic generalizations about pathways or constraints on language change against attested cases.,subfield,U28.07,U28
Test proposed geological or geodynamic models against independent evidence from multiple cases to identify the most consistent scenario.,subfield,U09.09,U09
Test statistical associations between candidate precursory or triggering signals and earthquake occurrence.,subfield,U02.02,U02
Test structurally diverse substrates under fixed reaction conditions to establish reaction generality and limitations,subfield,U01.15,U01
Test the biological origin and preservation state of putative fossil material against abiotic alternatives.,subfield,U01.17,U01
Test the channels transmitting estimated effects using mediation or interaction analysis.,subfield,U02.03,U02
"Test the credibility of identifying assumptions using diagnostic, placebo, or sensitivity analyses.",subfield,U02.03,U02
"Test the psychometric adequacy of race-related survey measures, such as item nonresponse or differential item functioning, across respondent groups.",subfield,U02.07,U02
Test the robustness of a result by weakening its assumptions and rechecking whether the conclusion still follows,subfield,U02.08,U02
"Test the technical rendering, transmission, and functionality of electronic survey instruments across devices, browsers, and systems.",subfield,U07.03,U07
Test theoretical scaling or turbulence predictions against observed or simulated fields to discriminate among dynamical regimes.,subfield,U09.09,U09
Test whether behavioral measures elicited from individuals predict their naturally occurring economic outcomes.,subfield,U02.07,U02
Trace how a claim or narrative was transmitted across successive publications to identify its origin and subsequent distortion.,subfield,U28.04,U28
Trace how a political concept changes in meaning and use across successive thinkers and historical periods,subfield,U28.04,U28
Trace intertextual references and allusions to establish relationships between literary works and their sources.,subfield,U28.01,U28
Trace pathogen transmission routes by linking case epidemiological data with pathogen typing results.,subfield,U02.13,U02
Trace the afterlives of medieval or early modern literary and performance forms in later and contemporary culture to analyze continuities of meaning.,subfield,U28.01,U28
Trace the development and transformation of philosophical concepts across a thinker's corpus or historical period.,subfield,U28.04,U28
Trace the etymology and cross-linguistic transmission of a political concept to clarify shifts in its meaning.,subfield,U28.05,U28
Trace the historical and institutional evolution of agricultural policies or exchange systems through narrative analysis.,subfield,U28.04,U28
"Trace the historical development of environmental concepts, discourses, and policy positions through analysis of primary source documents.",subfield,U28.04,U28
"Trace the later reception and appropriation of a thinker's ideas by subsequent thinkers, movements, or interpreters.",subfield,U28.04,U28
Trace the sequences and mechanisms producing outcomes by analyzing accounts across cases,subfield,U28.07,U28
Track formation and transformation of materials at successive reaction times by in situ or sampled measurement to follow progress,subfield,U01.17,U01
Track localization of nanoparticles and biomolecules in cells or organisms using fluorescence imaging,subfield,U01.19,U01
Track nanostructure formation over reaction time by sampling intermediates to infer growth mechanisms.,subfield,U01.17,U01
Track participants' diagnostic transitions across serial assessments to classify longitudinal outcome trajectories.,subfield,U02.05,U02
Track segmented objects across time-lapse image frames to reconstruct their trajectories and dynamics.,subfield,U04.10,U04
Train and calibrate raters or coders to standardize application of rating and extraction instruments.,subfield,U07.07,U07
Train and fine-tune neural network architectures on annotated visual datasets to optimize task-specific objectives.,subfield,U09.06,U09
Train and standardize personnel to deliver nutrition and behavioral intervention protocols consistently.,subfield,U07.07,U07
Train and supervise data collectors to standardize instrument administration and limit bias across sites.,subfield,U07.07,U07
Train and supervise local enumerator teams to collect high-quality field data in resource-constrained settings.,subfield,U07.07,U07
"Train and tune machine learning models for ranking, classification, or recommendation tasks.",subfield,U09.06,U09
Train and validate machine learning models against ground truth datasets to optimize performance.,subfield,U09.06,U09
Train machine learning models on computed material property databases to accelerate property predictions.,subfield,U09.06,U09
Train participants on complex experimental tasks using instructional aids and practice rounds before data collection.,subfield,U07.04,U07
Train peer educators or community health workers to deliver health services and intervention content.,subfield,U07.07,U07
Transcribe and annotate audio or video recordings of musical performances for systematic analysis.,subfield,U04.07,U04
"Transcribe and annotate handwritten scientific manuscripts, laboratory notebooks, or correspondence.",subfield,U04.07,U04
Transcribe and annotate spoken discourse data to preserve relevant pragmatic and prosodic features.,subfield,U04.07,U04
Transcribe and annotate spoken language data for syntactic structure and grammatical features.,subfield,U04.07,U04
Transcribe and collate ancient manuscript witnesses to establish textual evidence for analysis.,subfield,U04.07,U04
Transcribe and collate variant editions of literary texts to establish authoritative versions for scholarly analysis.,subfield,U04.07,U04
Transcribe and collate variant manuscript or print editions of literary texts for scholarly analysis.,subfield,U04.07,U04
Transcribe and normalize early modern handwriting and orthographic variations to create usable textual data.,subfield,U04.07,U04
Transcribe and normalize historical or dialectal texts to enable systematic linguistic analysis.,subfield,U04.07,U04
"Transcribe and normalize spelling, punctuation, and abbreviations from early modern or medieval source texts.",subfield,U04.07,U04
Transcribe and prepare textual data from primary sources in classical Asian languages for analysis.,subfield,U04.07,U04
"Transcribe and translate Arabic, Persian, or other Islamic-language source materials for textual analysis.",subfield,U04.07,U04
Transcribe and translate handwritten colonial documents from European and non-European languages.,subfield,U04.07,U04
"Transcribe and translate medieval Latin, vernacular, or Byzantine Greek texts from manuscript sources.",subfield,U04.07,U04
Transcribe and translate primary source materials from regional languages or historical scripts into working languages.,subfield,U04.07,U04
"Transcribe and translate primary sources written in Latin, Hebrew, or other historical languages relevant to religious communities.",subfield,U04.07,U04
"Transcribe and translate religious texts, oral histories, and interview data from source languages.",subfield,U04.07,U04
Transcribe audio or video recordings into detailed textual records for qualitative analysis.,subfield,U04.07,U04
Transcribe audio recordings using conventions appropriate for capturing phonetic detail and discourse features.,subfield,U04.07,U04
"Transfer candidate cells, extracts, or records into recipient hosts or test systems to identify the source of an observed effect",subfield,U01.19,U01
Transfer or pool records from hydrologically similar gauged catchments to estimate flow characteristics at target or ungauged sites.,subfield,U02.14,U02
Translate and annotate primary sources written in historical or foreign languages.,subfield,U04.07,U04
Translate and culturally adapt clinical or patient-reported instruments for use in new linguistic populations,subfield,U07.03,U07
Translate and verify accuracy of foreign legal texts and terminology for comparative analysis.,subfield,U04.07,U04
Translate bibliometric analyses into evaluation reports and policy briefs for administrators and funders.,subfield,U10.01,U10
Translate doctrinal analysis into practical guidance for professionals handling the matters concerned,subfield,U10.01,U10
Translate estimates into aggregate or real-world magnitudes to gauge their economic significance.,subfield,U02.11,U02
"Translate foreign-language legal, policy, or archival sources to render terminology and meaning accurately for analysis.",subfield,U04.07,U04
Translate herd health findings into evidence-based preventive recommendations for veterinarians and producers.,subfield,U10.01,U10
Translate historical scientific texts from original languages to enable analysis.,subfield,U04.07,U04
Translate laboratory-measured material properties into constraints on geophysical model parameters using petrophysical relations.,subfield,U09.05,U09
Translate population nutrition findings into food-based dietary guidelines and public health recommendations.,subfield,U10.01,U10
Translate research findings into recommendations for future design practice.,subfield,U10.01,U10
Translate transcribed or archival texts into a scholarly working language for analysis and publication.,subfield,U04.07,U04
Translate user-study findings into service recommendations and best-practice guidelines for practitioners and stakeholders.,subfield,U10.01,U10
Triangulate accounts from multiple archival sources to address bias in official records and personal memoirs.,subfield,U28.04,U28
Triangulate ethnographic observations with clinical or epidemiological data to strengthen causal interpretations.,subfield,U28.06,U28
"Triangulate evidence across ecclesiastical, secular, and personal sources to reconstruct religious experiences.",subfield,U28.04,U28
"Triangulate evidence across multiple archival sources to address gaps, biases, and contradictions in the historical record.",subfield,U28.04,U28
Triangulate evidence from multiple archival sources to address gaps and biases in the historical record.,subfield,U28.04,U28
"Triangulate findings across archival sources, oral accounts, and secondary literature to address gaps and biases in regional documentation.",subfield,U28.04,U28
"Triangulate findings across multiple data sources including interviews, observations, and archival materials.",subfield,U28.06,U28
Triangulate findings across multiple qualitative data sources to corroborate interpretive conclusions.,subfield,U28.06,U28
Triangulate findings across multiple source types to address gaps and biases in the historical record.,subfield,U28.04,U28
Tune controller parameters by fitting dynamic models to experimental robot response data.,subfield,U09.05,U09
Tune controller parameters to match desired performance specifications from experimental response data.,subfield,U09.05,U09
Tune hyperparameters of computational models using cross-validation and optimization techniques.,subfield,U09.06,U09
Tune hyperparameters of vision models through systematic search and cross-validation procedures.,subfield,U09.06,U09
"Tune hyperparameters through grid search, random search, or Bayesian optimization.",subfield,U09.06,U09
Tune model hyperparameters to optimize performance on validation datasets.,subfield,U09.06,U09
Use bodies of poetry as historical evidence to reconstruct a community's collective experience or cultural development.,subfield,U28.04,U28
Use defined reference materials or instruments to establish the quantitative properties of an assay or analysis,subfield,U07.08,U07
Use instrumental variables to address endogeneity in estimating returns to education or training.,subfield,U02.03,U02
Use interpreters or bilingual delivery during live data collection to ensure participant comprehension across language barriers.,subfield,U01.99,U01
"Use matching, weighting, or regression discontinuity designs to estimate causal effects from non-experimental political data.",subfield,U02.03,U02
Use proof assistants or automated theorem provers to verify complex logical arguments.,subfield,U29.04,U29
"Use remote sensing imagery to assess vegetation cover, land use change, or habitat characteristics.",subfield,U01.14,U01
Use sub-national regional or ethnic variation in cultural context to develop and test hypotheses about family formation differences.,subfield,U12.02,U12
Validate analytical cost models against measured execution times and communication overheads.,subfield,U09.09,U09
Validate analytical methods for detecting contaminants in recycled materials and leachate samples.,subfield,U07.08,U07
Validate analytical methods for detecting trace contaminants in environmental samples.,subfield,U07.08,U07
Validate analytical or numerical models against experimental mechanical performance data.,subfield,U09.09,U09
Validate annotation quality through inter-annotator agreement metrics and adjudication procedures.,subfield,U04.06,U04
Validate candidate gene-regulatory interactions using reporter or binding assays in cells.,subfield,U01.19,U01
Validate computational models against experimental measurements from benchtop or in vivo studies.,subfield,U09.09,U09
Validate computational predictions against experimental measurements to assess model accuracy.,subfield,U09.09,U09
Validate high-throughput genomic findings using targeted orthogonal assays such as quantitative PCR or Sanger sequencing.,subfield,U01.19,U01
Validate hydrological model performance using independent datasets and statistical goodness-of-fit metrics.,subfield,U09.09,U09
Validate identified models against independent test data to assess prediction accuracy.,subfield,U09.09,U09
Validate marker panels or gating strategies against defined reference populations to confirm immune cell identification.,subfield,U07.08,U07
Validate mathematical models by comparing predictions against independent datasets.,subfield,U09.09,U09
Validate measurement accuracy of timing instruments and profiling tools used in performance evaluation.,subfield,U07.09,U07
"Validate measurement tools for code metrics, test coverage, or static analysis accuracy against ground truth.",subfield,U07.09,U07
Validate model fit using goodness-of-fit tests and diagnostic criteria.,subfield,U09.09,U09
"Validate nanomaterial-based sensing methods by establishing calibration curves, detection limits, and selectivity for target analytes.",subfield,U07.08,U07
Validate new measurements or assays against established reference methods to assess reliability,subfield,U07.08,U07
"Validate newly proposed measures, estimators, or tests by applying them to real data and benchmarking against established alternatives.",subfield,U02.16,U02
Validate power system dynamic models against measured transient response data.,subfield,U09.09,U09
"Validate predictive models for tool wear, surface finish, or defect formation against experimental results.",subfield,U09.09,U09
Validate recorded diagnoses and case ascertainment against clinical records or external data sources to quantify misclassification,subfield,U07.02,U07
Validate remote sensing data against ground-truth measurements for land cover and vegetation assessments.,subfield,U07.08,U07
Validate simulation results against experimental or observational benchmark data.,subfield,U09.09,U09
Validate species identification methods and quantify observer error in biological surveys.,subfield,U07.08,U07
"Validate species identification protocols for camera traps, acoustic recorders, or eDNA assays.",subfield,U07.08,U07
Validate structural finite element models against experimental modal analysis results.,subfield,U09.09,U09
"Validate the proposed artifact, model, or findings by benchmarking them against alternative approaches, comparable external systems, or previously published results.",subfield,U09.09,U09
Validate transport models against experimental heat and mass transfer data.,subfield,U09.09,U09
Vary or extend the assumptions of a formal model to test the robustness and scope of its theoretical results.,subfield,U29.03,U29
Verify clearance of exogenous reprogramming vectors across passages to confirm transgene-free stem cell lines.,subfield,U01.20,U01
Verify conjectured identities involving L-functions by matching analytic predictions with numerical evaluations.,subfield,U29.04,U29
Verify numerical code correctness through comparison with analytical solutions and manufactured solutions.,subfield,U09.09,U09
Verify numerical methods through convergence testing and error analysis.,subfield,U09.09,U09
Verify qualitative themes through independent coders or peer debriefing sessions.,subfield,U04.06,U04
Verify the accuracy of informant-provided evidence through participant confirmation or adjudication of conflicting expert accounts.,subfield,U04.14,U04
Verify with manipulation checks that experimental manipulations produced their intended psychological effects.,subfield,U07.04,U07
"Weigh the ethical and equity implications of using metrics in hiring, funding, and promotion decisions.",subfield,U28.03,U28
Write argumentative position papers that advocate policy stances and recommendations to decision-makers.,subfield,U10.01,U10
