field,subfield,task,n_papers,n_involved,prevalence
Engineering,Aerospace Engineering,"Acquire aerodynamic data using pressure taps, force balances, and flow visualization techniques.",99,10,0.10101
Engineering,Aerospace Engineering,Acquire satellite tracking and orbital state data from ground-based observation networks.,99,2,0.020202
Engineering,Aerospace Engineering,Apply wind tunnel wall corrections and blockage corrections to measured aerodynamic data.,99,2,0.020202
Engineering,Aerospace Engineering,Calculate orbital mechanics parameters and trajectory predictions from gravitational and propulsion models.,99,6,0.060606
Engineering,Aerospace Engineering,Characterize wind tunnel flow quality including turbulence intensity and flow uniformity.,99,3,0.030303
Engineering,Aerospace Engineering,Collect flight test data from onboard telemetry systems and ground tracking stations.,99,3,0.030303
Engineering,Aerospace Engineering,Collect vibration and structural response data using accelerometers and displacement sensors.,99,4,0.040404
Engineering,Aerospace Engineering,Configure structural test setups with specified loading conditions and boundary constraints.,99,8,0.080808
Engineering,Aerospace Engineering,Correlate propulsion performance models with engine test data across operating conditions.,99,10,0.10101
Engineering,Aerospace Engineering,Derive aerodynamic force and moment coefficients from governing equations for vehicle performance prediction.,100,18,0.18
Engineering,Aerospace Engineering,"Design wind tunnel test campaigns with controlled Mach number, Reynolds number, and angle of attack conditions.",99,10,0.10101
Engineering,Aerospace Engineering,Estimate propulsion system performance parameters from thermodynamic cycle analysis.,99,7,0.070707
Engineering,Aerospace Engineering,"Execute finite element analyses for structural stress, thermal, and dynamic response predictions.",99,13,0.131313
Engineering,Aerospace Engineering,Fabricate composite material specimens for mechanical property characterization.,99,3,0.030303
Engineering,Aerospace Engineering,Filter structural vibration signals to isolate modal frequencies from measurement noise.,99,1,0.010101
Engineering,Aerospace Engineering,Fit aerodynamic models to wind tunnel and flight test data for vehicle simulation databases.,99,5,0.050505
Engineering,Aerospace Engineering,Maintain wind tunnel facilities including flow conditioning systems and data acquisition hardware.,99,0,0.0
Engineering,Aerospace Engineering,Measure flow field properties using particle image velocimetry and hot-wire anemometry.,99,2,0.020202
Engineering,Aerospace Engineering,Perform trajectory simulations incorporating atmospheric models and vehicle dynamics.,99,10,0.10101
Engineering,Aerospace Engineering,"Plan propulsion system tests with controlled fuel flow rates, chamber pressures, and thermal conditions.",99,5,0.050505
Engineering,Aerospace Engineering,Predict structural loads and stress distributions using analytical methods and finite element formulations.,99,14,0.141414
Engineering,Aerospace Engineering,Prepare propellant samples and fuel mixtures for combustion testing.,99,2,0.020202
Engineering,Aerospace Engineering,Process flight test data to remove sensor drift and atmospheric disturbance effects.,99,0,0.0
Engineering,Aerospace Engineering,Propagate manufacturing tolerances and material property variations through structural analysis predictions.,99,0,0.0
Engineering,Aerospace Engineering,Quantify aerodynamic coefficient uncertainties from measurement repeatability and instrumentation accuracy.,99,6,0.060606
Engineering,Aerospace Engineering,"Record propulsion performance data including thrust, specific impulse, and combustion efficiency.",99,7,0.070707
Engineering,Aerospace Engineering,Run computational fluid dynamics simulations to predict aerodynamic loads and flow phenomena.,99,30,0.30303
Engineering,Aerospace Engineering,Service propulsion test stands and associated fuel delivery and measurement systems.,99,1,0.010101
Engineering,Aerospace Engineering,Simulate spacecraft attitude dynamics and control system performance.,99,3,0.030303
Engineering,Aerospace Engineering,Validate structural finite element models against experimental modal analysis results.,99,1,0.010101
Philosophy,Aesthetics,Account for researcher positionality and interpretive bias when analyzing aesthetic judgments and cultural meanings.,100,2,0.02
Philosophy,Aesthetics,"Acquire archival materials, literary texts, or visual media for close reading and interpretive analysis.",100,26,0.26
Philosophy,Aesthetics,"Code thematic patterns, narrative structures, or symbolic elements in literary and media texts.",100,5,0.05
Philosophy,Aesthetics,"Collect audience or reader response data through structured encounters with artworks, literary texts, or media.",100,2,0.02
Philosophy,Aesthetics,Consider whether interpretations of aesthetic value or meaning will hold across different cultural traditions and historical periods.,100,41,0.41
Philosophy,Aesthetics,"Design instruments to measure aesthetic preferences, emotional responses, or judgments of artistic quality.",100,1,0.01
Philosophy,Aesthetics,"Develop interview protocols to elicit participants' interpretations of artworks, texts, or media objects.",100,2,0.02
Philosophy,Aesthetics,Draw on critical theory and cultural studies frameworks to analyze relationships between aesthetic forms and social structures.,100,24,0.24
Philosophy,Aesthetics,"Engage with philosophical theories of beauty, taste, and aesthetic experience when framing research questions about art and cultural objects.",100,86,0.86
Philosophy,Aesthetics,"Identify and categorize aesthetic features, stylistic conventions, or genre markers across a corpus of works.",100,8,0.08
Agricultural Sciences,Agricultural Economics & Policy,Analyze household welfare effects of agricultural interventions using consumption or income data.,100,2,0.02
Agricultural Sciences,Agricultural Economics & Policy,Apply econometric methods to estimate supply and demand elasticities for agricultural commodities.,100,2,0.02
Agricultural Sciences,Agricultural Economics & Policy,Clean and harmonize agricultural survey data across multiple time periods or geographic regions.,100,14,0.14
Agricultural Sciences,Agricultural Economics & Policy,"Collect primary data through farmer interviews, household surveys, or focus groups in rural communities.",100,37,0.37
Agricultural Sciences,Agricultural Economics & Policy,Compile panel datasets combining farm-level records with regional economic and environmental indicators.,100,8,0.08
Agricultural Sciences,Agricultural Economics & Policy,"Conduct policy impact evaluations using difference-in-differences, regression discontinuity, or instrumental variable approaches.",100,0,0.0
Agricultural Sciences,Agricultural Economics & Policy,"Construct price indices, productivity measures, or risk indicators from raw agricultural data.",100,36,0.36
Agricultural Sciences,Agricultural Economics & Policy,Construct quasi-experimental research designs to evaluate the causal impacts of agricultural policies or programs.,100,1,0.01
Agricultural Sciences,Agricultural Economics & Policy,"Design survey instruments to collect farm-level data on production costs, input use, and management practices.",100,22,0.22
Agricultural Sciences,Agricultural Economics & Policy,Develop sampling strategies to obtain representative data from agricultural populations across diverse farming systems.,100,28,0.28
Agricultural Sciences,Agricultural Economics & Policy,"Develop theoretical frameworks linking market structures, trade policies, or subsidies to agricultural sector performance.",100,5,0.05
Agricultural Sciences,Agricultural Economics & Policy,Estimate production functions or cost functions to assess farm efficiency and technology adoption.,100,4,0.04
Agricultural Sciences,Agricultural Economics & Policy,"Formulate hypotheses about the effects of agricultural policies on farm productivity, land use, or food security outcomes.",100,9,0.09
Mathematics,Algebra,Construct explicit examples and counterexamples to test algebraic conjectures.,100,40,0.4
Mathematics,Algebra,Derive structural properties of algebraic objects from axiomatic definitions and established theorems.,100,100,1.0
Computer Science,Algorithms & Theory of Computation,Analyze convergence properties of iterative algorithms using mathematical proof techniques.,100,10,0.1
Computer Science,Algorithms & Theory of Computation,Construct benchmark problem instances with known optimal solutions to validate algorithmic correctness.,100,11,0.11
Computer Science,Algorithms & Theory of Computation,Derive computational complexity bounds for algorithms using asymptotic analysis and recurrence relations.,100,47,0.47
Computer Science,Algorithms & Theory of Computation,Design controlled computational experiments with systematic parameter variations to evaluate algorithm performance.,100,34,0.34
Computer Science,Algorithms & Theory of Computation,Establish theoretical guarantees for approximation algorithms by deriving performance ratios relative to optimal solutions.,100,13,0.13
Computer Science,Algorithms & Theory of Computation,Fit complexity models to empirical runtime data to validate theoretical predictions.,100,9,0.09
Computer Science,Algorithms & Theory of Computation,"Prove correctness of algorithms through mathematical induction, loop invariants, or formal verification techniques.",100,63,0.63
Computer Science,Algorithms & Theory of Computation,Select and configure baseline algorithms for fair comparative evaluation of proposed methods.,100,24,0.24
Literature,American Literature,"Analyze recurring motifs, symbols, and cultural references across bodies of American literary works to identify interpretive patterns.",100,78,0.78
Literature,American Literature,"Apply literary theoretical frameworks such as New Historicism, postcolonialism, or feminist criticism to frame interpretive research questions about American texts.",100,57,0.57
Literature,American Literature,"Assess whether interpretive claims about American literary texts apply across different historical periods, regional traditions, or demographic readerships.",100,3,0.03
Literature,American Literature,"Code thematic patterns, narrative structures, and rhetorical strategies in American literary texts through close reading methods.",100,87,0.87
Literature,American Literature,"Conduct archival research in libraries, special collections, or digital repositories to gather primary documents related to American authors and literary movements.",100,12,0.12
Literature,American Literature,Design interview protocols to gather oral histories or reader responses related to American literary works and their cultural reception.,100,3,0.03
Literature,American Literature,"Gather unpublished manuscripts, correspondence, and personal papers of American authors from institutional archives for textual analysis.",100,6,0.06
Political Science,American Politics,Acquire and merge voter file data with survey responses or administrative records for individual-level analysis.,80,9,0.1125
Political Science,American Politics,"Address selection bias in observational studies of voter turnout, campaign contact, or political participation.",80,7,0.0875
Political Science,American Politics,"Apply theories of partisan polarization, realignment, or sorting to frame hypotheses about voter behavior or elite decision-making.",80,23,0.2875
Political Science,American Politics,"Assess whether findings from specific states, districts, or election cycles generalize to broader American political contexts.",80,17,0.2125
Political Science,American Politics,"Clean and standardize geographic identifiers across election data, census boundaries, and survey samples.",80,19,0.2375
Political Science,American Politics,Construct survey experiments with randomized treatments to test causal claims about political communication or framing effects.,80,1,0.0125
Political Science,American Politics,"Design survey items measuring political attitudes, partisanship, ideology, or policy preferences using validated scales.",80,6,0.075
Political Science,American Politics,"Draw on institutional theories of Congress, the presidency, or federalism to explain policy outcomes or political processes.",80,30,0.375
Political Science,American Politics,Evaluate the external validity of experimental results conducted on convenience samples for understanding mass political behavior.,80,0,0.0
Political Science,American Politics,Field nationally representative or state-level surveys to measure public opinion on political issues and candidates.,80,4,0.05
Political Science,American Politics,"Negotiate data-sharing agreements with campaigns, advocacy organizations, or government agencies for access to proprietary political data.",80,7,0.0875
Political Science,American Politics,Recode open-ended survey responses about political issues or candidate evaluations into analyzable categories.,80,3,0.0375
Political Science,American Politics,"Use matching, weighting, or regression discontinuity designs to estimate causal effects from non-experimental political data.",80,10,0.125
Mathematics,Analysis & PDEs,Apply fixed point theorems to prove existence and uniqueness of solutions for nonlinear equations.,99,35,0.353535
Mathematics,Analysis & PDEs,Compute spectral properties of differential and integral operators to analyze solution stability.,97,14,0.14433
Mathematics,Analysis & PDEs,Construct explicit solutions or solution representations for differential equations using transform methods and special functions.,94,24,0.255319
Mathematics,Analysis & PDEs,Derive a priori estimates for solutions of partial differential equations to establish existence and regularity properties.,100,35,0.35
Mathematics,Analysis & PDEs,Derive asymptotic expansions to characterize solution behavior in limiting regimes.,97,14,0.14433
Mathematics,Analysis & PDEs,Establish energy estimates and conservation laws for evolution equations.,99,24,0.242424
Mathematics,Analysis & PDEs,Perform computational experiments to explore solution behavior and generate conjectures for rigorous analysis.,94,9,0.095745
Chemistry,Analytical Chemistry,Apply chemometric techniques including principal component analysis and partial least squares regression to correlate spectral data with sample properties.,100,10,0.1
Chemistry,Analytical Chemistry,Assess method precision through replicate analyses and express results with appropriate confidence intervals.,100,70,0.7
Chemistry,Analytical Chemistry,"Calculate measurement uncertainty by combining contributions from sample preparation, calibration standards, and instrumental variability.",100,6,0.06
Chemistry,Analytical Chemistry,Calculate theoretical detection limits and sensitivity parameters for analytical methods based on instrument specifications and sample characteristics.,100,15,0.15
Chemistry,Analytical Chemistry,"Characterize instrument performance through system suitability tests including resolution, peak shape, and retention time reproducibility.",100,19,0.19
Chemistry,Analytical Chemistry,Derivatize analytes to enhance detection sensitivity or improve chromatographic separation characteristics.,100,14,0.14
Chemistry,Analytical Chemistry,"Design method validation experiments to establish selectivity, linearity, accuracy, and precision for quantitative analyses.",100,53,0.53
Chemistry,Analytical Chemistry,Extract and purify target analytes from complex sample matrices using solid-phase extraction or liquid-liquid extraction techniques.,100,32,0.32
Chemistry,Analytical Chemistry,Fit calibration curves to concentration-response data using linear or nonlinear regression models.,100,65,0.65
Chemistry,Analytical Chemistry,"Optimize separation conditions including mobile phase composition, temperature, and flow rates for chromatographic methods.",100,34,0.34
Chemistry,Analytical Chemistry,Process mass spectral data through background subtraction and isotope pattern deconvolution for accurate mass determination.,100,6,0.06
History,Ancient History,Account for preservation bias and differential survival of ancient materials when interpreting patterns.,100,40,0.4
History,Ancient History,Address gaps and fragmentary evidence in the archaeological or textual record during analysis.,100,89,0.89
History,Ancient History,"Apply theoretical frameworks from ancient political, economic, or religious institutions to interpret material and textual evidence.",100,52,0.52
History,Ancient History,"Assess whether patterns observed in one ancient site, region, or period can be extended to broader ancient contexts.",100,49,0.49
History,Ancient History,"Categorize themes and content in ancient literary, documentary, or epigraphic sources.",100,91,0.91
History,Ancient History,"Code iconographic, stylistic, or typological attributes of artifacts and visual evidence.",100,28,0.28
History,Ancient History,"Collect primary data through archaeological excavation, survey, or systematic surface collection.",100,1,0.01
History,Ancient History,Evaluate the representativeness of surviving ancient sources when drawing conclusions about past populations.,100,62,0.62
History,Ancient History,"Frame research questions using models of state formation, trade networks, or social organization in ancient societies.",100,17,0.17
History,Ancient History,Standardize and reconcile artifact classifications and chronological attributions across different excavation records.,100,14,0.14
Medicine & Clinical Sciences,Anesthesiology & Pain Medicine,Acquire ultrasound imaging data to assess nerve block placement accuracy and regional anesthesia outcomes.,100,6,0.06
Medicine & Clinical Sciences,Anesthesiology & Pain Medicine,Analyze dose-response relationships for anesthetic and analgesic agents accounting for patient-specific covariates.,100,4,0.04
Medicine & Clinical Sciences,Anesthesiology & Pain Medicine,"Analyze time-to-event outcomes for postoperative complications, recovery milestones, or chronic pain development.",100,13,0.13
Medicine & Clinical Sciences,Anesthesiology & Pain Medicine,"Collect blood samples to measure drug concentrations, inflammatory markers, or coagulation parameters during surgery.",100,5,0.05
Medicine & Clinical Sciences,Anesthesiology & Pain Medicine,Coordinate with operating room staff and surgical teams to facilitate intraoperative data collection and patient enrollment.,100,44,0.44
Medicine & Clinical Sciences,Anesthesiology & Pain Medicine,"Design perioperative clinical trials with endpoints measuring pain scores, opioid consumption, and functional recovery.",100,26,0.26
Medicine & Clinical Sciences,Anesthesiology & Pain Medicine,Design studies evaluating hemodynamic stability and cardiovascular outcomes during anesthetic management.,100,28,0.28
Medicine & Clinical Sciences,Anesthesiology & Pain Medicine,Develop hypotheses regarding anesthetic agent effects on organ systems and patient outcomes.,100,17,0.17
Medicine & Clinical Sciences,Anesthesiology & Pain Medicine,Estimate treatment effects of analgesic interventions while adjusting for surgical complexity and patient comorbidities.,100,8,0.08
Medicine & Clinical Sciences,Anesthesiology & Pain Medicine,Formulate hypotheses about mechanisms of acute and chronic pain pathways to identify therapeutic targets.,100,7,0.07
Medicine & Clinical Sciences,Anesthesiology & Pain Medicine,Harmonize pain assessment scales and sedation scoring systems across multi-site perioperative studies.,100,8,0.08
Medicine & Clinical Sciences,Anesthesiology & Pain Medicine,Obtain neuroimaging data to investigate central nervous system effects of anesthetic agents or chronic pain conditions.,100,2,0.02
Medicine & Clinical Sciences,Anesthesiology & Pain Medicine,Plan randomized controlled trials comparing regional anesthesia techniques to general anesthesia for surgical procedures.,100,4,0.04
Medicine & Clinical Sciences,Anesthesiology & Pain Medicine,Recruit surgical patients for studies evaluating anesthetic techniques or perioperative interventions.,100,50,0.5
Medicine & Clinical Sciences,Anesthesiology & Pain Medicine,Standardize anesthesia procedure codes and drug classifications across different institutional databases.,100,0,0.0
Agricultural Sciences,Animal Science,"Acquire ultrasound images to assess body composition, reproductive status, or organ morphology.",100,4,0.04
Agricultural Sciences,Animal Science,Analyze production performance data across treatment groups using mixed models accounting for repeated measures.,100,52,0.52
Agricultural Sciences,Animal Science,Capture radiographic or endoscopic images for diagnostic or research purposes in animals.,100,0,0.0
Agricultural Sciences,Animal Science,"Collect semen, oocytes, or embryos for reproductive physiology studies.",100,2,0.02
Agricultural Sciences,Animal Science,Compare disease incidence or mortality rates between treatment and control animal groups.,100,15,0.15
Agricultural Sciences,Animal Science,Design animal housing and management protocols that control for environmental variables affecting experimental outcomes.,100,53,0.53
Agricultural Sciences,Animal Science,"Design feeding trials with appropriate dietary treatments, adaptation periods, and measurement endpoints.",100,52,0.52
Agricultural Sciences,Animal Science,Develop hypotheses regarding host-pathogen interactions in livestock disease processes.,100,2,0.02
Agricultural Sciences,Animal Science,Document pain management and anesthesia protocols for invasive procedures in research animals.,100,9,0.09
Agricultural Sciences,Animal Science,Establish pen or paddock replication strategies to account for group effects in livestock studies.,100,20,0.2
Agricultural Sciences,Animal Science,Evaluate behavioral observations using appropriate statistical methods for ethological data.,100,8,0.08
Agricultural Sciences,Animal Science,"Formulate hypotheses about nutritional interventions and their effects on animal growth, reproduction, or health outcomes.",100,41,0.41
Agricultural Sciences,Animal Science,Generate microbiome sequencing data from gastrointestinal or reproductive tract samples.,100,6,0.06
Agricultural Sciences,Animal Science,Implement biosecurity measures to prevent disease transmission between research animal populations.,100,4,0.04
Agricultural Sciences,Animal Science,Obtain genotyping data for genetic evaluation and marker-assisted selection studies.,100,3,0.03
Agricultural Sciences,Animal Science,"Prepare IACUC protocols detailing animal handling, housing, and humane endpoints for livestock or companion animal research.",100,46,0.46
Agricultural Sciences,Animal Science,Process microbial sequencing data to characterize gut or rumen microbiome composition.,100,7,0.07
Languages & Linguistics,Applied Linguistics & Language Teaching,"Analyze learner language samples for grammatical accuracy, lexical complexity, or developmental features using error analysis or interlanguage frameworks.",100,10,0.1
Languages & Linguistics,Applied Linguistics & Language Teaching,Apply second language acquisition theories such as input hypothesis or sociocultural theory when framing research questions about language learning processes.,100,25,0.25
Languages & Linguistics,Applied Linguistics & Language Teaching,"Code classroom interaction data for discourse moves, feedback types, or turn-taking patterns using established coding schemes.",100,9,0.09
Languages & Linguistics,Applied Linguistics & Language Teaching,"Collect spoken or written language samples from learners through elicitation tasks, classroom recordings, or online interactions.",100,38,0.38
Languages & Linguistics,Applied Linguistics & Language Teaching,"Conduct classroom observations to document instructional practices, teacher-student interactions, or learner participation patterns.",100,18,0.18
Languages & Linguistics,Applied Linguistics & Language Teaching,"Control for learner proficiency level, first language background, and prior instruction when analyzing effects of pedagogical interventions.",100,22,0.22
Languages & Linguistics,Applied Linguistics & Language Teaching,"Coordinate with language programs, schools, or testing organizations to recruit learner participants or access instructional materials.",100,69,0.69
Languages & Linguistics,Applied Linguistics & Language Teaching,"Design questionnaires to measure language learner attitudes, motivation, anxiety, or self-efficacy toward target language use.",100,20,0.2
Languages & Linguistics,Applied Linguistics & Language Teaching,Design stimulated recall protocols to elicit learner or teacher reflections on language use during instructional tasks.,100,4,0.04
Languages & Linguistics,Applied Linguistics & Language Teaching,Develop language proficiency assessments or placement instruments aligned with established frameworks such as CEFR or ACTFL guidelines.,100,3,0.03
Languages & Linguistics,Applied Linguistics & Language Teaching,"Develop semi-structured interview guides to explore language learner experiences, identities, or perceptions of classroom practices.",100,23,0.23
Languages & Linguistics,Applied Linguistics & Language Teaching,"Evaluate whether language learning findings will transfer across learner proficiency levels, first language backgrounds, or instructional contexts.",100,9,0.09
Languages & Linguistics,Applied Linguistics & Language Teaching,Obtain informed consent from language learners and instructors while addressing multilingual communication needs and power dynamics in educational settings.,100,37,0.37
Mathematics,Applied Mathematics,Apply perturbation methods to obtain approximate solutions for complex systems.,100,6,0.06
Mathematics,Applied Mathematics,Conduct sensitivity analysis to quantify how model outputs depend on parameter variations.,100,33,0.33
Mathematics,Applied Mathematics,Derive analytical solutions to differential equations arising from physical or biological systems.,100,33,0.33
Mathematics,Applied Mathematics,Develop computational algorithms to simulate dynamical systems over time.,100,64,0.64
Mathematics,Applied Mathematics,Estimate model parameters by fitting mathematical models to empirical data.,100,41,0.41
Mathematics,Applied Mathematics,Formulate mathematical models from governing equations to predict system behavior.,100,85,0.85
Mathematics,Applied Mathematics,Implement numerical schemes to solve ordinary and partial differential equations.,100,63,0.63
Mathematics,Applied Mathematics,Optimize computational code to improve simulation efficiency and scalability.,100,4,0.04
Mathematics,Applied Mathematics,Perform Monte Carlo simulations to estimate statistical properties of stochastic models.,100,15,0.15
Mathematics,Applied Mathematics,Perform asymptotic analysis to approximate solutions in limiting regimes.,100,17,0.17
Mathematics,Applied Mathematics,Propagate uncertainties through mathematical models to assess prediction reliability.,100,10,0.1
Mathematics,Applied Mathematics,Validate mathematical models by comparing predictions against independent datasets.,100,44,0.44
Mathematics,Applied Mathematics,Verify numerical methods through convergence testing and error analysis.,100,8,0.08
Physics & Astronomy,Applied Physics & Instrumentation,"Acquire spectroscopic data using scintillators, semiconductor detectors, or photomultiplier systems.",100,26,0.26
Physics & Astronomy,Applied Physics & Instrumentation,Apply baseline subtraction and background correction to spectroscopic measurements.,100,19,0.19
Physics & Astronomy,Applied Physics & Instrumentation,Calculate signal-to-noise ratios and detection limits for proposed instrument configurations.,100,19,0.19
Physics & Astronomy,Applied Physics & Instrumentation,Calibrate detector energy response using known radioactive sources or reference standards.,100,30,0.3
Physics & Astronomy,Applied Physics & Instrumentation,"Characterize spatial resolution, linearity, and dynamic range of imaging systems.",100,25,0.25
Physics & Astronomy,Applied Physics & Instrumentation,Collect X-ray fluorescence or diffraction spectra for material characterization.,100,3,0.03
Physics & Astronomy,Applied Physics & Instrumentation,Compare measured detector response curves against theoretical or simulated predictions.,100,52,0.52
Physics & Astronomy,Applied Physics & Instrumentation,Derive expected detector response functions from physical interaction models and material properties.,100,29,0.29
Physics & Astronomy,Applied Physics & Instrumentation,Design shielding configurations to minimize background radiation and electromagnetic interference in measurements.,100,14,0.14
Physics & Astronomy,Applied Physics & Instrumentation,"Establish controlled temperature, vacuum, or humidity conditions for precision instrument testing.",100,37,0.37
Physics & Astronomy,Applied Physics & Instrumentation,"Fabricate thin films, coatings, or nanostructures for detector active elements.",100,18,0.18
Physics & Astronomy,Applied Physics & Instrumentation,Fit peak shapes and extract spectral parameters from radiation detection data.,100,38,0.38
Physics & Astronomy,Applied Physics & Instrumentation,"Maintain vacuum systems, cryogenic equipment, and cooling infrastructure for detector operation.",100,31,0.31
Physics & Astronomy,Applied Physics & Instrumentation,Measure and document instrument timing resolution and dead time characteristics.,100,15,0.15
Physics & Astronomy,Applied Physics & Instrumentation,Model electromagnetic field distributions and signal propagation in sensor designs.,100,21,0.21
Physics & Astronomy,Applied Physics & Instrumentation,Prepare scintillator crystals or radiation-sensitive materials for detector assembly.,100,11,0.11
Physics & Astronomy,Applied Physics & Instrumentation,Propagate systematic and statistical uncertainties through detector efficiency calculations.,100,17,0.17
Physics & Astronomy,Applied Physics & Instrumentation,"Quantify position, energy, and timing resolution uncertainties in detector performance metrics.",100,27,0.27
Physics & Astronomy,Applied Physics & Instrumentation,Record force-displacement curves and surface topography using scanning probe microscopes.,100,2,0.02
Physics & Astronomy,Applied Physics & Instrumentation,Remove electronic noise and artifacts from detector signals using digital filtering techniques.,100,14,0.14
Physics & Astronomy,Applied Physics & Instrumentation,"Service and troubleshoot electronic readout systems, data acquisition hardware, and signal processing chains.",100,21,0.21
Physics & Astronomy,Applied Physics & Instrumentation,Simulate particle transport and energy deposition in detector geometries using Monte Carlo methods.,100,15,0.15
Agricultural Sciences,Aquaculture & Fisheries,Analyze catch data and population metrics to assess stock status and fishing pressure effects.,100,42,0.42
Agricultural Sciences,Aquaculture & Fisheries,"Compare growth performance, survival rates, or disease prevalence between experimental and control groups using statistical tests.",100,31,0.31
Agricultural Sciences,Aquaculture & Fisheries,"Design feeding trials with appropriate stocking densities, replication, and control diets to evaluate aquaculture nutrition.",100,15,0.15
Agricultural Sciences,Aquaculture & Fisheries,Develop hypotheses regarding disease transmission pathways and parasite life cycles in cultured aquatic species.,100,1,0.01
Agricultural Sciences,Aquaculture & Fisheries,"Formulate hypotheses about fish growth rates, reproduction, or survival under varying environmental or dietary conditions.",100,23,0.23
Agricultural Sciences,Aquaculture & Fisheries,Generate or acquire genomic and transcriptomic data to assess genetic diversity or disease resistance in aquatic populations.,100,1,0.01
Agricultural Sciences,Aquaculture & Fisheries,"Obtain IACUC approval for research involving fish, shellfish, or other aquatic organisms.",100,0,0.0
Agricultural Sciences,Aquaculture & Fisheries,Plan controlled experiments comparing water quality parameters across treatment tanks or pond systems.,100,11,0.11
Agricultural Sciences,Aquaculture & Fisheries,Process environmental DNA or microbiome sequencing data from aquatic samples for species detection and community analysis.,100,1,0.01
Anthropology,Archaeology,"Access museum collections, site archives, or legacy excavation records for comparative or reanalysis studies.",100,67,0.67
Anthropology,Archaeology,Account for differential preservation and taphonomic processes when interpreting artifact and faunal assemblages.,100,70,0.7
Anthropology,Archaeology,Address sampling biases introduced by excavation strategies or survey coverage when analyzing spatial distributions.,100,34,0.34
Anthropology,Archaeology,"Apply culture-historical, processual, or post-processual theoretical frameworks to interpret material culture and site formation processes.",100,16,0.16
Anthropology,Archaeology,Assess the representativeness of excavated samples relative to broader settlement patterns or past populations.,100,22,0.22
Anthropology,Archaeology,"Code field notes and excavation records to identify patterns in site use, deposition, or disturbance.",100,19,0.19
Anthropology,Archaeology,"Collaborate with specialists in archaeobotany, zooarchaeology, or geoarchaeology for integrated analyses of excavated materials.",100,38,0.38
Anthropology,Archaeology,Conduct systematic pedestrian surveys to identify and record surface artifacts and site locations.,100,13,0.13
Anthropology,Archaeology,Consult with descendant communities and Indigenous groups regarding research involving ancestral sites or human remains.,100,5,0.05
Anthropology,Archaeology,"Coordinate with museums, cultural heritage agencies, or landowners to secure site access and artifact study permissions.",100,46,0.46
Anthropology,Archaeology,Design oral history or ethnographic interview protocols to document traditional knowledge relevant to archaeological interpretation.,100,4,0.04
Anthropology,Archaeology,Evaluate whether artifact typologies and chronological sequences developed in one region apply to other geographic or temporal contexts.,100,26,0.26
Anthropology,Archaeology,"Excavate stratigraphic units using controlled methods to recover artifacts, ecofacts, and features in documented contexts.",100,44,0.44
Anthropology,Archaeology,"Frame research questions using theories of human-environment interaction, migration, or social complexity.",100,56,0.56
Anthropology,Archaeology,Obtain permits from government agencies and landowners for archaeological survey and excavation activities.,100,45,0.45
Anthropology,Archaeology,Reconcile inconsistent stratigraphic or typological classifications in legacy datasets.,100,29,0.29
Anthropology,Archaeology,"Record spatial provenience of finds using total stations, GPS, or photogrammetry during fieldwork.",100,35,0.35
Arts,Architecture & Design,Account for survivorship bias when studying historical buildings and design objects that remain extant.,100,8,0.08
Arts,Architecture & Design,Analyze oral histories and designer interviews to identify patterns in design decision-making and professional practice.,100,19,0.19
Arts,Architecture & Design,Apply architectural theory and design principles when framing research questions about built environments and spatial practices.,100,85,0.85
Arts,Architecture & Design,Assess whether findings about architectural styles or design practices transfer across different cultural and geographic contexts.,100,17,0.17
Arts,Architecture & Design,"Code visual and material evidence from buildings, objects, and archival sources for thematic analysis.",100,58,0.58
Arts,Architecture & Design,Conduct post-occupancy evaluations to assess building performance and user satisfaction.,100,3,0.03
Arts,Architecture & Design,Conduct site observations and spatial analyses to document how people use and navigate built environments.,100,40,0.4
Arts,Architecture & Design,"Coordinate with heritage organizations, design firms, and property owners to access buildings and archival materials.",100,30,0.3
Arts,Architecture & Design,"Design interview protocols to document designer intentions, creative processes, and professional practices.",100,18,0.18
Arts,Architecture & Design,"Design surveys to measure user perceptions, spatial experiences, and satisfaction with built environments.",100,4,0.04
Arts,Architecture & Design,Develop focus group protocols to gather stakeholder perspectives on architectural and urban design proposals.,100,1,0.01
Arts,Architecture & Design,Develop questionnaires to assess community attitudes toward heritage preservation and adaptive reuse projects.,100,1,0.01
Arts,Architecture & Design,Engage with theories of material culture and craft traditions when investigating design objects and practices.,100,21,0.21
Arts,Architecture & Design,Evaluate the applicability of historical design precedents to contemporary architectural and design contexts.,100,62,0.62
Arts,Architecture & Design,"Perform visual documentation through photography, sketching, and measured drawings of buildings and design objects.",100,62,0.62
History,Art & Intellectual History,Assess whether interpretive claims about artistic movements or intellectual traditions apply across different national or regional contexts.,100,38,0.38
History,Art & Intellectual History,"Code thematic content in correspondence, treatises, or critical writings to trace intellectual networks and debates.",100,54,0.54
History,Art & Intellectual History,"Conduct archival research in libraries, museums, and special collections to locate primary source materials.",100,41,0.41
History,Art & Intellectual History,"Develop interview protocols for oral history projects with artists, collectors, curators, or other cultural practitioners.",100,0,0.0
History,Art & Intellectual History,Establish provenance chains and attribution histories by cross-referencing documentary evidence with material analysis.,100,7,0.07
History,Art & Intellectual History,Evaluate the extent to which findings about specific historical periods or figures illuminate broader patterns in cultural or intellectual history.,100,95,0.95
History,Art & Intellectual History,"Examine original artworks, manuscripts, or architectural sites to gather visual and material evidence.",100,35,0.35
History,Art & Intellectual History,"Frame research questions within historiographical debates about periodization, influence, and cultural transmission.",100,89,0.89
History,Art & Intellectual History,"Identify and categorize iconographic motifs, stylistic features, or rhetorical patterns in visual and textual sources.",100,50,0.5
History,Art & Intellectual History,"Situate analyses of visual or textual sources within relevant theoretical frameworks from aesthetics, hermeneutics, or cultural theory.",100,73,0.73
History,Art & Intellectual History,Translate and annotate primary sources written in historical or foreign languages.,100,33,0.33
Computer Science,Artificial Intelligence & Machine Learning,"Analyze algorithmic properties using probability theory, linear algebra, or optimization theory.",100,60,0.6
Computer Science,Artificial Intelligence & Machine Learning,Apply data augmentation techniques to expand training set diversity.,100,0,0.0
Computer Science,Artificial Intelligence & Machine Learning,"Clean datasets by handling missing values, outliers, and label noise.",100,5,0.05
Computer Science,Artificial Intelligence & Machine Learning,"Collect and curate labeled datasets from public repositories, APIs, or web sources.",100,45,0.45
Computer Science,Artificial Intelligence & Machine Learning,Compute confidence intervals and statistical significance tests for performance comparisons.,100,8,0.08
Computer Science,Artificial Intelligence & Machine Learning,"Derive theoretical bounds on model generalization, convergence rates, or computational complexity.",100,23,0.23
Computer Science,Artificial Intelligence & Machine Learning,"Design controlled experiments with training, validation, and test splits to evaluate model performance.",100,58,0.58
Computer Science,Artificial Intelligence & Machine Learning,Formulate mathematical objectives and loss functions that encode desired model behavior.,100,73,0.73
Computer Science,Artificial Intelligence & Machine Learning,Generate synthetic training data through simulation or augmentation techniques.,100,20,0.2
Computer Science,Artificial Intelligence & Machine Learning,"Preprocess raw data through normalization, tokenization, or feature extraction pipelines.",100,41,0.41
Computer Science,Artificial Intelligence & Machine Learning,"Quantify model uncertainty through ensemble methods, dropout sampling, or Bayesian approaches.",100,4,0.04
Computer Science,Artificial Intelligence & Machine Learning,Simulate agent behavior or system dynamics in virtual environments.,100,8,0.08
Computer Science,Artificial Intelligence & Machine Learning,Structure ablation studies to isolate the contribution of individual model components.,100,17,0.17
Computer Science,Artificial Intelligence & Machine Learning,"Tune hyperparameters through grid search, random search, or Bayesian optimization.",100,37,0.37
Education,Assessment & Evaluation,Account for selection effects and non-random assignment when evaluating program impacts on student outcomes.,100,14,0.14
Education,Assessment & Evaluation,Address ethical considerations specific to assessing vulnerable student populations and protecting participant confidentiality in educational settings.,100,10,0.1
Education,Assessment & Evaluation,Analyze open-ended survey responses from program participants to identify emergent themes about program quality.,100,10,0.1
Education,Assessment & Evaluation,Apply measurement theory and validity frameworks when conceptualizing assessment constructs and research questions.,100,53,0.53
Education,Assessment & Evaluation,Assess whether evaluation findings from specific programs transfer to different institutional settings or implementation conditions.,100,4,0.04
Education,Assessment & Evaluation,Clean and prepare assessment data by handling missing responses and flagging aberrant response patterns.,100,43,0.43
Education,Assessment & Evaluation,Code qualitative data from student work samples or portfolio artifacts to identify learning patterns.,100,5,0.05
Education,Assessment & Evaluation,Collect classroom observation data using structured protocols to evaluate teaching practices.,100,11,0.11
Education,Assessment & Evaluation,"Conduct item analysis to evaluate difficulty, discrimination, and functioning of assessment items.",100,16,0.16
Education,Assessment & Evaluation,Coordinate with schools and districts to gain access to student data and recruit participants for assessment studies.,100,51,0.51
Education,Assessment & Evaluation,Create evaluation surveys to measure stakeholder perceptions of program effectiveness and implementation fidelity.,100,18,0.18
Education,Assessment & Evaluation,Design focus group guides to explore student or teacher experiences with assessment practices.,100,0,0.0
Education,Assessment & Evaluation,Design rubrics and scoring guides to evaluate student performance on constructed-response tasks.,100,8,0.08
Education,Assessment & Evaluation,"Develop assessment instruments with attention to content validity, construct alignment, and item quality standards.",100,43,0.43
Education,Assessment & Evaluation,Develop interview protocols to gather stakeholder perspectives on educational programs and interventions.,100,15,0.15
Education,Assessment & Evaluation,Estimate reliability coefficients and measurement error to evaluate the precision of assessment scores.,100,39,0.39
Education,Assessment & Evaluation,Evaluate the generalizability of assessment results across diverse student populations and educational contexts.,100,11,0.11
Education,Assessment & Evaluation,Examine differential item functioning to detect potential bias across demographic subgroups.,100,0,0.0
Education,Assessment & Evaluation,Ground evaluation studies in program theory or logic models to guide research design and interpretation.,100,7,0.07
Education,Assessment & Evaluation,Partner with program administrators to facilitate data collection and ensure evaluation activities align with organizational needs.,100,17,0.17
Education,Assessment & Evaluation,Score and code student responses using established rubrics and inter-rater reliability procedures.,100,7,0.07
Physics & Astronomy,Astrophysics & Cosmology,"Calculate expected emission spectra, luminosities, or fluxes from astrophysical source models.",100,26,0.26
Physics & Astronomy,Astrophysics & Cosmology,Constrain cosmological parameters by comparing theoretical predictions to large-scale structure or CMB observations.,100,13,0.13
Physics & Astronomy,Astrophysics & Cosmology,"Coordinate multi-messenger observations combining electromagnetic, gravitational wave, or neutrino detections.",100,0,0.0
Physics & Astronomy,Astrophysics & Cosmology,Derive observable signatures from cosmological models to test against survey data.,100,28,0.28
Physics & Astronomy,Astrophysics & Cosmology,"Fit light curves of transient events to infer explosion mechanisms, progenitor properties, or distances.",100,3,0.03
Physics & Astronomy,Astrophysics & Cosmology,"Fit spectral energy distributions to determine physical properties of stars, galaxies, or other sources.",100,10,0.1
Physics & Astronomy,Astrophysics & Cosmology,Model radiative transfer through astrophysical media to generate synthetic spectra or images.,100,12,0.12
Physics & Astronomy,Astrophysics & Cosmology,Perform Monte Carlo simulations to assess detection probabilities and selection effects in surveys.,100,15,0.15
Physics & Astronomy,Astrophysics & Cosmology,Predict gravitational wave signals from compact object mergers or other relativistic phenomena.,100,2,0.02
Physics & Astronomy,Astrophysics & Cosmology,"Quantify systematic errors from instrumental effects, calibration standards, or atmospheric conditions.",100,31,0.31
Physics & Astronomy,Astrophysics & Cosmology,Run N-body or hydrodynamic simulations of galaxy formation and large-scale structure evolution.,100,6,0.06
Physics & Astronomy,Astrophysics & Cosmology,"Simulate stellar evolution, nucleosynthesis, or supernova explosions to predict observable outcomes.",100,1,0.01
Physics & Astronomy,Astrophysics & Cosmology,Subtract foreground contamination from cosmic microwave background or diffuse emission maps.,100,0,0.0
Earth & Planetary Sciences,Atmospheric Science & Meteorology,Analyze reanalysis datasets to reconstruct historical atmospheric conditions and climate variability.,100,22,0.22
Earth & Planetary Sciences,Atmospheric Science & Meteorology,Apply quality control algorithms to remove erroneous observations from meteorological datasets.,100,37,0.37
Earth & Planetary Sciences,Atmospheric Science & Meteorology,Calculate radiative transfer through atmospheric layers to estimate heating rates and energy budgets.,100,3,0.03
Earth & Planetary Sciences,Atmospheric Science & Meteorology,"Calibrate radar systems and correct for beam attenuation, ground clutter, and range-dependent biases.",100,5,0.05
Earth & Planetary Sciences,Atmospheric Science & Meteorology,Characterize sensor drift and measurement biases in weather station instruments over time.,100,6,0.06
Earth & Planetary Sciences,Atmospheric Science & Meteorology,Collect air samples and aerosol measurements using ground-based or airborne platforms.,100,17,0.17
Earth & Planetary Sciences,Atmospheric Science & Meteorology,"Correct satellite retrievals for cloud contamination, surface emissivity, and atmospheric interference.",100,3,0.03
Earth & Planetary Sciences,Atmospheric Science & Meteorology,Derive atmospheric stability indices and convective parameters from thermodynamic profiles.,100,9,0.09
Earth & Planetary Sciences,Atmospheric Science & Meteorology,Evaluate climate model output against observational benchmarks to assess model skill.,100,14,0.14
Earth & Planetary Sciences,Atmospheric Science & Meteorology,Execute mesoscale numerical simulations to study severe weather events and boundary layer processes.,100,17,0.17
Earth & Planetary Sciences,Atmospheric Science & Meteorology,"Extract paleoclimate proxy data from ice cores, tree rings, or sediment records.",100,0,0.0
Earth & Planetary Sciences,Atmospheric Science & Meteorology,Fit statistical downscaling models to relate large-scale climate patterns to local weather variables.,100,2,0.02
Earth & Planetary Sciences,Atmospheric Science & Meteorology,Generate weather forecasts by applying numerical weather prediction models to current atmospheric conditions.,100,13,0.13
Earth & Planetary Sciences,Atmospheric Science & Meteorology,Maintain and troubleshoot automated weather observation systems and data loggers in field deployments.,100,15,0.15
Earth & Planetary Sciences,Atmospheric Science & Meteorology,Perform ensemble model runs to characterize forecast uncertainty and probabilistic outcomes.,100,8,0.08
Earth & Planetary Sciences,Atmospheric Science & Meteorology,Propagate observational errors through derived quantities such as precipitation rates and wind shear.,100,11,0.11
Earth & Planetary Sciences,Atmospheric Science & Meteorology,Quantify uncertainty in climate projections arising from model spread and internal variability.,100,2,0.02
Earth & Planetary Sciences,Atmospheric Science & Meteorology,Retrieve atmospheric variables from satellite radiometer and sounder data products.,100,8,0.08
Earth & Planetary Sciences,Atmospheric Science & Meteorology,Run global or regional climate model simulations to project future atmospheric conditions.,100,5,0.05
Physics & Astronomy,"Atomic, Molecular & Optical Physics",Acquire time-of-flight or absorption imaging data to characterize cold atom cloud properties.,100,18,0.18
Physics & Astronomy,"Atomic, Molecular & Optical Physics","Calculate atomic and molecular energy levels, transition rates, and cross-sections from quantum mechanical principles.",100,44,0.44
Physics & Astronomy,"Atomic, Molecular & Optical Physics","Characterize laser linewidth, power stability, and beam profile for precision measurements.",100,29,0.29
Physics & Astronomy,"Atomic, Molecular & Optical Physics",Compute molecular potential energy surfaces and rovibrational energy levels numerically.,100,5,0.05
Physics & Astronomy,"Atomic, Molecular & Optical Physics","Configure laser beam paths and optical elements for atom trapping, cooling, or spectroscopy.",100,63,0.63
Physics & Astronomy,"Atomic, Molecular & Optical Physics",Derive expected spectral line positions and intensities using atomic structure theory.,100,10,0.1
Physics & Astronomy,"Atomic, Molecular & Optical Physics",Design magnetic field coil arrangements for atom trapping or Zeeman state manipulation.,100,22,0.22
Physics & Astronomy,"Atomic, Molecular & Optical Physics",Design vacuum chamber configurations to achieve ultra-high vacuum conditions for atomic experiments.,100,19,0.19
Physics & Astronomy,"Atomic, Molecular & Optical Physics","Evaluate systematic uncertainties from stray fields, collisions, and Doppler effects in precision measurements.",100,40,0.4
Physics & Astronomy,"Atomic, Molecular & Optical Physics",Extract atomic or molecular parameters by comparing measured spectra to theoretical models.,100,69,0.69
Physics & Astronomy,"Atomic, Molecular & Optical Physics","Fit spectral lineshapes to extract transition frequencies, widths, and amplitudes.",100,33,0.33
Physics & Astronomy,"Atomic, Molecular & Optical Physics","Maintain and optimize laser systems including alignment, mode quality, and frequency stability.",100,30,0.3
Physics & Astronomy,"Atomic, Molecular & Optical Physics","Maintain optical components including cleaning, alignment verification, and replacement of degraded elements.",100,16,0.16
Physics & Astronomy,"Atomic, Molecular & Optical Physics",Measure fluorescence signals from trapped atoms or molecules to determine state populations.,100,22,0.22
Physics & Astronomy,"Atomic, Molecular & Optical Physics","Model light-matter interactions to predict absorption, emission, and scattering behavior.",100,53,0.53
Physics & Astronomy,"Atomic, Molecular & Optical Physics",Model optical cavity modes and light propagation through complex optical systems.,100,6,0.06
Physics & Astronomy,"Atomic, Molecular & Optical Physics","Record atomic and molecular spectra using photodetectors, spectrometers, or imaging systems.",100,45,0.45
Physics & Astronomy,"Atomic, Molecular & Optical Physics",Service vacuum systems including pump maintenance and leak detection.,100,15,0.15
Physics & Astronomy,"Atomic, Molecular & Optical Physics",Simulate atomic dynamics under laser cooling and trapping conditions.,100,11,0.11
Physics & Astronomy,"Atomic, Molecular & Optical Physics",Stabilize and lock laser frequencies to atomic transitions or optical cavities.,100,32,0.32
Statistics,Bayesian Statistics,Acquire benchmark datasets with known ground truth for validating Bayesian inference procedures.,98,26,0.265306
Statistics,Bayesian Statistics,Assess the transportability of Bayesian model parameters and predictions to new contexts or populations.,98,6,0.061224
Statistics,Bayesian Statistics,Compare competing models using Bayes factors or information criteria to guide model selection.,98,23,0.234694
Statistics,Bayesian Statistics,Conduct posterior predictive checks to assess model fit and identify systematic discrepancies.,98,9,0.091837
Statistics,Bayesian Statistics,Design measurement protocols that capture uncertainty and variability needed for probabilistic modeling.,98,20,0.204082
Statistics,Bayesian Statistics,Develop data collection instruments that elicit prior beliefs or subjective probability judgments from respondents.,98,7,0.071429
Statistics,Bayesian Statistics,"Diagnose convergence of sampling algorithms using trace plots, effective sample sizes, and diagnostic statistics.",98,26,0.265306
Statistics,Bayesian Statistics,Evaluate the sensitivity of posterior inferences to prior specifications across different population subgroups.,98,2,0.020408
Statistics,Bayesian Statistics,Formulate research questions using Bayesian decision-theoretic frameworks to quantify risks and expected utilities.,98,17,0.173469
Statistics,Bayesian Statistics,Frame hypotheses in terms of prior distributions and updating mechanisms to reflect existing theoretical knowledge.,98,60,0.612245
Statistics,Bayesian Statistics,Implement Markov chain Monte Carlo sampling algorithms to estimate posterior distributions.,98,39,0.397959
Statistics,Bayesian Statistics,Perform sensitivity analyses to evaluate how conclusions change under alternative prior specifications.,98,32,0.326531
Statistics,Bayesian Statistics,Propagate measurement uncertainty through hierarchical models to obtain calibrated interval estimates.,98,34,0.346939
Statistics,Bayesian Statistics,Quantify and communicate posterior uncertainty in risk estimates for decision-making applications.,98,53,0.540816
Statistics,Bayesian Statistics,Specify informative or weakly informative prior distributions based on domain knowledge and previous studies.,98,72,0.734694
Statistics,Bayesian Statistics,Structure observed data into likelihood functions appropriate for Bayesian model specification.,98,87,0.887755
Economics,Behavioral & Experimental Economics,"Administer economic games such as dictator, ultimatum, public goods, or trust games to measure social preferences.",379,92,0.242744
Economics,Behavioral & Experimental Economics,Analyze treatment effects from randomized experiments using appropriate statistical tests for between-subject and within-subject designs.,379,233,0.614776
Economics,Behavioral & Experimental Economics,"Apply prospect theory, bounded rationality, or social preference models to formulate testable hypotheses about economic decision-making.",379,164,0.432718
Economics,Behavioral & Experimental Economics,Assess external validity of laboratory findings by considering differences between student samples and general populations.,379,44,0.116095
Economics,Behavioral & Experimental Economics,Conduct laboratory experiments using computerized interfaces to collect incentivized choice data from participants.,379,135,0.356201
Economics,Behavioral & Experimental Economics,Construct belief elicitation tasks using proper scoring rules to measure subjective probabilities.,379,22,0.058047
Economics,Behavioral & Experimental Economics,"Design incentive-compatible elicitation mechanisms to measure risk preferences, time preferences, or social preferences.",379,98,0.258575
Economics,Behavioral & Experimental Economics,Develop deception-free experimental protocols that maintain credibility with participants while testing behavioral hypotheses.,379,61,0.16095
Economics,Behavioral & Experimental Economics,Estimate structural parameters of utility functions or decision models from experimental choice data.,379,61,0.16095
Economics,Behavioral & Experimental Economics,"Evaluate whether experimental results replicate across different incentive structures, stake sizes, or cultural contexts.",379,69,0.182058
Economics,Behavioral & Experimental Economics,Implement online experiments through platforms to collect behavioral data from geographically dispersed participants.,379,56,0.147757
Economics,Behavioral & Experimental Economics,"Incorporate insights from behavioral anomalies such as loss aversion, present bias, or framing effects into research design.",379,83,0.218997
Economics,Behavioral & Experimental Economics,Prepare informed consent procedures that explain incentive payments and experimental tasks without revealing hypotheses.,379,88,0.23219
Economics,Behavioral & Experimental Economics,Run field experiments by randomizing treatments in natural economic environments to measure behavioral responses.,379,34,0.08971
Economics,Behavioral & Experimental Economics,"Test for order effects, learning, and fatigue in within-subject experimental designs.",379,83,0.218997
Neuroscience,Behavioral Neuroscience,Account for baseline individual differences in neural activity when estimating intervention effects on behavior.,100,4,0.04
Neuroscience,Behavioral Neuroscience,Control for circadian timing and sleep history when analyzing behavioral or neural outcome measures.,100,30,0.3
Neuroscience,Behavioral Neuroscience,Coordinate with clinical neurology or psychiatry departments for patient recruitment and phenotyping.,100,1,0.01
Neuroscience,Behavioral Neuroscience,Design behavioral paradigms with appropriate control conditions to isolate specific neural or cognitive processes.,100,89,0.89
Neuroscience,Behavioral Neuroscience,Develop testable predictions about neural circuit mechanisms underlying stress-induced behavioral changes.,100,5,0.05
Neuroscience,Behavioral Neuroscience,Formulate hypotheses linking specific neurotransmitter systems to behavioral phenotypes or cognitive functions.,100,32,0.32
Neuroscience,Behavioral Neuroscience,Generate hypotheses about the neurobiological substrates of motor learning and adaptation.,100,2,0.02
Neuroscience,Behavioral Neuroscience,Harmonize behavioral scoring criteria and operational definitions across multiple experimental sites or raters.,100,6,0.06
Neuroscience,Behavioral Neuroscience,Obtain IACUC approval for animal research protocols involving behavioral testing and neural manipulations.,100,70,0.7
Neuroscience,Behavioral Neuroscience,Plan within-subject or between-subject experimental designs to assess treatment effects on behavior.,100,87,0.87
Neuroscience,Behavioral Neuroscience,Prepare IRB protocols detailing risks and benefits of neuroimaging or pharmacological challenge studies in human participants.,100,13,0.13
Neuroscience,Behavioral Neuroscience,Screen and recruit participants based on neurological health status and medication use criteria.,100,12,0.12
Neuroscience,Behavioral Neuroscience,Select validated behavioral assays and outcome measures appropriate for the neural systems under investigation.,100,91,0.91
Neuroscience,Behavioral Neuroscience,Standardize neuroimaging preprocessing pipelines to enable cross-study comparisons.,100,0,0.0
Religion,Biblical Studies,Analyze intertextual relationships between biblical passages and other ancient Near Eastern or Greco-Roman literature.,199,128,0.643216
Religion,Biblical Studies,"Apply historical-critical, literary, or theological frameworks when formulating research questions about biblical texts.",200,196,0.98
Religion,Biblical Studies,"Assess whether interpretive findings from specific biblical passages apply across different canonical traditions, historical periods, or faith communities.",200,63,0.315
Religion,Biblical Studies,"Code thematic patterns, rhetorical structures, or theological motifs within biblical and related ancient texts.",200,176,0.88
Religion,Biblical Studies,Design interview protocols to gather perspectives from religious communities on biblical interpretation and practice.,199,3,0.015075
Religion,Biblical Studies,Normalize orthographic and linguistic variations in ancient language texts for systematic comparison.,199,7,0.035176
Religion,Biblical Studies,Transcribe and collate ancient manuscript witnesses to establish textual evidence for analysis.,199,6,0.030151
Library & Information Science,"Bibliometrics, Scientometrics & Scholarly Communication",Advise institutions on the responsible use of metrics within research assessment and evaluation frameworks.,100,7,0.07
Library & Information Science,"Bibliometrics, Scientometrics & Scholarly Communication","Assemble datasets linking authors, institutions, funders, and grants through record linkage and identifier matching.",100,17,0.17
Library & Information Science,"Bibliometrics, Scientometrics & Scholarly Communication",Assess whether bibliometric indicators are comparable across disciplines with differing citation and authorship cultures.,100,34,0.34
Library & Information Science,"Bibliometrics, Scientometrics & Scholarly Communication","Collect altmetric, download, and social-media attention data for defined sets of scholarly outputs.",100,6,0.06
Library & Information Science,"Bibliometrics, Scientometrics & Scholarly Communication","Compute and validate citation-based indicators, field-normalized scores, and network centrality measures.",100,75,0.75
Library & Information Science,"Bibliometrics, Scientometrics & Scholarly Communication",Conceptualize altmetrics and usage-based indicators to capture broader scholarly and societal engagement with research.,100,7,0.07
Library & Information Science,"Bibliometrics, Scientometrics & Scholarly Communication","Construct co-authorship, citation, or co-word networks to model the structure and dynamics of research communities.",100,24,0.24
Library & Information Science,"Bibliometrics, Scientometrics & Scholarly Communication",Design field-normalized indicators that account for disciplinary differences in citation rates and publication volume.,100,24,0.24
Library & Information Science,"Bibliometrics, Scientometrics & Scholarly Communication","Develop hypotheses about knowledge diffusion, collaboration, and the emergence of research fields from science-of-science frameworks.",100,10,0.1
Library & Information Science,"Bibliometrics, Scientometrics & Scholarly Communication",Disambiguate author names and unify institutional affiliations to build reliable bibliometric datasets.,100,33,0.33
Library & Information Science,"Bibliometrics, Scientometrics & Scholarly Communication",Evaluate how database coverage and indexing choices limit the generalizability of bibliometric findings.,100,30,0.3
Library & Information Science,"Bibliometrics, Scientometrics & Scholarly Communication","Formulate models of scientific careers, productivity, and the aging and obsolescence of knowledge over time.",100,12,0.12
Library & Information Science,"Bibliometrics, Scientometrics & Scholarly Communication",Formulate questions about open access and alternative publishing models and their effects on citation impact and readership.,100,6,0.06
Library & Information Science,"Bibliometrics, Scientometrics & Scholarly Communication",Frame research questions using citation theory and normative or social-constructivist accounts of why scholars cite.,100,9,0.09
Library & Information Science,"Bibliometrics, Scientometrics & Scholarly Communication",Ground studies of research evaluation in responsible-metrics principles such as the Leiden Manifesto or DORA.,100,1,0.01
Library & Information Science,"Bibliometrics, Scientometrics & Scholarly Communication",Harvest publication and citation records from bibliographic databases and open scholarly metadata sources.,100,85,0.85
Library & Information Science,"Bibliometrics, Scientometrics & Scholarly Communication","Interrogate gender, geographic, and prestige-based disparities and Matthew effects in citation and evaluation systems.",100,30,0.3
Library & Information Science,"Bibliometrics, Scientometrics & Scholarly Communication","Model publication and citation dynamics using regression, network, or topic-modeling approaches.",100,50,0.5
Library & Information Science,"Bibliometrics, Scientometrics & Scholarly Communication",Translate bibliometric analyses into evaluation reports and policy briefs for administrators and funders.,100,4,0.04
Library & Information Science,"Bibliometrics, Scientometrics & Scholarly Communication","Weigh the ethical and equity implications of using metrics in hiring, funding, and promotion decisions.",100,8,0.08
Biomedical Sciences,Biochemistry,Acquire fluorescence or absorbance spectroscopy data to characterize protein structure and interactions.,99,17,0.171717
Biomedical Sciences,Biochemistry,Analyze binding affinity data to determine dissociation constants and thermodynamic parameters.,99,10,0.10101
Biomedical Sciences,Biochemistry,Collect gel electrophoresis and Western blot images for protein analysis.,99,57,0.575758
Biomedical Sciences,Biochemistry,Design enzyme kinetics experiments with appropriate substrate concentrations and time points.,99,13,0.131313
Biomedical Sciences,Biochemistry,Design mutagenesis experiments to probe structure-function relationships in proteins.,99,33,0.333333
Biomedical Sciences,Biochemistry,Develop hypotheses about post-translational modifications and their functional consequences.,99,20,0.20202
Biomedical Sciences,Biochemistry,Establish appropriate positive and negative controls for biochemical assays.,99,66,0.666667
Biomedical Sciences,Biochemistry,"Express and purify recombinant proteins from bacterial, yeast, insect, or mammalian expression systems.",99,44,0.444444
Biomedical Sciences,Biochemistry,Fit enzyme kinetics data to determine kinetic parameters and compare between conditions.,99,12,0.121212
Biomedical Sciences,Biochemistry,Formulate hypotheses about enzyme catalytic mechanisms based on structural and kinetic data.,99,15,0.151515
Biomedical Sciences,Biochemistry,Generate mass spectrometry data for protein identification and quantification.,99,15,0.151515
Biomedical Sciences,Biochemistry,"Isolate and purify nucleic acids, proteins, or lipids from biological samples.",99,60,0.606061
Biomedical Sciences,Biochemistry,Perform chromatography-based separation and analysis of biomolecules.,99,39,0.393939
Biomedical Sciences,Biochemistry,Perform statistical comparisons of protein expression or activity levels across experimental groups.,99,53,0.535354
Biomedical Sciences,Biochemistry,Plan protein expression and purification strategies for structural or functional studies.,99,49,0.494949
Biomedical Sciences,Biochemistry,Prepare cell lysates and subcellular fractions for biochemical analysis.,99,51,0.515152
Biomedical Sciences,Biochemistry,Process mass spectrometry raw data for peptide and protein identification.,99,12,0.121212
Biomedical Sciences,Biochemistry,Propose mechanistic models for protein-protein or protein-ligand interactions.,99,56,0.565657
Biology,Bioinformatics & Computational Biology,Assemble de novo transcriptomes or genomes from short or long read sequencing data.,99,49,0.494949
Biology,Bioinformatics & Computational Biology,Cluster biological samples or features using unsupervised learning methods to identify patterns.,99,14,0.141414
Biology,Bioinformatics & Computational Biology,Conduct pathway enrichment and gene ontology analyses to interpret lists of significant genes.,99,37,0.373737
Biology,Bioinformatics & Computational Biology,Design computational experiments with appropriate parameter sweeps and baseline comparisons for algorithm benchmarking.,99,17,0.171717
Biology,Bioinformatics & Computational Biology,Develop hypotheses about protein structure-function relationships using sequence and structural data.,99,11,0.111111
Biology,Bioinformatics & Computational Biology,Formulate hypotheses about gene regulatory networks based on computational analysis of expression data.,99,8,0.080808
Biology,Bioinformatics & Computational Biology,Generate hypotheses about evolutionary relationships among species or gene families through phylogenetic analysis.,99,30,0.30303
Biology,Bioinformatics & Computational Biology,Identify genetic variants by calling SNPs and indels from aligned genomic sequencing data.,99,10,0.10101
Biology,Bioinformatics & Computational Biology,Perform differential gene expression analysis between experimental conditions using statistical models.,99,28,0.282828
Biology,Bioinformatics & Computational Biology,Plan cross-validation strategies and train-test splits for machine learning model evaluation.,99,4,0.040404
Anthropology,Biological & Physical Anthropology,Account for taphonomic processes and preservation bias when interpreting patterns in skeletal assemblages.,100,40,0.4
Anthropology,Biological & Physical Anthropology,Apply evolutionary and adaptive frameworks when formulating hypotheses about human biological variation and behavior.,100,45,0.45
Anthropology,Biological & Physical Anthropology,Clean and standardize osteometric measurements and morphological scoring data for statistical analysis.,100,48,0.48
Anthropology,Biological & Physical Anthropology,Collect primary osteological data through systematic examination and measurement of skeletal remains.,100,66,0.66
Anthropology,Biological & Physical Anthropology,Conduct field excavations to recover human skeletal remains and associated archaeological materials.,100,11,0.11
Anthropology,Biological & Physical Anthropology,"Control for age, sex, and population affinity when analyzing skeletal variation or disease prevalence.",100,59,0.59
Anthropology,Biological & Physical Anthropology,Design protocols for collecting oral histories or ethnographic accounts related to mortuary practices or population histories.,100,2,0.02
Anthropology,Biological & Physical Anthropology,Develop standardized osteometric data collection forms to systematically record skeletal measurements and morphological traits.,100,8,0.08
Anthropology,Biological & Physical Anthropology,"Evaluate whether skeletal or fossil findings can be generalized across geographic regions, temporal periods, or population groups.",100,53,0.53
Anthropology,Biological & Physical Anthropology,Navigate ethical guidelines and repatriation laws when conducting research on skeletal collections or archaeological materials.,100,18,0.18
Anthropology,Biological & Physical Anthropology,"Obtain permits and approvals from descendant communities, tribal authorities, or government agencies for research involving human remains.",100,23,0.23
Anthropology,Biological & Physical Anthropology,"Score and classify pathological lesions, trauma patterns, or developmental anomalies observed on skeletal remains.",100,19,0.19
Materials Science,Biomaterials,"Assess mechanical properties of biomaterials through tensile, compression, and nanoindentation testing.",99,33,0.333333
Materials Science,Biomaterials,Characterize surface morphology and microstructure using electron microscopy and atomic force microscopy.,99,68,0.686869
Materials Science,Biomaterials,Crosslink or functionalize biopolymers to modify mechanical or biological properties.,99,38,0.383838
Materials Science,Biomaterials,"Design experiments with controlled humidity, temperature, and pH to simulate physiological or environmental conditions.",99,52,0.525253
Materials Science,Biomaterials,Determine molecular weight distributions of biopolymers using gel permeation chromatography.,99,4,0.040404
Materials Science,Biomaterials,"Extract and purify natural biopolymers from plant, animal, or microbial sources.",99,17,0.171717
Materials Science,Biomaterials,"Fabricate polymer scaffolds, films, or fibers using electrospinning, casting, or freeze-drying techniques.",99,31,0.313131
Materials Science,Biomaterials,Fit kinetic models to biodegradation or swelling data to determine rate constants and mechanisms.,99,7,0.070707
Materials Science,Biomaterials,Measure thermal transitions and stability using differential scanning calorimetry and thermogravimetric analysis.,99,18,0.181818
Materials Science,Biomaterials,Model drug release kinetics from polymer matrices or scaffold systems using diffusion equations.,99,3,0.030303
Materials Science,Biomaterials,Model scaffold porosity and transport properties using finite element analysis.,99,0,0.0
Materials Science,Biomaterials,Plan in vitro cell culture studies to evaluate biomaterial biocompatibility and cytotoxicity.,99,32,0.323232
Materials Science,Biomaterials,"Predict mechanical, thermal, or degradation behavior of biomaterials using structure-property relationships.",99,21,0.212121
Materials Science,Biomaterials,Quantify variability in biomaterial properties across multiple sample batches and biological replicates.,99,52,0.525253
Materials Science,Biomaterials,"Service and troubleshoot electrospinning, extrusion, and polymer processing equipment.",99,0,0.0
Materials Science,Biomaterials,Simulate molecular interactions between biomaterials and biological molecules using computational methods.,99,3,0.030303
Materials Science,Biomaterials,Synthesize nanoparticles or nanocomposites for incorporation into biomaterial matrices.,99,11,0.111111
Engineering,Biomedical Engineering,"Acquire physiological signals including electromyography, electrocardiography, or electroencephalography from human subjects or animal models.",100,19,0.19
Engineering,Biomedical Engineering,"Apply mass transport and diffusion equations to predict drug delivery, nutrient exchange, or molecular transport in biological systems.",100,2,0.02
Engineering,Biomedical Engineering,Calculate bioelectrical signal characteristics from tissue electrical properties and electrode configurations.,100,10,0.1
Engineering,Biomedical Engineering,"Collect mechanical testing data from biological tissues or biomaterial samples using tensile, compression, or fatigue testing equipment.",100,11,0.11
Engineering,Biomedical Engineering,Culture cells and tissues for experimental studies on device biocompatibility or tissue regeneration.,100,12,0.12
Engineering,Biomedical Engineering,"Derive biomechanical predictions from musculoskeletal models to estimate joint forces, tissue stresses, or movement kinematics.",100,5,0.05
Engineering,Biomedical Engineering,Design biocompatibility and cytotoxicity testing protocols following regulatory standards.,100,7,0.07
Engineering,Biomedical Engineering,"Design in vitro experiments with controlled physiological conditions including temperature, pH, oxygen levels, and sterility.",100,16,0.16
Engineering,Biomedical Engineering,"Establish mechanical loading protocols to simulate physiological or pathological conditions on cells, tissues, or devices.",100,21,0.21
Engineering,Biomedical Engineering,"Execute computational models of neural activity, muscle activation, or physiological control systems.",100,4,0.04
Engineering,Biomedical Engineering,"Fabricate tissue engineering scaffolds using biocompatible polymers, hydrogels, or composite materials.",100,4,0.04
Engineering,Biomedical Engineering,Fit constitutive models to characterize mechanical properties of biological tissues and biomaterials.,100,4,0.04
Engineering,Biomedical Engineering,Manufacture microfluidic devices and lab-on-chip platforms for biological assays.,100,12,0.12
Engineering,Biomedical Engineering,Produce prototype medical devices and implants using additive manufacturing or conventional fabrication methods.,100,41,0.41
Engineering,Biomedical Engineering,Propagate uncertainty through image-based measurements of anatomical structures or tissue properties.,100,0,0.0
Engineering,Biomedical Engineering,Quantify measurement variability in biomechanical assessments across repeated trials and multiple subjects.,100,16,0.16
Engineering,Biomedical Engineering,Record motion capture and force plate data during human movement studies.,100,7,0.07
Engineering,Biomedical Engineering,"Run finite element simulations to analyze stress distributions in implants, prosthetics, or biological tissues.",100,12,0.12
Engineering,Biomedical Engineering,"Simulate fluid dynamics in cardiovascular devices, microfluidic systems, or respiratory models.",100,5,0.05
Engineering,Biomedical Engineering,Validate computational models against experimental measurements from benchtop or in vivo studies.,100,42,0.42
Biomedical Sciences,Biomedical Engineering & Imaging,Acquire bioluminescence or chemiluminescence signals from reporter systems or labeled probes.,100,10,0.1
Biomedical Sciences,Biomedical Engineering & Imaging,"Acquire fluorescence microscopy images using confocal, widefield, or multiphoton imaging systems.",100,52,0.52
Biomedical Sciences,Biomedical Engineering & Imaging,Capture electron microscopy images of biological ultrastructure using transmission or scanning electron microscopes.,100,17,0.17
Biomedical Sciences,Biomedical Engineering & Imaging,"Collect spectroscopic data from biological samples using Raman, infrared, or fluorescence spectroscopy.",100,18,0.18
Biomedical Sciences,Biomedical Engineering & Imaging,Compare imaging-derived metrics between experimental and control groups using appropriate statistical methods.,100,58,0.58
Biomedical Sciences,Biomedical Engineering & Imaging,Culture cells on biomaterial substrates or scaffolds for imaging and mechanical testing.,100,10,0.1
Biomedical Sciences,Biomedical Engineering & Imaging,"Design imaging experiments with appropriate controls for autofluorescence, photobleaching, and background signal.",100,27,0.27
Biomedical Sciences,Biomedical Engineering & Imaging,Develop hypotheses relating imaging biomarkers to disease progression or treatment outcomes.,100,7,0.07
Biomedical Sciences,Biomedical Engineering & Imaging,Extract quantitative measurements from spectroscopic data through baseline correction and peak analysis.,100,13,0.13
Biomedical Sciences,Biomedical Engineering & Imaging,Formulate hypotheses about cellular responses to mechanical stimuli or biomaterial interactions.,100,1,0.01
Biomedical Sciences,Biomedical Engineering & Imaging,"Maintain and calibrate microscopy systems including light sources, objectives, and detectors.",100,18,0.18
Biomedical Sciences,Biomedical Engineering & Imaging,Obtain IACUC approval for in vivo imaging studies involving animal models.,100,30,0.3
Biomedical Sciences,Biomedical Engineering & Imaging,Perform statistical analysis of biosensor response data across multiple experimental conditions.,100,14,0.14
Biomedical Sciences,Biomedical Engineering & Imaging,Plan biosensor validation studies with appropriate positive and negative controls.,100,15,0.15
Biomedical Sciences,Biomedical Engineering & Imaging,"Prepare biological specimens through fixation, sectioning, or staining for microscopy analysis.",100,51,0.51
Biomedical Sciences,Biomedical Engineering & Imaging,"Process raw microscopy images through background subtraction, deconvolution, and noise reduction.",100,33,0.33
Biomedical Sciences,Biomedical Engineering & Imaging,Segment and quantify cellular features from microscopy images using image analysis software.,100,47,0.47
Physics & Astronomy,Biophysics,Acquire time-resolved spectroscopic data to characterize biomolecular dynamics and reaction kinetics.,100,9,0.09
Physics & Astronomy,Biophysics,"Apply background subtraction, drift correction, and photobleaching corrections to fluorescence imaging data.",100,11,0.11
Physics & Astronomy,Biophysics,Apply statistical mechanics principles to predict ensemble behavior of biological macromolecules.,100,29,0.29
Physics & Astronomy,Biophysics,"Calibrate optical traps, atomic force microscopes, and other force spectroscopy instruments for single-molecule measurements.",99,18,0.181818
Physics & Astronomy,Biophysics,Characterize point spread functions and optical aberrations in fluorescence microscopy systems.,99,1,0.010101
Physics & Astronomy,Biophysics,"Collect structural data using X-ray crystallography, cryo-electron microscopy, or nuclear magnetic resonance spectroscopy.",99,3,0.030303
Physics & Astronomy,Biophysics,"Derive thermodynamic and kinetic predictions for biomolecular folding, binding, and conformational changes.",100,35,0.35
Physics & Astronomy,Biophysics,"Design experiments with controlled temperature, pH, ionic strength, and buffer conditions for studying biological samples.",100,43,0.43
Physics & Astronomy,Biophysics,Establish environmental controls for live cell imaging and single-molecule experiments.,100,12,0.12
Physics & Astronomy,Biophysics,"Express, purify, and characterize proteins and nucleic acids for biophysical experiments.",100,27,0.27
Physics & Astronomy,Biophysics,Fit kinetic models to time-resolved spectroscopic or single-molecule trajectory data.,100,47,0.47
Physics & Astronomy,Biophysics,"Perform coarse-grained simulations of membrane systems, protein assemblies, or cellular processes.",100,28,0.28
Physics & Astronomy,Biophysics,"Prepare lipid bilayers, vesicles, and membrane systems for reconstitution studies.",99,6,0.060606
Physics & Astronomy,Biophysics,Process raw diffraction patterns or electron micrographs to extract structural information.,99,5,0.050505
Physics & Astronomy,Biophysics,Propagate errors through force calibration and distance measurements in single-molecule experiments.,99,17,0.171717
Physics & Astronomy,Biophysics,"Quantify uncertainties in measured binding affinities, rate constants, and thermodynamic parameters.",100,21,0.21
Physics & Astronomy,Biophysics,Record force-extension curves and mechanical responses of single molecules or cellular structures.,99,18,0.181818
Physics & Astronomy,Biophysics,"Refine structural models against experimental scattering, diffraction, or spectroscopic constraints.",99,2,0.020202
Physics & Astronomy,Biophysics,"Run molecular dynamics simulations to model biomolecular structure, dynamics, and interactions.",100,12,0.12
Physics & Astronomy,Biophysics,Service and troubleshoot sample preparation equipment including ultracentrifuges and chromatography systems.,99,0,0.0
Statistics,Biostatistics,Acquire and integrate publicly available genomic or clinical datasets for secondary analysis.,100,20,0.2
Statistics,Biostatistics,Apply survival analysis techniques to model time-to-event outcomes with censored data.,100,14,0.14
Statistics,Biostatistics,Assess and quantify heterogeneity and publication bias in systematic reviews.,100,17,0.17
Statistics,Biostatistics,Assess generalizability of statistical findings across diverse patient populations and clinical settings.,100,13,0.13
Statistics,Biostatistics,Collaborate with clinical investigators and laboratory scientists to translate research questions into statistical designs.,100,17,0.17
Statistics,Biostatistics,Conduct meta-analyses using random-effects models to synthesize treatment effects across heterogeneous studies.,100,18,0.18
Statistics,Biostatistics,Design case report forms to standardize collection of clinical and demographic variables across study sites.,100,1,0.01
Statistics,Biostatistics,Develop and validate risk prediction models using regression and machine learning approaches.,100,4,0.04
Statistics,Biostatistics,Develop data safety monitoring plans to guide interim analyses and stopping rules for clinical trials.,100,2,0.02
Statistics,Biostatistics,Evaluate transportability of effect estimates from study samples to external target populations.,100,0,0.0
Statistics,Biostatistics,Extract and harmonize data from electronic health records for epidemiological analysis.,100,5,0.05
Statistics,Biostatistics,Fit mixed-effects models to account for clustering in multi-site or longitudinal health data.,100,11,0.11
Statistics,Biostatistics,Frame research questions around causal inference frameworks to estimate treatment effects in health outcomes.,100,3,0.03
Statistics,Biostatistics,Handle missing data through multiple imputation or other principled statistical methods.,100,15,0.15
Statistics,Biostatistics,Implement propensity score methods to adjust for confounding in observational health studies.,100,1,0.01
Statistics,Biostatistics,"Prepare statistical analysis plans specifying primary endpoints, sample size justification, and analysis methods for IRB submission.",100,3,0.03
Biology,Botany & Plant Biology,"Analyze plant growth, biomass, or yield data across experimental treatments using appropriate statistical models.",100,37,0.37
Biology,Botany & Plant Biology,Assemble and annotate plant genome or transcriptome sequences for functional analysis.,100,9,0.09
Biology,Botany & Plant Biology,Conduct phylogenetic analyses to infer evolutionary relationships among plant lineages.,100,7,0.07
Biology,Botany & Plant Biology,"Design greenhouse or growth chamber experiments with controlled light, temperature, and humidity conditions.",100,27,0.27
Biology,Botany & Plant Biology,Design reciprocal transplant or common garden experiments to distinguish genetic and environmental effects on plant traits.,100,1,0.01
Biology,Botany & Plant Biology,Develop hypotheses regarding phylogenetic relationships among plant taxa based on morphological or molecular evidence.,100,5,0.05
Biology,Botany & Plant Biology,Establish field plot experiments with appropriate spatial arrangements to account for environmental heterogeneity.,100,22,0.22
Biology,Botany & Plant Biology,"Formulate hypotheses about plant physiological responses to environmental stressors such as drought, temperature, or nutrient availability.",100,25,0.25
Biology,Botany & Plant Biology,Propose mechanisms underlying plant-microbe or plant-fungal symbiotic interactions.,100,5,0.05
Religion,Buddhist & Eastern Religions,Apply doctrinal frameworks from Buddhist philosophical traditions to frame research questions about religious practice and belief.,199,119,0.59799
Religion,Buddhist & Eastern Religions,Assess whether findings from studies of specific Buddhist communities or texts apply across different regional traditions and historical periods.,199,37,0.18593
Religion,Buddhist & Eastern Religions,"Code ethnographic field notes and interview transcripts for themes related to religious identity, ritual practice, and doctrinal interpretation.",199,10,0.050251
Religion,Buddhist & Eastern Religions,"Conduct ethnographic fieldwork at temples, monasteries, or pilgrimage sites to observe religious practices and community dynamics.",199,8,0.040201
Religion,Buddhist & Eastern Religions,"Design interview protocols sensitive to monastic hierarchies, ritual contexts, and religious observances in Buddhist communities.",199,2,0.01005
Religion,Buddhist & Eastern Religions,"Establish collaborative relationships with monasteries, temples, or religious organizations to facilitate research access and participant recruitment.",199,6,0.030151
Religion,Buddhist & Eastern Religions,"Interview monastics, lay practitioners, and religious teachers about beliefs, practices, and lived religious experience.",199,12,0.060302
Religion,Buddhist & Eastern Religions,"Locate and access manuscript collections, inscriptions, and archival materials from Buddhist institutions and repositories.",199,94,0.472362
Religion,Buddhist & Eastern Religions,Navigate ethical considerations when conducting research in religious communities with distinct norms around privacy and sacred knowledge.,199,6,0.030151
Religion,Buddhist & Eastern Religions,Situate research questions within historical lineages and sectarian developments of Eastern religious traditions.,199,176,0.884422
Religion,Buddhist & Eastern Religions,Transcribe and prepare textual data from primary sources in classical Asian languages for analysis.,199,128,0.643216
Biomedical Sciences,Cancer Biology,Acquire immunohistochemistry or immunofluorescence images to assess protein expression and localization in tumor sections.,100,46,0.46
Biomedical Sciences,Cancer Biology,Analyze dose-response relationships to determine drug efficacy in cancer cell viability assays.,100,26,0.26
Biomedical Sciences,Cancer Biology,Analyze proteomic or phosphoproteomic data to characterize signaling pathway activation in tumors.,100,7,0.07
Biomedical Sciences,Cancer Biology,Compare tumor growth rates or survival outcomes between treatment and control groups using appropriate statistical methods.,100,42,0.42
Biomedical Sciences,Cancer Biology,Design experiments comparing tumor and matched normal tissue samples to identify cancer-specific alterations.,100,37,0.37
Biomedical Sciences,Cancer Biology,Design in vitro experiments using cancer cell lines with appropriate controls to test drug efficacy or pathway function.,100,82,0.82
Biomedical Sciences,Cancer Biology,Develop hypotheses linking tumor microenvironment factors to cancer cell behavior and disease outcomes.,100,28,0.28
Biomedical Sciences,Cancer Biology,Establish and maintain patient-derived cancer cell lines or organoids for experimental studies.,100,6,0.06
Biomedical Sciences,Cancer Biology,"Formulate hypotheses about oncogenic signaling pathways and their roles in tumor initiation, progression, or metastasis.",100,53,0.53
Biomedical Sciences,Cancer Biology,Generate or analyze RNA sequencing data to identify differentially expressed genes in tumor versus normal tissue.,100,6,0.06
Biomedical Sciences,Cancer Biology,"Obtain IACUC approval for tumor implantation, drug treatment, or imaging studies in mouse cancer models.",100,33,0.33
Biomedical Sciences,Cancer Biology,Perform differential gene expression analysis to compare tumor subtypes or treatment conditions.,100,31,0.31
Biomedical Sciences,Cancer Biology,"Perform live-cell imaging to monitor cancer cell migration, invasion, or response to treatment.",100,4,0.04
Biomedical Sciences,Cancer Biology,Perform or interpret whole-exome or targeted sequencing to detect somatic mutations in cancer samples.,100,8,0.08
Biomedical Sciences,Cancer Biology,Plan xenograft or syngeneic mouse tumor studies with proper sample sizes to evaluate therapeutic interventions.,100,31,0.31
Biomedical Sciences,Cancer Biology,"Process and analyze sequencing data to identify cancer-associated mutations, copy number alterations, or gene fusions.",100,9,0.09
Biomedical Sciences,Cancer Biology,Propose mechanisms by which genetic mutations or epigenetic alterations drive cancer development or therapeutic resistance.,100,40,0.4
Medicine & Clinical Sciences,Cardiology & Cardiovascular Medicine,"Analyze time-to-event outcomes for cardiovascular mortality, myocardial infarction, stroke, or heart failure hospitalization.",100,18,0.18
Medicine & Clinical Sciences,Cardiology & Cardiovascular Medicine,Apply propensity score methods to compare outcomes between different cardiovascular treatment strategies in observational data.,100,2,0.02
Medicine & Clinical Sciences,Cardiology & Cardiovascular Medicine,Collaborate with heart failure clinics and cardiac rehabilitation programs to facilitate longitudinal patient follow-up.,100,2,0.02
Medicine & Clinical Sciences,Cardiology & Cardiovascular Medicine,Coordinate with cardiac catheterization laboratories and electrophysiology units for procedural data collection and patient enrollment.,100,15,0.15
Medicine & Clinical Sciences,Cardiology & Cardiovascular Medicine,"Define primary endpoints such as major adverse cardiovascular events, mortality, or hospitalization rates for cardiovascular trials.",100,25,0.25
Medicine & Clinical Sciences,Cardiology & Cardiovascular Medicine,"Design randomized controlled trials evaluating cardiovascular drugs, devices, or procedural interventions with appropriate clinical endpoints.",100,7,0.07
Medicine & Clinical Sciences,Cardiology & Cardiovascular Medicine,"Develop hypotheses linking cardiovascular risk factors such as hypertension, dyslipidemia, or diabetes to adverse cardiac outcomes.",100,11,0.11
Medicine & Clinical Sciences,Cardiology & Cardiovascular Medicine,"Establish inclusion and exclusion criteria based on cardiovascular disease severity, comorbidities, and procedural history.",100,55,0.55
Medicine & Clinical Sciences,Cardiology & Cardiovascular Medicine,Estimate treatment effects of cardiovascular interventions while adjusting for baseline disease severity and comorbidities.,100,19,0.19
Medicine & Clinical Sciences,Cardiology & Cardiovascular Medicine,"Extract cardiovascular-specific data including echocardiographic parameters, catheterization results, and medication histories from electronic health records.",100,26,0.26
Medicine & Clinical Sciences,Cardiology & Cardiovascular Medicine,"Formulate hypotheses about pathophysiological mechanisms underlying cardiac arrhythmias, heart failure, or coronary artery disease.",100,34,0.34
Medicine & Clinical Sciences,Cardiology & Cardiovascular Medicine,Generate hypotheses about the efficacy of pharmacological or interventional therapies for cardiovascular conditions.,100,35,0.35
Medicine & Clinical Sciences,Cardiology & Cardiovascular Medicine,Harmonize cardiovascular diagnostic codes and procedure classifications across different clinical databases and registries.,100,6,0.06
Medicine & Clinical Sciences,Cardiology & Cardiovascular Medicine,Model recurrent cardiovascular event rates and competing risks in longitudinal patient cohorts.,100,2,0.02
Medicine & Clinical Sciences,Cardiology & Cardiovascular Medicine,"Recruit patients with specific cardiovascular conditions such as heart failure, atrial fibrillation, or acute coronary syndromes for clinical studies.",100,37,0.37
Medicine & Clinical Sciences,Cardiology & Cardiovascular Medicine,Standardize echocardiographic measurements and ejection fraction calculations across multiple imaging sites.,100,2,0.02
Chemistry,Catalysis,Calculate thermodynamic parameters for catalyst-substrate binding and reaction intermediates.,100,14,0.14
Chemistry,Catalysis,Construct Hammett or linear free energy relationship plots to probe electronic effects on catalysis.,100,2,0.02
Chemistry,Catalysis,Derive kinetic rate expressions from proposed catalytic cycles to guide mechanistic understanding.,100,6,0.06
Chemistry,Catalysis,"Design catalyst screening experiments with systematic variation of ligands, metals, and reaction conditions.",100,62,0.62
Chemistry,Catalysis,Design control experiments to distinguish between homogeneous and heterogeneous catalytic pathways.,100,18,0.18
Chemistry,Catalysis,Determine enantiomeric excess using chiral chromatography or polarimetry for asymmetric reactions.,100,12,0.12
Chemistry,Catalysis,Fit kinetic models to time-course reaction data to extract rate constants and reaction orders.,100,20,0.2
Chemistry,Catalysis,Measure catalyst turnover numbers and turnover frequencies under standardized conditions.,100,29,0.29
Chemistry,Catalysis,Model catalyst surface interactions and adsorption phenomena for heterogeneous systems.,100,14,0.14
Chemistry,Catalysis,Monitor reaction progress using spectroscopic techniques to track substrate consumption and product formation.,100,45,0.45
Chemistry,Catalysis,"Optimize reaction parameters including temperature, pressure, solvent, and catalyst loading for maximum yield and selectivity.",100,61,0.61
Chemistry,Catalysis,Predict reaction mechanisms and transition state energies using density functional theory calculations.,100,12,0.12
Chemistry,Catalysis,"Prepare heterogeneous catalysts through impregnation, precipitation, or sol-gel methods.",100,43,0.43
Chemistry,Catalysis,Purify and characterize catalyst materials to confirm structure and purity before catalytic testing.,100,85,0.85
Chemistry,Catalysis,"Quantify uncertainty in measured yields, selectivities, and enantiomeric excess values.",100,5,0.05
Chemistry,Catalysis,Run computational simulations of catalytic reaction pathways to identify rate-determining steps.,100,11,0.11
Chemistry,Catalysis,Synthesize organometallic catalyst precursors and ligand frameworks for catalytic applications.,100,38,0.38
Neuroscience,Cellular & Molecular Neuroscience,Acquire confocal or fluorescence microscopy images of neural tissue to visualize cellular structures and protein localization.,100,64,0.64
Neuroscience,Cellular & Molecular Neuroscience,"Analyze time-course data of neuronal survival, axon regeneration, or disease progression in experimental models.",100,30,0.3
Neuroscience,Cellular & Molecular Neuroscience,Collect electrophysiological recordings from neurons or brain slices to measure electrical activity patterns.,100,31,0.31
Neuroscience,Cellular & Molecular Neuroscience,Design electrophysiological recording protocols to assess neuronal activity or synaptic transmission.,100,32,0.32
Neuroscience,Cellular & Molecular Neuroscience,Design in vitro experiments using primary neuronal cultures or neural cell lines to test mechanistic hypotheses.,100,38,0.38
Neuroscience,Cellular & Molecular Neuroscience,Develop hypotheses linking ion channel or receptor dysfunction to neurological disease phenotypes.,100,22,0.22
Neuroscience,Cellular & Molecular Neuroscience,Formulate hypotheses about molecular signaling pathways underlying neuronal dysfunction or degeneration.,100,36,0.36
Neuroscience,Cellular & Molecular Neuroscience,Generate and validate transgenic or knockout animal models for studying gene function in the nervous system.,100,12,0.12
Neuroscience,Cellular & Molecular Neuroscience,"Harvest neural tissue samples from animal models for molecular, histological, or biochemical analysis.",100,83,0.83
Neuroscience,Cellular & Molecular Neuroscience,"Integrate gene expression, protein, and electrophysiological data from multiple experimental platforms.",100,15,0.15
Neuroscience,Cellular & Molecular Neuroscience,"Obtain IACUC approval for animal protocols involving surgical procedures, behavioral testing, or tissue collection.",100,76,0.76
Neuroscience,Cellular & Molecular Neuroscience,Perform dose-response analyses for pharmacological agents targeting neural receptors or signaling pathways.,100,20,0.2
Neuroscience,Cellular & Molecular Neuroscience,Plan animal model studies with appropriate controls to investigate neural circuit function or disease mechanisms.,100,62,0.62
Neuroscience,Cellular & Molecular Neuroscience,Prepare and maintain primary neuronal or glial cell cultures for experimental manipulation.,100,39,0.39
Neuroscience,Cellular & Molecular Neuroscience,Prepare institutional biosafety committee documentation for viral vector use in neural tissue.,100,5,0.05
Neuroscience,Cellular & Molecular Neuroscience,Propose mechanisms by which neuroinflammatory processes contribute to neuronal damage or repair.,100,24,0.24
Neuroscience,Cellular & Molecular Neuroscience,"Quantify treatment effects on neuronal viability, synaptic function, or molecular markers while controlling for experimental variables.",100,85,0.85
Materials Science,Ceramics & Glass Science,Acquire microstructural images and compositional data using electron microscopy techniques.,99,62,0.626263
Materials Science,Ceramics & Glass Science,"Calculate dielectric, piezoelectric, or ferroelectric properties from crystal structure and composition data.",99,5,0.050505
Materials Science,Ceramics & Glass Science,Calibrate dilatometers and thermal analysis instruments for accurate measurement of thermal expansion and phase transitions.,99,0,0.0
Materials Science,Ceramics & Glass Science,Characterize measurement error in impedance analyzers used for dielectric property determination.,99,0,0.0
Materials Science,Ceramics & Glass Science,Collect structural data using X-ray diffraction to identify crystalline phases and amorphous content.,99,70,0.707071
Materials Science,Ceramics & Glass Science,"Design sintering experiments with controlled atmosphere, temperature profiles, and heating rates.",99,48,0.484848
Materials Science,Ceramics & Glass Science,Extract dielectric relaxation parameters by fitting Cole-Cole or equivalent circuit models to impedance data.,99,2,0.020202
Materials Science,Ceramics & Glass Science,"Fabricate dense ceramic bodies through pressing, casting, or additive manufacturing followed by sintering.",99,46,0.464646
Materials Science,Ceramics & Glass Science,Fit crystallization kinetics models to differential scanning calorimetry data.,99,3,0.030303
Materials Science,Ceramics & Glass Science,Measure dielectric permittivity and loss tangent across frequency and temperature ranges using impedance spectroscopy.,99,13,0.131313
Materials Science,Ceramics & Glass Science,Plan glass melting experiments with specified thermal histories and cooling rates to control crystallization.,99,9,0.090909
Materials Science,Ceramics & Glass Science,Predict phase stability and crystallization behavior in ceramic and glass systems using thermodynamic models.,99,14,0.141414
Materials Science,Ceramics & Glass Science,"Quantify uncertainty in density, porosity, and grain size measurements from multiple sample preparations.",99,2,0.020202
Materials Science,Ceramics & Glass Science,Run molecular dynamics or density functional theory simulations to predict glass structure and properties.,99,3,0.030303
Materials Science,Ceramics & Glass Science,Simulate sintering densification and microstructure evolution using phase-field or finite element methods.,99,0,0.0
Materials Science,Ceramics & Glass Science,"Synthesize ceramic powders through solid-state reaction, sol-gel, or co-precipitation methods.",99,55,0.555556
Engineering,Chemical & Process Engineering,Apply mass and energy balances to predict yields and energy requirements for chemical processes.,100,44,0.44
Engineering,Chemical & Process Engineering,Calculate reaction kinetics parameters from thermodynamic principles and rate laws.,100,3,0.03
Engineering,Chemical & Process Engineering,"Collect composition data using gas chromatography, mass spectrometry, or spectroscopic methods.",100,54,0.54
Engineering,Chemical & Process Engineering,Conduct hazard and operability assessments for experimental apparatus and pilot plants.,100,0,0.0
Engineering,Chemical & Process Engineering,Configure reactor systems with controlled residence time and mixing conditions.,100,43,0.43
Engineering,Chemical & Process Engineering,Derive heat and mass transfer coefficients for reactor and separation equipment design.,100,8,0.08
Engineering,Chemical & Process Engineering,"Design experiments to evaluate catalyst performance under varying temperature, pressure, and feed composition.",100,29,0.29
Engineering,Chemical & Process Engineering,Fit kinetic rate models to experimental conversion and selectivity data.,100,18,0.18
Engineering,Chemical & Process Engineering,"Measure physical properties including viscosity, density, and surface tension of process streams.",100,12,0.12
Engineering,Chemical & Process Engineering,"Model separation processes including distillation, extraction, and membrane operations.",100,7,0.07
Engineering,Chemical & Process Engineering,Plan factorial experiments to optimize process parameters for yield and selectivity.,100,28,0.28
Engineering,Chemical & Process Engineering,Produce biofuels or biochemicals through fermentation or thermochemical conversion.,100,24,0.24
Engineering,Chemical & Process Engineering,Propagate measurement uncertainties through mass balance and yield calculations.,100,4,0.04
Engineering,Chemical & Process Engineering,Quantify experimental reproducibility through replicate runs and statistical analysis.,100,38,0.38
Engineering,Chemical & Process Engineering,Regress thermodynamic parameters from phase equilibrium measurements.,100,9,0.09
Engineering,Chemical & Process Engineering,Simulate multiphase flow behavior in fluidized beds and packed columns.,100,2,0.02
Engineering,Chemical & Process Engineering,Simulate reactor performance using computational fluid dynamics or process simulation software.,100,13,0.13
Engineering,Chemical & Process Engineering,Synthesize and characterize heterogeneous catalysts for reaction studies.,100,6,0.06
Engineering,Chemical & Process Engineering,Validate transport models against experimental heat and mass transfer data.,100,8,0.08
Religion,Christian Theology,"Access denominational archives, church records, or historical theological documents for secondary data analysis.",200,54,0.27
Religion,Christian Theology,"Account for denominational, regional, or socioeconomic confounders when analyzing patterns in Christian belief or practice.",200,3,0.015
Religion,Christian Theology,Assess whether theological findings from specific denominational or cultural contexts apply to broader Christian traditions or global Christianity.,200,5,0.025
Religion,Christian Theology,"Code qualitative data from interviews or testimonies for theological themes, doctrinal positions, or spiritual experiences.",200,28,0.14
Religion,Christian Theology,"Conduct interviews or ethnographic observations within churches, seminaries, or Christian organizations to gather primary data on religious life.",200,13,0.065
Religion,Christian Theology,"Coordinate with churches, denominational bodies, or parachurch organizations to access participants or archival materials for research.",200,15,0.075
Religion,Christian Theology,"Design survey instruments to measure religious beliefs, spiritual practices, or congregational experiences among Christian populations.",200,8,0.04
Religion,Christian Theology,"Develop interview protocols to explore lived religious experience, faith narratives, or ministerial perspectives within Christian communities.",200,12,0.06
Religion,Christian Theology,"Engage with systematic theology, biblical hermeneutics, or ecclesiological frameworks when formulating research questions about Christian belief and practice.",200,198,0.99
Religion,Christian Theology,"Obtain ethical approval and informed consent for research involving clergy, congregants, or religious institutions.",200,9,0.045
Public Health & Epidemiology,"Chronic Disease, Cancer & Injury Epidemiology","Apply survival analysis to model time to chronic disease onset, recurrence, or death with censored follow-up.",100,9,0.09
Public Health & Epidemiology,"Chronic Disease, Cancer & Injury Epidemiology",Assemble cohorts that link baseline risk-factor measurements to incident disease through registries and record linkage.,100,9,0.09
Public Health & Epidemiology,"Chronic Disease, Cancer & Injury Epidemiology","Assess the generalizability of risk-factor associations across age groups, sexes, and diverse populations.",100,34,0.34
Public Health & Epidemiology,"Chronic Disease, Cancer & Injury Epidemiology",Calculate population attributable fractions to quantify the disease burden attributable to specific risk factors.,100,10,0.1
Public Health & Epidemiology,"Chronic Disease, Cancer & Injury Epidemiology","Collect data on diet, physical activity, smoking, and other behavioral exposures using validated questionnaires.",100,37,0.37
Public Health & Epidemiology,"Chronic Disease, Cancer & Injury Epidemiology",Design case-control studies to investigate risk factors for cancer and other chronic conditions.,100,6,0.06
Public Health & Epidemiology,"Chronic Disease, Cancer & Injury Epidemiology",Design prospective cohort studies to examine long-term risk factors for incident chronic disease.,100,9,0.09
Public Health & Epidemiology,"Chronic Disease, Cancer & Injury Epidemiology",Design studies to evaluate the effectiveness of injury-prevention interventions and safety policies.,100,5,0.05
Public Health & Epidemiology,"Chronic Disease, Cancer & Injury Epidemiology",Determine appropriate follow-up duration and outcome definitions for studies of slowly developing chronic diseases.,100,10,0.1
Public Health & Epidemiology,"Chronic Disease, Cancer & Injury Epidemiology",Develop hypotheses about modifiable risk factors and their potential for primary prevention at the population level.,100,22,0.22
Public Health & Epidemiology,"Chronic Disease, Cancer & Injury Epidemiology",Estimate effects of modifiable risk factors on chronic disease incidence while controlling for confounding.,100,34,0.34
Public Health & Epidemiology,"Chronic Disease, Cancer & Injury Epidemiology","Formulate hypotheses about behavioral, metabolic, and environmental risk factors for chronic diseases such as cardiovascular disease, cancer, and diabetes.",100,16,0.16
Public Health & Epidemiology,"Chronic Disease, Cancer & Injury Epidemiology","Formulate hypotheses about disparities in chronic disease incidence, survival, and outcomes across population subgroups.",100,32,0.32
Public Health & Epidemiology,"Chronic Disease, Cancer & Injury Epidemiology",Generate hypotheses about determinants of injury occurrence and the effectiveness of injury-prevention strategies.,100,24,0.24
Public Health & Epidemiology,"Chronic Disease, Cancer & Injury Epidemiology","Obtain and link cancer registry, hospital discharge, or mortality records to ascertain chronic disease outcomes.",100,42,0.42
Public Health & Epidemiology,"Chronic Disease, Cancer & Injury Epidemiology","Plan evaluations of health-promotion, screening, or prevention programs to assess their impact on disease burden.",100,1,0.01
Public Health & Epidemiology,"Chronic Disease, Cancer & Injury Epidemiology",Propose hypotheses about the natural history of chronic disease and progression from risk factors to clinical outcomes.,100,1,0.01
Engineering,Civil & Structural Engineering,Apply baseline corrections to seismic ground motion records for dynamic analysis.,100,1,0.01
Engineering,Civil & Structural Engineering,Assess variability in soil properties and incorporate into geotechnical design calculations.,100,3,0.03
Engineering,Civil & Structural Engineering,Calculate structural load capacities and stress distributions using mechanics of materials principles.,100,20,0.2
Engineering,Civil & Structural Engineering,Calibrate soil behavior models using laboratory and field test results.,100,2,0.02
Engineering,Civil & Structural Engineering,Characterize measurement uncertainty in accelerometers and vibration monitoring equipment.,100,1,0.01
Engineering,Civil & Structural Engineering,Derive seismic response predictions for structures using dynamic analysis methods.,100,5,0.05
Engineering,Civil & Structural Engineering,"Design laboratory tests for concrete, steel, or composite material specimens under controlled loading conditions.",100,29,0.29
Engineering,Civil & Structural Engineering,Estimate soil bearing capacity and settlement using geotechnical engineering principles.,100,5,0.05
Engineering,Civil & Structural Engineering,Fabricate structural test specimens incorporating reinforcement configurations and connection details.,100,18,0.18
Engineering,Civil & Structural Engineering,Fit constitutive models to experimental stress-strain data for structural materials.,100,13,0.13
Engineering,Civil & Structural Engineering,Perform numerical modeling of soil-structure interaction and foundation behavior.,100,7,0.07
Engineering,Civil & Structural Engineering,Plan geotechnical field investigations with controlled sampling and testing procedures.,100,5,0.05
Engineering,Civil & Structural Engineering,Process raw sensor signals from structural health monitoring systems to remove noise and drift.,100,1,0.01
Engineering,Civil & Structural Engineering,Quantify uncertainty in material strength parameters and propagate through structural reliability analyses.,100,6,0.06
Engineering,Civil & Structural Engineering,Run finite element simulations of structural systems under static and dynamic loading.,100,29,0.29
Engineering,Civil & Structural Engineering,Simulate fluid flow and hydraulic conditions in geotechnical and hydraulic systems.,100,4,0.04
Environmental Science,Climate Science & Climate Change,Apply bias correction and downscaling techniques to global climate model outputs for regional applications.,100,8,0.08
Environmental Science,Climate Science & Climate Change,Calculate greenhouse gas emission budgets consistent with specific temperature targets using carbon cycle models.,100,4,0.04
Environmental Science,Climate Science & Climate Change,Calibrate proxy-based paleoclimate reconstructions against instrumental climate records.,100,2,0.02
Environmental Science,Climate Science & Climate Change,Characterize systematic biases in satellite-derived climate variables through ground-truth comparisons.,100,2,0.02
Environmental Science,Climate Science & Climate Change,Derive climate projections from general circulation models and radiative forcing scenarios.,100,10,0.1
Environmental Science,Climate Science & Climate Change,Estimate climate sensitivity parameters from paleoclimate records and physical constraints.,100,2,0.02
Environmental Science,Climate Science & Climate Change,Execute regional climate model simulations to assess local impacts of global climate change.,100,2,0.02
Environmental Science,Climate Science & Climate Change,Fit statistical models to attribute observed climate changes to natural and anthropogenic forcing factors.,100,7,0.07
Environmental Science,Climate Science & Climate Change,Homogenize long-term climate records to remove non-climatic discontinuities from station relocations or instrument changes.,100,5,0.05
Environmental Science,Climate Science & Climate Change,Optimize model parameters to minimize discrepancies between simulated and observed climate variables.,100,23,0.23
Environmental Science,Climate Science & Climate Change,Perform ensemble simulations to characterize internal climate variability and model uncertainty.,100,13,0.13
Environmental Science,Climate Science & Climate Change,Propagate measurement and sampling errors through climate trend calculations.,100,17,0.17
Environmental Science,Climate Science & Climate Change,Quantify uncertainty ranges in climate projections arising from model structural differences and internal variability.,100,24,0.24
Environmental Science,Climate Science & Climate Change,Retrieve climate variables from satellite remote sensing platforms for global and regional analysis.,100,6,0.06
Environmental Science,Climate Science & Climate Change,Run Earth system model simulations to project future climate under different emission scenarios.,100,10,0.1
Neuroscience,Clinical Neuroscience,Analyze time-to-event outcomes for neurological disease milestones such as disability progression or relapse.,100,0,0.0
Neuroscience,Clinical Neuroscience,Design clinical trials evaluating pharmacological or neuromodulation interventions for neurological disorders.,100,10,0.1
Neuroscience,Clinical Neuroscience,Develop consent procedures accommodating patients with cognitive impairment or communication deficits.,100,14,0.14
Neuroscience,Clinical Neuroscience,Develop hypotheses linking genetic variants to neurological disease phenotypes and progression patterns.,100,13,0.13
Neuroscience,Clinical Neuroscience,"Establish inclusion and exclusion criteria based on neurological diagnosis, disease stage, and comorbidities.",100,62,0.62
Neuroscience,Clinical Neuroscience,Estimate treatment effects on neurological outcomes while adjusting for baseline disease severity and comorbidities.,100,8,0.08
Neuroscience,Clinical Neuroscience,Formulate hypotheses about neurological disease pathophysiology based on clinical observations and neuroimaging findings.,100,68,0.68
Neuroscience,Clinical Neuroscience,Harmonize neurological rating scale scores and diagnostic classifications across multi-site studies.,100,5,0.05
Neuroscience,Clinical Neuroscience,Select validated neurological outcome measures and rating scales appropriate for the target condition and patient population.,100,52,0.52
Nutrition & Dietetics,"Clinical Nutrition, Dietetics & Obesity",Adjust for baseline comorbidities and medication use in analyses of clinical nutrition outcomes.,100,26,0.26
Nutrition & Dietetics,"Clinical Nutrition, Dietetics & Obesity",Analyze predictors of treatment response and weight-loss maintenance in patient cohorts.,100,26,0.26
Nutrition & Dietetics,"Clinical Nutrition, Dietetics & Obesity","Collect dietary intake, physical activity, and body-composition data from patients under treatment.",100,60,0.6
Nutrition & Dietetics,"Clinical Nutrition, Dietetics & Obesity",Design randomized trials evaluating weight-loss interventions with body-composition and metabolic endpoints.,100,29,0.29
Nutrition & Dietetics,"Clinical Nutrition, Dietetics & Obesity",Develop evidence-based dietetic practice guidelines and patient nutrition education materials.,100,8,0.08
Nutrition & Dietetics,"Clinical Nutrition, Dietetics & Obesity",Develop hypotheses about behavioral and environmental determinants of obesity and adherence to treatment.,100,24,0.24
Nutrition & Dietetics,"Clinical Nutrition, Dietetics & Obesity",Develop research questions on dietary and lifestyle interventions for weight management.,100,31,0.31
Nutrition & Dietetics,"Clinical Nutrition, Dietetics & Obesity",Estimate effects of nutritional and pharmacological interventions while accounting for adherence.,100,19,0.19
Nutrition & Dietetics,"Clinical Nutrition, Dietetics & Obesity",Extract nutrition-related data from electronic health records for clinical outcome studies.,100,15,0.15
Nutrition & Dietetics,"Clinical Nutrition, Dietetics & Obesity","Formulate hypotheses about the physiological regulation of appetite, satiety, and energy balance in obesity.",100,8,0.08
Nutrition & Dietetics,"Clinical Nutrition, Dietetics & Obesity",Generate hypotheses about pharmacological and surgical treatments for obesity and their metabolic effects.,100,5,0.05
Nutrition & Dietetics,"Clinical Nutrition, Dietetics & Obesity",Model weight-loss trajectories and metabolic outcomes over the course of treatment.,100,20,0.2
Nutrition & Dietetics,"Clinical Nutrition, Dietetics & Obesity",Obtain clinical and biochemical measures to assess nutritional status and treatment response.,100,69,0.69
Nutrition & Dietetics,"Clinical Nutrition, Dietetics & Obesity",Propose studies of medical nutrition therapy for gastrointestinal and other clinical conditions.,100,14,0.14
Nutrition & Dietetics,"Clinical Nutrition, Dietetics & Obesity",Recruit patients with obesity or clinical nutrition disorders from specialty and primary care clinics.,100,70,0.7
Nutrition & Dietetics,"Clinical Nutrition, Dietetics & Obesity","Select validated clinical endpoints such as weight change, glycemic control, and metabolic risk markers.",100,65,0.65
Psychology,Clinical Psychology,Account for treatment dropout and missing data patterns in longitudinal clinical studies.,100,16,0.16
Psychology,Clinical Psychology,Analyze qualitative data from clinical interviews to characterize patient experiences and treatment barriers.,100,8,0.08
Psychology,Clinical Psychology,Apply diagnostic classification systems and psychopathology models when conceptualizing research questions about mental disorders.,100,57,0.57
Psychology,Clinical Psychology,Assess the applicability of findings from efficacy trials to real-world clinical practice conditions.,100,7,0.07
Psychology,Clinical Psychology,"Code therapy session transcripts to identify therapeutic techniques, alliance factors, and change mechanisms.",100,2,0.02
Psychology,Clinical Psychology,Control for baseline symptom severity and comorbid conditions when analyzing treatment outcome data.,100,16,0.16
Psychology,Clinical Psychology,Coordinate with healthcare systems to implement research protocols within active treatment settings.,100,22,0.22
Psychology,Clinical Psychology,Create structured diagnostic interview guides based on established classification criteria.,100,3,0.03
Psychology,Clinical Psychology,"Design self-report batteries to assess psychological symptoms, functioning, and treatment response.",100,61,0.61
Psychology,Clinical Psychology,"Develop clinical interview protocols to assess symptom presentation, treatment history, and therapeutic processes.",100,9,0.09
Psychology,Clinical Psychology,Develop safety monitoring protocols and adverse event reporting procedures for clinical intervention studies.,100,6,0.06
Psychology,Clinical Psychology,Establish risk assessment and crisis intervention procedures for research involving vulnerable psychiatric populations.,100,5,0.05
Psychology,Clinical Psychology,"Evaluate whether treatment effects will generalize across clinical severity levels, comorbidity profiles, and treatment settings.",100,2,0.02
Psychology,Clinical Psychology,Integrate evidence-based treatment frameworks when designing psychotherapy outcome studies.,100,11,0.11
Psychology,Clinical Psychology,Partner with mental health clinics and community agencies to recruit clinical populations for research participation.,100,31,0.31
Psychology,Clinical Psychology,Select and adapt validated symptom measures and diagnostic screening instruments for study populations.,100,78,0.78
Neuroscience,Cognitive Neuroscience,Analyze longitudinal changes in cognitive performance or brain structure over repeated assessments.,100,5,0.05
Neuroscience,Cognitive Neuroscience,Apply statistical methods to isolate neural correlates of specific cognitive processes from confounding sensory or motor components.,100,69,0.69
Neuroscience,Cognitive Neuroscience,Coordinate with clinical neuroimaging facilities to access scanner time and patient populations for research studies.,100,7,0.07
Neuroscience,Cognitive Neuroscience,Design within-subject or between-subject experimental paradigms with appropriate cognitive task conditions and neuroimaging protocols.,100,90,0.9
Neuroscience,Cognitive Neuroscience,Develop informed consent procedures that explain neuroimaging risks and incidental findings protocols to participants.,100,70,0.7
Neuroscience,Cognitive Neuroscience,Develop theoretical models linking brain activity patterns to behavioral performance on cognitive tasks.,100,28,0.28
Neuroscience,Cognitive Neuroscience,Estimate effects of experimental manipulations on neural activity while controlling for individual differences in baseline cognition.,100,48,0.48
Neuroscience,Cognitive Neuroscience,"Formulate hypotheses about neural mechanisms underlying cognitive processes such as memory, attention, or perception.",100,94,0.94
Neuroscience,Cognitive Neuroscience,Harmonize neuroimaging data acquired on different scanner platforms or with varying acquisition parameters.,100,3,0.03
Neuroscience,Cognitive Neuroscience,Implement data security protocols for neuroimaging datasets containing identifiable brain scans.,100,4,0.04
Neuroscience,Cognitive Neuroscience,"Obtain IRB approval for studies involving neuroimaging, brain stimulation, or cognitive testing in human participants.",100,84,0.84
Neuroscience,Cognitive Neuroscience,"Screen and recruit participants based on cognitive ability, neurological status, or demographic criteria.",100,90,0.9
Neuroscience,Cognitive Neuroscience,Select behavioral measures and neural outcome variables that align with cognitive constructs under investigation.,100,91,0.91
Neuroscience,Cognitive Neuroscience,Standardize cognitive task parameters and scoring procedures across multiple data collection sites.,100,2,0.02
Psychology,Cognitive Psychology,Account for practice effects and order effects when analyzing data from within-subjects experimental designs.,100,48,0.48
Psychology,Cognitive Psychology,Apply cognitive processing theories such as dual-process or working memory models when framing research hypotheses.,100,20,0.2
Psychology,Cognitive Psychology,Assess the extent to which laboratory-based cognitive findings translate to real-world settings and everyday cognition.,100,18,0.18
Psychology,Cognitive Psychology,Categorize open-ended responses about subjective experiences or mental imagery using systematic coding schemes.,100,6,0.06
Psychology,Cognitive Psychology,"Clean reaction time data by identifying and handling outliers, anticipatory responses, and missed trials.",100,27,0.27
Psychology,Cognitive Psychology,"Code verbal protocol data to identify cognitive strategies, reasoning processes, or problem-solving approaches.",100,2,0.02
Psychology,Cognitive Psychology,Control for individual differences in processing speed or working memory capacity when analyzing cognitive task data.,100,7,0.07
Psychology,Cognitive Psychology,"Design self-report scales to assess metacognitive awareness, cognitive strategies, or subjective experiences.",100,10,0.1
Psychology,Cognitive Psychology,Design structured interview protocols to elicit verbal reports of cognitive processes or phenomenological experiences.,100,2,0.02
Psychology,Cognitive Psychology,Develop standardized questionnaires to measure individual differences in cognitive styles or processing preferences.,100,1,0.01
Psychology,Cognitive Psychology,Evaluate whether cognitive task performance generalizes across different sensory modalities or stimulus types.,100,14,0.14
Psychology,Cognitive Psychology,"Ground research questions in established models of attention, perception, or memory to ensure theoretical coherence.",100,58,0.58
Psychology,Cognitive Psychology,Obtain IRB approval for studies involving deception paradigms commonly used in attention or memory research.,100,7,0.07
Psychology,Cognitive Psychology,"Partner with schools, clinics, or community organizations to recruit participants for cognitive assessment studies.",100,8,0.08
Psychology,Cognitive Psychology,Preprocess accuracy and response time data from computerized experimental tasks for statistical analysis.,100,46,0.46
History,Colonial & Postcolonial History,Account for biases inherent in colonial administrative records and European-authored sources.,100,78,0.78
History,Colonial & Postcolonial History,"Apply postcolonial theoretical frameworks to analyze power dynamics, resistance, and cultural exchange in colonial encounters.",100,47,0.47
History,Colonial & Postcolonial History,"Assess the applicability of findings across different colonial contexts, empires, or geographic regions.",100,29,0.29
History,Colonial & Postcolonial History,Code oral histories and personal narratives to identify themes of colonial experience and memory.,100,3,0.03
History,Colonial & Postcolonial History,Collaborate with descendant communities and local scholars to gain access to oral traditions and community archives.,100,11,0.11
History,Colonial & Postcolonial History,Conduct oral history interviews with individuals who experienced colonial rule or its immediate aftermath.,100,6,0.06
History,Colonial & Postcolonial History,"Coordinate with archives, museums, and cultural institutions in former colonies to access restricted or dispersed collections.",100,29,0.29
History,Colonial & Postcolonial History,Critically assess silences and absences in archival records concerning colonized peoples' perspectives.,100,67,0.67
History,Colonial & Postcolonial History,Design oral history protocols to collect testimonies from communities affected by colonial legacies.,100,2,0.02
History,Colonial & Postcolonial History,"Engage with theories of empire, settler colonialism, and decolonization when framing historical research questions.",100,62,0.62
History,Colonial & Postcolonial History,Evaluate whether interpretations of colonial sources can be generalized across colonized populations or time periods.,100,7,0.07
History,Colonial & Postcolonial History,Obtain ethical approval and community consent for research involving Indigenous peoples or descendant communities.,100,0,0.0
History,Colonial & Postcolonial History,Transcribe and translate handwritten colonial documents from European and non-European languages.,100,9,0.09
Mathematics,Combinatorics & Discrete Mathematics,Compare computational enumeration results against theoretical predictions to validate conjectures.,100,10,0.1
Mathematics,Combinatorics & Discrete Mathematics,Derive combinatorial identities and closed-form expressions from generating functions and recurrence relations.,100,67,0.67
Mathematics,Combinatorics & Discrete Mathematics,Establish asymptotic bounds for counting sequences using analytic and probabilistic methods.,100,25,0.25
Mathematics,Combinatorics & Discrete Mathematics,Formulate conjectures about graph properties based on structural analysis and known theorems.,100,19,0.19
Mathematics,Combinatorics & Discrete Mathematics,Generate and analyze random graphs or discrete structures to test probabilistic conjectures.,100,1,0.01
Mathematics,Combinatorics & Discrete Mathematics,Implement algorithms to enumerate combinatorial objects and verify structural properties.,100,14,0.14
Mathematics,Combinatorics & Discrete Mathematics,Prove existence or non-existence of combinatorial structures satisfying specified constraints.,100,72,0.72
Law,Comparative Law,Apply legal transplant theory to analyze how legal rules and institutions transfer across jurisdictions.,100,17,0.17
Law,Comparative Law,"Assess whether comparative legal findings generalize across common law, civil law, and hybrid legal traditions.",100,5,0.05
Law,Comparative Law,Categorize statutory provisions according to functional equivalence across compared legal systems.,100,26,0.26
Law,Comparative Law,Code judicial reasoning patterns and doctrinal approaches across different legal traditions.,100,4,0.04
Law,Comparative Law,Control for differences in legal culture and institutional context when comparing legal outcomes across jurisdictions.,100,8,0.08
Law,Comparative Law,Coordinate with foreign legal scholars or institutions to access jurisdiction-specific legal materials and expertise.,100,4,0.04
Law,Comparative Law,"Design interview protocols to collect perspectives from legal practitioners, judges, or policymakers across multiple jurisdictions.",100,2,0.02
Law,Comparative Law,Evaluate the transferability of legal interpretations across jurisdictions with different constitutional frameworks.,100,7,0.07
Law,Comparative Law,Frame research questions using functionalist or culturalist approaches to compare legal systems.,100,13,0.13
Law,Comparative Law,Reconcile differences in legal terminology and concepts across jurisdictions to enable meaningful comparison.,100,42,0.42
Law,Comparative Law,Translate and verify accuracy of foreign legal texts and terminology for comparative analysis.,100,33,0.33
Literature,Comparative Literature,"Apply literary theories such as postcolonialism, narratology, or reception theory to frame comparative analyses across national literatures.",100,72,0.72
Literature,Comparative Literature,"Assess whether interpretive claims about literary texts or movements apply across different linguistic, cultural, or historical contexts.",100,82,0.82
Literature,Comparative Literature,"Code thematic, stylistic, or narrative patterns in literary texts using qualitative analysis frameworks.",100,41,0.41
Literature,Comparative Literature,"Develop interview protocols to gather perspectives from translators, authors, or literary practitioners on cross-cultural textual production.",100,1,0.01
Political Science,Comparative Politics,Adapt survey questions for cross-national equivalence in meaning and response scales.,100,1,0.01
Political Science,Comparative Politics,Address selection bias arising from non-random case selection in small-N comparative designs.,100,15,0.15
Political Science,Comparative Politics,Administer surveys to citizens in multiple countries to collect comparative public opinion data.,100,2,0.02
Political Science,Comparative Politics,"Analyze archival documents or political texts to extract information on party platforms, policy positions, or elite discourse.",100,49,0.49
Political Science,Comparative Politics,"Apply theories of regime types, democratization, or authoritarianism when framing comparative research questions.",100,56,0.56
Political Science,Comparative Politics,Assess whether findings from single-country case studies can generalize to other national or regional contexts.,100,26,0.26
Political Science,Comparative Politics,"Code interview transcripts to identify themes related to political identity, regime legitimacy, or collective action.",100,11,0.11
Political Science,Comparative Politics,Compile historical records from national archives to construct longitudinal data on political development.,100,22,0.22
Political Science,Comparative Politics,"Conduct elite interviews with politicians, bureaucrats, or party officials to gather primary data on political processes.",100,18,0.18
Political Science,Comparative Politics,"Control for confounding factors such as colonial history, economic development, or regional diffusion in cross-national analyses.",100,28,0.28
Political Science,Comparative Politics,Coordinate with foreign research institutions or local partners to facilitate fieldwork access in comparative studies.,100,11,0.11
Political Science,Comparative Politics,Design focus group guides to explore collective political experiences across different national or ethnic communities.,100,0,0.0
Political Science,Comparative Politics,"Design survey instruments to measure political attitudes, party identification, or regime support across countries.",100,3,0.03
Political Science,Comparative Politics,Develop informed consent procedures appropriate for research with vulnerable populations in repressive political environments.,100,2,0.02
Political Science,Comparative Politics,"Develop interview protocols to elicit narratives about political participation, mobilization, or identity from citizens or elites.",100,11,0.11
Political Science,Comparative Politics,"Draw on institutional theories of state capacity, party systems, or electoral rules to explain cross-national variation.",100,49,0.49
Political Science,Comparative Politics,Evaluate the temporal scope of comparative claims across different political eras or regime periods.,100,47,0.47
Political Science,Comparative Politics,Harmonize variable definitions and coding schemes across surveys conducted in different countries or languages.,100,9,0.09
Political Science,Comparative Politics,Navigate ethical review requirements when conducting research in authoritarian or politically sensitive contexts.,100,4,0.04
Political Science,Comparative Politics,Negotiate access to government archives or restricted political data in multiple country contexts.,100,2,0.02
Political Science,Comparative Politics,"Observe political events such as elections, protests, or legislative sessions to document political behavior firsthand.",100,4,0.04
Religion,Comparative Religion,Account for researcher positionality and confessional bias when analyzing data on religious communities.,199,15,0.075377
Religion,Comparative Religion,"Address ethical considerations specific to studying sacred practices, including community sensitivities and insider-outsider dynamics.",199,0,0.0
Religion,Comparative Religion,Apply theories of religious syncretism and hybridity when framing research questions about cross-cultural religious phenomena.,199,39,0.19598
Religion,Comparative Religion,Assess whether interpretations of religious concepts and practices translate meaningfully across different cultural and linguistic contexts.,199,86,0.432161
Religion,Comparative Religion,"Code qualitative data for recurring religious themes, symbols, and theological concepts across traditions.",199,33,0.165829
Religion,Comparative Religion,"Conduct ethnographic observations of religious rituals, ceremonies, and community gatherings across multiple traditions.",199,14,0.070352
Religion,Comparative Religion,"Coordinate with religious institutions, leaders, and communities to gain access for fieldwork and participant recruitment.",199,13,0.065327
Religion,Comparative Religion,Design focus group protocols to explore how communities interpret and negotiate religious boundaries and shared practices.,199,0,0.0
Religion,Comparative Religion,"Design survey instruments that capture religious identity, practice, and belief while respecting theological nuances across traditions.",199,0,0.0
Religion,Comparative Religion,Develop coding schemes that capture emic religious categories while enabling cross-traditional comparison.,199,10,0.050251
Religion,Comparative Religion,"Develop interview protocols that elicit narratives about religious experience, conversion, or interfaith encounters.",199,8,0.040201
Religion,Comparative Religion,"Engage with phenomenological and hermeneutical frameworks to interpret religious beliefs, practices, and experiences across traditions.",199,155,0.778894
Religion,Comparative Religion,Evaluate the historical and geographical boundaries within which comparative religious findings remain valid.,199,63,0.316583
Religion,Comparative Religion,"Interview religious practitioners, clergy, and lay members about beliefs, practices, and lived religious experience.",199,16,0.080402
Religion,Comparative Religion,"Transcribe and translate religious texts, oral histories, and interview data from source languages.",199,41,0.20603
Materials Science,Composite Materials,Acquire thermal analysis data using differential scanning calorimetry and thermogravimetric analysis for cure characterization.,100,15,0.15
Materials Science,Composite Materials,Apply statistical distributions to characterize fiber strength and composite failure behavior.,100,3,0.03
Materials Science,Composite Materials,Calculate effective thermal and electrical conductivity of composites based on filler content and dispersion characteristics.,100,9,0.09
Materials Science,Composite Materials,Characterize measurement error in dynamic mechanical analysis equipment used for viscoelastic property determination.,100,1,0.01
Materials Science,Composite Materials,"Collect mechanical property data through tensile, flexural, and impact testing of composite specimens.",100,63,0.63
Materials Science,Composite Materials,Design mechanical testing protocols with controlled temperature and humidity conditions to evaluate composite performance.,100,22,0.22
Materials Science,Composite Materials,Disperse nanofillers such as carbon nanotubes or graphene into polymer matrices using sonication or melt mixing.,100,21,0.21
Materials Science,Composite Materials,"Establish curing parameters including temperature profiles, pressure, and time for thermoset composite fabrication.",100,35,0.35
Materials Science,Composite Materials,Estimate fiber-matrix interfacial shear strength from theoretical bonding models and surface energy calculations.,100,2,0.02
Materials Science,Composite Materials,"Fabricate composite laminates through hand layup, vacuum bagging, or compression molding techniques.",100,57,0.57
Materials Science,Composite Materials,Fit micromechanical models to experimental stress-strain data for determining constituent material parameters.,100,8,0.08
Materials Science,Composite Materials,Measure electromagnetic shielding effectiveness and wave absorption properties using network analyzers.,100,3,0.03
Materials Science,Composite Materials,Predict mechanical properties of composite laminates using classical lamination theory and micromechanics models.,100,9,0.09
Materials Science,Composite Materials,Prepare natural fiber reinforcements through surface treatment and drying processes prior to composite fabrication.,100,42,0.42
Materials Science,Composite Materials,Propagate measurement uncertainties through rule-of-mixtures calculations for composite property predictions.,100,1,0.01
Materials Science,Composite Materials,Quantify variability in composite mechanical properties arising from manufacturing defects and fiber misalignment.,100,0,0.0
Materials Science,Composite Materials,Run finite element simulations to predict stress distributions and failure modes in composite structures.,100,3,0.03
Materials Science,Composite Materials,Simulate cure kinetics and residual stress development during composite manufacturing processes.,100,1,0.01
Materials Science,Composite Materials,Synthesize polymer nanocomposites with controlled filler loading and distribution for property optimization.,100,40,0.4
Languages & Linguistics,Computational Linguistics,Address biases in training data that may affect model performance across demographic or linguistic groups.,100,1,0.01
Languages & Linguistics,Computational Linguistics,Assess the transferability of computational linguistic findings across different corpora and annotation schemes.,100,4,0.04
Languages & Linguistics,Computational Linguistics,"Compile and curate text corpora from web sources, digitized archives, or existing linguistic databases.",100,49,0.49
Languages & Linguistics,Computational Linguistics,"Control for confounding variables such as text length, domain, or time period when analyzing corpus-based findings.",100,12,0.12
Languages & Linguistics,Computational Linguistics,"Develop and apply annotation schemes for labeling linguistic phenomena such as part-of-speech, named entities, or discourse relations.",100,41,0.41
Languages & Linguistics,Computational Linguistics,"Evaluate whether language models and NLP systems generalize across languages, dialects, and text genres.",100,4,0.04
Languages & Linguistics,Computational Linguistics,"Ground research questions in linguistic theories of syntax, semantics, or pragmatics to guide computational model design.",100,39,0.39
Languages & Linguistics,Computational Linguistics,Preprocess multilingual or historical text data to address orthographic variation and non-standard spellings.,100,5,0.05
Materials Science,Computational Materials Science,Assess uncertainty in machine learning predictions using cross-validation and ensemble methods.,100,11,0.11
Materials Science,Computational Materials Science,Calculate elastic constants and mechanical properties from first-principles atomistic simulations.,100,11,0.11
Materials Science,Computational Materials Science,Conduct finite element simulations to model continuum-scale mechanical behavior of materials.,100,3,0.03
Materials Science,Computational Materials Science,Derive material properties from density functional theory calculations to predict electronic structure and bonding characteristics.,100,37,0.37
Materials Science,Computational Materials Science,Execute Monte Carlo simulations to sample thermodynamic ensembles and compute statistical properties.,100,3,0.03
Materials Science,Computational Materials Science,Fit interatomic potentials to ab initio reference data for use in molecular dynamics simulations.,100,8,0.08
Materials Science,Computational Materials Science,Implement multiscale simulations that bridge atomistic and continuum length scales.,100,6,0.06
Materials Science,Computational Materials Science,Perform density functional theory calculations to determine ground-state electronic properties.,100,46,0.46
Materials Science,Computational Materials Science,Predict thermodynamic stability and phase diagrams using computational free energy methods.,100,16,0.16
Materials Science,Computational Materials Science,"Quantify numerical errors from basis set truncation, k-point sampling, and finite size effects in simulations.",100,34,0.34
Materials Science,Computational Materials Science,Run molecular dynamics simulations to study atomic-scale structure and dynamics of materials.,100,22,0.22
Materials Science,Computational Materials Science,Train machine learning models on computed material property databases to accelerate property predictions.,100,19,0.19
Materials Science,Computational Materials Science,Validate computational predictions against experimental measurements to assess model accuracy.,100,53,0.53
Neuroscience,Computational Neuroscience,"Acquire electrophysiological data from EEG, ECoG, or other neural recording modalities.",100,17,0.17
Neuroscience,Computational Neuroscience,Analyze temporal dynamics of neural responses to characterize information processing timescales.,100,45,0.45
Neuroscience,Computational Neuroscience,Collect functional neuroimaging data synchronized with behavioral or cognitive tasks.,100,1,0.01
Neuroscience,Computational Neuroscience,Coordinate with neurology clinics or neurosurgery centers for access to patient populations and intracranial recordings.,100,0,0.0
Neuroscience,Computational Neuroscience,Design experimental protocols with appropriate neural recording paradigms and behavioral controls.,100,20,0.2
Neuroscience,Computational Neuroscience,Develop computational models to predict neural circuit dynamics and test mechanistic hypotheses.,100,78,0.78
Neuroscience,Computational Neuroscience,Ensure compliance with regulations governing implantable neural devices and investigational medical equipment.,100,0,0.0
Neuroscience,Computational Neuroscience,Estimate neural biomarker associations with clinical outcomes while controlling for demographic and disease-related confounders.,100,0,0.0
Neuroscience,Computational Neuroscience,Formulate hypotheses about neural coding mechanisms underlying sensory processing or motor control.,100,70,0.7
Neuroscience,Computational Neuroscience,"Harmonize neural signal features across different recording systems, electrode configurations, or acquisition sites.",100,0,0.0
Neuroscience,Computational Neuroscience,Obtain IRB approval for studies involving neural recording devices or brain stimulation in human participants.,100,5,0.05
Neuroscience,Computational Neuroscience,Recruit participants with specific neurological conditions or healthy controls for brain recording studies.,100,10,0.1
Neuroscience,Computational Neuroscience,Standardize preprocessing pipelines for neural data collected under varying experimental conditions.,100,5,0.05
Engineering,Computer & Software Engineering,Analyze sources of error in computational experiments and quantify their impact on results.,91,11,0.120879
Engineering,Computer & Software Engineering,Calibrate sensor systems and characterize noise profiles for robotics and embedded applications.,91,0,0.0
Engineering,Computer & Software Engineering,Clean and transform sensor or image data to correct for systematic errors and artifacts.,91,2,0.021978
Engineering,Computer & Software Engineering,Derive computational complexity bounds and performance guarantees for proposed algorithms.,91,2,0.021978
Engineering,Computer & Software Engineering,Design controlled benchmark experiments to evaluate algorithm performance across standardized test cases.,91,28,0.307692
Engineering,Computer & Software Engineering,Formulate mathematical models of system behavior to predict software or hardware performance under varying conditions.,91,25,0.274725
Engineering,Computer & Software Engineering,Implement and execute numerical simulations to model system dynamics or algorithm behavior.,91,24,0.263736
Engineering,Computer & Software Engineering,"Preprocess raw data by applying normalization, noise reduction, and outlier removal techniques.",91,4,0.043956
Engineering,Computer & Software Engineering,Run large-scale computational experiments on high-performance computing clusters or cloud infrastructure.,91,2,0.021978
Engineering,Computer & Software Engineering,Train and validate machine learning models against ground truth datasets to optimize performance.,91,0,0.0
Engineering,Computer & Software Engineering,Tune hyperparameters of computational models using cross-validation and optimization techniques.,91,0,0.0
Engineering,Computer & Software Engineering,Validate measurement accuracy of timing instruments and profiling tools used in performance evaluation.,91,0,0.0
Computer Science,Computer Graphics & Visualization,"Capture 3D geometry and appearance data using scanning devices, motion capture systems, or photogrammetry setups.",100,11,0.11
Computer Science,Computer Graphics & Visualization,Derive rendering equations and shading models from physical principles of light transport and material interaction.,100,6,0.06
Computer Science,Computer Graphics & Visualization,Design user studies with controlled viewing conditions to evaluate visualization effectiveness and perceptual accuracy.,100,18,0.18
Computer Science,Computer Graphics & Visualization,Execute large-scale rendering computations to generate synthetic datasets or benchmark image sequences.,100,25,0.25
Computer Science,Computer Graphics & Visualization,Fit parametric appearance models to measured material reflectance and texture data.,100,5,0.05
Computer Science,Computer Graphics & Visualization,Formulate geometric transformations and projection matrices for 3D scene representation.,100,19,0.19
Computer Science,Computer Graphics & Visualization,Optimize transfer function parameters to match visualization outputs with ground truth data distributions.,100,1,0.01
Computer Science,Computer Graphics & Visualization,Quantify numerical precision errors in floating-point rendering computations and geometric algorithms.,100,0,0.0
Computer Science,Computer Graphics & Visualization,Record user interaction data and eye-tracking measurements during visualization tasks.,100,5,0.05
Computer Science,Computer Graphics & Visualization,"Run physically-based simulations of light transport, fluid dynamics, or deformable objects for visual synthesis.",100,11,0.11
Computer Science,Computer Graphics & Visualization,Structure comparative experiments to benchmark rendering algorithms under standardized scene configurations.,100,26,0.26
Computer Science,Computer Vision,Acquire ground truth annotations through manual labeling or structured data collection protocols.,100,34,0.34
Computer Science,Computer Vision,"Calibrate camera systems to correct for lens distortion, focal length, and sensor characteristics.",100,6,0.06
Computer Science,Computer Vision,"Capture image and video datasets using cameras, depth sensors, or multi-spectral imaging devices.",100,25,0.25
Computer Science,Computer Vision,"Derive mathematical formulations for image transformations, projections, and geometric relationships in visual data.",100,35,0.35
Computer Science,Computer Vision,Design controlled experiments with standardized image datasets to evaluate algorithm performance across varying conditions.,100,89,0.89
Computer Science,Computer Vision,Execute large-scale training runs on GPU clusters to develop and validate deep learning models.,100,14,0.14
Computer Science,Computer Vision,Formulate loss functions and optimization objectives for training visual recognition models.,100,52,0.52
Computer Science,Computer Vision,"Preprocess video sequences to handle frame alignment, stabilization, and temporal consistency.",100,2,0.02
Computer Science,Computer Vision,Quantify uncertainty in model predictions through calibration analysis and error characterization.,100,8,0.08
Computer Science,Computer Vision,Run computational experiments to simulate model behavior under different input conditions and perturbations.,100,29,0.29
Computer Science,Computer Vision,Train and fine-tune neural network architectures on annotated visual datasets to optimize task-specific objectives.,100,50,0.5
Computer Science,Computer Vision,Tune hyperparameters of vision models through systematic search and cross-validation procedures.,100,38,0.38
Physics & Astronomy,Condensed Matter Physics,Acquire X-ray diffraction patterns to determine crystal structure and phase purity.,100,3,0.03
Physics & Astronomy,Condensed Matter Physics,Apply lock-in amplifier techniques to extract weak signals from noisy electrical measurements.,100,11,0.11
Physics & Astronomy,Condensed Matter Physics,Apply mean-field theory to model phase transitions in magnetic or superconducting systems.,100,24,0.24
Physics & Astronomy,Condensed Matter Physics,Calculate electronic band structures using tight-binding or density functional theory methods to predict material properties.,100,27,0.27
Physics & Astronomy,Condensed Matter Physics,Calibrate temperature sensors and thermometry systems across cryogenic to room temperature ranges.,100,13,0.13
Physics & Astronomy,Condensed Matter Physics,Characterize electrical contact resistance and lead contributions in transport measurement setups.,100,5,0.05
Physics & Astronomy,Condensed Matter Physics,Collect magnetization data using SQUID magnetometry or vibrating sample magnetometers.,100,3,0.03
Physics & Astronomy,Condensed Matter Physics,Configure magnetic field environments using superconducting magnets for magnetotransport measurements.,100,13,0.13
Physics & Astronomy,Condensed Matter Physics,"Deposit thin films using molecular beam epitaxy, sputtering, or pulsed laser deposition.",100,14,0.14
Physics & Astronomy,Condensed Matter Physics,Derive transport coefficients from Boltzmann equations or Kubo formalism to interpret conductivity measurements.,100,13,0.13
Physics & Astronomy,Condensed Matter Physics,Design low-temperature experiments using cryostats or dilution refrigerators to access quantum ground states.,100,24,0.24
Physics & Astronomy,Condensed Matter Physics,Establish ultra-high vacuum conditions for surface-sensitive measurements and thin film growth.,100,7,0.07
Physics & Astronomy,Condensed Matter Physics,Extract superconducting gap parameters by fitting tunneling or specific heat data to BCS theory.,100,4,0.04
Physics & Astronomy,Condensed Matter Physics,Fabricate micro- and nanoscale device structures using lithography and etching techniques.,100,12,0.12
Physics & Astronomy,Condensed Matter Physics,Fit temperature-dependent resistivity data to theoretical models for electron-phonon or electron-electron scattering.,100,7,0.07
Physics & Astronomy,Condensed Matter Physics,"Grow single crystals using flux, Bridgman, or floating zone techniques for bulk property measurements.",100,12,0.12
Physics & Astronomy,Condensed Matter Physics,"Maintain cryogenic systems including vacuum integrity, cold traps, and thermal shielding.",100,17,0.17
Physics & Astronomy,Condensed Matter Physics,Measure electrical resistivity and Hall effect as functions of temperature and magnetic field.,100,8,0.08
Physics & Astronomy,Condensed Matter Physics,Measure optical spectra using photoluminescence or Raman spectroscopy to probe electronic and vibrational states.,100,3,0.03
Physics & Astronomy,Condensed Matter Physics,Perform density functional theory calculations to predict ground state electronic and magnetic properties.,100,15,0.15
Physics & Astronomy,Condensed Matter Physics,Perform scanning probe microscopy to characterize surface topography and electronic structure.,100,4,0.04
Physics & Astronomy,Condensed Matter Physics,"Propagate uncertainties from temperature, field, and geometric factors through derived quantities.",100,14,0.14
Physics & Astronomy,Condensed Matter Physics,Record heat capacity and thermal transport data to characterize thermodynamic properties.,100,1,0.01
Physics & Astronomy,Condensed Matter Physics,Refine crystal structures by fitting diffraction data using Rietveld analysis methods.,100,3,0.03
Physics & Astronomy,Condensed Matter Physics,Remove thermal drift and background signals from low-temperature transport measurements.,100,8,0.08
Physics & Astronomy,Condensed Matter Physics,Run Monte Carlo simulations to model thermodynamic properties of spin systems.,100,6,0.06
Physics & Astronomy,Condensed Matter Physics,Service thin film deposition systems including target replacement and chamber conditioning.,100,2,0.02
Physics & Astronomy,Condensed Matter Physics,Simulate quantum transport through nanostructures using non-equilibrium Green's function methods.,100,9,0.09
Environmental Science,Conservation & Biodiversity,Acquire and process remote sensing imagery to map habitat extent and fragmentation.,100,8,0.08
Environmental Science,Conservation & Biodiversity,Apply quality filters to eDNA sequence data and remove contaminant reads.,100,1,0.01
Environmental Science,Conservation & Biodiversity,Calibrate wildlife tracking devices and characterize positional accuracy under field conditions.,100,0,0.0
Environmental Science,Conservation & Biodiversity,Collect environmental DNA samples from water or soil for biodiversity assessment.,100,2,0.02
Environmental Science,Conservation & Biodiversity,"Compile species occurrence records from museum collections, citizen science platforms, and field surveys.",100,22,0.22
Environmental Science,Conservation & Biodiversity,"Deploy camera traps, acoustic sensors, or telemetry receivers to monitor wildlife populations.",100,3,0.03
Environmental Science,Conservation & Biodiversity,Derive expected biodiversity metrics from ecological theory and landscape characteristics.,100,8,0.08
Environmental Science,Conservation & Biodiversity,"Design field sampling schemes with stratification by habitat type, season, or environmental gradient.",100,22,0.22
Environmental Science,Conservation & Biodiversity,Establish before-after-control-impact study designs to evaluate conservation intervention effectiveness.,100,2,0.02
Environmental Science,Conservation & Biodiversity,Estimate population viability and extinction risk using demographic parameters and stochastic models.,100,4,0.04
Environmental Science,Conservation & Biodiversity,Filter GPS telemetry data to remove erroneous locations and movement artifacts.,100,0,0.0
Environmental Science,Conservation & Biodiversity,Fit occupancy models to presence-absence data accounting for imperfect detection.,100,1,0.01
Environmental Science,Conservation & Biodiversity,Fit species distribution models to occurrence data with environmental predictors.,100,3,0.03
Environmental Science,Conservation & Biodiversity,Generate species distribution predictions from habitat suitability models and climate projections.,100,4,0.04
Environmental Science,Conservation & Biodiversity,Parameterize population models using field-derived survival and reproduction estimates.,100,4,0.04
Environmental Science,Conservation & Biodiversity,Plan mark-recapture studies with appropriate temporal and spatial replication for population estimation.,100,1,0.01
Environmental Science,Conservation & Biodiversity,Process raw acoustic recordings to extract species detections and remove background noise.,100,0,0.0
Environmental Science,Conservation & Biodiversity,Propagate uncertainty from environmental covariates through species distribution model predictions.,100,2,0.02
Environmental Science,Conservation & Biodiversity,Quantify detection probability and account for imperfect detection in abundance estimates.,100,3,0.03
Environmental Science,Conservation & Biodiversity,Record species occurrence data through systematic visual or auditory surveys.,100,19,0.19
Environmental Science,Conservation & Biodiversity,Run spatially explicit population simulations to project species responses to management scenarios.,100,1,0.01
Environmental Science,Conservation & Biodiversity,Simulate landscape connectivity and dispersal corridors for conservation planning.,100,4,0.04
Environmental Science,Conservation & Biodiversity,"Validate species identification protocols for camera traps, acoustic recorders, or eDNA assays.",100,2,0.02
Law,Constitutional Law,"Acquire legislative histories, constitutional convention records, and amendment ratification documents for doctrinal analysis.",100,51,0.51
Law,Constitutional Law,Address confounding from political context when examining relationships between judicial ideology and constitutional rulings.,100,2,0.02
Law,Constitutional Law,Apply constitutional interpretation theories such as originalism or living constitutionalism when framing research questions about judicial decision-making.,100,5,0.05
Law,Constitutional Law,Assess whether constitutional doctrines or judicial interpretations generalize across different legal systems or constitutional traditions.,100,19,0.19
Law,Constitutional Law,"Categorize constitutional claims and judicial outcomes by rights provisions, levels of scrutiny, or remedial approaches.",100,7,0.07
Law,Constitutional Law,"Code constitutional court opinions for doctrinal reasoning, interpretive methods, and precedent application.",100,23,0.23
Law,Constitutional Law,"Compile datasets of constitutional court decisions, dissents, and concurrences from official court records and legal databases.",100,16,0.16
Law,Constitutional Law,"Conduct interviews with constitutional court judges, clerks, or advocates to understand decision-making processes.",100,4,0.04
Law,Constitutional Law,Control for case selection effects when analyzing patterns in constitutional litigation outcomes.,100,2,0.02
Law,Constitutional Law,"Coordinate with courts, bar associations, or legal archives to access restricted judicial records or case files.",100,2,0.02
Law,Constitutional Law,"Design surveys to measure public attitudes toward constitutional rights, judicial legitimacy, or constitutional amendments.",100,0,0.0
Law,Constitutional Law,"Develop interview protocols to gather perspectives from judges, lawyers, or litigants on constitutional interpretation and practice.",100,5,0.05
Law,Constitutional Law,Engage with theories of judicial behavior and institutional design when analyzing constitutional court outcomes.,100,14,0.14
Law,Constitutional Law,Evaluate the transferability of findings about constitutional rights protections across jurisdictions with varying constitutional frameworks.,100,2,0.02
Law,Constitutional Law,"Extract and standardize case metadata including citations, voting alignments, and legal issues from judicial opinions.",100,4,0.04
Law,Constitutional Law,"Obtain IRB approval for research involving interviews with legal practitioners, judges, or parties to constitutional litigation.",100,1,0.01
Philosophy,Continental Philosophy,Apply hermeneutic methods to interpret meaning structures within philosophical texts and historical documents.,100,99,0.99
Philosophy,Continental Philosophy,Assess whether interpretations of philosophical texts remain valid across different historical and cultural contexts.,100,7,0.07
Philosophy,Continental Philosophy,Collect oral histories or personal narratives from communities affected by historical violence or displacement.,100,0,0.0
Philosophy,Continental Philosophy,"Conduct in-depth interviews to gather narrative accounts of embodied experience, memory, or identity formation.",100,2,0.02
Philosophy,Continental Philosophy,Conduct phenomenological analysis of interview data to identify essential structures of lived experience.,100,2,0.02
Philosophy,Continental Philosophy,Design interview protocols to elicit first-person accounts of lived experience for phenomenological analysis.,100,2,0.02
Philosophy,Continental Philosophy,"Develop ethical protocols for research involving testimonies of trauma, displacement, or marginalized experiences.",100,0,0.0
Philosophy,Continental Philosophy,"Engage with existentialist concepts of subjectivity, freedom, and authenticity when formulating philosophical inquiries.",100,8,0.08
Philosophy,Continental Philosophy,Evaluate the applicability of European philosophical frameworks to non-Western or postcolonial contexts.,100,7,0.07
Philosophy,Continental Philosophy,Perform critical discourse analysis on philosophical and cultural texts to uncover power relations and ideological assumptions.,100,8,0.08
Philosophy,Continental Philosophy,"Situate research questions within phenomenological, hermeneutic, or critical theoretical frameworks to establish philosophical grounding.",100,98,0.98
Engineering,Control Systems & Automation,"Analyze system stability using Lyapunov methods, root locus, or frequency response techniques.",99,31,0.313131
Engineering,Control Systems & Automation,Apply signal conditioning and anti-aliasing techniques to sampled measurement data.,99,2,0.020202
Engineering,Control Systems & Automation,"Characterize sensor noise, drift, and nonlinearities for incorporation into system models.",99,12,0.121212
Engineering,Control Systems & Automation,Compute controllability and observability properties for dynamic system models.,99,5,0.050505
Engineering,Control Systems & Automation,Configure hardware-in-the-loop test environments for validating control algorithms.,99,7,0.070707
Engineering,Control Systems & Automation,Derive transfer functions and state-space representations from physical system dynamics.,99,50,0.505051
Engineering,Control Systems & Automation,Design test configurations with controlled disturbances to evaluate controller robustness.,99,24,0.242424
Engineering,Control Systems & Automation,Execute Monte Carlo simulations to assess control system robustness across parameter variations.,99,2,0.020202
Engineering,Control Systems & Automation,Filter sensor signals to remove noise while preserving dynamic response characteristics.,99,16,0.161616
Engineering,Control Systems & Automation,Fit dynamic models to experimental input-output data using system identification techniques.,99,17,0.171717
Engineering,Control Systems & Automation,"Maintain and troubleshoot data acquisition systems, actuators, and embedded controllers.",99,18,0.181818
Engineering,Control Systems & Automation,Predict closed-loop system behavior through pole placement and gain margin analysis.,99,7,0.070707
Engineering,Control Systems & Automation,Propagate measurement errors through control loop calculations to assess performance limits.,99,2,0.020202
Engineering,Control Systems & Automation,Quantify uncertainty bounds in system parameters for robust controller design.,99,12,0.121212
Engineering,Control Systems & Automation,Run numerical simulations to test controller behavior under varying disturbances and parameter uncertainties.,99,35,0.353535
Engineering,Control Systems & Automation,Simulate closed-loop control system responses to evaluate performance before hardware implementation.,99,54,0.545455
Engineering,Control Systems & Automation,Tune controller parameters to match desired performance specifications from experimental response data.,99,29,0.292929
Engineering,Control Systems & Automation,Validate identified models against independent test data to assess prediction accuracy.,99,17,0.171717
Law,Corporate & Commercial Law,Acquire court decisions and arbitration awards from legal databases to analyze judicial interpretation of commercial law.,100,29,0.29
Law,Corporate & Commercial Law,Apply law and economics frameworks to analyze corporate governance structures and commercial transaction efficiency.,100,3,0.03
Law,Corporate & Commercial Law,Assess whether legal doctrines or regulatory approaches are transferable across different national legal systems or jurisdictions.,100,32,0.32
Law,Corporate & Commercial Law,Categorize contract clauses or corporate governance provisions according to analytical frameworks.,100,5,0.05
Law,Corporate & Commercial Law,Code judicial reasoning patterns and doctrinal categories in court decisions involving commercial disputes.,100,9,0.09
Law,Corporate & Commercial Law,"Compile datasets of corporate filings, contract terms, or regulatory enforcement actions from public registries.",100,1,0.01
Law,Corporate & Commercial Law,Conduct interviews with practitioners to understand how corporate and commercial law operates in practice.,100,10,0.1
Law,Corporate & Commercial Law,Control for jurisdictional and industry-specific factors when analyzing the effects of legal rules on corporate outcomes.,100,0,0.0
Law,Corporate & Commercial Law,Design surveys to measure legal practitioners' interpretations and applications of commercial law provisions.,100,1,0.01
Law,Corporate & Commercial Law,"Develop interview protocols to gather perspectives from corporate counsel, regulators, or transactional lawyers on legal practice.",100,10,0.1
Law,Corporate & Commercial Law,Engage with regulatory theory when examining the effects of corporate and commercial law reforms on market behavior.,100,13,0.13
Law,Corporate & Commercial Law,Evaluate the applicability of research findings across common law and civil law traditions in commercial contexts.,100,12,0.12
Law,Corporate & Commercial Law,Extract legislative histories and regulatory materials from official government and EU institutional sources.,100,47,0.47
Law,Corporate & Commercial Law,Negotiate access to proprietary contract databases or corporate records held by law firms or industry associations.,100,0,0.0
Law,Corporate & Commercial Law,Obtain ethics approval for empirical studies involving interviews with legal professionals or corporate stakeholders.,100,0,0.0
Law,Corporate & Commercial Law,Standardize legal terminology and classifications across multiple jurisdictions for comparative analysis.,100,3,0.03
Law,Criminal Law & Criminology,"Access national criminal justice datasets such as the Uniform Crime Reports, National Crime Victimization Survey, or correctional population records.",100,4,0.04
Law,Criminal Law & Criminology,"Acquire official crime data from law enforcement agencies, courts, or correctional departments for analysis.",100,28,0.28
Law,Criminal Law & Criminology,Address selection bias in studies comparing outcomes for incarcerated versus non-incarcerated populations.,100,0,0.0
Law,Criminal Law & Criminology,"Administer surveys to measure recidivism risk factors, program participation, or attitudes toward sentencing.",100,4,0.04
Law,Criminal Law & Criminology,"Analyze open-ended survey responses about experiences with policing, prosecution, or incarceration.",100,1,0.01
Law,Criminal Law & Criminology,"Apply criminological theories such as strain, social learning, or routine activities when developing research hypotheses about criminal behavior.",100,2,0.02
Law,Criminal Law & Criminology,Assess whether findings from specific correctional settings or jurisdictions generalize to broader criminal justice populations.,100,11,0.11
Law,Criminal Law & Criminology,Code qualitative data from offender interviews or court observations to identify themes related to criminal decision-making or justice processes.,100,21,0.21
Law,Criminal Law & Criminology,"Conduct interviews with justice-involved individuals, crime victims, or criminal justice professionals.",100,20,0.2
Law,Criminal Law & Criminology,"Control for confounding variables such as prior criminal history, socioeconomic status, or neighborhood context in crime and justice research.",100,2,0.02
Law,Criminal Law & Criminology,"Coordinate with correctional facilities, courts, or police departments to gain access to administrative data or recruit study participants.",100,26,0.26
Law,Criminal Law & Criminology,"Design interview protocols to collect narratives from offenders, victims, or criminal justice practitioners about their experiences.",100,17,0.17
Law,Criminal Law & Criminology,"Design self-report instruments to measure offending behavior, victimization experiences, or perceptions of the criminal justice system.",100,2,0.02
Law,Criminal Law & Criminology,"Develop focus group guides to explore community perceptions of crime, policing, or reentry programs.",100,1,0.01
Law,Criminal Law & Criminology,Develop informed consent procedures that address coercion concerns when recruiting participants in custodial settings.,100,0,0.0
Law,Criminal Law & Criminology,"Develop survey measures to assess fear of crime, attitudes toward punishment, or confidence in law enforcement.",100,2,0.02
Law,Criminal Law & Criminology,"Evaluate temporal changes in crime trends, sentencing practices, or policing strategies when interpreting research findings.",100,32,0.32
Law,Criminal Law & Criminology,Incorporate deterrence and punishment theories when examining the effects of criminal justice policies and interventions.,100,16,0.16
Law,Criminal Law & Criminology,Navigate IRB requirements for research involving incarcerated populations or other vulnerable groups in the criminal justice system.,100,4,0.04
Law,Criminal Law & Criminology,Partner with community organizations or reentry programs to facilitate research on offender rehabilitation and desistance.,100,0,0.0
Sociology,Criminology & Deviance,Access restricted criminal justice datasets maintained by government agencies or research consortia.,100,45,0.45
Sociology,Criminology & Deviance,Address selection effects when comparing outcomes for individuals who have versus have not been processed through the criminal justice system.,100,5,0.05
Sociology,Criminology & Deviance,"Analyze open-ended survey responses to capture nuanced perspectives on deviance, social control, or community safety.",100,4,0.04
Sociology,Criminology & Deviance,"Apply criminological theories such as strain, social learning, or routine activities when developing research hypotheses about criminal behavior.",100,21,0.21
Sociology,Criminology & Deviance,"Assess whether crime patterns and intervention effects generalize across different neighborhood contexts, demographic groups, or historical periods.",100,29,0.29
Sociology,Criminology & Deviance,"Clean self-reported crime and victimization data to address inconsistencies, missing values, and response biases.",100,32,0.32
Sociology,Criminology & Deviance,"Code qualitative interview data to identify themes related to criminal pathways, desistance, or experiences with the justice system.",100,11,0.11
Sociology,Criminology & Deviance,"Conduct field observations in high-crime areas, correctional facilities, or community settings to document behaviors and interactions.",100,5,0.05
Sociology,Criminology & Deviance,Control for neighborhood-level confounders when analyzing relationships between community characteristics and crime rates.,100,13,0.13
Sociology,Criminology & Deviance,Coordinate with community organizations or justice system stakeholders to recruit hard-to-reach populations such as offenders or victims.,100,14,0.14
Sociology,Criminology & Deviance,"Design focus group guides to explore community perceptions of crime, safety, or informal social control.",100,1,0.01
Sociology,Criminology & Deviance,"Design self-report instruments to measure offending behavior, victimization experiences, or fear of crime.",100,14,0.14
Sociology,Criminology & Deviance,"Develop interview protocols to elicit narratives from offenders, victims, or criminal justice practitioners about their experiences.",100,15,0.15
Sociology,Criminology & Deviance,Develop protocols to protect participant confidentiality when collecting sensitive data on illegal activities or victimization.,100,30,0.3
Sociology,Criminology & Deviance,"Develop validated scales to assess risk factors, protective factors, or attitudes toward deviant behavior.",100,7,0.07
Sociology,Criminology & Deviance,"Establish data-sharing agreements with criminal justice agencies, victim service organizations, or correctional facilities.",100,44,0.44
Sociology,Criminology & Deviance,Evaluate the transferability of findings on victimization or offending across diverse cultural and legal systems.,100,8,0.08
Sociology,Criminology & Deviance,Integrate social control and labeling perspectives to frame questions about deviance and societal responses to rule-breaking.,100,7,0.07
Sociology,Criminology & Deviance,"Navigate ethical considerations specific to research involving incarcerated populations, crime victims, or at-risk youth.",100,34,0.34
Sociology,Criminology & Deviance,Recode and harmonize offense categories across different data sources or jurisdictions to enable comparative analysis.,100,24,0.24
Agricultural Sciences,Crop Science & Agronomy,"Acquire phenotypic imaging data using drones, sensors, or automated platforms to assess crop growth and health.",100,1,0.01
Agricultural Sciences,Crop Science & Agronomy,"Analyze yield data and agronomic traits across treatments, locations, or years using appropriate statistical models.",100,81,0.81
Agricultural Sciences,Crop Science & Agronomy,Compare physiological measurements between stressed and control plants to quantify treatment effects.,100,56,0.56
Agricultural Sciences,Crop Science & Agronomy,Design crossing schemes and breeding populations for genetic mapping or variety development.,100,14,0.14
Agricultural Sciences,Crop Science & Agronomy,"Design field trials with replicated plots, randomized block designs, and appropriate check varieties to evaluate crop performance.",100,62,0.62
Agricultural Sciences,Crop Science & Agronomy,Develop hypotheses regarding plant-soil-microbe interactions affecting nutrient uptake and crop productivity.,100,7,0.07
Agricultural Sciences,Crop Science & Agronomy,"Formulate hypotheses about genetic factors controlling crop yield, disease resistance, or stress tolerance traits.",100,13,0.13
Agricultural Sciences,Crop Science & Agronomy,"Generate or acquire genomic data for marker-assisted selection, QTL mapping, or genome-wide association studies.",100,12,0.12
Agricultural Sciences,Crop Science & Agronomy,Obtain transcriptomic data to characterize gene expression responses to environmental stresses or treatments.,100,2,0.02
Agricultural Sciences,Crop Science & Agronomy,Plan greenhouse experiments with controlled environmental conditions to isolate effects of specific stressors on plant growth.,100,19,0.19
Agricultural Sciences,Crop Science & Agronomy,Process and analyze genotyping data for genetic diversity assessment or marker-trait associations.,100,19,0.19
Anthropology,Cultural & Social Anthropology,"Access archival materials from colonial administrations, missions, or ethnographic collections for historical analysis.",100,14,0.14
Anthropology,Cultural & Social Anthropology,Address power dynamics and positionality in informed consent processes during cross-cultural fieldwork.,100,12,0.12
Anthropology,Cultural & Social Anthropology,"Apply theories of kinship, exchange, or symbolic systems when framing ethnographic research questions.",100,35,0.35
Anthropology,Cultural & Social Anthropology,Assess the transferability of ethnographic findings across cultural contexts while acknowledging local specificities.,100,26,0.26
Anthropology,Cultural & Social Anthropology,Build and maintain long-term relationships with community partners and local collaborators for sustained research access.,100,51,0.51
Anthropology,Cultural & Social Anthropology,Code ethnographic fieldnotes and interview transcripts using thematic or grounded theory approaches.,100,29,0.29
Anthropology,Cultural & Social Anthropology,Collect oral histories and narratives from community members to preserve cultural knowledge and lived experiences.,100,44,0.44
Anthropology,Cultural & Social Anthropology,"Conduct participant observation in community settings to document everyday practices, rituals, and social interactions.",100,50,0.5
Anthropology,Cultural & Social Anthropology,Design semi-structured interview guides that accommodate culturally specific communication norms and local languages.,100,22,0.22
Anthropology,Cultural & Social Anthropology,Develop protocols for life history interviews to document individual experiences within broader cultural contexts.,100,16,0.16
Anthropology,Cultural & Social Anthropology,"Document material culture, spatial arrangements, and bodily practices through systematic field observation.",100,31,0.31
Anthropology,Cultural & Social Anthropology,"Evaluate how historical processes such as migration, colonialism, or globalization shape the generalizability of cultural patterns.",100,28,0.28
Anthropology,Cultural & Social Anthropology,"Gather ethnographic data from museum collections, photographs, or historical documents to supplement fieldwork.",100,9,0.09
Anthropology,Cultural & Social Anthropology,"Identify cultural themes, symbolic patterns, and social categories through iterative analysis of qualitative data.",100,59,0.59
Anthropology,Cultural & Social Anthropology,"Navigate ethical considerations specific to research with Indigenous communities, including community consent and data sovereignty.",100,15,0.15
Anthropology,Cultural & Social Anthropology,Negotiate research agreements with community leaders or cultural organizations that respect local protocols and expectations.,100,15,0.15
Anthropology,Cultural & Social Anthropology,"Situate research questions within debates on colonialism, postcolonialism, or decolonization in anthropological scholarship.",100,59,0.59
Anthropology,Cultural & Social Anthropology,"Triangulate findings across multiple data sources including interviews, observations, and archival materials.",100,36,0.36
Geography,Cultural Geography,Account for researcher positionality and reflexivity when interpreting qualitative data about cultural-spatial phenomena.,65,16,0.246154
Geography,Cultural Geography,"Acquire archival maps, historical photographs, or planning documents to trace landscape transformations.",65,24,0.369231
Geography,Cultural Geography,Address ethical considerations specific to researching Indigenous or marginalized communities' relationships to land and territory.,65,0,0.0
Geography,Cultural Geography,"Analyze visual materials such as photographs, maps, or artwork to interpret cultural representations of space.",65,32,0.492308
Geography,Cultural Geography,"Apply theories of place, landscape, and spatial identity when framing research questions about cultural phenomena.",65,44,0.676923
Geography,Cultural Geography,Assess whether cultural practices and place-based meanings transfer across different geographic and social contexts.,65,9,0.138462
Geography,Cultural Geography,Build relationships with community partners to facilitate participatory or collaborative research on local cultural geographies.,65,11,0.169231
Geography,Cultural Geography,"Code qualitative data for themes related to place identity, belonging, displacement, or territorial meaning.",65,24,0.369231
Geography,Cultural Geography,Collect visual data through photography or video to document cultural landscapes and material culture.,65,22,0.338462
Geography,Cultural Geography,"Conduct participant observation in public spaces, neighborhoods, or cultural sites to document spatial practices.",65,24,0.369231
Geography,Cultural Geography,"Design survey instruments to measure sense of place, place attachment, or spatial belonging among community members.",65,2,0.030769
Geography,Cultural Geography,Design walking interview or go-along protocols to capture participants' spatial practices and place meanings in situ.,65,3,0.046154
Geography,Cultural Geography,"Develop interview protocols to elicit narratives about lived experiences of place, mobility, and cultural identity.",65,22,0.338462
Geography,Cultural Geography,Engage with postcolonial or critical geographic frameworks to examine power relations embedded in cultural landscapes.,65,16,0.246154
Geography,Cultural Geography,Evaluate the historical and regional specificity of cultural-spatial relationships when considering generalizability.,65,39,0.6
Geography,Cultural Geography,Gather oral histories from community members about place-based memories and cultural change over time.,65,10,0.153846
Geography,Cultural Geography,"Negotiate access to field sites with community organizations, local authorities, or cultural institutions.",65,20,0.307692
Sociology,Cultural Sociology,Account for the social positioning of both researcher and participants when interpreting cultural data.,100,12,0.12
Sociology,Cultural Sociology,"Apply cultural production theories to frame research questions about symbolic boundaries, taste hierarchies, or meaning-making processes.",100,40,0.4
Sociology,Cultural Sociology,"Apply interpretive coding schemes to identify cultural themes, frames, or discourses in qualitative data.",100,33,0.33
Sociology,Cultural Sociology,"Assess whether cultural meanings, symbols, or practices identified in one context transfer across different national or historical settings.",100,18,0.18
Sociology,Cultural Sociology,"Collect and systematically analyze cultural artifacts such as texts, images, or media content for patterns of meaning.",100,30,0.3
Sociology,Cultural Sociology,Collect life history or narrative interviews to understand how individuals construct cultural identities over time.,100,10,0.1
Sociology,Cultural Sociology,"Compile archival materials including historical documents, photographs, or organizational records for cultural analysis.",100,16,0.16
Sociology,Cultural Sociology,Conduct discourse or narrative analysis to examine how cultural meanings are constructed in texts or speech.,100,34,0.34
Sociology,Cultural Sociology,"Conduct ethnographic observations at cultural events, institutions, or sites to document practices and interactions.",100,20,0.2
Sociology,Cultural Sociology,"Design focus group guides to explore shared cultural understandings, collective memories, or group interpretations of symbols.",100,2,0.02
Sociology,Cultural Sociology,"Design survey items to measure cultural tastes, consumption patterns, or symbolic boundaries among respondents.",100,10,0.1
Sociology,Cultural Sociology,"Develop interview protocols to elicit narratives about identity formation, cultural belonging, or meaning-making experiences.",100,18,0.18
Sociology,Cultural Sociology,Draw on theories of collective memory and commemoration to analyze how groups construct shared pasts.,100,3,0.03
Sociology,Cultural Sociology,"Negotiate access to cultural institutions, artistic communities, or heritage sites for fieldwork or data collection.",100,18,0.18
Sociology,Cultural Sociology,"Perform content analysis of media, literature, or visual materials to identify patterns in cultural representation.",100,19,0.19
Education,Curriculum & Instruction,Access curriculum materials and instructional resources for content analysis studies.,100,15,0.15
Education,Curriculum & Instruction,Account for nested data structures when analyzing student outcomes within classrooms and schools.,100,2,0.02
Education,Curriculum & Instruction,Acquire student achievement data from school districts or state education agencies for secondary analysis.,100,3,0.03
Education,Curriculum & Instruction,Address selection effects when comparing outcomes across different instructional approaches or programs.,100,4,0.04
Education,Curriculum & Instruction,Administer assessments to measure student learning outcomes resulting from instructional interventions.,100,22,0.22
Education,Curriculum & Instruction,Analyze teacher interview transcripts to identify themes related to curriculum implementation challenges.,100,27,0.27
Education,Curriculum & Instruction,Apply learning theories and pedagogical frameworks when designing research questions about instructional effectiveness.,100,35,0.35
Education,Curriculum & Instruction,"Assess whether instructional interventions will transfer across grade levels, subject areas, or school contexts.",100,2,0.02
Education,Curriculum & Instruction,Code classroom observation data to identify patterns in instructional strategies and student engagement.,100,26,0.26
Education,Curriculum & Instruction,Collect data through teacher interviews about curriculum implementation and instructional decision-making.,100,28,0.28
Education,Curriculum & Instruction,Conduct classroom observations to document teaching practices and student-teacher interactions.,100,38,0.38
Education,Curriculum & Instruction,Create instruments to measure parental involvement and home-school communication practices.,100,0,0.0
Education,Curriculum & Instruction,Design interview protocols to explore teachers' experiences implementing new curricula or instructional strategies.,100,26,0.26
Education,Curriculum & Instruction,"Design surveys to measure teacher beliefs, pedagogical practices, or professional development needs.",100,9,0.09
Education,Curriculum & Instruction,Develop focus group guides to gather student perspectives on classroom practices and learning experiences.,100,5,0.05
Education,Curriculum & Instruction,"Develop questionnaires to assess student engagement, motivation, or perceptions of classroom learning environments.",100,17,0.17
Education,Curriculum & Instruction,Evaluate the cultural and contextual factors that may limit generalizability of teaching practices across diverse student populations.,100,7,0.07
Education,Curriculum & Instruction,Ground curriculum evaluation studies in established models of curriculum design and implementation.,100,36,0.36
Education,Curriculum & Instruction,Navigate IRB requirements for conducting research in K-12 schools involving minor participants.,100,12,0.12
Education,Curriculum & Instruction,Obtain parental consent and student assent for classroom-based educational research.,100,12,0.12
Education,Curriculum & Instruction,Partner with school districts to gain access to classrooms and recruit teacher participants.,100,46,0.46
Computer Science,Cybersecurity & Cryptography,"Capture side-channel measurements including timing, power consumption, and electromagnetic emissions from cryptographic implementations.",100,1,0.01
Computer Science,Cybersecurity & Cryptography,Correlate experimental attack results with theoretical security bounds to validate cryptographic assumptions.,100,6,0.06
Computer Science,Cybersecurity & Cryptography,Derive security bounds and attack complexity estimates from cryptographic assumptions and mathematical hardness problems.,100,13,0.13
Computer Science,Cybersecurity & Cryptography,Design controlled experimental environments with isolated networks and sandboxed systems for security testing.,100,13,0.13
Computer Science,Cybersecurity & Cryptography,Execute protocol simulations to verify security properties and identify potential vulnerabilities.,100,18,0.18
Computer Science,Cybersecurity & Cryptography,Fit statistical models to distinguish between benign and malicious network behavior patterns.,100,14,0.14
Computer Science,Cybersecurity & Cryptography,"Formulate threat models specifying adversary capabilities, attack surfaces, and security objectives.",100,62,0.62
Computer Science,Cybersecurity & Cryptography,Maintain testbed networks and honeypot systems for ongoing security research experiments.,100,5,0.05
Computer Science,Cybersecurity & Cryptography,Prove security properties of cryptographic protocols using formal reduction techniques.,100,11,0.11
Computer Science,Cybersecurity & Cryptography,Quantify false positive and false negative rates for intrusion detection and malware classification systems.,100,13,0.13
Computer Science,Cybersecurity & Cryptography,Run cryptanalytic simulations to estimate computational complexity of attacks against cipher implementations.,100,3,0.03
Computer Science,Cybersecurity & Cryptography,Simulate network attack scenarios to evaluate defensive system performance under varying threat conditions.,100,7,0.07
Computer Science,Databases & Information Retrieval,Collect query logs and clickthrough data from search engines or information systems.,99,2,0.020202
Computer Science,Databases & Information Retrieval,Conduct statistical significance testing to compare system performance across experimental conditions.,99,10,0.10101
Computer Science,Databases & Information Retrieval,Construct benchmark datasets with controlled relevance judgments for system comparison.,99,13,0.131313
Computer Science,Databases & Information Retrieval,"Crawl and harvest web documents, metadata, or structured data from online sources.",99,15,0.151515
Computer Science,Databases & Information Retrieval,Derive relevance rankings from probabilistic retrieval models or learning-to-rank frameworks.,99,9,0.090909
Computer Science,Databases & Information Retrieval,Design user studies with controlled search tasks to evaluate retrieval system effectiveness.,99,5,0.050505
Computer Science,Databases & Information Retrieval,Execute large-scale indexing and query processing experiments on document collections.,99,25,0.252525
Computer Science,Databases & Information Retrieval,"Extract text corpora from digital libraries, archives, or document repositories.",99,7,0.070707
Computer Science,Databases & Information Retrieval,Formulate query optimization strategies based on cost models and database statistics.,99,5,0.050505
Computer Science,Databases & Information Retrieval,Gather user interaction data through instrumented retrieval interfaces.,99,5,0.050505
Computer Science,Databases & Information Retrieval,Optimize hyperparameters of retrieval and mining algorithms using validation data.,99,22,0.222222
Computer Science,Databases & Information Retrieval,Run batch experiments to evaluate algorithm scalability across varying data sizes.,99,24,0.242424
Computer Science,Databases & Information Retrieval,"Train and tune machine learning models for ranking, classification, or recommendation tasks.",99,33,0.333333
Medicine & Clinical Sciences,Dentistry & Oral Health,Acquire intraoral and panoramic radiographs for assessment of dental and periodontal structures.,100,22,0.22
Medicine & Clinical Sciences,Dentistry & Oral Health,Adjust for baseline caries risk factors when evaluating preventive dental treatment outcomes.,100,2,0.02
Medicine & Clinical Sciences,Dentistry & Oral Health,"Analyze time-to-failure outcomes for dental restorations, implants, or prosthetic devices.",100,0,0.0
Medicine & Clinical Sciences,Dentistry & Oral Health,"Collect dental plaque, saliva, or gingival crevicular fluid samples for microbiological or biochemical analysis.",100,15,0.15
Medicine & Clinical Sciences,Dentistry & Oral Health,Coordinate with dental schools and community dental clinics for patient recruitment and data collection.,100,15,0.15
Medicine & Clinical Sciences,Dentistry & Oral Health,Design clinical trials evaluating the efficacy of dental treatments using standardized oral health indices as endpoints.,100,7,0.07
Medicine & Clinical Sciences,Dentistry & Oral Health,Develop hypotheses regarding the mechanical properties and biocompatibility of dental restorative materials.,100,13,0.13
Medicine & Clinical Sciences,Dentistry & Oral Health,Develop split-mouth or crossover study designs to compare dental interventions within the same patient.,100,7,0.07
Medicine & Clinical Sciences,Dentistry & Oral Health,Establish appropriate follow-up periods for assessing dental implant osseointegration and long-term survival.,100,3,0.03
Medicine & Clinical Sciences,Dentistry & Oral Health,Estimate treatment effects of periodontal interventions while controlling for patient oral hygiene behaviors and systemic health conditions.,100,4,0.04
Medicine & Clinical Sciences,Dentistry & Oral Health,Formulate hypotheses about the relationship between oral microbiome composition and periodontal disease progression.,100,2,0.02
Medicine & Clinical Sciences,Dentistry & Oral Health,"Generate hypotheses about risk factors for dental caries, tooth loss, or oral cancer development.",100,14,0.14
Medicine & Clinical Sciences,Dentistry & Oral Health,Harmonize periodontal disease classifications across different diagnostic criteria and coding systems.,100,1,0.01
Medicine & Clinical Sciences,Dentistry & Oral Health,Model tooth survival and extraction rates following endodontic or periodontal treatments.,100,0,0.0
Medicine & Clinical Sciences,Dentistry & Oral Health,Obtain cone-beam computed tomography scans for three-dimensional analysis of craniofacial anatomy.,100,4,0.04
Medicine & Clinical Sciences,Dentistry & Oral Health,Obtain dental impressions or intraoral scans for morphometric analysis or treatment planning studies.,100,6,0.06
Medicine & Clinical Sciences,Dentistry & Oral Health,"Perform clinical periodontal assessments including probing depth, attachment level, and bleeding on probing measurements.",100,14,0.14
Medicine & Clinical Sciences,Dentistry & Oral Health,Record standardized dental caries indices using visual-tactile examination methods.,100,8,0.08
Medicine & Clinical Sciences,Dentistry & Oral Health,Standardize dental caries scoring methods when combining data from multiple clinical sites or studies.,100,0,0.0
Medicine & Clinical Sciences,Dermatology,Analyze time to disease recurrence or progression in patients with cutaneous malignancies.,100,3,0.03
Medicine & Clinical Sciences,Dermatology,"Collect skin biopsies, blood samples, or swabs for histopathologic, genomic, or microbiome analysis.",100,61,0.61
Medicine & Clinical Sciences,Dermatology,Coordinate with dermatology departments and skin cancer centers for multi-site patient recruitment.,100,8,0.08
Medicine & Clinical Sciences,Dermatology,"Design clinical trials evaluating topical, systemic, or biologic therapies for dermatologic conditions.",100,12,0.12
Medicine & Clinical Sciences,Dermatology,Develop hypotheses regarding mechanisms of cutaneous carcinogenesis and tumor progression in skin cancers.,100,4,0.04
Medicine & Clinical Sciences,Dermatology,Establish clinically meaningful endpoints for skin disease trials using validated severity scoring systems.,100,17,0.17
Medicine & Clinical Sciences,Dermatology,Estimate treatment effects of dermatologic interventions while adjusting for disease severity and comorbidities.,100,8,0.08
Medicine & Clinical Sciences,Dermatology,Evaluate time to treatment response or disease flare in chronic inflammatory skin conditions.,100,9,0.09
Medicine & Clinical Sciences,Dermatology,"Formulate hypotheses about genetic, immunologic, or environmental factors contributing to inflammatory skin diseases.",100,29,0.29
Medicine & Clinical Sciences,Dermatology,Harmonize dermatologic disease severity scores across different validated assessment instruments.,100,0,0.0
Medicine & Clinical Sciences,Dermatology,Recruit patients with specific skin conditions from dermatology clinics for prospective studies.,100,51,0.51
Economics,Development Economics,Access satellite imagery or geospatial data to construct measures of agricultural productivity or infrastructure development.,399,13,0.032581
Economics,Development Economics,Account for spillover effects and general equilibrium impacts when estimating treatment effects in clustered interventions.,399,23,0.057644
Economics,Development Economics,Acquire and harmonize household survey data from national statistical offices or international development databases.,399,127,0.318296
Economics,Development Economics,Address attrition bias in longitudinal studies tracking mobile or migrating populations in developing regions.,399,11,0.027569
Economics,Development Economics,Apply instrumental variable or regression discontinuity methods to identify causal effects of development policies.,399,34,0.085213
Economics,Development Economics,Apply poverty trap models or structural transformation theories to frame hypotheses about economic mobility in low-income settings.,399,46,0.115288
Economics,Development Economics,Assess external validity of experimental findings across different developing country contexts and income levels.,399,14,0.035088
Economics,Development Economics,Conduct baseline and endline data collection for randomized controlled trials evaluating development interventions.,399,16,0.0401
Economics,Development Economics,Construct questionnaires to measure access to and usage of financial services among underserved populations.,399,32,0.080201
Economics,Development Economics,Coordinate with local research institutions and field offices to facilitate data collection in remote areas.,399,41,0.102757
Economics,Development Economics,"Design household survey modules to measure consumption, income, assets, and economic well-being in low-income populations.",399,38,0.095238
Economics,Development Economics,"Design qualitative protocols to understand household decision-making processes around savings, investment, and risk management.",399,6,0.015038
Economics,Development Economics,Develop culturally appropriate informed consent procedures for low-literacy populations in field experiments.,399,12,0.030075
Economics,Development Economics,"Develop survey instruments to capture agricultural production, labor allocation, and enterprise activities in rural economies.",399,33,0.082707
Economics,Development Economics,Evaluate whether program effects measured in pilot studies will scale to larger populations or different institutional environments.,399,5,0.012531
Economics,Development Economics,Implement difference-in-differences designs to evaluate the impact of policy reforms or program rollouts.,399,18,0.045113
Economics,Development Economics,Implement household panel surveys to track economic outcomes and behavioral changes over time in developing regions.,399,22,0.055138
Economics,Development Economics,"Incorporate market failure frameworks when analyzing interventions targeting credit, insurance, or information constraints.",399,61,0.152882
Economics,Development Economics,Navigate ethical review processes across multiple countries when conducting cross-border development research.,399,4,0.010025
Economics,Development Economics,"Obtain administrative records from government agencies, NGOs, or microfinance institutions for program evaluation.",399,69,0.172932
Economics,Development Economics,"Partner with government ministries, NGOs, or international organizations to implement and evaluate development programs.",399,31,0.077694
Economics,Development Economics,Train and supervise local enumerator teams to collect high-quality field data in resource-constrained settings.,399,39,0.097744
Neuroscience,Developmental Neuroscience,Acquire pediatric neuroimaging data using child-friendly protocols that minimize motion artifacts and participant distress.,100,11,0.11
Neuroscience,Developmental Neuroscience,Analyze developmental trajectories of brain structure or function across multiple time points using growth curve modeling.,100,4,0.04
Neuroscience,Developmental Neuroscience,Coordinate with pediatric clinics and developmental centers for participant recruitment and clinical data access.,100,8,0.08
Neuroscience,Developmental Neuroscience,Design longitudinal studies tracking neurodevelopmental trajectories from infancy through childhood or adolescence.,100,1,0.01
Neuroscience,Developmental Neuroscience,Design studies comparing typically developing controls with participants having neurodevelopmental conditions using age-appropriate assessments.,100,13,0.13
Neuroscience,Developmental Neuroscience,Develop age-appropriate informed consent and assent protocols for children and adolescents participating in neuroimaging or behavioral studies.,100,10,0.1
Neuroscience,Developmental Neuroscience,Develop mechanistic hypotheses linking neural circuit formation abnormalities to neurodevelopmental disorder phenotypes.,100,36,0.36
Neuroscience,Developmental Neuroscience,Estimate effects of early-life exposures on neurodevelopmental outcomes while controlling for socioeconomic and environmental confounders.,100,4,0.04
Neuroscience,Developmental Neuroscience,Formulate hypotheses about critical periods in brain development and their vulnerability to environmental or genetic disruption.,100,15,0.15
Neuroscience,Developmental Neuroscience,Harmonize developmental assessment scores across different versions of standardized instruments or age-normed scales.,100,0,0.0
Neuroscience,Developmental Neuroscience,Obtain IRB approval for research involving pediatric populations with appropriate assent and parental consent procedures.,100,18,0.18
Neuroscience,Developmental Neuroscience,Obtain structural and functional brain imaging data to assess developmental changes in neural connectivity and morphology.,100,14,0.14
Neuroscience,Developmental Neuroscience,Recruit pediatric participants and their families for studies examining brain development or neurodevelopmental disorders.,100,13,0.13
Psychology,Developmental Psychology,"Adapt standardized developmental assessment scales to measure social-emotional, cognitive, or motor milestones.",100,13,0.13
Psychology,Developmental Psychology,Address attrition bias in longitudinal studies tracking children and families over extended periods.,100,22,0.22
Psychology,Developmental Psychology,Address ethical considerations for research with vulnerable populations including children with disabilities or trauma histories.,100,26,0.26
Psychology,Developmental Psychology,"Administer standardized developmental assessments to measure cognitive, language, or motor functioning across age groups.",100,24,0.24
Psychology,Developmental Psychology,"Analyze qualitative interview data from children, adolescents, or caregivers to identify developmental themes.",100,8,0.08
Psychology,Developmental Psychology,"Apply developmental stage theories to frame hypotheses about age-related changes in cognition, emotion, or behavior.",100,35,0.35
Psychology,Developmental Psychology,Assess the cultural and socioeconomic factors that may limit generalizability of developmental trajectories across populations.,100,20,0.2
Psychology,Developmental Psychology,Code observed parent-child interactions or peer behaviors using established developmental coding schemes.,100,5,0.05
Psychology,Developmental Psychology,Collect longitudinal data through repeated assessments to track developmental change over time.,100,34,0.34
Psychology,Developmental Psychology,"Conduct structured behavioral observations of children in naturalistic settings such as homes, classrooms, or playgrounds.",100,6,0.06
Psychology,Developmental Psychology,Control for maturational confounds when analyzing age-related differences in cross-sectional developmental data.,100,19,0.19
Psychology,Developmental Psychology,Coordinate with child welfare agencies or early intervention programs to access populations for developmental research.,100,1,0.01
Psychology,Developmental Psychology,Create caregiver and family interview guides to capture perspectives on child development and family dynamics.,100,0,0.0
Psychology,Developmental Psychology,"Design age-appropriate questionnaires that account for reading level, attention span, and cognitive abilities of child participants.",100,7,0.07
Psychology,Developmental Psychology,Design semi-structured interview protocols appropriate for children or adolescents at varying developmental levels.,100,3,0.03
Psychology,Developmental Psychology,"Develop parent or caregiver report measures to assess child behaviors, temperament, or developmental progress.",100,7,0.07
Psychology,Developmental Psychology,Evaluate whether developmental findings from one age cohort generalize to children or adolescents at different developmental stages.,100,15,0.15
Psychology,Developmental Psychology,Integrate attachment theory or socialization frameworks when examining parent-child relationship influences on development.,100,17,0.17
Psychology,Developmental Psychology,Model developmental trajectories using growth curve or multilevel approaches to capture within-person change over time.,100,12,0.12
Psychology,Developmental Psychology,"Partner with schools, childcare centers, or pediatric clinics to recruit child and family participants.",100,59,0.59
Psychology,Developmental Psychology,Record parent-child or peer interactions for subsequent behavioral coding and analysis.,100,5,0.05
Arts,Digital & New Media Arts,"Acquire datasets from digital platforms, social media archives, or online communities for analyzing networked art practices and digital culture.",100,9,0.09
Arts,Digital & New Media Arts,"Apply critical frameworks from new media theory to examine relationships between artistic practice, technology, and cultural production.",100,67,0.67
Arts,Digital & New Media Arts,"Assess whether findings about audience engagement or creative processes transfer across different digital platforms, tools, or cultural contexts.",100,4,0.04
Arts,Digital & New Media Arts,"Capture and organize interaction logs, sensor data, or user behavior traces from digital art installations for analysis.",100,7,0.07
Arts,Digital & New Media Arts,Code qualitative data from artist interviews or audience feedback to identify themes in creative practice and reception.,100,17,0.17
Arts,Digital & New Media Arts,Collect observational data on how audiences physically and cognitively engage with interactive installations or digital artworks.,100,17,0.17
Arts,Digital & New Media Arts,"Coordinate with museums, galleries, or media arts organizations to access exhibition spaces or recruit artist and audience participants.",100,27,0.27
Arts,Digital & New Media Arts,"Design interview protocols to document artists' creative processes, workflows, and conceptual approaches to technology-based work.",100,9,0.09
Arts,Digital & New Media Arts,Develop focus group protocols to gather audience responses to interactive or immersive digital artworks.,100,2,0.02
Arts,Digital & New Media Arts,"Document artistic practice through studio visits, process recordings, or participatory observation of creative workflows.",100,23,0.23
Arts,Digital & New Media Arts,"Engage with theories of media ecology, digital aesthetics, or human-computer interaction when framing research questions about creative technologies.",100,59,0.59
Arts,Digital & New Media Arts,Obtain IRB approval for research involving participant interactions with experimental digital interfaces or immersive environments.,100,4,0.04
Communication & Media Studies,Digital & Social Media,Account for platform algorithmic filtering when analyzing the reach and visibility of digital content.,100,4,0.04
Communication & Media Studies,Digital & Social Media,Address self-selection bias inherent in studying active social media users versus non-users or lurkers.,100,10,0.1
Communication & Media Studies,Digital & Social Media,"Apply media effects theories such as agenda-setting, framing, or uses and gratifications to explain digital communication phenomena.",100,1,0.01
Communication & Media Studies,Digital & Social Media,Assess whether findings from one social media platform generalize to other platforms with different affordances and user bases.,100,6,0.06
Communication & Media Studies,Digital & Social Media,"Code social media content for themes, sentiment, or discourse patterns using qualitative analysis frameworks.",100,39,0.39
Communication & Media Studies,Digital & Social Media,Conduct online surveys or experiments embedded within digital platforms to study user behavior.,100,18,0.18
Communication & Media Studies,Digital & Social Media,"Design interview protocols to explore user motivations, experiences, and meaning-making in digital spaces.",100,18,0.18
Communication & Media Studies,Digital & Social Media,"Design survey instruments to measure social media usage patterns, platform preferences, and online behaviors.",100,22,0.22
Communication & Media Studies,Digital & Social Media,"Develop and apply coding schemes to classify digital content types, misinformation categories, or user interaction styles.",100,54,0.54
Communication & Media Studies,Digital & Social Media,Develop protocols for protecting user privacy when analyzing identifiable digital content or online interactions.,100,16,0.16
Communication & Media Studies,Digital & Social Media,"Develop scales to assess user engagement, content credibility perceptions, or digital literacy levels.",100,7,0.07
Communication & Media Studies,Digital & Social Media,Draw on network theory to conceptualize information diffusion and social influence in online environments.,100,15,0.15
Communication & Media Studies,Digital & Social Media,Evaluate how algorithmic changes or platform policy shifts may limit the temporal generalizability of research findings.,100,2,0.02
Communication & Media Studies,Digital & Social Media,Navigate ethical considerations specific to collecting publicly available social media data without direct consent.,100,15,0.15
Communication & Media Studies,Digital & Social Media,Negotiate data access agreements with social media platforms or digital media organizations for research purposes.,100,10,0.1
Computer Science,Distributed & Parallel Computing,Apply statistical corrections to account for warm-up effects and measurement variability in benchmark results.,100,0,0.0
Computer Science,Distributed & Parallel Computing,Characterize measurement overhead introduced by profiling and monitoring tools in parallel systems.,100,4,0.04
Computer Science,Distributed & Parallel Computing,Collect trace data from production distributed systems and cloud platforms for workload characterization studies.,100,10,0.1
Computer Science,Distributed & Parallel Computing,Derive theoretical performance bounds for parallel algorithms based on computational complexity and communication costs.,100,23,0.23
Computer Science,Distributed & Parallel Computing,"Design controlled benchmark experiments to isolate the effects of network latency, bandwidth, and node count on system performance.",100,18,0.18
Computer Science,Distributed & Parallel Computing,Execute parallel workloads on high-performance computing clusters to measure scalability and efficiency.,100,41,0.41
Computer Science,Distributed & Parallel Computing,Filter noise and remove outliers from performance measurements caused by system interference or transient failures.,100,0,0.0
Computer Science,Distributed & Parallel Computing,Fit performance models to empirical scaling data to predict system behavior at larger scales.,100,11,0.11
Computer Science,Distributed & Parallel Computing,Model expected speedup and scalability of distributed systems using analytical frameworks such as Amdahl's or Gustafson's laws.,100,3,0.03
Computer Science,Distributed & Parallel Computing,Quantify uncertainty in performance measurements and propagate errors through scalability projections.,100,1,0.01
Computer Science,Distributed & Parallel Computing,Run large-scale simulations of distributed algorithms to evaluate correctness and performance under varying conditions.,100,36,0.36
Computer Science,Distributed & Parallel Computing,Simulate network failures and node crashes to evaluate fault tolerance mechanisms in distributed systems.,100,0,0.0
Computer Science,Distributed & Parallel Computing,Validate analytical cost models against measured execution times and communication overheads.,100,22,0.22
Biomedical Sciences,Drug Discovery & Pharmaceutical Sciences,Acquire high-content imaging data to assess compound effects on cellular morphology and viability.,100,2,0.02
Biomedical Sciences,Drug Discovery & Pharmaceutical Sciences,Analyze chromatographic data to determine compound purity and identify degradation products.,100,18,0.18
Biomedical Sciences,Drug Discovery & Pharmaceutical Sciences,"Compare drug-treated and control groups to determine efficacy, potency, and therapeutic index.",100,49,0.49
Biomedical Sciences,Drug Discovery & Pharmaceutical Sciences,Design dose-response studies with appropriate vehicle controls and pharmacokinetic sampling timepoints.,100,10,0.1
Biomedical Sciences,Drug Discovery & Pharmaceutical Sciences,Design formulation stability studies following regulatory guidelines for pharmaceutical development.,100,4,0.04
Biomedical Sciences,Drug Discovery & Pharmaceutical Sciences,Formulate hypotheses about drug-target interactions and their effects on disease-relevant pathways.,100,27,0.27
Biomedical Sciences,Drug Discovery & Pharmaceutical Sciences,Generate transcriptomic or proteomic data to identify drug response biomarkers and off-target effects.,100,3,0.03
Biomedical Sciences,Drug Discovery & Pharmaceutical Sciences,Obtain IACUC approval for preclinical efficacy and toxicology studies in animal models.,100,19,0.19
Biomedical Sciences,Drug Discovery & Pharmaceutical Sciences,Perform statistical analysis of pharmacokinetic parameters across different formulations or dosing regimens.,100,12,0.12
Biomedical Sciences,Drug Discovery & Pharmaceutical Sciences,Plan in vitro screening assays with positive and negative controls to evaluate compound activity.,100,44,0.44
Biomedical Sciences,Drug Discovery & Pharmaceutical Sciences,Process mass spectrometry data to quantify drug concentrations in biological matrices.,100,5,0.05
Biomedical Sciences,Drug Discovery & Pharmaceutical Sciences,"Propose mechanisms of drug action, metabolism, or resistance based on molecular and pharmacological data.",100,55,0.55
Mathematics,Dynamical Systems,Analyze invariant manifolds and their intersections to characterize global dynamics and transport phenomena.,100,24,0.24
Mathematics,Dynamical Systems,Apply perturbation methods to approximate solutions of nonlinear differential equations near known solutions.,100,12,0.12
Mathematics,Dynamical Systems,Calculate Lyapunov exponents to quantify sensitive dependence on initial conditions.,100,11,0.11
Mathematics,Dynamical Systems,Compute bifurcation diagrams to predict qualitative changes in system behavior as parameters vary.,100,9,0.09
Mathematics,Dynamical Systems,Compute stable and unstable manifolds numerically to visualize global phase space structure.,100,4,0.04
Mathematics,Dynamical Systems,"Derive conditions for chaos using symbolic dynamics, homoclinic orbits, or horseshoe constructions.",100,15,0.15
Mathematics,Dynamical Systems,Derive stability conditions for equilibrium points and periodic orbits using linearization and Lyapunov methods.,100,41,0.41
Mathematics,Dynamical Systems,Estimate dynamical invariants such as fractal dimensions and entropy from time series data.,100,2,0.02
Mathematics,Dynamical Systems,Fit parameters of dynamical models to observed trajectories using optimization or Bayesian inference.,100,1,0.01
Mathematics,Dynamical Systems,Perform numerical continuation to track solution branches and bifurcations across parameter space.,100,3,0.03
Mathematics,Dynamical Systems,Propagate numerical integration errors to assess reliability of computed trajectories over long time horizons.,100,3,0.03
Education,Early Childhood Education,"Access administrative data from Head Start, state pre-K programs, or early intervention services for secondary analysis.",100,6,0.06
Education,Early Childhood Education,Account for nesting of children within classrooms and programs when analyzing early childhood education data.,100,7,0.07
Education,Early Childhood Education,"Adapt survey instruments to capture teacher-child interactions, classroom quality, or preschool curriculum implementation.",100,6,0.06
Education,Early Childhood Education,Address ethical considerations specific to conducting research in preschool classrooms or childcare centers.,100,39,0.39
Education,Early Childhood Education,Address selection effects when comparing outcomes across different types of early care and education arrangements.,100,7,0.07
Education,Early Childhood Education,Administer developmental assessments or school readiness measures to young children using standardized protocols.,100,11,0.11
Education,Early Childhood Education,"Apply developmental theories such as attachment, sociocultural, or ecological systems frameworks when designing studies of young children's learning and behavior.",100,25,0.25
Education,Early Childhood Education,"Code qualitative data from teacher reflections, parent interviews, or classroom field notes to identify themes in early childhood practice.",100,50,0.5
Education,Early Childhood Education,"Conduct structured or naturalistic observations of children's play, social interactions, or learning behaviors in early childhood settings.",100,33,0.33
Education,Early Childhood Education,Design focus group guides for parents or caregivers to understand perspectives on early learning programs and school readiness.,100,3,0.03
Education,Early Childhood Education,"Design parent or caregiver questionnaires to assess home learning environments, parenting practices, or family engagement in early education.",100,7,0.07
Education,Early Childhood Education,"Develop interview protocols for early childhood educators to explore their pedagogical beliefs, instructional decisions, or professional development experiences.",100,30,0.3
Education,Early Childhood Education,"Evaluate whether findings from early childhood interventions will generalize across diverse family structures, cultural backgrounds, or childcare settings.",100,5,0.05
Education,Early Childhood Education,Obtain parental consent and develop age-appropriate assent procedures for research involving young children.,100,37,0.37
Education,Early Childhood Education,"Partner with preschools, childcare centers, or Head Start programs to recruit child and family participants for research studies.",100,51,0.51
History,Early Modern History,Account for survival bias and archival gaps when drawing conclusions from fragmentary early modern source bases.,100,41,0.41
History,Early Modern History,"Apply historiographical frameworks such as microhistory, cultural history, or social history to structure research questions about early modern societies.",100,45,0.45
History,Early Modern History,Assess whether patterns observed in specific early modern localities or social groups can be extended to broader regional or European contexts.,100,36,0.36
History,Early Modern History,Categorize early modern visual and material sources according to iconographic or typological schemes.,100,7,0.07
History,Early Modern History,"Code thematic content from early modern correspondence, diaries, and legal testimony to identify patterns in beliefs or practices.",100,36,0.36
History,Early Modern History,"Collect primary source data from early modern manuscripts, printed texts, and visual materials held in archives and libraries.",100,83,0.83
History,Early Modern History,"Compile demographic, economic, or administrative data from early modern parish registers, tax records, and notarial documents.",100,10,0.1
History,Early Modern History,Evaluate the comparability of early modern institutional structures across different political and religious contexts.,100,16,0.16
History,Early Modern History,Negotiate access to restricted early modern manuscript collections and rare book holdings with archival institutions.,100,4,0.04
History,Early Modern History,Transcribe and normalize early modern handwriting and orthographic variations to create usable textual data.,100,22,0.22
Biology,Ecology,Acquire remote sensing imagery or aerial photographs to assess landscape patterns and habitat characteristics.,100,7,0.07
Biology,Ecology,"Analyze species abundance, diversity, or community composition data using appropriate ecological statistics.",100,78,0.78
Biology,Ecology,Apply spatial statistics or geostatistical methods to analyze patterns across landscapes or environmental gradients.,100,15,0.15
Biology,Ecology,"Capture and process wildlife specimens for morphometric measurements, tissue sampling, or tagging.",100,24,0.24
Biology,Ecology,"Collect environmental samples including soil, water, or vegetation for chemical or biological analysis.",100,20,0.2
Biology,Ecology,"Conduct vegetation surveys using quadrats, transects, or point-intercept methods to quantify plant community composition.",100,21,0.21
Biology,Ecology,Deploy camera traps or acoustic sensors to monitor wildlife presence and activity patterns.,100,1,0.01
Biology,Ecology,"Design field experiments with replicated plots, paired sites, or before-after-control-impact frameworks to test ecological hypotheses.",100,27,0.27
Biology,Ecology,"Develop predictions about how environmental changes affect population dynamics, species distributions, or biodiversity patterns.",100,48,0.48
Biology,Ecology,Establish sampling designs that account for spatial autocorrelation and environmental heterogeneity across study sites.,100,14,0.14
Biology,Ecology,"Fit population or community models to estimate demographic parameters, species interactions, or ecosystem processes.",100,67,0.67
Biology,Ecology,"Formulate hypotheses about species interactions, community dynamics, or ecosystem processes based on ecological theory.",100,84,0.84
Biology,Ecology,Generate or acquire environmental DNA sequences for species detection or community characterization.,100,2,0.02
Biology,Ecology,"Obtain IACUC approval for wildlife capture, handling, marking, or tracking procedures.",100,4,0.04
Biology,Ecology,Process and quality-check environmental DNA or metabarcoding data for species identification.,100,2,0.02
Environmental Science,Ecology & Ecosystem Science,Analyze community composition data using multivariate ordination or clustering techniques.,100,19,0.19
Environmental Science,Ecology & Ecosystem Science,"Capture and mark organisms to estimate population size, survival rates, or movement patterns.",100,0,0.0
Environmental Science,Ecology & Ecosystem Science,"Collect water, soil, or tissue samples for chemical and biological analysis of ecosystem properties.",100,65,0.65
Environmental Science,Ecology & Ecosystem Science,"Conduct field surveys to document species abundance, distribution, and community composition.",100,33,0.33
Environmental Science,Ecology & Ecosystem Science,Deploy automated sensors and data loggers to continuously monitor environmental conditions in ecosystems.,100,20,0.2
Environmental Science,Ecology & Ecosystem Science,"Design field experiments with replicated plots, transects, or enclosures to test ecological hypotheses.",100,16,0.16
Environmental Science,Ecology & Ecosystem Science,Establish control and treatment sites to isolate effects of environmental variables on ecological communities.,100,27,0.27
Environmental Science,Ecology & Ecosystem Science,Estimate population demographic parameters by fitting mark-recapture or survival models to field data.,100,0,0.0
Environmental Science,Ecology & Ecosystem Science,Fit species distribution models to occurrence data and environmental predictors.,100,1,0.01
Environmental Science,Ecology & Ecosystem Science,"Generate hypotheses about species interactions, population dynamics, or ecosystem processes based on ecological theory.",100,46,0.46
Environmental Science,Ecology & Ecosystem Science,Predict ecosystem responses to environmental change using conceptual or quantitative ecological models.,100,22,0.22
Environmental Science,Ecology & Ecosystem Science,Propagate measurement uncertainty through calculations of ecosystem fluxes or population parameters.,100,19,0.19
Environmental Science,Ecology & Ecosystem Science,Quantify detection probability and account for imperfect detection in species occurrence or abundance estimates.,100,0,0.0
Environmental Science,Ecology & Ecosystem Science,Record behavioral observations of organisms in natural or semi-natural environments.,100,3,0.03
Environmental Science,Ecology & Ecosystem Science,"Run ecosystem process models to simulate carbon, water, or nutrient cycling under different scenarios.",100,20,0.2
Environmental Science,Ecology & Ecosystem Science,Simulate population or community dynamics to project ecological outcomes over time.,100,6,0.06
Environmental Science,Ecology & Ecosystem Science,Standardize sampling effort across sites or time periods to enable valid ecological comparisons.,100,44,0.44
Environmental Science,Ecology & Ecosystem Science,"Use remote sensing imagery to assess vegetation cover, land use change, or habitat characteristics.",100,15,0.15
Environmental Science,Ecology & Ecosystem Science,Validate species identification methods and quantify observer error in biological surveys.,100,6,0.06
Economics,Econometrics,Apply instrumental variables or two-stage least squares estimation to address endogeneity in causal inference.,373,47,0.126005
Economics,Econometrics,"Assess external validity of econometric estimates across different markets, policy regimes, or institutional settings.",373,13,0.034853
Economics,Econometrics,Conduct cointegration analysis to identify long-run equilibrium relationships in nonstationary time series.,372,17,0.045699
Economics,Econometrics,Diagnose and correct for serial correlation and heteroskedasticity in regression residuals.,373,61,0.163539
Economics,Econometrics,Estimate panel data models with fixed or random effects to control for unobserved heterogeneity.,373,53,0.142091
Economics,Econometrics,Estimate vector autoregression models to analyze dynamic relationships among multiple economic variables.,373,37,0.099196
Economics,Econometrics,Formulate research questions grounded in economic theory to guide model specification and variable selection.,373,117,0.313673
Economics,Econometrics,Handle missing observations and attrition in longitudinal economic data through appropriate imputation or weighting methods.,373,15,0.040214
Economics,Econometrics,Implement difference-in-differences or regression discontinuity designs to identify causal effects from quasi-experimental variation.,373,16,0.042895
Economics,Econometrics,Model spatial dependence and spillover effects using spatial econometric techniques.,373,41,0.10992
Economics,Econometrics,Test for and address unit roots and nonstationarity in time series data before model estimation.,372,40,0.107527
Geography,Economic Geography,"Acquire georeferenced economic data from census products, business registries, or land use records for spatial analysis.",100,33,0.33
Geography,Economic Geography,Address spatial autocorrelation and the modifiable areal unit problem when analyzing regional economic data.,100,8,0.08
Geography,Economic Geography,Apply theories of agglomeration economies and industrial clustering when framing research questions about firm location and regional growth.,100,39,0.39
Geography,Economic Geography,Assess whether spatial patterns and economic relationships observed in one region transfer to different geographic or institutional contexts.,100,29,0.29
Geography,Economic Geography,"Code qualitative interview data to identify themes related to regional identity, embeddedness, or inter-firm relationships.",100,22,0.22
Geography,Economic Geography,"Compile and integrate secondary data from national statistical offices, regional economic databases, and international trade repositories.",100,68,0.68
Geography,Economic Geography,"Conduct field interviews with firm managers, entrepreneurs, or economic development practitioners to gather primary data on local economic processes.",100,26,0.26
Geography,Economic Geography,Control for endogeneity between economic outcomes and locational factors in observational studies of regional development.,100,3,0.03
Geography,Economic Geography,"Coordinate with regional development agencies, chambers of commerce, or industry associations to access proprietary economic data or recruit firm participants.",100,15,0.15
Geography,Economic Geography,"Design interview protocols to elicit narratives from business owners, policymakers, or workers about regional economic change and development strategies.",100,27,0.27
Geography,Economic Geography,"Design survey instruments to capture firm-level data on supply chain linkages, labor sourcing, and locational decision-making.",100,7,0.07
Geography,Economic Geography,"Develop focus group guides to explore community perspectives on local economic restructuring, gentrification, or industrial transitions.",100,0,0.0
Geography,Economic Geography,"Develop questionnaires to measure perceptions of regional economic conditions, business climate, or place-based assets among local stakeholders.",100,7,0.07
Geography,Economic Geography,Evaluate the temporal stability of spatial economic relationships across different phases of economic cycles or policy regimes.,100,18,0.18
Geography,Economic Geography,Harmonize regional economic indicators across different administrative boundary systems or classification schemes.,100,17,0.17
Geography,Economic Geography,"Incorporate institutional perspectives on governance, regulation, and path dependence when analyzing regional economic trajectories.",100,40,0.4
Geography,Economic Geography,"Perform site visits and direct observations of industrial districts, commercial zones, or urban neighborhoods to document spatial economic patterns.",100,10,0.1
Economics,Economic History,Address measurement error and missing data inherent in historical sources through appropriate statistical adjustments.,688,312,0.453488
Economics,Economic History,Apply econometric methods to identify causal relationships in historical data while accounting for endogeneity and omitted variables.,688,201,0.292151
Economics,Economic History,"Apply institutional economics frameworks to analyze the role of property rights, legal systems, or governance structures in historical economic development.",688,221,0.321221
Economics,Economic History,Assess whether historical economic patterns observed in one region or time period can inform understanding of other contexts with similar institutional conditions.,688,228,0.331395
Economics,Economic History,"Construct and validate historical price indices, GDP estimates, or living standards measures from fragmentary source data.",688,124,0.180233
Economics,Economic History,Evaluate the comparability of economic indicators across different historical periods accounting for structural economic transformations.,688,124,0.180233
Economics,Economic History,"Frame research questions around long-run economic change using theories of technological diffusion, factor endowments, or path dependence.",688,149,0.21657
Economics,Economic History,"Harmonize monetary values, prices, and wages across different historical currencies, units, and time periods.",688,159,0.231105
Sociology,Economic Sociology,"Access labor market data, employment statistics, or occupational surveys from government and international agencies.",99,16,0.161616
Sociology,Economic Sociology,Account for organizational selection effects when comparing workplace practices or employment arrangements.,99,2,0.020202
Sociology,Economic Sociology,"Acquire organizational records, industry reports, or corporate disclosures for analysis of firm behavior and market dynamics.",99,40,0.40404
Sociology,Economic Sociology,Address endogeneity between social networks and economic outcomes when analyzing observational data.,99,3,0.030303
Sociology,Economic Sociology,"Analyze corporate documents, mission statements, or media coverage to assess organizational framing and legitimation strategies.",99,17,0.171717
Sociology,Economic Sociology,Apply embeddedness theory to analyze how economic actions are shaped by social networks and institutional contexts.,99,23,0.232323
Sociology,Economic Sociology,"Assess whether findings about economic behavior generalize across different market structures, regulatory environments, or cultural contexts.",99,28,0.282828
Sociology,Economic Sociology,Clean and harmonize organizational or industry data from multiple sources with varying classification schemes.,99,17,0.171717
Sociology,Economic Sociology,"Code interview data to identify themes related to economic meanings, workplace identities, and organizational cultures.",99,41,0.414141
Sociology,Economic Sociology,"Collect data through ethnographic engagement with firms, markets, or economic communities.",99,27,0.272727
Sociology,Economic Sociology,"Conduct workplace observations to document organizational routines, labor processes, and social interactions.",99,21,0.212121
Sociology,Economic Sociology,"Coordinate with labor unions, professional associations, or community organizations to reach worker populations.",99,12,0.121212
Sociology,Economic Sociology,"Design interview protocols to elicit narratives about career trajectories, workplace experiences, and economic decision-making.",99,40,0.40404
Sociology,Economic Sociology,"Design survey instruments to measure perceptions of economic fairness, workplace norms, or organizational culture.",99,2,0.020202
Sociology,Economic Sociology,"Develop focus group guides to explore shared meanings around work, consumption, or organizational practices.",99,4,0.040404
Sociology,Economic Sociology,"Develop questionnaire items capturing social capital, network ties, and trust in economic relationships.",99,3,0.030303
Sociology,Economic Sociology,Evaluate the transferability of organizational practices and economic arrangements across national or regional boundaries.,99,11,0.111111
Sociology,Economic Sociology,"Frame research questions using concepts of market construction, legitimacy, and institutional logics.",99,23,0.232323
Sociology,Economic Sociology,Navigate ethical considerations when studying vulnerable worker populations or informal economic arrangements.,99,7,0.070707
Sociology,Economic Sociology,"Negotiate access to firms, workplaces, or industry associations for data collection and participant recruitment.",99,48,0.484848
Education,Educational Policy & Leadership,"Access school finance, staffing, and accountability data from federal and state education databases.",99,10,0.10101
Education,Educational Policy & Leadership,Acquire student achievement and demographic data from state education agencies and district administrative systems.,99,11,0.111111
Education,Educational Policy & Leadership,Address selection bias when comparing outcomes across schools with different leadership structures or policy interventions.,99,7,0.070707
Education,Educational Policy & Leadership,"Administer surveys to teachers, principals, and district administrators about policy implementation experiences.",99,12,0.121212
Education,Educational Policy & Leadership,Analyze policy documents and meeting minutes to trace decision-making processes in educational governance.,99,24,0.242424
Education,Educational Policy & Leadership,Apply organizational leadership theories to frame research questions about school administrator effectiveness and decision-making.,99,14,0.141414
Education,Educational Policy & Leadership,Assess whether findings from specific school districts or states will transfer to different educational governance structures or policy contexts.,99,12,0.121212
Education,Educational Policy & Leadership,Clean and standardize school and district identifiers to link data across multiple administrative sources.,99,9,0.090909
Education,Educational Policy & Leadership,Code interview transcripts from school leaders to identify themes related to policy interpretation and implementation strategies.,99,18,0.181818
Education,Educational Policy & Leadership,Conduct classroom and school observations to document leadership practices and instructional climate.,99,12,0.121212
Education,Educational Policy & Leadership,Construct instruments to measure principal leadership behaviors and their relationship to school outcomes.,99,13,0.131313
Education,Educational Policy & Leadership,"Control for student, school, and district characteristics when estimating effects of educational policies or leadership practices.",99,17,0.171717
Education,Educational Policy & Leadership,"Coordinate with school districts to gain access to schools, teachers, and administrative records for research purposes.",100,42,0.42
Education,Educational Policy & Leadership,Design interview protocols to explore how school leaders navigate policy mandates and local community expectations.,99,14,0.141414
Education,Educational Policy & Leadership,"Design surveys to measure teacher perceptions of school climate, leadership support, and professional development opportunities.",99,11,0.111111
Education,Educational Policy & Leadership,"Develop consent procedures that address the hierarchical relationships between administrators, teachers, and students in school settings.",99,15,0.151515
Education,Educational Policy & Leadership,Develop focus group guides to examine teacher perspectives on school reform initiatives and administrative support.,99,0,0.0
Education,Educational Policy & Leadership,Develop questionnaires to assess parent and community engagement with school governance and policy decisions.,99,0,0.0
Education,Educational Policy & Leadership,Draw on policy implementation frameworks to examine how educational reforms are enacted at district and school levels.,99,15,0.151515
Education,Educational Policy & Leadership,"Evaluate the generalizability of leadership practices across urban, suburban, and rural school settings.",99,3,0.030303
Education,Educational Policy & Leadership,Navigate district and state approval processes for conducting research in K-12 schools alongside IRB requirements.,100,29,0.29
Education,Educational Policy & Leadership,"Obtain school-level data on discipline, attendance, and graduation rates from district records.",99,2,0.020202
Education,Educational Policy & Leadership,Partner with state education agencies to obtain restricted-use data on student outcomes and school performance.,99,4,0.040404
Education,Educational Policy & Leadership,Recode open-ended survey responses about educational policies into thematic categories for analysis.,99,5,0.050505
Education,Educational Psychology,Access longitudinal educational datasets to examine developmental trajectories or long-term intervention effects.,100,6,0.06
Education,Educational Psychology,Account for nested data structures with students clustered within classrooms and schools using multilevel modeling.,100,5,0.05
Education,Educational Psychology,"Adapt or develop scales to assess classroom climate, teacher practices, or academic engagement.",100,3,0.03
Education,Educational Psychology,Address nested data structures by accounting for students clustered within classrooms or schools.,100,4,0.04
Education,Educational Psychology,Analyze open-ended survey responses about educational interventions or instructional feedback.,100,10,0.1
Education,Educational Psychology,Analyze written artifacts such as student essays or teacher feedback for patterns in reasoning or pedagogy.,100,0,0.0
Education,Educational Psychology,Apply learning theories such as cognitive load theory or self-determination theory when framing research questions about student outcomes.,100,23,0.23
Education,Educational Psychology,"Apply learning theories such as cognitive load, self-determination, or social constructivism to frame research questions about student outcomes.",100,22,0.22
Education,Educational Psychology,Assess the generalizability of intervention effects across diverse student populations and instructional formats.,100,3,0.03
Education,Educational Psychology,"Assess the generalizability of intervention effects across grade levels, subject areas, or instructional formats.",100,2,0.02
Education,Educational Psychology,Code interview transcripts to identify themes related to student learning experiences or instructional practices.,100,5,0.05
Education,Educational Psychology,Code student interview transcripts to identify themes related to learning experiences or academic identity.,100,7,0.07
Education,Educational Psychology,Collect experience sampling or diary data to capture students' real-time learning experiences and emotions.,100,1,0.01
Education,Educational Psychology,Collect think-aloud protocols or learning logs to capture student cognitive processes during academic tasks.,100,3,0.03
Education,Educational Psychology,"Conduct classroom observations to document instructional practices, student engagement, or peer interactions.",100,9,0.09
Education,Educational Psychology,Conduct classroom observations to document teaching practices or student behaviors during instruction.,100,1,0.01
Education,Educational Psychology,"Construct scales to measure academic emotions, test anxiety, or attitudes toward specific subjects.",100,2,0.02
Education,Educational Psychology,Control for prior achievement and demographic variables when estimating instructional effects on student outcomes.,100,11,0.11
Education,Educational Psychology,Control for prior achievement and socioeconomic factors when analyzing effects of educational interventions.,100,3,0.03
Education,Educational Psychology,Coordinate with classroom teachers to schedule data collection activities that minimize disruption to instruction.,100,48,0.48
Education,Educational Psychology,Coordinate with educational organizations to implement and evaluate instructional interventions in authentic settings.,100,7,0.07
Education,Educational Psychology,Create assessments to measure cognitive or metacognitive processes during learning tasks.,100,11,0.11
Education,Educational Psychology,Design focus group guides to gather teacher or parent perspectives on educational programs or interventions.,100,2,0.02
Education,Educational Psychology,Design interview protocols to explore student experiences with learning challenges or educational transitions.,100,5,0.05
Education,Educational Psychology,"Design self-report instruments to measure student motivation, self-efficacy, or learning strategies.",200,14,0.07
Education,Educational Psychology,Develop focus group guides to investigate teacher perspectives on instructional practices or curriculum implementation.,100,2,0.02
Education,Educational Psychology,Develop interview protocols to explore student experiences with instructional methods or learning environments.,100,5,0.05
Education,Educational Psychology,"Develop questionnaires to assess classroom climate, teacher-student relationships, or school belonging.",100,4,0.04
Education,Educational Psychology,Evaluate whether findings from specific classroom or school contexts will transfer to different educational settings or student populations.,100,6,0.06
Education,Educational Psychology,Evaluate whether findings from specific classroom or school settings will transfer to different educational contexts or grade levels.,100,9,0.09
Education,Educational Psychology,Ground research designs in developmental or motivational frameworks to explain educational phenomena.,100,71,0.71
Education,Educational Psychology,Integrate motivation and self-regulation frameworks when investigating academic achievement or learning behaviors.,100,12,0.12
Education,Educational Psychology,Navigate school district approval processes and coordinate IRB requirements for classroom-based research.,100,57,0.57
Education,Educational Psychology,Partner with schools or districts to recruit student and teacher participants for classroom-based studies.,100,61,0.61
Education,Educational Psychology,Partner with schools or districts to recruit student and teacher participants for educational studies.,100,67,0.67
Education,Educational Psychology,Score and code open-ended responses on academic assessments or learning reflections.,100,7,0.07
Education,Educational Technology,Acquire institutional data on course completion rates and academic performance in online versus face-to-face courses.,100,5,0.05
Education,Educational Technology,Address ethical considerations related to collecting digital trace data from learning platforms in IRB applications.,100,10,0.1
Education,Educational Technology,Address self-selection bias in studies comparing online and traditional learning modalities.,100,2,0.02
Education,Educational Technology,Administer pre- and post-assessments to measure learning outcomes from technology-based interventions.,100,5,0.05
Education,Educational Technology,Analyze discussion forum posts or reflective journals to identify themes in online learning experiences.,100,11,0.11
Education,Educational Technology,Apply learning theories such as constructivism or connectivism to frame research questions about technology-mediated instruction.,100,23,0.23
Education,Educational Technology,Assess transferability of instructional design interventions across different learner populations and educational settings.,100,6,0.06
Education,Educational Technology,Code qualitative data from interviews about learner or instructor experiences with educational technologies.,100,27,0.27
Education,Educational Technology,Collect learner interaction data through observations of technology use in classroom or online settings.,100,21,0.21
Education,Educational Technology,Control for prior technology experience and access when analyzing effects of educational technology interventions.,100,3,0.03
Education,Educational Technology,Coordinate with technology vendors or platform providers to access usage data for research purposes.,100,1,0.01
Education,Educational Technology,Design interview protocols to explore student and instructor experiences with online or blended learning formats.,100,25,0.25
Education,Educational Technology,"Design surveys to measure learner engagement, satisfaction, or self-efficacy in technology-enhanced learning environments.",100,38,0.38
Education,Educational Technology,Develop focus group guides to gather stakeholder perspectives on educational technology implementation.,100,6,0.06
Education,Educational Technology,Develop questionnaires to assess instructor attitudes toward integrating digital tools into teaching practice.,100,9,0.09
Education,Educational Technology,Draw on technology acceptance models to investigate factors influencing adoption of educational tools.,100,2,0.02
Education,Educational Technology,Evaluate whether findings from specific learning management systems or platforms generalize to other technological contexts.,100,5,0.05
Education,Educational Technology,Extract log data from learning management systems to analyze learner behavior and engagement patterns.,100,10,0.1
Education,Educational Technology,Obtain informed consent for research involving screen recordings or analysis of learner interactions in digital environments.,100,8,0.08
Education,Educational Technology,Partner with schools or institutions to pilot educational technology tools and recruit student participants.,100,31,0.31
Political Science,Electoral Politics & Public Opinion,Address selection bias in observational studies of campaign effects using matching or weighting techniques.,100,11,0.11
Political Science,Electoral Politics & Public Opinion,Administer pre-election and post-election panel surveys to track changes in voter preferences and turnout.,100,4,0.04
Political Science,Electoral Politics & Public Opinion,Apply theories of voter behavior and political psychology to explain patterns in electoral participation and vote choice.,100,46,0.46
Political Science,Electoral Politics & Public Opinion,Assess whether polling results and opinion trends generalize across different electoral contexts and demographic groups.,100,12,0.12
Political Science,Electoral Politics & Public Opinion,Code qualitative data from voter interviews to identify themes in political reasoning and candidate evaluation.,100,3,0.03
Political Science,Electoral Politics & Public Opinion,Conduct exit polls or election-day surveys to capture vote choice and voter characteristics.,100,0,0.0
Political Science,Electoral Politics & Public Opinion,"Construct question batteries to assess political knowledge, partisan identity, and ideological self-placement.",100,9,0.09
Political Science,Electoral Politics & Public Opinion,Control for confounding variables when estimating the impact of media exposure on political attitudes.,100,27,0.27
Political Science,Electoral Politics & Public Opinion,Coordinate with polling organizations and survey firms to field election studies and recruit representative samples.,100,13,0.13
Political Science,Electoral Politics & Public Opinion,Design interview protocols to explore voter decision-making processes and political socialization experiences.,100,1,0.01
Political Science,Electoral Politics & Public Opinion,"Design survey items to measure vote intention, candidate evaluations, and issue positions among likely voters.",100,9,0.09
Political Science,Electoral Politics & Public Opinion,Develop survey experiments embedding randomized treatments to test effects of political messages and frames.,100,3,0.03
Political Science,Electoral Politics & Public Opinion,Evaluate the external validity of experimental findings on political persuasion and mobilization across campaign environments.,100,0,0.0
Political Science,Electoral Politics & Public Opinion,Incorporate institutional theories of electoral systems when examining how rules shape political competition and representation.,100,30,0.3
Political Science,Electoral Politics & Public Opinion,"Obtain IRB approval for election studies involving voter contact, campaign observation, or sensitive political attitudes.",100,4,0.04
Political Science,Electoral Politics & Public Opinion,Partner with election commissions or political parties to access campaign data and facilitate field research.,100,7,0.07
Engineering,Electrical & Electronics Engineering,Acquire current-voltage and capacitance-voltage characteristics of semiconductor devices using parameter analyzers.,100,7,0.07
Engineering,Electrical & Electronics Engineering,Assemble prototype printed circuit boards and electronic modules for functional testing.,100,18,0.18
Engineering,Electrical & Electronics Engineering,"Calculate power dissipation, thermal behavior, and efficiency metrics for electronic devices and systems.",100,29,0.29
Engineering,Electrical & Electronics Engineering,Capture transient waveforms and timing characteristics of digital and mixed-signal circuits.,100,18,0.18
Engineering,Electrical & Electronics Engineering,Characterize probe loading effects and parasitic capacitance in high-frequency measurements.,100,2,0.02
Engineering,Electrical & Electronics Engineering,Derive circuit transfer functions and frequency response characteristics from component parameters and network topology.,100,25,0.25
Engineering,Electrical & Electronics Engineering,Design test fixtures and probe configurations for characterizing electronic components and circuits.,100,17,0.17
Engineering,Electrical & Electronics Engineering,Execute technology CAD simulations to model semiconductor fabrication processes and device physics.,100,5,0.05
Engineering,Electrical & Electronics Engineering,Extract equivalent circuit model parameters from measured device characteristics.,100,10,0.1
Engineering,Electrical & Electronics Engineering,Fabricate thin-film structures and semiconductor heterostructures using deposition and etching processes.,100,13,0.13
Engineering,Electrical & Electronics Engineering,Filter power supply noise and common-mode interference from sensitive analog signal measurements.,100,1,0.01
Engineering,Electrical & Electronics Engineering,Fit semiconductor device models to experimental current-voltage and capacitance data.,100,2,0.02
Engineering,Electrical & Electronics Engineering,"Maintain vacuum systems, gas handling equipment, and deposition chambers for thin-film processing.",100,3,0.03
Engineering,Electrical & Electronics Engineering,Measure S-parameters and impedance characteristics using vector network analyzers.,100,5,0.05
Engineering,Electrical & Electronics Engineering,Model electromagnetic field distributions and wave propagation in transmission lines and waveguides.,100,6,0.06
Engineering,Electrical & Electronics Engineering,Pattern photolithographic masks and perform wafer-level processing for device fabrication.,100,6,0.06
Engineering,Electrical & Electronics Engineering,Perform de-embedding procedures to remove fixture and interconnect effects from device measurements.,100,0,0.0
Engineering,Electrical & Electronics Engineering,Perform finite-element thermal simulations to predict device and package temperature distributions.,100,2,0.02
Engineering,Electrical & Electronics Engineering,Predict semiconductor device behavior using carrier transport equations and band structure analysis.,100,3,0.03
Engineering,Electrical & Electronics Engineering,Propagate component tolerances through circuit analysis to determine output parameter variations.,100,7,0.07
Engineering,Electrical & Electronics Engineering,Quantify timing jitter and phase noise contributions in clock and oscillator circuits.,100,3,0.03
Engineering,Electrical & Electronics Engineering,"Record optical power, spectral response, and quantum efficiency of photonic devices.",100,1,0.01
Engineering,Electrical & Electronics Engineering,Run SPICE-based circuit simulations to verify analog and digital circuit performance.,100,22,0.22
Engineering,Electrical & Electronics Engineering,Service and verify calibration of electronic test and measurement instruments.,100,0,0.0
Engineering,Electrical & Electronics Engineering,Simulate electromagnetic field distributions and antenna radiation patterns using computational methods.,100,15,0.15
Chemistry,Electrochemistry,Analyze Tafel plots to determine exchange current densities and transfer coefficients for electrode reactions.,100,5,0.05
Chemistry,Electrochemistry,Apply Randles-Sevcik or Cottrell equations to extract diffusion coefficients from voltammetric peak currents.,100,10,0.1
Chemistry,Electrochemistry,Apply iR compensation corrections to voltammetric data to account for solution resistance effects.,100,3,0.03
Chemistry,Electrochemistry,Calculate thermodynamic potentials and Gibbs free energies for electrochemical reactions using Nernst equation relationships.,100,9,0.09
Chemistry,Electrochemistry,Characterize electrode surface area using capacitance measurements or redox probe techniques.,100,18,0.18
Chemistry,Electrochemistry,"Collect current-voltage data using cyclic voltammetry, linear sweep voltammetry, or chronoamperometry techniques.",100,83,0.83
Chemistry,Electrochemistry,Derive electrode kinetics parameters from Butler-Volmer or Marcus theory to predict reaction rates.,100,5,0.05
Chemistry,Electrochemistry,"Design electrochemical cells with controlled atmosphere, temperature, and electrolyte composition for reproducible measurements.",100,81,0.81
Chemistry,Electrochemistry,"Fabricate modified electrodes by immobilizing catalysts, enzymes, or functional materials on conductive substrates.",100,29,0.29
Chemistry,Electrochemistry,Fit equivalent circuit models to impedance spectra to extract charge transfer resistance and capacitance values.,100,12,0.12
Chemistry,Electrochemistry,Measure electrochemical impedance spectra across frequency ranges to characterize interfacial processes.,100,15,0.15
Chemistry,Electrochemistry,Model mass transport and reaction kinetics in electrochemical systems to predict current distributions.,100,17,0.17
Chemistry,Electrochemistry,"Prepare electrode materials through electrodeposition, drop-casting, or surface modification techniques.",100,43,0.43
Chemistry,Electrochemistry,"Propagate errors in concentration, electrode area, and scan rate through electrochemical calculations.",100,9,0.09
Chemistry,Electrochemistry,Quantify diffusion coefficients and electron transfer rate constants with associated uncertainty from voltammetric analysis.,100,10,0.1
Chemistry,Electrochemistry,Record charge-discharge profiles and coulombic efficiency data for energy storage device evaluation.,100,2,0.02
Chemistry,Electrochemistry,Select appropriate reference and counter electrodes to ensure accurate potential measurements and minimize artifacts.,100,86,0.86
Chemistry,Electrochemistry,Simulate voltammetric responses using finite element or finite difference methods to model electrode processes.,100,4,0.04
Chemistry,Electrochemistry,Subtract background currents and capacitive contributions from faradaic signals in electrochemical measurements.,100,16,0.16
Chemistry,Electrochemistry,"Synthesize electrolyte solutions with precise ionic strength, pH, and supporting electrolyte concentrations.",100,86,0.86
Materials Science,Electronic Materials,Calculate electronic band structures and density of states using density functional theory to predict material properties.,100,14,0.14
Materials Science,Electronic Materials,Deposit thin films using physical or chemical vapor deposition techniques with controlled stoichiometry.,100,37,0.37
Materials Science,Electronic Materials,Derive charge carrier mobility and conductivity from semiconductor transport models.,100,34,0.34
Materials Science,Electronic Materials,Design doping concentration series to systematically vary carrier density in semiconductor samples.,100,15,0.15
Materials Science,Electronic Materials,"Design thin film deposition experiments with controlled substrate temperature, pressure, and gas composition.",100,26,0.26
Materials Science,Electronic Materials,Extract bandgap energies by fitting absorption edge data to direct or indirect transition models.,100,8,0.08
Materials Science,Electronic Materials,Fabricate multilayer heterostructures by sequential deposition of different electronic materials.,100,30,0.3
Materials Science,Electronic Materials,Fit Arrhenius models to temperature-dependent conductivity data to extract activation energies.,100,8,0.08
Materials Science,Electronic Materials,Fit equivalent circuit models to impedance spectroscopy data to separate bulk and interface contributions.,100,3,0.03
Materials Science,Electronic Materials,"Grow single crystals and polycrystalline samples using melt, solution, or vapor phase methods.",100,21,0.21
Materials Science,Electronic Materials,Model charge carrier transport and device performance using drift-diffusion or Monte Carlo simulations.,100,4,0.04
Materials Science,Electronic Materials,Plan electrical characterization sequences to isolate contact resistance from bulk material properties.,100,27,0.27
Materials Science,Electronic Materials,Predict optical absorption and emission spectra from electronic transition calculations.,100,3,0.03
Materials Science,Electronic Materials,Quantify compositional uncertainties from elemental analysis techniques and their effects on property correlations.,100,3,0.03
Materials Science,Electronic Materials,Simulate electromagnetic responses of metamaterials and photonic structures using finite element methods.,100,0,0.0
Materials Science,Electronic Materials,Simulate electronic band structures and charge density distributions using first-principles computational methods.,100,14,0.14
Materials Science,Electronic Materials,Synthesize nanostructured materials through chemical routes with controlled size and morphology.,100,4,0.04
Medicine & Clinical Sciences,Emergency Medicine,Adjust for confounding by indication when comparing outcomes across different emergency treatment strategies.,99,10,0.10101
Medicine & Clinical Sciences,Emergency Medicine,"Analyze time-dependent outcomes including return of spontaneous circulation, emergency department length of stay, and mortality.",99,40,0.40404
Medicine & Clinical Sciences,Emergency Medicine,Collect time-sensitive biological specimens during emergency resuscitations for biomarker analysis.,99,7,0.070707
Medicine & Clinical Sciences,Emergency Medicine,Coordinate multicenter emergency care research networks for adequate enrollment of patients with acute conditions.,99,14,0.141414
Medicine & Clinical Sciences,Emergency Medicine,Coordinate research enrollment across multiple shifts and providers in high-volume emergency departments.,99,17,0.171717
Medicine & Clinical Sciences,Emergency Medicine,Design observational studies using emergency department registries to evaluate diagnostic and treatment protocols.,99,29,0.292929
Medicine & Clinical Sciences,Emergency Medicine,Design pragmatic clinical trials that accommodate the unpredictable patient flow and acuity variations in emergency departments.,99,3,0.030303
Medicine & Clinical Sciences,Emergency Medicine,Develop research questions examining the effectiveness of prehospital interventions and emergency department treatments.,99,27,0.272727
Medicine & Clinical Sciences,Emergency Medicine,Develop study protocols using exception from informed consent for research involving incapacitated emergency patients.,99,3,0.030303
Medicine & Clinical Sciences,Emergency Medicine,Enroll patients during acute emergency presentations while minimizing interference with clinical care delivery.,99,27,0.272727
Medicine & Clinical Sciences,Emergency Medicine,Establish community consultation procedures required for emergency research conducted under exception from informed consent.,99,1,0.010101
Medicine & Clinical Sciences,Emergency Medicine,Establish data sharing agreements with emergency medical services agencies for prehospital research collaboration.,99,5,0.050505
Medicine & Clinical Sciences,Emergency Medicine,Estimate treatment effects of emergency interventions using propensity score methods to address selection bias in observational data.,99,1,0.010101
Medicine & Clinical Sciences,Emergency Medicine,Evaluate survival outcomes following resuscitation interventions while accounting for illness severity and comorbidities.,99,18,0.181818
Medicine & Clinical Sciences,Emergency Medicine,"Formulate hypotheses about factors affecting patient outcomes in time-critical conditions such as cardiac arrest, trauma, or sepsis.",99,29,0.292929
Medicine & Clinical Sciences,Emergency Medicine,"Harmonize chief complaint and diagnosis coding between prehospital, emergency department, and inpatient records.",99,1,0.010101
Medicine & Clinical Sciences,Emergency Medicine,Navigate waiver of informed consent requirements for emergency research involving critically ill or unconscious patients.,99,30,0.30303
Medicine & Clinical Sciences,Emergency Medicine,Protect patient privacy when collecting data during acute resuscitation events and trauma activations.,99,7,0.070707
Medicine & Clinical Sciences,Emergency Medicine,Standardize injury severity scoring and trauma classification across multiple emergency department sites.,99,7,0.070707
Medicine & Clinical Sciences,Endocrinology & Metabolism,Account for medication adherence and dose changes in analyses of metabolic treatment effectiveness.,100,5,0.05
Medicine & Clinical Sciences,Endocrinology & Metabolism,Adjust for baseline metabolic status and comorbidities when estimating treatment effects on glycemic outcomes.,100,23,0.23
Medicine & Clinical Sciences,Endocrinology & Metabolism,Analyze time to development of diabetes complications such as nephropathy or retinopathy.,100,0,0.0
Medicine & Clinical Sciences,Endocrinology & Metabolism,Coordinate with diabetes clinics and endocrine specialty centers for patient recruitment and sample collection.,100,31,0.31
Medicine & Clinical Sciences,Endocrinology & Metabolism,Design clinical trials with glycemic control endpoints such as HbA1c or fasting glucose levels.,100,10,0.1
Medicine & Clinical Sciences,Endocrinology & Metabolism,"Develop research questions examining relationships between adipokines, inflammation, and metabolic disease progression.",100,5,0.05
Medicine & Clinical Sciences,Endocrinology & Metabolism,Establish appropriate washout periods for studies involving hormone replacement therapies.,100,1,0.01
Medicine & Clinical Sciences,Endocrinology & Metabolism,Formulate hypotheses about hormonal regulation of glucose metabolism and insulin resistance pathways.,100,13,0.13
Medicine & Clinical Sciences,Endocrinology & Metabolism,Generate hypotheses about thyroid hormone effects on metabolic rate and body composition.,100,2,0.02
Medicine & Clinical Sciences,Endocrinology & Metabolism,Harmonize diabetes diagnostic criteria and classification systems across multi-site studies.,100,12,0.12
Medicine & Clinical Sciences,Endocrinology & Metabolism,Model progression from prediabetes to type 2 diabetes using longitudinal glycemic data.,100,6,0.06
Medicine & Clinical Sciences,Endocrinology & Metabolism,"Select validated metabolic endpoints including lipid profiles, body composition measures, and insulin sensitivity indices.",100,44,0.44
Medicine & Clinical Sciences,Endocrinology & Metabolism,Standardize hormone assay results across different laboratory platforms and reference ranges.,100,3,0.03
Materials Science,Energy Materials,Apply kinetic models to analyze charge-discharge rate capability and diffusion coefficients.,100,22,0.22
Materials Science,Energy Materials,Calculate theoretical energy density and power density limits for electrode materials based on electrochemical principles.,100,4,0.04
Materials Science,Energy Materials,"Design electrochemical cycling experiments with controlled temperature, humidity, and atmosphere conditions.",100,21,0.21
Materials Science,Energy Materials,Establish testing protocols for evaluating material performance under realistic charge-discharge conditions.,100,42,0.42
Materials Science,Energy Materials,Fabricate thin-film electrolytes and electrode layers using physical or chemical vapor deposition techniques.,100,10,0.1
Materials Science,Energy Materials,Fit equivalent circuit models to electrochemical impedance spectra to extract kinetic parameters.,100,19,0.19
Materials Science,Energy Materials,Measure thermal conductivity and Seebeck coefficients of thermoelectric materials across temperature ranges.,100,22,0.22
Materials Science,Energy Materials,Model heat generation and thermal management in energy storage devices during operation.,100,1,0.01
Materials Science,Energy Materials,Model thermodynamic stability and phase behavior of energy storage materials under operating conditions.,100,12,0.12
Materials Science,Energy Materials,Predict ionic conductivity and charge transport properties using density functional theory or molecular dynamics.,100,8,0.08
Materials Science,Energy Materials,Propagate measurement uncertainties through calculations of energy efficiency and capacity retention.,100,4,0.04
Materials Science,Energy Materials,Quantify variability in electrochemical performance across replicate cell assemblies.,100,5,0.05
Materials Science,Energy Materials,Simulate ion transport and electrochemical reactions in battery and fuel cell electrode structures.,100,6,0.06
Materials Science,Energy Materials,"Synthesize nanostructured electrode materials through sol-gel, hydrothermal, or electrodeposition methods.",100,38,0.38
Engineering,Energy Systems & Power Engineering,Apply filtering techniques to remove switching noise and electromagnetic interference from power measurements.,100,0,0.0
Engineering,Energy Systems & Power Engineering,Calculate thermodynamic efficiency limits and exergy losses for power generation cycles.,100,5,0.05
Engineering,Energy Systems & Power Engineering,Characterize sensor accuracy and response time for grid monitoring instrumentation.,100,0,0.0
Engineering,Energy Systems & Power Engineering,Configure experimental setups for measuring power quality parameters and harmonic distortion.,100,1,0.01
Engineering,Energy Systems & Power Engineering,Correct sensor drift and apply calibration factors to thermal and electrical measurement data.,100,4,0.04
Engineering,Energy Systems & Power Engineering,Derive power flow equations and stability criteria from circuit theory and electromagnetic principles.,100,10,0.1
Engineering,Energy Systems & Power Engineering,Design test configurations for evaluating power converter performance under varying load conditions.,100,8,0.08
Engineering,Energy Systems & Power Engineering,Establish controlled thermal and electrical conditions for testing energy storage systems.,100,9,0.09
Engineering,Energy Systems & Power Engineering,Estimate model parameters for photovoltaic cells from current-voltage characteristic curves.,100,3,0.03
Engineering,Energy Systems & Power Engineering,Execute transient stability and fault analysis simulations for electrical power networks.,100,3,0.03
Engineering,Energy Systems & Power Engineering,Fabricate electrode materials and membrane assemblies for fuel cell and battery research.,100,6,0.06
Engineering,Energy Systems & Power Engineering,Fit equivalent circuit models to measured impedance spectra of batteries and fuel cells.,100,4,0.04
Engineering,Energy Systems & Power Engineering,Model converter switching dynamics and control transfer functions from first principles.,100,4,0.04
Engineering,Energy Systems & Power Engineering,Perform optimization simulations for economic dispatch and unit commitment problems.,100,12,0.12
Engineering,Energy Systems & Power Engineering,Prepare semiconductor materials and coatings for photovoltaic cell development.,100,3,0.03
Engineering,Energy Systems & Power Engineering,Propagate errors through power flow and loss calculations to establish confidence intervals.,100,0,0.0
Engineering,Energy Systems & Power Engineering,Quantify measurement uncertainties in efficiency calculations for power conversion systems.,100,5,0.05
Engineering,Energy Systems & Power Engineering,Run load flow and contingency simulations to assess power system operating conditions.,100,12,0.12
Engineering,Energy Systems & Power Engineering,Simulate power electronic converter switching behavior and control system response.,100,6,0.06
Engineering,Energy Systems & Power Engineering,Validate power system dynamic models against measured transient response data.,100,5,0.05
Literature,English Literature,"Access archival manuscripts, letters, and historical documents from libraries and special collections for textual research.",100,18,0.18
Literature,English Literature,"Analyze narrative structure, voice, and point of view to interpret meaning and authorial intent in literary texts.",100,75,0.75
Literature,English Literature,Annotate and organize textual evidence from primary sources to support close reading and interpretive arguments.,100,93,0.93
Literature,English Literature,"Apply literary-historical theories such as historicism, formalism, or reader-response criticism to frame interpretive research questions.",100,63,0.63
Literature,English Literature,"Assess whether interpretive claims about texts apply across different literary periods, national traditions, or authorial contexts.",100,30,0.3
Literature,English Literature,Develop semi-structured interview protocols to gather reader interpretations or author perspectives for reception studies.,100,1,0.01
Literature,English Literature,"Gather biographical, historical, and cultural materials that contextualize literary works and their production.",100,90,0.9
Literature,English Literature,"Identify recurring themes, imagery, and rhetorical patterns across literary texts through systematic close reading.",100,100,1.0
Literature,English Literature,Trace intertextual references and allusions to establish relationships between literary works and their sources.,100,65,0.65
Literature,English Literature,Transcribe and collate variant editions of literary texts to establish authoritative versions for scholarly analysis.,100,4,0.04
Business & Management,Entrepreneurship & Innovation,Address survivorship bias when analyzing venture performance or innovation outcomes using observational data.,100,6,0.06
Business & Management,Entrepreneurship & Innovation,"Administer surveys to startup founders, employees, or ecosystem participants to collect primary quantitative data.",100,37,0.37
Business & Management,Entrepreneurship & Innovation,"Analyze case study narratives to extract patterns in innovation processes, venture pivots, or succession decisions.",100,14,0.14
Business & Management,Entrepreneurship & Innovation,Apply entrepreneurial ecosystem and institutional theory frameworks to explain venture creation and growth patterns.,100,12,0.12
Business & Management,Entrepreneurship & Innovation,"Assess generalizability of findings across different entrepreneurial contexts such as nascent ventures, family firms, and corporate ventures.",100,8,0.08
Business & Management,Entrepreneurship & Innovation,"Clean and standardize firm names, industry codes, and founder characteristics across multiple entrepreneurship datasets.",100,12,0.12
Business & Management,Entrepreneurship & Innovation,Code qualitative data from entrepreneur interviews to identify themes related to opportunity exploitation or resource acquisition.,100,15,0.15
Business & Management,Entrepreneurship & Innovation,"Conduct interviews with entrepreneurs, investors, or innovation managers to gather primary qualitative data.",100,24,0.24
Business & Management,Entrepreneurship & Innovation,Control for endogeneity in studies examining relationships between entrepreneurial actions and firm outcomes.,100,10,0.1
Business & Management,Entrepreneurship & Innovation,"Coordinate with incubators, accelerators, or venture capital firms to access proprietary data or recruit startup participants.",100,3,0.03
Business & Management,Entrepreneurship & Innovation,"Design interview protocols to capture founder narratives, venture development processes, or innovation decision-making.",100,19,0.19
Business & Management,Entrepreneurship & Innovation,"Design survey instruments to measure entrepreneurial intentions, opportunity recognition, or innovation adoption behaviors.",100,22,0.22
Business & Management,Entrepreneurship & Innovation,Develop focus group guides to explore stakeholder perspectives on technology adoption or entrepreneurial ecosystem dynamics.,100,3,0.03
Business & Management,Entrepreneurship & Innovation,"Develop questionnaires to assess organizational innovation climate, knowledge management practices, or entrepreneurial orientation.",100,8,0.08
Business & Management,Entrepreneurship & Innovation,"Evaluate whether innovation adoption patterns transfer across industries, firm sizes, or national innovation systems.",100,4,0.04
Business & Management,Entrepreneurship & Innovation,Frame research questions using resource-based view or dynamic capabilities theories to analyze firm-level innovation.,100,8,0.08
Business & Management,Entrepreneurship & Innovation,Navigate confidentiality requirements when collecting sensitive financial or strategic data from entrepreneurs and startups.,100,5,0.05
Business & Management,Entrepreneurship & Innovation,Partner with industry associations or government agencies to obtain innovation survey data or entrepreneurship statistics.,100,9,0.09
Business & Management,Entrepreneurship & Innovation,"Recode open-ended survey responses about business models, innovation types, or entrepreneurial motivations into analytical categories.",100,3,0.03
Economics,Environmental & Energy Economics,Account for selection into energy efficiency programs or environmental regulations when estimating treatment effects.,395,16,0.040506
Economics,Environmental & Energy Economics,"Address endogeneity in energy and environmental policy evaluation using instrumental variables, regression discontinuity, or difference-in-differences designs.",395,50,0.126582
Economics,Environmental & Energy Economics,Apply environmental economics frameworks such as externality theory or common-pool resource models to structure research questions about market failures.,396,123,0.310606
Economics,Environmental & Energy Economics,"Assess whether estimated policy effects will transfer across regions with different energy mixes, climate conditions, or regulatory environments.",395,32,0.081013
Economics,Environmental & Energy Economics,"Construct panel datasets linking energy prices, consumption, and policy variables across jurisdictions and time periods.",395,73,0.18481
Economics,Environmental & Energy Economics,"Construct survey instruments to measure household energy consumption behaviors, conservation attitudes, or technology adoption intentions.",395,5,0.012658
Economics,Environmental & Energy Economics,Control for spatial spillovers and geographic confounders when estimating localized environmental or energy policy effects.,395,45,0.113924
Economics,Environmental & Energy Economics,Design stated preference surveys using contingent valuation or choice experiments to elicit willingness to pay for environmental goods.,395,39,0.098734
Economics,Environmental & Energy Economics,Evaluate the temporal stability of environmental valuations and energy demand elasticities under changing technological and policy conditions.,395,19,0.048101
Economics,Environmental & Energy Economics,Incorporate energy market structures and regulatory institutions when framing hypotheses about policy impacts.,395,110,0.278481
Economics,Environmental & Energy Economics,Merge environmental monitoring data with socioeconomic datasets to analyze distributional impacts of pollution or climate policies.,395,18,0.04557
Economics,Environmental & Energy Economics,"Negotiate data sharing agreements with utilities, energy companies, or environmental agencies to access proprietary consumption or emissions records.",395,20,0.050633
Public Health & Epidemiology,Environmental & Occupational Health,Apply spatial and geostatistical methods to estimate exposure levels and relate them to health outcomes.,100,8,0.08
Public Health & Epidemiology,Environmental & Occupational Health,Collect environmental samples and personal exposure measurements to characterize contaminant levels in the field.,100,10,0.1
Public Health & Epidemiology,Environmental & Occupational Health,Design community-based studies to evaluate environmental exposures and health disparities in affected populations.,100,16,0.16
Public Health & Epidemiology,Environmental & Occupational Health,Design occupational cohort studies to track worker health outcomes in relation to job exposures over time.,100,10,0.1
Public Health & Epidemiology,Environmental & Occupational Health,Design studies to assess exposure-response relationships between environmental or occupational hazards and health.,100,53,0.53
Public Health & Epidemiology,Environmental & Occupational Health,"Develop hypotheses about occupational hazards and their relationship to worker injury, illness, and disease.",100,52,0.52
Public Health & Epidemiology,Environmental & Occupational Health,Estimate health effects of environmental and occupational exposures while adjusting for confounding and the healthy-worker effect.,100,32,0.32
Public Health & Epidemiology,Environmental & Occupational Health,"Evaluate the transportability of exposure-response estimates across workplaces, populations, and exposure ranges.",100,0,0.0
Public Health & Epidemiology,Environmental & Occupational Health,Formulate dose-response hypotheses linking cumulative exposure to adverse health outcomes.,100,12,0.12
Public Health & Epidemiology,Environmental & Occupational Health,"Formulate hypotheses about the health effects of environmental exposures such as air pollution, water contaminants, and hazardous chemicals.",100,12,0.12
Public Health & Epidemiology,Environmental & Occupational Health,"Generate hypotheses about psychosocial workplace factors contributing to burnout, stress, and mental health outcomes.",100,14,0.14
Public Health & Epidemiology,Environmental & Occupational Health,"Link occupational records, exposure registries, and health outcome databases to construct study populations.",100,18,0.18
Public Health & Epidemiology,Environmental & Occupational Health,Model exposure-response relationships while accounting for measurement error and cumulative exposure over time.,100,4,0.04
Public Health & Epidemiology,Environmental & Occupational Health,Obtain biological specimens to measure biomarkers of exposure or early biological effect in exposed populations.,100,8,0.08
Public Health & Epidemiology,Environmental & Occupational Health,"Plan exposure-assessment strategies that combine environmental monitoring, biomarkers, and job-exposure matrices.",100,1,0.01
Public Health & Epidemiology,Environmental & Occupational Health,Propose environmental-justice hypotheses about the unequal distribution of exposures and health burdens across communities.,100,6,0.06
Environmental Science,Environmental Chemistry & Pollution,Calculate bioaccumulation factors and partition coefficients for contaminants across environmental media.,99,3,0.030303
Environmental Science,Environmental Chemistry & Pollution,Characterize detection limits and matrix effects for environmental sample analysis.,99,26,0.262626
Environmental Science,Environmental Chemistry & Pollution,"Collect water, soil, sediment, and biota samples from contaminated field sites following standardized protocols.",99,43,0.434343
Environmental Science,Environmental Chemistry & Pollution,Deploy passive samplers for time-integrated monitoring of organic pollutants in environmental media.,99,5,0.050505
Environmental Science,Environmental Chemistry & Pollution,Derive dose-response relationships from toxicity bioassay data.,99,1,0.010101
Environmental Science,Environmental Chemistry & Pollution,"Design batch adsorption experiments with controlled pH, temperature, and contact time to evaluate pollutant removal efficiency.",99,10,0.10101
Environmental Science,Environmental Chemistry & Pollution,"Design degradation studies with controlled light, oxygen, and microbial activity to assess pollutant persistence.",99,7,0.070707
Environmental Science,Environmental Chemistry & Pollution,Determine degradation kinetics by fitting rate equations to time-series concentration data.,99,8,0.080808
Environmental Science,Environmental Chemistry & Pollution,Establish controlled exposure conditions for ecotoxicological assays on model organisms.,99,2,0.020202
Environmental Science,Environmental Chemistry & Pollution,Evaluate method precision and accuracy using replicate analyses and certified reference materials.,99,32,0.323232
Environmental Science,Environmental Chemistry & Pollution,Fit adsorption isotherm models to experimental data for characterizing pollutant-sorbent interactions.,99,9,0.090909
Environmental Science,Environmental Chemistry & Pollution,"Measure heavy metal concentrations in water, soil, and biological samples using atomic absorption or ICP methods.",99,30,0.30303
Environmental Science,Environmental Chemistry & Pollution,Model pollutant dispersion in air or water systems to predict spatial concentration patterns.,99,17,0.171717
Environmental Science,Environmental Chemistry & Pollution,Monitor air quality parameters using particulate matter sensors and gas analyzers.,99,12,0.121212
Environmental Science,Environmental Chemistry & Pollution,Predict pollutant fate and transport in environmental compartments using chemical equilibrium and kinetic models.,99,7,0.070707
Environmental Science,Environmental Chemistry & Pollution,Process raw chromatographic data to identify and quantify target pollutants and transformation products.,99,21,0.212121
Environmental Science,Environmental Chemistry & Pollution,Propagate analytical uncertainties through concentration calculations and risk assessments.,99,15,0.151515
Environmental Science,Environmental Chemistry & Pollution,Quantify pollutant concentrations in environmental matrices using chromatography and mass spectrometry techniques.,99,23,0.232323
Environmental Science,Environmental Chemistry & Pollution,Run environmental fate models to simulate pollutant distribution and transformation across compartments.,99,15,0.151515
Environmental Science,Environmental Chemistry & Pollution,Synthesize adsorbent materials for evaluating pollutant removal from water and wastewater.,99,9,0.090909
Engineering,Environmental Engineering,Apply quality control corrections to environmental monitoring data to account for matrix interferences.,100,0,0.0
Engineering,Environmental Engineering,Calculate treatment system performance metrics based on reaction kinetics and hydraulic principles.,100,43,0.43
Engineering,Environmental Engineering,Calibrate hydrological or water quality models using field monitoring data.,100,3,0.03
Engineering,Environmental Engineering,Characterize detection limits and precision of instruments used for air and water quality monitoring.,100,4,0.04
Engineering,Environmental Engineering,Collect groundwater and surface water samples from monitoring wells and sampling stations.,100,1,0.01
Engineering,Environmental Engineering,"Collect water, soil, and air samples using standardized sampling protocols and quality assurance procedures.",100,35,0.35
Engineering,Environmental Engineering,Conduct site assessments to characterize contamination extent and environmental conditions.,100,4,0.04
Engineering,Environmental Engineering,Configure batch and continuous flow experiments to characterize biological or chemical treatment processes.,100,63,0.63
Engineering,Environmental Engineering,Deploy field monitoring equipment to assess ambient air quality and emission sources.,100,3,0.03
Engineering,Environmental Engineering,Design bench-scale reactor experiments to evaluate treatment process parameters under controlled conditions.,100,67,0.67
Engineering,Environmental Engineering,Establish pilot-scale treatment systems to test technology performance before full-scale implementation.,100,7,0.07
Engineering,Environmental Engineering,"Estimate model parameters for adsorption, biodegradation, or membrane filtration processes.",100,18,0.18
Engineering,Environmental Engineering,Fit kinetic models to experimental data from treatment processes to determine rate constants.,100,24,0.24
Engineering,Environmental Engineering,"Maintain bioreactors, filtration units, and other treatment system components.",100,37,0.37
Engineering,Environmental Engineering,"Measure pollutant concentrations using chromatography, spectroscopy, or electrochemical methods.",100,62,0.62
Engineering,Environmental Engineering,"Model pollutant fate and transport in air, water, and soil systems using mass balance equations.",100,10,0.1
Engineering,Environmental Engineering,Model treatment plant performance under varying influent conditions and operational scenarios.,100,13,0.13
Engineering,Environmental Engineering,Monitor treatment system performance using online sensors and automated data logging systems.,100,30,0.3
Engineering,Environmental Engineering,Predict contaminant removal efficiencies using adsorption isotherms and membrane separation theory.,100,2,0.02
Engineering,Environmental Engineering,Prepare synthetic wastewater or contaminated media for controlled treatment experiments.,100,44,0.44
Engineering,Environmental Engineering,Process raw sensor data to remove outliers and correct for instrument drift.,100,0,0.0
Engineering,Environmental Engineering,Propagate measurement errors through mass balance and loading calculations.,100,2,0.02
Engineering,Environmental Engineering,Quantify sampling and analytical uncertainties in environmental concentration measurements.,100,8,0.08
Engineering,Environmental Engineering,Run computational fluid dynamics simulations to optimize reactor design and mixing conditions.,100,2,0.02
Engineering,Environmental Engineering,Service and troubleshoot environmental monitoring and analytical instrumentation.,100,1,0.01
Engineering,Environmental Engineering,Simulate contaminant transport and dispersion in groundwater or atmospheric systems.,100,0,0.0
Engineering,Environmental Engineering,Synthesize adsorbent materials or catalysts for pollutant removal applications.,100,14,0.14
Engineering,Environmental Engineering,Validate analytical methods for detecting trace contaminants in environmental samples.,100,5,0.05
Law,Environmental Law,"Acquire environmental monitoring data, permit records, and enforcement actions from regulatory databases.",100,3,0.03
Law,Environmental Law,Analyze public comments and stakeholder submissions from environmental rulemaking proceedings.,100,0,0.0
Law,Environmental Law,Apply regulatory compliance frameworks and environmental governance theories when formulating research questions about policy effectiveness.,100,29,0.29
Law,Environmental Law,Assess whether legal findings from specific jurisdictions or regulatory regimes will transfer to other legal systems or environmental contexts.,100,20,0.2
Law,Environmental Law,Clean and standardize regulatory compliance data and enforcement records from multiple agencies or jurisdictions.,100,0,0.0
Law,Environmental Law,"Code legal documents, court opinions, and regulatory texts to identify patterns in environmental law interpretation and application.",100,53,0.53
Law,Environmental Law,"Compile and analyze statutory texts, regulations, and administrative rules from environmental agencies across jurisdictions.",100,82,0.82
Law,Environmental Law,"Conduct interviews with policymakers, legal practitioners, or affected communities to gather perspectives on environmental law implementation.",100,8,0.08
Law,Environmental Law,Control for jurisdictional variation and regulatory heterogeneity when comparing environmental policy outcomes across regions.,100,4,0.04
Law,Environmental Law,"Coordinate with environmental agencies, regulated industries, or advocacy organizations to access compliance data or recruit research participants.",100,8,0.08
Law,Environmental Law,"Design surveys to assess stakeholder perceptions of environmental regulations, enforcement practices, or compliance burdens.",100,1,0.01
Law,Environmental Law,"Develop interview protocols for regulatory officials, industry representatives, or community members affected by environmental policies.",100,7,0.07
Law,Environmental Law,Evaluate the temporal applicability of environmental legal research given evolving scientific standards and regulatory frameworks.,100,5,0.05
Law,Environmental Law,Extract and systematize judicial decisions and administrative rulings from environmental case law databases.,100,45,0.45
Law,Environmental Law,Integrate environmental justice principles and distributional equity concepts into research design and problem framing.,100,24,0.24
Public Health & Epidemiology,Epidemiologic Methods & Study Design,"Apply causal inference methods such as propensity scores, inverse-probability weighting, or instrumental variables to control confounding.",100,0,0.0
Public Health & Epidemiology,Epidemiologic Methods & Study Design,"Assemble study cohorts by linking registries, surveys, and administrative records into analyzable datasets.",100,36,0.36
Public Health & Epidemiology,Epidemiologic Methods & Study Design,Assess the generalizability and transportability of effect estimates from study samples to external target populations.,100,9,0.09
Public Health & Epidemiology,Epidemiologic Methods & Study Design,"Conduct quantitative bias analysis to quantify the influence of unmeasured confounding, misclassification, or selection on estimates.",100,16,0.16
Public Health & Epidemiology,Epidemiologic Methods & Study Design,Construct directed acyclic graphs to encode causal assumptions and identify minimal sufficient sets of variables for adjustment.,100,1,0.01
Public Health & Epidemiology,Epidemiologic Methods & Study Design,"Design data-collection protocols that minimize recall bias, misclassification, and differential measurement of exposures and outcomes.",100,11,0.11
Public Health & Epidemiology,Epidemiologic Methods & Study Design,"Design surveillance systems to detect outbreaks, monitor disease trends, or evaluate interventions in near-real time.",100,1,0.01
Public Health & Epidemiology,Epidemiologic Methods & Study Design,Determine sample size and statistical power for planned epidemiologic studies under realistic assumptions about effect size and variability.,100,2,0.02
Public Health & Epidemiology,Epidemiologic Methods & Study Design,"Develop analysis plans specifying exposure and outcome definitions, confounders, and effect modifiers prior to data collection.",100,31,0.31
Public Health & Epidemiology,Epidemiologic Methods & Study Design,"Develop hypotheses about sources of bias including confounding, selection, and measurement error that threaten the validity of observational estimates.",100,33,0.33
Public Health & Epidemiology,Epidemiologic Methods & Study Design,"Evaluate trade-offs among candidate study designs in terms of feasibility, susceptibility to bias, and statistical efficiency.",100,6,0.06
Public Health & Epidemiology,Epidemiologic Methods & Study Design,"Extract and harmonize variables across data sources with differing definitions, coding systems, and observation periods.",100,56,0.56
Public Health & Epidemiology,Epidemiologic Methods & Study Design,Fit transmission models to surveillance data to estimate reproduction numbers and other epidemic parameters.,100,5,0.05
Public Health & Epidemiology,Epidemiologic Methods & Study Design,Formulate hypotheses about disease transmission and dynamics using compartmental or mechanistic epidemic models.,100,13,0.13
Public Health & Epidemiology,Epidemiologic Methods & Study Design,Frame research questions using causal inference frameworks such as potential outcomes and counterfactual reasoning to define target estimands.,100,1,0.01
Public Health & Epidemiology,Epidemiologic Methods & Study Design,Handle missing data through multiple imputation or other principled statistical approaches to preserve validity.,100,8,0.08
Public Health & Epidemiology,Epidemiologic Methods & Study Design,"Propose study designs such as cohort, case-control, case-crossover, or test-negative designs suited to a given exposure-outcome question.",100,8,0.08
Philosophy,Ethics & Moral Philosophy,Account for researcher positionality and normative commitments when interpreting data on moral beliefs or practices.,100,0,0.0
Philosophy,Ethics & Moral Philosophy,Address ethical considerations specific to research that may challenge participants' deeply held moral or religious beliefs.,100,0,0.0
Philosophy,Ethics & Moral Philosophy,Assess the applicability of historical ethical frameworks to contemporary moral problems and contexts.,100,59,0.59
Philosophy,Ethics & Moral Philosophy,"Code qualitative data to identify recurring moral themes, ethical principles, or patterns of normative reasoning.",100,1,0.01
Philosophy,Ethics & Moral Philosophy,Collect primary data on moral reasoning patterns through structured ethical dilemma scenarios.,100,0,0.0
Philosophy,Ethics & Moral Philosophy,Construct vignette-based questionnaires presenting moral dilemmas to elicit normative reasoning from participants.,100,0,0.0
Philosophy,Ethics & Moral Philosophy,"Coordinate with religious institutions, advocacy organizations, or professional bodies to access participants for ethics research.",100,0,0.0
Philosophy,Ethics & Moral Philosophy,"Design survey instruments to measure moral intuitions, ethical judgments, or value commitments across respondent populations.",100,0,0.0
Philosophy,Ethics & Moral Philosophy,Develop interview protocols to explore how individuals reason through ethical conflicts or justify moral decisions.,100,0,0.0
Philosophy,Ethics & Moral Philosophy,"Engage with normative ethical theories such as deontology, consequentialism, or virtue ethics when framing research questions about moral phenomena.",100,65,0.65
Philosophy,Ethics & Moral Philosophy,Evaluate whether moral intuitions or ethical judgments studied are culturally specific or reflect cross-cultural moral principles.,100,5,0.05
Philosophy,Ethics & Moral Philosophy,"Situate research questions within ongoing debates in metaethics concerning moral realism, relativism, or constructivism.",100,20,0.2
Literature,European Literature,"Annotate literary texts for thematic, stylistic, or rhetorical features relevant to the research question.",100,60,0.6
Literature,European Literature,"Apply literary theoretical frameworks such as narratology, postcolonialism, or feminist criticism to frame interpretive research questions.",100,61,0.61
Literature,European Literature,"Assess whether interpretive claims about literary texts extend across national literatures, historical periods, or linguistic traditions.",100,38,0.38
Literature,European Literature,Code textual passages according to theoretical categories or interpretive frameworks for systematic analysis.,100,29,0.29
Literature,European Literature,"Collect primary source materials from European archives, libraries, and special collections for textual scholarship.",100,12,0.12
Literature,European Literature,"Compile paratextual materials such as prefaces, correspondence, and reviews to contextualize literary works.",100,43,0.43
Literature,European Literature,Design interview protocols to collect oral histories or personal narratives related to literary reception and cultural memory.,100,0,0.0
Literature,European Literature,Evaluate the applicability of theoretical concepts developed in one European literary tradition to texts from other traditions.,100,27,0.27
Literature,European Literature,Negotiate access to restricted archival materials and rare book collections held by European institutions.,100,1,0.01
Literature,European Literature,"Situate textual analysis within relevant historical, cultural, or intellectual movements of European literary traditions.",100,99,0.99
Literature,European Literature,Transcribe and collate variant manuscript or print editions of literary texts for scholarly analysis.,100,6,0.06
Biology,Evolutionary Biology,Apply statistical methods to compare morphological or behavioral traits across species or populations.,100,49,0.49
Biology,Evolutionary Biology,Assemble and align molecular sequences across taxa for phylogenetic reconstruction.,100,35,0.35
Biology,Evolutionary Biology,Collect specimens from natural populations for morphological or genetic analysis.,100,66,0.66
Biology,Evolutionary Biology,Conduct phylogenetic analyses to infer evolutionary relationships among taxa.,100,43,0.43
Biology,Evolutionary Biology,Curate and quality-filter genetic datasets prior to population genetic or phylogenomic analysis.,100,44,0.44
Biology,Evolutionary Biology,Design behavioral observation protocols with standardized ethograms and recording methods.,100,10,0.1
Biology,Evolutionary Biology,Design comparative studies across species or populations to test evolutionary hypotheses.,100,79,0.79
Biology,Evolutionary Biology,Develop testable predictions about phylogenetic relationships among taxa based on morphological or molecular evidence.,100,25,0.25
Biology,Evolutionary Biology,"Formulate hypotheses about natural selection, adaptation, or fitness trade-offs in populations.",100,54,0.54
Biology,Evolutionary Biology,Generate hypotheses about the evolutionary origins and functions of behavioral traits.,100,20,0.2
Biology,Evolutionary Biology,Generate sequence data from multiple individuals or species for population genetic or phylogenetic analysis.,100,41,0.41
Biology,Evolutionary Biology,Obtain molecular marker data for assessing genetic diversity and population structure.,100,27,0.27
Biology,Evolutionary Biology,"Perform population genetic analyses to estimate gene flow, genetic drift, and selection pressures.",100,21,0.21
Biology,Evolutionary Biology,Plan field studies with appropriate sampling strategies to capture natural variation in traits or behaviors.,100,37,0.37
Biology,Evolutionary Biology,"Record detailed field observations of animal behavior, habitat conditions, and environmental variables.",100,7,0.07
Biology,Evolutionary Biology,Test for signatures of natural selection in genomic data using comparative or population-level approaches.,100,16,0.16
Sociology,Family & Demography,Account for unobserved heterogeneity when analyzing fertility and mortality outcomes.,100,13,0.13
Sociology,Family & Demography,"Address ethical considerations for research involving sensitive family topics such as divorce, infertility, or domestic relationships.",100,10,0.1
Sociology,Family & Demography,Apply event history analysis techniques to model timing of demographic transitions such as marriage or first birth.,100,23,0.23
Sociology,Family & Demography,Apply life course theory to frame research questions about family transitions and demographic events.,100,22,0.22
Sociology,Family & Demography,Assess whether family formation patterns observed in one cohort will generalize to younger or older birth cohorts.,100,11,0.11
Sociology,Family & Demography,Code qualitative narratives about family decision-making processes and relationship transitions.,100,10,0.1
Sociology,Family & Demography,Construct consistent measures of union status and living arrangements from varying survey definitions.,100,36,0.36
Sociology,Family & Demography,Decompose demographic change into components attributable to population composition versus behavioral shifts.,100,8,0.08
Sociology,Family & Demography,Design interview protocols to explore subjective experiences of family caregiving and intergenerational support.,100,8,0.08
Sociology,Family & Demography,"Design survey modules to capture fertility intentions, partnership histories, and household composition.",100,4,0.04
Sociology,Family & Demography,"Develop focus group guides to investigate cultural norms around marriage, cohabitation, and parenthood.",100,2,0.02
Sociology,Family & Demography,Develop retrospective life history calendars to collect data on family and employment trajectories.,100,2,0.02
Sociology,Family & Demography,Evaluate cross-national differences in family policies when considering generalizability of findings across countries.,100,10,0.1
Sociology,Family & Demography,Harmonize family and household variables across waves of longitudinal surveys or cross-national datasets.,100,35,0.35
Sociology,Family & Demography,Incorporate theories of fertility decision-making when developing hypotheses about childbearing behavior.,100,23,0.23
Sociology,Family & Demography,Link census microdata with administrative records to construct multigenerational family structures.,100,5,0.05
Law,Family Law,"Access vital statistics data on marriage, divorce, and family formation from government registries.",100,2,0.02
Law,Family Law,"Acquire court records on divorce filings, custody determinations, and child support orders from state court administrative offices.",100,11,0.11
Law,Family Law,Address heightened confidentiality requirements when researching sensitive family matters involving children or domestic violence.,100,5,0.05
Law,Family Law,Address selection bias arising from differences between contested and uncontested divorce cases in court records.,100,0,0.0
Law,Family Law,Analyze qualitative interview data to identify themes in litigants' perceptions of procedural fairness in family courts.,100,7,0.07
Law,Family Law,Apply legal pluralism or socio-legal theories to frame research questions about family law doctrine and practice.,100,32,0.32
Law,Family Law,"Assess whether findings about divorce, custody, or support laws will generalize across different legal jurisdictions.",100,5,0.05
Law,Family Law,Clean and standardize inconsistent legal terminology and case disposition codes across different court jurisdictions.,100,2,0.02
Law,Family Law,"Code judicial opinions and court orders to identify patterns in custody, support, or property division decisions.",100,24,0.24
Law,Family Law,"Conduct interviews with divorcing parties, custodial parents, or family law attorneys about legal processes and outcomes.",100,9,0.09
Law,Family Law,"Control for confounding factors such as income, jurisdiction, and legal representation when analyzing family law outcomes.",100,1,0.01
Law,Family Law,Coordinate with family courts or court administrators to obtain access to case files and hearing records.,100,9,0.09
Law,Family Law,Design interview protocols to explore litigants' experiences navigating family court systems.,100,7,0.07
Law,Family Law,"Design survey instruments to measure experiences with divorce proceedings, custody arrangements, or domestic relations courts.",100,3,0.03
Law,Family Law,Develop focus group guides to examine how family law practitioners perceive policy reforms or procedural changes.,100,1,0.01
Law,Family Law,Develop protocols to protect vulnerable populations such as abuse survivors or minor children in family law research.,100,6,0.06
Law,Family Law,"Develop questionnaires to assess attitudes toward marriage, cohabitation, or parental rights policies.",100,1,0.01
Law,Family Law,Evaluate how changes in family law statutes or court practices over time affect the comparability of research findings.,100,7,0.07
Law,Family Law,Incorporate feminist legal theory or critical perspectives when analyzing family law policies and outcomes.,100,12,0.12
Law,Family Law,Observe family court hearings or mediation sessions to collect data on judicial decision-making and procedural practices.,100,1,0.01
Law,Family Law,Obtain child welfare administrative data to study intersections between family law and protective services.,100,0,0.0
Law,Family Law,Partner with legal aid organizations or family law clinics to recruit study participants from litigant populations.,100,1,0.01
Law,Family Law,Recode self-reported custody arrangements and parenting time schedules into analyzable categories.,100,1,0.01
Arts,Film Studies,"Access film prints, production records, and promotional materials from studio archives, national film archives, or private collections.",100,16,0.16
Arts,Film Studies,Account for gaps in archival records and uneven film preservation when drawing historical conclusions.,100,7,0.07
Arts,Film Studies,"Analyze narrative structures, character representations, and thematic patterns across film corpora.",100,81,0.81
Arts,Film Studies,"Apply film theory frameworks such as auteur theory, genre theory, or apparatus theory to structure research questions about cinematic texts.",100,59,0.59
Arts,Film Studies,"Assess whether analytical claims about film style, narrative, or reception apply across different national cinemas, historical periods, or exhibition contexts.",100,23,0.23
Arts,Film Studies,Catalog and annotate visual and sonic elements from films using systematic coding schemes.,100,6,0.06
Arts,Film Studies,"Code formal elements of films including cinematography, editing patterns, sound design, and mise-en-scène for comparative analysis.",100,18,0.18
Arts,Film Studies,"Compile filmographies and production data from industry databases, trade publications, and historical records.",100,13,0.13
Arts,Film Studies,"Conduct interviews with directors, producers, actors, or other film industry personnel to document production histories and creative practices.",100,6,0.06
Arts,Film Studies,"Develop interview protocols for oral history research with filmmakers, industry professionals, or audience members.",100,6,0.06
Arts,Film Studies,Negotiate access to restricted film collections or proprietary industry data through institutional partnerships.,100,3,0.03
Arts,Film Studies,Observe and document audience responses during theatrical screenings or film festival events.,100,0,0.0
Arts,Film Studies,"Obtain ethical approval for audience studies, oral histories, or ethnographic research involving film viewers or industry participants.",100,0,0.0
Arts,Film Studies,"Situate film analysis within broader cultural, industrial, or political contexts to frame interpretive arguments.",100,94,0.94
Business & Management,Finance & Accounting,"Address endogeneity concerns using instrumental variables, difference-in-differences, or regression discontinuity designs in corporate finance studies.",100,4,0.04
Business & Management,Finance & Accounting,"Apply agency theory, signaling theory, or information asymmetry frameworks to explain corporate financial decisions and market behavior.",100,40,0.4
Business & Management,Finance & Accounting,Apply propensity score matching or entropy balancing to construct comparable treatment and control groups in observational studies.,100,0,0.0
Business & Management,Finance & Accounting,"Assess whether findings from specific market conditions, regulatory environments, or accounting standards generalize to other jurisdictions or time periods.",100,10,0.1
Business & Management,Finance & Accounting,Clean and standardize accounting variables across different reporting standards and fiscal year-ends.,100,56,0.56
Business & Management,Finance & Accounting,"Code qualitative data from interviews with executives, auditors, or analysts regarding financial reporting or governance practices.",100,4,0.04
Business & Management,Finance & Accounting,"Conduct surveys or experiments with financial professionals, investors, or corporate managers to collect primary behavioral data.",100,16,0.16
Business & Management,Finance & Accounting,Control for firm-level heterogeneity and time-varying confounders using fixed effects models in panel data analysis.,100,20,0.2
Business & Management,Finance & Accounting,"Design survey instruments to measure financial literacy, investment decision-making, or risk preferences among individuals or managers.",100,6,0.06
Business & Management,Finance & Accounting,"Develop interview protocols to understand managerial decision-making processes in capital budgeting, disclosure, or risk management.",100,4,0.04
Business & Management,Finance & Accounting,"Evaluate the external validity of results across different firm sizes, industries, or capital market development levels.",100,3,0.03
Business & Management,Finance & Accounting,Incorporate efficient market hypothesis or behavioral finance perspectives when developing research hypotheses about asset pricing.,100,1,0.01
Business & Management,Finance & Accounting,"Negotiate data access agreements with financial institutions, stock exchanges, or regulatory agencies for proprietary datasets.",100,6,0.06
Business & Management,Finance & Accounting,"Obtain IRB approval for studies involving surveys or experiments with investors, managers, or financial professionals.",100,2,0.02
Business & Management,Finance & Accounting,"Parse and code textual disclosures from annual reports, earnings calls, or regulatory filings for quantitative analysis.",100,21,0.21
Business & Management,Finance & Accounting,Reconcile and merge datasets from multiple financial databases using firm and security identifiers.,100,31,0.31
Economics,Finance & Financial Economics,Address endogeneity in corporate finance research using instrumental variables or natural experiments.,395,41,0.103797
Economics,Finance & Financial Economics,Apply asset pricing theories and market efficiency hypotheses when formulating research questions about security returns.,396,109,0.275253
Economics,Finance & Financial Economics,Apply difference-in-differences designs to evaluate the impact of regulatory changes on financial outcomes.,395,13,0.032911
Economics,Finance & Financial Economics,"Assess whether empirical findings generalize across different market structures, regulatory environments, or economic cycles.",396,101,0.255051
Economics,Finance & Financial Economics,Control for firm fixed effects and time fixed effects to isolate causal relationships in panel data.,395,38,0.096203
Economics,Finance & Financial Economics,Correct for survivorship bias when analyzing mutual fund performance or firm-level outcomes.,396,22,0.055556
Economics,Finance & Financial Economics,Draw on behavioral finance concepts such as investor sentiment and cognitive biases when explaining market anomalies.,395,51,0.129114
Economics,Finance & Financial Economics,Evaluate the external validity of results across developed and emerging financial markets.,396,15,0.037879
Economics,Finance & Financial Economics,Implement event study methodology to measure abnormal returns around corporate announcements or policy changes.,396,19,0.04798
Economics,Finance & Financial Economics,Incorporate agency theory and corporate governance frameworks when examining firm financial decisions.,395,46,0.116456
Economics,Finance & Financial Economics,Model time-varying volatility and risk using econometric specifications appropriate for financial time series.,396,64,0.161616
Physics & Astronomy,Fluid Dynamics,Acquire velocity field data using particle image velocimetry or laser Doppler velocimetry systems.,100,8,0.08
Physics & Astronomy,Fluid Dynamics,Apply dimensional analysis and scaling arguments to identify dominant physical mechanisms in flow problems.,100,73,0.73
Physics & Astronomy,Fluid Dynamics,Apply filtering techniques to remove noise from turbulent velocity time series.,100,2,0.02
Physics & Astronomy,Fluid Dynamics,Characterize frequency response and spatial resolution limitations of velocity measurement systems.,100,0,0.0
Physics & Astronomy,Fluid Dynamics,Compare measured velocity profiles and turbulence statistics against theoretical predictions.,100,31,0.31
Physics & Astronomy,Fluid Dynamics,Conduct grid convergence studies to verify numerical accuracy of simulation results.,100,18,0.18
Physics & Astronomy,Fluid Dynamics,"Configure flow visualization setups using dye injection, smoke, or particle seeding techniques.",100,12,0.12
Physics & Astronomy,Fluid Dynamics,Derive analytical solutions to the Navier-Stokes equations for simplified flow configurations.,100,39,0.39
Physics & Astronomy,Fluid Dynamics,Design wind tunnel or water channel experiments with controlled inlet conditions and test section geometry.,100,11,0.11
Physics & Astronomy,Fluid Dynamics,"Fit empirical correlations for drag, lift, or heat transfer coefficients to experimental datasets.",100,6,0.06
Physics & Astronomy,Fluid Dynamics,Formulate boundary layer approximations to predict velocity and pressure distributions near surfaces.,100,6,0.06
Physics & Astronomy,Fluid Dynamics,"Implement appropriate boundary conditions for inflow, outflow, and wall surfaces in numerical models.",100,35,0.35
Physics & Astronomy,Fluid Dynamics,Measure pressure distributions on surfaces and within flow fields using pressure taps and probes.,100,2,0.02
Physics & Astronomy,Fluid Dynamics,Perform direct numerical simulations or large eddy simulations to resolve turbulent flow structures.,100,12,0.12
Physics & Astronomy,Fluid Dynamics,Process raw particle image pairs to compute instantaneous velocity vector fields.,100,10,0.1
Physics & Astronomy,Fluid Dynamics,Propagate measurement errors through calculations of derived quantities such as vorticity and Reynolds stress.,100,1,0.01
Physics & Astronomy,Fluid Dynamics,Quantify uncertainty in velocity measurements due to seeding particle response and optical distortion.,100,2,0.02
Physics & Astronomy,Fluid Dynamics,Run computational fluid dynamics simulations using finite volume or spectral methods.,100,26,0.26
Agricultural Sciences,Food Science & Technology,Analyze microbial count data to evaluate the efficacy of preservation or sanitation treatments.,100,11,0.11
Agricultural Sciences,Food Science & Technology,Analyze spectroscopic data to determine chemical composition or authenticity of food products.,100,30,0.3
Agricultural Sciences,Food Science & Technology,Apply statistical models to compare sensory attributes across food formulations or processing treatments.,100,14,0.14
Agricultural Sciences,Food Science & Technology,Characterize microbial communities in fermented foods using metagenomic or amplicon sequencing approaches.,100,1,0.01
Agricultural Sciences,Food Science & Technology,Design challenge studies to evaluate pathogen behavior in food products under various conditions.,100,4,0.04
Agricultural Sciences,Food Science & Technology,"Design shelf-life studies with appropriate storage conditions, sampling intervals, and replication.",100,14,0.14
Agricultural Sciences,Food Science & Technology,Develop experimental designs for optimizing food processing parameters using response surface methodology.,100,2,0.02
Agricultural Sciences,Food Science & Technology,Develop hypotheses about the bioactive properties of food components and their health effects.,100,19,0.19
Agricultural Sciences,Food Science & Technology,"Fit mathematical models to describe drying kinetics, thermal inactivation, or degradation reactions in foods.",100,10,0.1
Agricultural Sciences,Food Science & Technology,"Formulate hypotheses about microbial growth, survival, or inactivation kinetics in food matrices.",100,8,0.08
Agricultural Sciences,Food Science & Technology,Isolate and enumerate microorganisms from food matrices using selective media and enrichment techniques.,100,16,0.16
Agricultural Sciences,Food Science & Technology,"Plan sensory evaluation panels with proper sample presentation, randomization, and blinding protocols.",100,13,0.13
Agricultural Sciences,Food Science & Technology,Process chromatographic data from food composition or contaminant analyses for quantification.,100,39,0.39
Agricultural Sciences,Food Science & Technology,"Propose mechanisms for how processing conditions affect food quality attributes such as texture, color, or flavor.",100,26,0.26
Psychology,Forensic Psychology,Acquire archival data from forensic psychiatric hospitals or sex offender registries for longitudinal analysis.,100,10,0.1
Psychology,Forensic Psychology,"Adapt validated forensic assessment instruments to measure constructs such as psychopathy, violence risk, or deception.",100,27,0.27
Psychology,Forensic Psychology,Address sampling biases inherent in using adjudicated or incarcerated populations for forensic research.,100,11,0.11
Psychology,Forensic Psychology,Analyze narrative accounts from victims or offenders to develop typologies of criminal behavior.,100,3,0.03
Psychology,Forensic Psychology,Apply risk assessment frameworks and recidivism theories when developing research questions about offender behavior.,100,12,0.12
Psychology,Forensic Psychology,Assess cross-cultural applicability of forensic assessment tools and risk prediction instruments.,100,13,0.13
Psychology,Forensic Psychology,Clean and reconcile discrepancies between self-reported offending and official criminal records.,100,3,0.03
Psychology,Forensic Psychology,Code qualitative data from forensic interviews to identify themes related to offense patterns or treatment responsivity.,100,4,0.04
Psychology,Forensic Psychology,"Conduct behavioral observations or simulations to assess deception, credibility, or malingering.",100,31,0.31
Psychology,Forensic Psychology,Control for base rates of offending and selection effects when validating risk assessment instruments.,100,7,0.07
Psychology,Forensic Psychology,"Coordinate with correctional facilities, courts, or forensic hospitals to gain access to offender populations.",100,40,0.4
Psychology,Forensic Psychology,"Design interview guides for collecting narrative accounts from victims of stalking, harassment, or sexual offenses.",100,3,0.03
Psychology,Forensic Psychology,"Design self-report measures to assess offending history, victimization experiences, or attitudes toward criminal behavior.",100,6,0.06
Psychology,Forensic Psychology,Develop informed consent procedures that address coercion concerns in correctional or forensic psychiatric settings.,100,23,0.23
Psychology,Forensic Psychology,"Develop structured interview protocols to assess mental state, competency, or criminal responsibility in forensic populations.",100,1,0.01
Psychology,Forensic Psychology,Establish data-sharing agreements with law enforcement agencies or victim advocacy organizations for participant recruitment.,100,9,0.09
Psychology,Forensic Psychology,Establish protocols for managing mandatory reporting obligations when research reveals ongoing risk or abuse.,100,1,0.01
Psychology,Forensic Psychology,Evaluate whether findings from forensic samples generalize to community populations or different correctional settings.,100,9,0.09
Psychology,Forensic Psychology,Integrate clinical constructs such as psychopathy and personality disorders into theoretical models of criminal behavior.,100,30,0.3
Psychology,Forensic Psychology,Navigate dual-role ethical considerations when conducting research with incarcerated or legally involved participants.,100,5,0.05
Agricultural Sciences,Forestry & Agroforestry,Acquire remote sensing imagery and LiDAR data to assess forest structure and canopy characteristics.,100,4,0.04
Agricultural Sciences,Forestry & Agroforestry,Analyze species diversity and community composition differences across forest management regimes.,100,18,0.18
Agricultural Sciences,Forestry & Agroforestry,Capture hemispherical photographs to quantify canopy cover and light availability in forest understories.,100,4,0.04
Agricultural Sciences,Forestry & Agroforestry,Collect seed and propagule samples from target tree species for germination trials and genetic studies.,100,3,0.03
Agricultural Sciences,Forestry & Agroforestry,"Collect tree core samples, leaf tissue, and bark specimens for dendrochronological and physiological analyses.",100,13,0.13
Agricultural Sciences,Forestry & Agroforestry,"Compare growth rates, survival, and yield between agroforestry treatments and control plots using appropriate statistical models.",100,17,0.17
Agricultural Sciences,Forestry & Agroforestry,Design long-term forest monitoring plots with appropriate spatial replication and stratification by stand type.,100,24,0.24
Agricultural Sciences,Forestry & Agroforestry,Design silvopastoral experiments with randomized treatments to assess livestock-tree-pasture interactions.,100,2,0.02
Agricultural Sciences,Forestry & Agroforestry,"Develop hypotheses regarding species competition, succession, and community assembly in forest stands.",100,7,0.07
Agricultural Sciences,Forestry & Agroforestry,Establish experimental agroforestry trials comparing tree-crop combinations with monoculture controls.,100,3,0.03
Agricultural Sciences,Forestry & Agroforestry,Formulate hypotheses about carbon sequestration rates and biomass accumulation in agroforestry systems.,100,1,0.01
Agricultural Sciences,Forestry & Agroforestry,Formulate hypotheses about tree-soil-water interactions and nutrient cycling in forest ecosystems.,100,3,0.03
Agricultural Sciences,Forestry & Agroforestry,Generate or acquire DNA barcoding data for tree species identification and population genetics studies.,100,0,0.0
Agricultural Sciences,Forestry & Agroforestry,Harvest soil samples at multiple depths to assess root distribution and soil organic matter content.,100,8,0.08
Agricultural Sciences,Forestry & Agroforestry,"Maintain and calibrate field instruments including dendrometers, soil moisture sensors, and portable photosynthesis systems.",100,12,0.12
Agricultural Sciences,Forestry & Agroforestry,Manage seed banks and living plant collections for ongoing research and restoration projects.,100,0,0.0
Agricultural Sciences,Forestry & Agroforestry,Process and analyze remote sensing data to derive vegetation indices and land cover classifications.,100,6,0.06
Medicine & Clinical Sciences,Gastroenterology & Hepatology,"Acquire abdominal imaging data including ultrasound elastography, CT, or MRI for assessment of liver fibrosis or steatosis.",100,12,0.12
Medicine & Clinical Sciences,Gastroenterology & Hepatology,"Analyze time to liver transplantation, hepatic decompensation, or mortality in cirrhosis cohorts.",100,3,0.03
Medicine & Clinical Sciences,Gastroenterology & Hepatology,Assess effectiveness of biologic therapies in inflammatory bowel disease while controlling for disease severity and prior treatment history.,100,0,0.0
Medicine & Clinical Sciences,Gastroenterology & Hepatology,Collect gastrointestinal tissue biopsies during endoscopic procedures for histological or molecular analysis.,100,22,0.22
Medicine & Clinical Sciences,Gastroenterology & Hepatology,Coordinate with transplant centers for access to liver recipient and donor data.,100,1,0.01
Medicine & Clinical Sciences,Gastroenterology & Hepatology,Design endoscopy-based studies with standardized biopsy protocols and histological endpoints.,100,16,0.16
Medicine & Clinical Sciences,Gastroenterology & Hepatology,Design studies comparing treatment regimens for inflammatory bowel disease with appropriate disease activity indices as endpoints.,100,0,0.0
Medicine & Clinical Sciences,Gastroenterology & Hepatology,Develop clinical trial protocols for evaluating therapeutic interventions in cirrhosis or portal hypertension.,100,0,0.0
Medicine & Clinical Sciences,Gastroenterology & Hepatology,Develop hypotheses regarding gastrointestinal microbiome alterations as drivers of inflammatory bowel disease or metabolic dysfunction.,100,1,0.01
Medicine & Clinical Sciences,Gastroenterology & Hepatology,Establish collaborations with endoscopy units for prospective tissue collection and patient enrollment.,100,3,0.03
Medicine & Clinical Sciences,Gastroenterology & Hepatology,Estimate treatment effects of antiviral therapies on hepatitis outcomes while adjusting for baseline liver function and comorbidities.,100,3,0.03
Medicine & Clinical Sciences,Gastroenterology & Hepatology,Formulate hypotheses about gut-liver axis interactions in chronic liver disease pathogenesis.,100,3,0.03
Medicine & Clinical Sciences,Gastroenterology & Hepatology,Harmonize liver disease severity scores and staging systems across multi-center datasets.,100,4,0.04
Medicine & Clinical Sciences,Gastroenterology & Hepatology,Model disease progression from fibrosis to cirrhosis using longitudinal patient data.,100,2,0.02
Medicine & Clinical Sciences,Gastroenterology & Hepatology,Obtain cross-sectional imaging for evaluation of pancreatic or biliary pathology in study participants.,100,4,0.04
Medicine & Clinical Sciences,Gastroenterology & Hepatology,Obtain stool samples from study participants for microbiome sequencing or fecal biomarker analysis.,100,4,0.04
Medicine & Clinical Sciences,Gastroenterology & Hepatology,Propose mechanisms linking hepatitis viral infection to hepatocellular carcinoma development.,100,1,0.01
Medicine & Clinical Sciences,Gastroenterology & Hepatology,Recruit patients with chronic liver disease from hepatology clinics for longitudinal cohort studies.,100,9,0.09
Medicine & Clinical Sciences,Gastroenterology & Hepatology,Standardize endoscopic grading scales and histological classification systems across different study sites.,100,11,0.11
Sociology,Gender & Sexuality Studies,Account for sampling challenges and potential biases when analyzing data from hard-to-reach LGBTQ+ or gender-diverse populations.,100,12,0.12
Sociology,Gender & Sexuality Studies,"Acquire secondary data on gender-based violence, discrimination, or inequality from governmental or advocacy organization sources.",100,34,0.34
Sociology,Gender & Sexuality Studies,Address heightened confidentiality and safety concerns in IRB protocols when researching LGBTQ+ populations or survivors of gender-based violence.,100,27,0.27
Sociology,Gender & Sexuality Studies,Apply feminist discourse analysis to identify gendered language patterns and power relations in textual or media data.,100,20,0.2
Sociology,Gender & Sexuality Studies,"Apply feminist, queer, or intersectional theoretical frameworks when formulating research questions about gender and sexuality.",100,47,0.47
Sociology,Gender & Sexuality Studies,"Assess whether findings about gender or sexuality will transfer across cultural contexts, historical periods, or identity groups.",100,23,0.23
Sociology,Gender & Sexuality Studies,"Code qualitative data for themes related to gender performance, power dynamics, or experiences of marginalization.",100,44,0.44
Sociology,Gender & Sexuality Studies,"Collect observational data on gendered interactions, performances, or representations in social settings or media.",100,22,0.22
Sociology,Gender & Sexuality Studies,Conduct interviews or oral histories with individuals about their experiences of gender identity formation or sexual identity development.,100,11,0.11
Sociology,Gender & Sexuality Studies,Design informed consent processes that protect participant identity when studying stigmatized gender or sexual identities.,100,27,0.27
Sociology,Gender & Sexuality Studies,Design interview protocols that create safe spaces for participants to discuss sensitive topics related to gender identity or sexual experiences.,100,25,0.25
Sociology,Gender & Sexuality Studies,Design survey instruments that capture non-binary gender identities and diverse sexual orientations using inclusive response options.,100,5,0.05
Sociology,Gender & Sexuality Studies,"Develop focus group guides to explore community perspectives on gender norms, sexuality, or feminist issues.",100,8,0.08
Sociology,Gender & Sexuality Studies,"Develop questionnaire items to measure experiences of gendered discrimination, harassment, or microaggressions.",100,13,0.13
Sociology,Gender & Sexuality Studies,Engage with social constructionist perspectives on gender and sexuality to frame empirical investigations.,100,35,0.35
Sociology,Gender & Sexuality Studies,Partner with LGBTQ+ community organizations or women's advocacy groups to facilitate participant recruitment and data access.,100,10,0.1
Biomedical Sciences,Genetics & Genomic Medicine,Assess population stratification and apply corrections in genetic association studies.,100,11,0.11
Biomedical Sciences,Genetics & Genomic Medicine,Call genetic variants from aligned sequencing data and annotate their functional consequences.,100,17,0.17
Biomedical Sciences,Genetics & Genomic Medicine,Conduct pathway and gene ontology enrichment analyses to interpret gene lists.,100,21,0.21
Biomedical Sciences,Genetics & Genomic Medicine,Design genetic association studies with appropriate case-control or family-based sampling strategies.,100,10,0.1
Biomedical Sciences,Genetics & Genomic Medicine,Develop hypotheses about gene-gene or gene-environment interactions underlying complex traits.,100,5,0.05
Biomedical Sciences,Genetics & Genomic Medicine,Formulate hypotheses about genetic variants contributing to disease susceptibility or phenotypic variation.,100,15,0.15
Biomedical Sciences,Genetics & Genomic Medicine,Identify differentially expressed genes or differentially methylated regions between experimental groups.,100,23,0.23
Biomedical Sciences,Genetics & Genomic Medicine,Perform genome-wide association analyses to identify genetic loci linked to traits or diseases.,100,5,0.05
Biomedical Sciences,Genetics & Genomic Medicine,Plan sequencing experiments with adequate coverage depth and sample sizes for variant detection.,100,19,0.19
Biomedical Sciences,Genetics & Genomic Medicine,Propose mechanisms by which epigenetic modifications regulate gene expression in specific biological contexts.,100,17,0.17
Biomedical Sciences,Genetics & Genomic Medicine,Select appropriate model organisms or cell lines for investigating gene function.,100,28,0.28
Geography,Geographic Information Science,Account for spatial autocorrelation and edge effects when analyzing observational geographic data.,100,2,0.02
Geography,Geographic Information Science,Address privacy and re-identification risks when obtaining IRB approval for research involving location data or GPS tracking.,100,1,0.01
Geography,Geographic Information Science,Address selection bias in volunteered geographic information or crowdsourced spatial datasets.,100,6,0.06
Geography,Geographic Information Science,"Apply spatial theories of distance decay, spatial autocorrelation, or accessibility when framing geographic research questions.",100,25,0.25
Geography,Geographic Information Science,Assess the modifiable areal unit problem when determining whether findings generalize across different spatial aggregation levels.,100,4,0.04
Geography,Geographic Information Science,Classify land use types or activity locations from GPS traces and survey responses.,100,4,0.04
Geography,Geographic Information Science,"Clean GPS trajectory data by filtering noise, removing outliers, and interpolating missing location points.",100,4,0.04
Geography,Geographic Information Science,"Collect primary spatial data through GPS tracking, mobile sensing, or participatory mapping with human subjects.",100,14,0.14
Geography,Geographic Information Science,Conduct field surveys using mobile GIS applications to record geolocated observations and attribute data.,100,2,0.02
Geography,Geographic Information Science,"Design location-based survey instruments that capture respondents' spatial behaviors, travel patterns, or place-based experiences.",100,5,0.05
Geography,Geographic Information Science,"Develop interview protocols to elicit participants' mental maps, wayfinding strategies, or sense of place.",100,2,0.02
Geography,Geographic Information Science,Evaluate whether spatial patterns and relationships observed in one geographic area will transfer to other regions or scales.,100,1,0.01
Geography,Geographic Information Science,Geocode address-based records and resolve locational ambiguities in administrative datasets.,100,15,0.15
Geography,Geographic Information Science,"Negotiate data sharing agreements with transportation agencies, municipalities, or technology companies for access to proprietary spatial data.",100,14,0.14
Geography,Geographic Information Science,Obtain anonymized mobility data from telecommunications providers or location-based service platforms.,100,5,0.05
Earth & Planetary Sciences,Geology & Geochemistry,Acquire elemental and isotopic compositions using mass spectrometry techniques.,99,42,0.424242
Earth & Planetary Sciences,Geology & Geochemistry,Acquire remote sensing data from satellite imagery or aerial surveys for geological mapping.,99,16,0.161616
Earth & Planetary Sciences,Geology & Geochemistry,Calculate geochemical mass balance to trace element cycling in geological systems.,99,12,0.121212
Earth & Planetary Sciences,Geology & Geochemistry,"Collect field measurements of structural orientations, lithological contacts, and stratigraphic sequences.",99,24,0.242424
Earth & Planetary Sciences,Geology & Geochemistry,Derive predictions of mineral stability and phase equilibria from thermodynamic principles.,100,8,0.08
Earth & Planetary Sciences,Geology & Geochemistry,"Design sampling strategies for rock, sediment, and water collection to ensure spatial and temporal representativeness.",99,59,0.59596
Earth & Planetary Sciences,Geology & Geochemistry,Determine crystallographic properties of minerals using X-ray diffraction analysis.,99,9,0.090909
Earth & Planetary Sciences,Geology & Geochemistry,Fit geochemical mixing models to trace element and isotope data to identify source contributions.,99,11,0.111111
Earth & Planetary Sciences,Geology & Geochemistry,Generate three-dimensional geological models from subsurface and surface data.,99,2,0.020202
Earth & Planetary Sciences,Geology & Geochemistry,Measure mineral compositions and textures using electron microprobe or scanning electron microscopy.,99,16,0.161616
Earth & Planetary Sciences,Geology & Geochemistry,Model thermobarometric conditions by fitting mineral chemistry data to phase equilibrium constraints.,99,1,0.010101
Earth & Planetary Sciences,Geology & Geochemistry,"Monitor groundwater levels, chemistry, and flow using field-deployed sensors and sampling equipment.",99,3,0.030303
Earth & Planetary Sciences,Geology & Geochemistry,Plan field campaigns with controlled sample preservation protocols to prevent contamination or alteration.,99,35,0.353535
Earth & Planetary Sciences,Geology & Geochemistry,Propagate analytical uncertainties through geochronological age calculations.,99,23,0.232323
Earth & Planetary Sciences,Geology & Geochemistry,Quantify precision and reproducibility of isotope ratio measurements for geochemical interpretations.,99,36,0.363636
Earth & Planetary Sciences,Geology & Geochemistry,Run numerical models of groundwater flow and solute transport in aquifer systems.,99,1,0.010101
Earth & Planetary Sciences,Geology & Geochemistry,Service and troubleshoot analytical instruments including spectrometers and diffractometers.,99,3,0.030303
Earth & Planetary Sciences,Geology & Geochemistry,Simulate geochemical reaction pathways and mineral precipitation using thermodynamic modeling software.,99,6,0.060606
Mathematics,Geometry & Topology,Apply curvature bounds and geometric analysis techniques to establish existence and regularity results.,99,15,0.151515
Mathematics,Geometry & Topology,Compute fundamental groups and higher homotopy groups to distinguish topological spaces.,99,2,0.020202
Mathematics,Geometry & Topology,Compute homology and cohomology groups to classify topological spaces.,99,9,0.090909
Mathematics,Geometry & Topology,Construct explicit examples and counterexamples to test conjectures about manifolds and spaces.,99,70,0.707071
Mathematics,Geometry & Topology,Derive geometric or topological invariants from axiomatic definitions and foundational theorems.,99,88,0.888889
Mathematics,Geometry & Topology,Derive long exact sequences and spectral sequences to compute algebraic invariants.,99,17,0.171717
Mathematics,Geometry & Topology,Prove theorems by developing chains of logical arguments from established mathematical principles.,99,99,1.0
Mathematics,Geometry & Topology,Run numerical simulations of geometric flows to visualize evolution of curves and surfaces.,99,0,0.0
Earth & Planetary Sciences,Geophysics & Seismology,Apply static and terrain corrections to gravity survey data for regional geological interpretation.,100,0,0.0
Earth & Planetary Sciences,Geophysics & Seismology,Calculate theoretical earthquake source parameters from fault geometry and stress conditions.,100,1,0.01
Earth & Planetary Sciences,Geophysics & Seismology,Calibrate seismometers and geophones to ensure accurate ground motion measurements across frequency bands.,100,2,0.02
Earth & Planetary Sciences,Geophysics & Seismology,Characterize instrument response functions for seismic sensors deployed in field or borehole installations.,100,2,0.02
Earth & Planetary Sciences,Geophysics & Seismology,Deploy temporary seismic arrays in field locations to record earthquake aftershocks or ambient noise.,100,8,0.08
Earth & Planetary Sciences,Geophysics & Seismology,Derive seismic wave propagation predictions from elastic wave equations and Earth velocity models.,100,11,0.11
Earth & Planetary Sciences,Geophysics & Seismology,Estimate earthquake location uncertainties by propagating arrival time picking errors through location algorithms.,100,4,0.04
Earth & Planetary Sciences,Geophysics & Seismology,Fit earthquake source models to observed seismograms to determine focal mechanisms and moment tensors.,100,5,0.05
Earth & Planetary Sciences,Geophysics & Seismology,Invert geodetic displacement data to estimate fault slip distributions from earthquake ruptures.,100,1,0.01
Earth & Planetary Sciences,Geophysics & Seismology,Invert seismic travel times or waveforms to construct subsurface velocity and attenuation models.,100,8,0.08
Earth & Planetary Sciences,Geophysics & Seismology,Model gravity anomalies from subsurface density distributions using potential field theory.,100,4,0.04
Earth & Planetary Sciences,Geophysics & Seismology,Model mantle convection and lithospheric deformation to understand tectonic plate dynamics.,100,2,0.02
Earth & Planetary Sciences,Geophysics & Seismology,Quantify resolution and uncertainty in seismic velocity models through checkerboard and sensitivity tests.,100,6,0.06
Earth & Planetary Sciences,Geophysics & Seismology,Run finite-difference or spectral-element simulations of seismic wave propagation through heterogeneous Earth models.,100,3,0.03
Earth & Planetary Sciences,Geophysics & Seismology,Simulate earthquake rupture dynamics to investigate fault behavior and ground motion generation.,100,1,0.01
Public Health & Epidemiology,Global Health & Health Equity,Analyze multi-country survey data while accounting for complex sampling designs and cross-cultural comparability.,100,17,0.17
Public Health & Epidemiology,Global Health & Health Equity,"Assemble data from demographic surveillance sites, large-scale household surveys, and international health databases.",100,40,0.4
Public Health & Epidemiology,Global Health & Health Equity,Design community-based and participatory studies that engage local stakeholders in low-resource settings.,100,22,0.22
Public Health & Epidemiology,Global Health & Health Equity,Design cross-national or multi-country studies to compare health outcomes and disparities across settings.,100,31,0.31
Public Health & Epidemiology,Global Health & Health Equity,Develop hypotheses about drivers of inequities in health outcomes across countries and income settings.,100,23,0.23
Public Health & Epidemiology,Global Health & Health Equity,"Establish partnerships with local institutions, ministries of health, and communities to collect data in international settings.",100,32,0.32
Public Health & Epidemiology,Global Health & Health Equity,Estimate the impact of health policies and interventions on outcomes and their distribution across population subgroups.,100,16,0.16
Public Health & Epidemiology,Global Health & Health Equity,Evaluate the transferability of interventions and findings across countries with differing health systems and cultural contexts.,100,6,0.06
Public Health & Epidemiology,Global Health & Health Equity,"Formulate hypotheses about social, economic, and structural determinants of health disparities within and across populations.",100,48,0.48
Public Health & Epidemiology,Global Health & Health Equity,"Formulate research questions on the health effects of migration, conflict, and global-security threats on populations.",100,4,0.04
Public Health & Epidemiology,Global Health & Health Equity,Frame research questions using health-equity frameworks that center marginalized and underserved populations.,100,50,0.5
Public Health & Epidemiology,Global Health & Health Equity,Generate hypotheses about the health impacts of global-health interventions in low- and middle-income settings.,100,11,0.11
Public Health & Epidemiology,Global Health & Health Equity,"Measure and decompose health inequalities using concentration indices, disparity metrics, and equity-focused methods.",100,19,0.19
Public Health & Epidemiology,Global Health & Health Equity,Navigate ethical review and community-consent processes across multiple jurisdictions and cultural contexts.,100,23,0.23
Public Health & Epidemiology,Global Health & Health Equity,"Plan program evaluations to assess the reach, effectiveness, and equity of global-health interventions.",100,21,0.21
Public Health & Epidemiology,Global Health & Health Equity,"Propose hypotheses about the distribution, capacity, and retention of the global health workforce.",100,4,0.04
Political Science,Governance & Institutions,Address endogeneity between institutional design choices and governance outcomes in observational studies.,100,9,0.09
Political Science,Governance & Institutions,Analyze interview transcripts from government stakeholders to extract patterns in decision-making processes.,100,18,0.18
Political Science,Governance & Institutions,Apply institutional theory frameworks to analyze how formal rules and informal norms shape governance outcomes.,100,56,0.56
Political Science,Governance & Institutions,Assess whether findings from single-jurisdiction studies can generalize across different legal and political systems.,100,12,0.12
Political Science,Governance & Institutions,Clean and standardize legal and regulatory text data for systematic comparative analysis.,100,18,0.18
Political Science,Governance & Institutions,Code policy documents and legislative debates to identify governance themes and institutional logics.,100,39,0.39
Political Science,Governance & Institutions,"Conduct interviews with legal practitioners, judges, or regulatory officials to gather expert perspectives.",100,12,0.12
Political Science,Governance & Institutions,Control for jurisdictional and temporal confounders when comparing policy effects across governance systems.,100,12,0.12
Political Science,Governance & Institutions,Coordinate with international governance bodies to obtain cross-national institutional data.,100,0,0.0
Political Science,Governance & Institutions,"Design interview protocols for collecting data from policymakers, legislators, or public administrators.",100,18,0.18
Political Science,Governance & Institutions,Design survey instruments to measure public trust in governmental institutions and legal systems.,100,1,0.01
Political Science,Governance & Institutions,Develop focus group guides to explore citizen experiences with public service delivery and administrative processes.,100,0,0.0
Political Science,Governance & Institutions,Develop questionnaires to assess stakeholder perceptions of regulatory burden and institutional performance.,100,4,0.04
Political Science,Governance & Institutions,Evaluate the transferability of governance mechanisms across varying constitutional and administrative contexts.,100,19,0.19
Political Science,Governance & Institutions,Incorporate theories of regulatory compliance and enforcement when examining institutional effectiveness.,100,8,0.08
Political Science,Governance & Institutions,Navigate ethical review requirements for research involving government officials or sensitive policy information.,100,4,0.04
Political Science,Governance & Institutions,"Negotiate data access agreements with government ministries, courts, or regulatory agencies.",100,13,0.13
Political Science,Governance & Institutions,"Observe legislative proceedings, court hearings, or administrative tribunals to collect behavioral data.",100,2,0.02
Communication & Media Studies,Health Communication,Access health campaign archives or public health communication materials for content analysis.,100,22,0.22
Communication & Media Studies,Health Communication,Account for self-selection into health information exposure when estimating campaign effectiveness.,100,0,0.0
Communication & Media Studies,Health Communication,Acquire social media data to analyze health information dissemination patterns and public discourse on health topics.,100,29,0.29
Communication & Media Studies,Health Communication,"Analyze health misinformation content to identify common claims, sources, and rhetorical patterns.",100,11,0.11
Communication & Media Studies,Health Communication,Apply health behavior theories such as the Health Belief Model or Extended Parallel Process Model when framing research questions about message effects.,100,4,0.04
Communication & Media Studies,Health Communication,"Assess whether health message effects generalize across demographic groups, health literacy levels, or cultural contexts.",100,18,0.18
Communication & Media Studies,Health Communication,"Code health narratives and testimonials for thematic content, emotional appeals, and persuasive strategies.",100,16,0.16
Communication & Media Studies,Health Communication,Collaborate with community health organizations to recruit underserved populations for health communication studies.,100,2,0.02
Communication & Media Studies,Health Communication,Collect data on exposure to and engagement with health messages across multiple communication channels.,100,29,0.29
Communication & Media Studies,Health Communication,Control for health literacy and prior health knowledge when analyzing message effects on health outcomes.,100,6,0.06
Communication & Media Studies,Health Communication,Design interview protocols to explore patient-provider communication experiences and health decision-making processes.,100,2,0.02
Communication & Media Studies,Health Communication,"Design survey instruments to measure health information seeking behaviors, source credibility perceptions, and message recall.",100,19,0.19
Communication & Media Studies,Health Communication,Develop focus group guides to examine audience interpretations of health campaign messages and materials.,100,3,0.03
Communication & Media Studies,Health Communication,Develop informed consent procedures that accommodate varying health literacy levels among study participants.,100,3,0.03
Communication & Media Studies,Health Communication,"Develop scales to assess emotional responses to health messages, including fear, efficacy, and risk perceptions.",100,5,0.05
Communication & Media Studies,Health Communication,Evaluate the transferability of health campaign findings across different media platforms and communication channels.,100,0,0.0
Communication & Media Studies,Health Communication,"Integrate media effects theories to examine how health information exposure influences knowledge, attitudes, and behaviors.",100,25,0.25
Communication & Media Studies,Health Communication,Navigate IRB requirements for research involving vulnerable health populations or sensitive health topics.,100,35,0.35
Communication & Media Studies,Health Communication,Partner with health departments or healthcare organizations to access patient populations for communication research.,100,9,0.09
Communication & Media Studies,Health Communication,"Recruit participants through health care settings, patient advocacy groups, or community health organizations.",100,9,0.09
Economics,Health Economics,Acquire pharmaceutical pricing data and drug utilization records from commercial or government sources.,396,41,0.103535
Economics,Health Economics,Address selection bias in observational studies of treatment effects using propensity score methods or instrumental variables.,396,47,0.118687
Economics,Health Economics,Adjust healthcare cost data for inflation and convert charges to actual costs using cost-to-charge ratios.,396,53,0.133838
Economics,Health Economics,Apply difference-in-differences or regression discontinuity designs to evaluate the impact of health policy changes.,396,56,0.141414
Economics,Health Economics,"Apply economic theories of demand, supply, and market failure to frame research questions about healthcare utilization and access.",396,86,0.217172
Economics,Health Economics,Assess whether cost-effectiveness findings will transfer across healthcare systems with different payment structures and resource constraints.,396,17,0.042929
Economics,Health Economics,"Clean and standardize medical billing codes, diagnosis codes, and procedure codes across different classification systems.",396,54,0.136364
Economics,Health Economics,"Collect primary data on healthcare costs, resource use, and health outcomes alongside clinical trials or observational studies.",396,49,0.123737
Economics,Health Economics,Design interview protocols to elicit patient preferences and willingness-to-pay for health interventions.,396,25,0.063131
Economics,Health Economics,"Design survey instruments to measure healthcare utilization, out-of-pocket expenditures, and insurance coverage status.",396,38,0.09596
Economics,Health Economics,Develop questionnaires to assess health-related quality of life and patient-reported outcomes for economic evaluations.,396,14,0.035354
Economics,Health Economics,Evaluate the external validity of treatment effect estimates across patient populations with varying disease severity and comorbidities.,396,16,0.040404
Economics,Health Economics,"Extract and link data from medical claims, electronic health records, and hospital discharge databases for economic analysis.",396,86,0.217172
Economics,Health Economics,Incorporate models of insurance behavior and moral hazard when designing studies of health coverage effects.,396,35,0.088384
Economics,Health Economics,Navigate data use agreements and privacy protections when accessing protected health information for research.,396,116,0.292929
Economics,Health Economics,"Partner with healthcare providers, insurers, or health systems to access administrative data and recruit patient populations.",396,104,0.262626
Law,Health Law & Bioethics,Account for jurisdictional variation and regulatory heterogeneity when analyzing health law outcomes across states or countries.,100,41,0.41
Law,Health Law & Bioethics,"Apply bioethical frameworks such as autonomy, beneficence, and justice when formulating research questions about health policy or clinical practice.",100,28,0.28
Law,Health Law & Bioethics,"Apply thematic analysis to qualitative data from ethics consultations, institutional review processes, or stakeholder interviews.",100,13,0.13
Law,Health Law & Bioethics,Assess whether legal or ethical findings from one jurisdiction or health system will transfer to different regulatory environments.,100,28,0.28
Law,Health Law & Bioethics,"Compile and analyze court decisions, statutes, and regulatory guidance relevant to health law research questions.",100,84,0.84
Law,Health Law & Bioethics,"Conduct interviews with health care providers, patients, or legal professionals to gather perspectives on bioethical controversies.",100,14,0.14
Law,Health Law & Bioethics,"Coordinate with health care institutions, ethics committees, or legal organizations to access case records or recruit research participants.",100,21,0.21
Law,Health Law & Bioethics,Design informed consent processes that address therapeutic misconception and ensure participant comprehension of research risks.,100,2,0.02
Law,Health Law & Bioethics,Design survey instruments to measure stakeholder attitudes toward contested bioethical issues such as informed consent or end-of-life care.,100,1,0.01
Law,Health Law & Bioethics,"Develop interview protocols to elicit perspectives from patients, clinicians, or policymakers on ethical dilemmas in health care.",100,10,0.1
Law,Health Law & Bioethics,Extract data from medical records or claims databases while maintaining compliance with privacy regulations.,100,6,0.06
Law,Health Law & Bioethics,Integrate legal doctrines and regulatory frameworks into theoretical models of health care delivery and access.,100,73,0.73
Law,Health Law & Bioethics,Navigate dual IRB and HIPAA compliance requirements when conducting research involving protected health information.,100,2,0.02
Psychology,Health Psychology,Account for self-selection into health behaviors when estimating intervention effects in observational studies.,100,2,0.02
Psychology,Health Psychology,Address ethical considerations specific to vulnerable health populations when preparing IRB protocols.,100,18,0.18
Psychology,Health Psychology,Apply health behavior theories such as the Health Belief Model or Theory of Planned Behavior to frame research questions about health-related attitudes and behaviors.,100,17,0.17
Psychology,Health Psychology,Assess cultural and demographic factors that may influence the applicability of health psychology interventions to diverse groups.,100,14,0.14
Psychology,Health Psychology,Code qualitative data from patient narratives to identify themes related to illness perceptions and coping strategies.,100,18,0.18
Psychology,Health Psychology,Collect ecological momentary assessment data to capture real-time health behaviors and psychological states.,100,1,0.01
Psychology,Health Psychology,Control for health-related confounders such as comorbidities or medication use when analyzing psychological predictors of health outcomes.,100,9,0.09
Psychology,Health Psychology,Coordinate with clinical settings to access patient data or implement health psychology interventions.,100,14,0.14
Psychology,Health Psychology,Design focus group guides to examine barriers and facilitators to health-promoting behaviors in community settings.,100,4,0.04
Psychology,Health Psychology,"Design self-report measures to assess psychological constructs such as stress, coping, or health-related self-efficacy.",100,18,0.18
Psychology,Health Psychology,Develop informed consent procedures that account for participants experiencing psychological distress or health crises.,100,11,0.11
Psychology,Health Psychology,"Develop interview protocols to explore patient experiences with illness, treatment adherence, or health behavior change.",100,12,0.12
Psychology,Health Psychology,Evaluate whether health behavior findings generalize across clinical and non-clinical populations.,100,7,0.07
Psychology,Health Psychology,Integrate biopsychosocial frameworks when conceptualizing relationships between psychological factors and physical health outcomes.,100,13,0.13
Psychology,Health Psychology,Partner with healthcare facilities or community health organizations to recruit patient populations for research studies.,100,20,0.2
Psychology,Health Psychology,"Select and adapt validated psychometric instruments to measure health behaviors, symptoms, or quality of life.",100,79,0.79
Public Health & Epidemiology,"Health Systems, Services & Policy",Analyze variation in care and outcomes using multilevel models that account for clustering within providers and systems.,100,8,0.08
Public Health & Epidemiology,"Health Systems, Services & Policy","Conduct interviews and focus groups with providers, administrators, and patients to characterize implementation contexts.",100,31,0.31
Public Health & Epidemiology,"Health Systems, Services & Policy",Design evaluations of policy or program implementation using quasi-experimental or stepped-wedge designs.,100,4,0.04
Public Health & Epidemiology,"Health Systems, Services & Policy","Design health-services studies to evaluate the access, quality, safety, or efficiency of care delivery.",100,32,0.32
Public Health & Epidemiology,"Health Systems, Services & Policy","Design surveys of patients, providers, or organizations to assess experiences, practices, and readiness for change.",100,31,0.31
Public Health & Epidemiology,"Health Systems, Services & Policy",Develop and validate quality-of-care measures and performance indicators for health services.,100,8,0.08
Public Health & Epidemiology,"Health Systems, Services & Policy",Develop hypotheses about barriers and facilitators to implementing evidence-based practices in health systems.,100,24,0.24
Public Health & Epidemiology,"Health Systems, Services & Policy",Evaluate the effects of policy or system changes on utilization and outcomes using quasi-experimental methods.,100,6,0.06
Public Health & Epidemiology,"Health Systems, Services & Policy","Extract and harmonize data from electronic health records, claims, and administrative systems for health-services research.",100,19,0.19
Public Health & Epidemiology,"Health Systems, Services & Policy","Formulate hypotheses about how health-system structures and processes affect access, quality, and outcomes of care.",100,12,0.12
Public Health & Epidemiology,"Health Systems, Services & Policy","Formulate research questions about variation in quality and utilization of care across providers, regions, and systems.",100,14,0.14
Public Health & Epidemiology,"Health Systems, Services & Policy","Frame implementation-science questions using established frameworks to study adoption, fidelity, and sustainability.",100,18,0.18
Public Health & Epidemiology,"Health Systems, Services & Policy",Generate hypotheses about the effects of health policies and reforms on service delivery and population health.,100,13,0.13
Public Health & Epidemiology,"Health Systems, Services & Policy","Obtain organizational and administrative data on staffing, costs, and service utilization from health systems.",100,23,0.23
Public Health & Epidemiology,"Health Systems, Services & Policy",Plan mixed-methods studies that combine quantitative outcomes with qualitative insights on implementation.,100,18,0.18
Public Health & Epidemiology,"Health Systems, Services & Policy","Propose hypotheses about how digital health tools affect care delivery, coordination, and patient outcomes.",100,0,0.0
Public Health & Epidemiology,"Health Systems, Services & Policy",Synthesize qualitative and mixed-methods evidence to identify determinants of successful implementation.,100,27,0.27
Education,Higher Education,"Account for self-selection into programs, majors, or institutions when estimating effects on student outcomes.",100,8,0.08
Education,Higher Education,Analyze reflective writing or portfolio artifacts to assess student learning or professional development.,100,7,0.07
Education,Higher Education,Apply student development theories or organizational behavior frameworks when examining student outcomes or institutional practices.,100,19,0.19
Education,Higher Education,"Assess whether findings from single-institution studies can transfer to different institutional types, governance structures, or national contexts.",100,13,0.13
Education,Higher Education,"Clean and standardize student demographic variables, enrollment records, or course-taking patterns for analysis.",100,32,0.32
Education,Higher Education,"Code interview transcripts to identify themes related to student identity, belonging, or institutional experiences.",100,18,0.18
Education,Higher Education,Control for institutional characteristics and student background factors when comparing outcomes across colleges or universities.,100,7,0.07
Education,Higher Education,Coordinate with student affairs units or academic departments to facilitate data collection or intervention implementation.,100,33,0.33
Education,Higher Education,"Design interview protocols to explore student transitions, persistence decisions, or career development experiences.",100,9,0.09
Education,Higher Education,"Design surveys to measure student engagement, satisfaction, or learning experiences across academic programs.",100,25,0.25
Education,Higher Education,Develop consent procedures that address power dynamics between researchers and student or faculty participants.,100,8,0.08
Education,Higher Education,Develop focus group guides to examine stakeholder perspectives on curriculum reform or institutional policies.,100,3,0.03
Education,Higher Education,"Develop questionnaires to assess faculty perceptions of teaching practices, workload, or institutional climate.",100,10,0.1
Education,Higher Education,"Draw on access, equity, and social justice frameworks to contextualize research on underrepresented student populations.",100,17,0.17
Education,Higher Education,Evaluate how policy changes or historical periods may limit the generalizability of findings about student success or institutional effectiveness.,100,9,0.09
Education,Higher Education,"Navigate IRB requirements for research involving student records, classroom observations, or vulnerable student populations.",100,25,0.25
Education,Higher Education,Partner with institutional research offices to access student data or recruit participants for campus-based studies.,100,23,0.23
Education,Higher Education,Recode open-ended survey responses about educational experiences or career aspirations into analyzable categories.,100,13,0.13
Languages & Linguistics,Historical & Comparative Linguistics,"Annotate linguistic data with phonetic, morphological, or syntactic tags for comparative analysis.",100,50,0.5
Languages & Linguistics,Historical & Comparative Linguistics,"Apply theories of language change, such as grammaticalization or sound change principles, when framing research questions about linguistic evolution.",100,66,0.66
Languages & Linguistics,Historical & Comparative Linguistics,Assess the temporal depth and geographic scope over which linguistic findings can be reliably projected.,100,47,0.47
Languages & Linguistics,Historical & Comparative Linguistics,Code semantic shifts and grammatical changes in diachronic text corpora to track patterns of language evolution.,100,27,0.27
Languages & Linguistics,Historical & Comparative Linguistics,Compile comparative wordlists and grammatical descriptions from published sources across related languages.,100,56,0.56
Languages & Linguistics,Historical & Comparative Linguistics,"Conduct fieldwork interviews with native speakers to document vocabulary, grammar, and oral traditions.",100,16,0.16
Languages & Linguistics,Historical & Comparative Linguistics,Control for borrowing and areal diffusion when establishing genetic relationships between languages.,100,33,0.33
Languages & Linguistics,Historical & Comparative Linguistics,"Coordinate with archives, libraries, or indigenous communities to access rare manuscripts or endangered language speakers.",100,19,0.19
Languages & Linguistics,Historical & Comparative Linguistics,"Design elicitation protocols to collect lexical, phonological, or grammatical data from native speakers of understudied languages.",100,15,0.15
Languages & Linguistics,Historical & Comparative Linguistics,Evaluate whether proposed sound correspondences or grammatical reconstructions hold across related languages within a language family.,100,38,0.38
Languages & Linguistics,Historical & Comparative Linguistics,Transcribe and normalize historical or dialectal texts to enable systematic linguistic analysis.,100,22,0.22
Philosophy,History of Philosophy,Analyze the influence of earlier philosophical sources on a thinker's arguments and conceptual framework.,100,67,0.67
Philosophy,History of Philosophy,"Assess whether interpretations of philosophical texts apply across different periods, cultural contexts, or linguistic traditions.",100,5,0.05
Philosophy,History of Philosophy,Compile textual corpora of primary philosophical works and related historical documents for analysis.,100,17,0.17
Philosophy,History of Philosophy,Evaluate the extent to which a philosopher's arguments can be understood independently of their historical and intellectual context.,100,7,0.07
Philosophy,History of Philosophy,Frame historical philosophical problems in relation to contemporary scholarly debates about their meaning and significance.,100,95,0.95
Philosophy,History of Philosophy,"Identify and categorize recurring arguments, concepts, and terminology within philosophical texts.",100,95,0.95
Philosophy,History of Philosophy,Reconcile discrepancies between manuscript versions and published editions of philosophical works.,100,8,0.08
Philosophy,History of Philosophy,Situate research questions within established interpretive traditions or schools of philosophical thought.,100,86,0.86
Philosophy,History of Philosophy,Trace the development and transformation of philosophical concepts across a thinker's corpus or historical period.,100,95,0.95
History,History of Science & Technology,"Analyze visual and material sources such as scientific instruments, diagrams, and photographs as historical evidence.",100,32,0.32
History,History of Science & Technology,Apply historiographical frameworks such as social constructivism or internalism to interpret the development of scientific ideas and practices.,100,26,0.26
History,History of Science & Technology,"Assess whether patterns observed in one scientific discipline, national context, or historical period apply to others.",100,22,0.22
History,History of Science & Technology,Code archival documents and historical texts to identify recurring themes in scientific discourse or practice.,100,41,0.41
History,History of Science & Technology,"Conduct oral history interviews with scientists, technologists, or witnesses to document firsthand accounts of scientific developments.",100,2,0.02
History,History of Science & Technology,"Design oral history protocols to document the experiences and perspectives of scientists, engineers, or medical practitioners.",100,1,0.01
History,History of Science & Technology,Evaluate the reliability and provenance of historical sources to account for potential distortions in scientific narratives.,100,65,0.65
History,History of Science & Technology,Evaluate the transferability of findings about scientific institutions or practices across different cultural and temporal settings.,100,6,0.06
History,History of Science & Technology,"Locate and acquire archival materials from scientific institutions, laboratories, museums, or personal collections.",100,57,0.57
History,History of Science & Technology,"Negotiate access to restricted archival collections held by scientific societies, universities, or government agencies.",100,5,0.05
History,History of Science & Technology,"Situate scientific or technological developments within broader intellectual, cultural, and institutional contexts when formulating research questions.",100,97,0.97
History,History of Science & Technology,"Transcribe and annotate handwritten scientific manuscripts, laboratory notebooks, or correspondence.",100,11,0.11
History,History of Science & Technology,Translate historical scientific texts from original languages to enable analysis.,100,22,0.22
History,History of Science & Technology,Triangulate evidence from multiple archival sources to address gaps and biases in the historical record.,100,75,0.75
Agricultural Sciences,Horticulture,Analyze postharvest quality metrics across storage treatments to determine optimal handling and preservation conditions.,100,4,0.04
Agricultural Sciences,Horticulture,"Compare yield, quality, or growth parameters between treatment groups using appropriate statistical methods for agricultural experiments.",100,85,0.85
Agricultural Sciences,Horticulture,"Design field or greenhouse experiments with replicated plots, appropriate controls, and randomized block arrangements to evaluate crop treatments.",100,76,0.76
Agricultural Sciences,Horticulture,"Develop hypotheses regarding genetic or physiological mechanisms underlying fruit quality, yield, or stress tolerance in horticultural crops.",100,28,0.28
Agricultural Sciences,Horticulture,"Formulate hypotheses about plant growth responses to environmental factors such as light, temperature, and nutrient availability.",100,34,0.34
Agricultural Sciences,Horticulture,"Generate or obtain transcriptomic data to analyze gene expression patterns related to plant development, stress responses, or fruit ripening.",100,8,0.08
Agricultural Sciences,Horticulture,Plan controlled environment studies to isolate effects of specific growing conditions on plant development and productivity.,100,39,0.39
Agricultural Sciences,Horticulture,Process and analyze genomic or transcriptomic sequence data to identify genes associated with horticultural traits.,100,9,0.09
Computer Science,Human-Computer Interaction,Apply interaction design heuristics and principles to predict user behavior with novel interfaces.,100,2,0.02
Computer Science,Human-Computer Interaction,Apply statistical models to analyze effects of interface design variables on user experience measures.,100,36,0.36
Computer Science,Human-Computer Interaction,Assess inter-rater reliability when coding qualitative interaction data.,100,6,0.06
Computer Science,Human-Computer Interaction,"Calculate task completion times, error rates, and efficiency metrics with appropriate statistical uncertainty.",100,21,0.21
Computer Science,Human-Computer Interaction,Characterize latency and tracking accuracy of motion capture and gesture recognition systems.,100,6,0.06
Computer Science,Human-Computer Interaction,"Derive usability predictions from cognitive models of human perception, attention, and motor control.",100,0,0.0
Computer Science,Human-Computer Interaction,Design controlled user studies with counterbalanced conditions to evaluate interface alternatives.,100,26,0.26
Computer Science,Human-Computer Interaction,Develop functional interface prototypes using software tools for experimental evaluation.,100,41,0.41
Computer Science,Human-Computer Interaction,Develop within-subjects or between-subjects experimental protocols for comparing interaction techniques.,100,21,0.21
Computer Science,Human-Computer Interaction,Fabricate physical prototypes of tangible interfaces or wearable devices for user testing.,100,5,0.05
Computer Science,Human-Computer Interaction,Filter noise and artifacts from gaze tracking and motion capture recordings.,100,3,0.03
Computer Science,Human-Computer Interaction,Fit predictive models of user performance such as Fitts' Law to empirical interaction data.,100,1,0.01
Computer Science,Human-Computer Interaction,Gather contextual data from mobile sensors during field studies of technology use.,100,5,0.05
Computer Science,Human-Computer Interaction,Run computational simulations of user behavior to evaluate interface designs before user testing.,100,0,0.0
Computer Science,Human-Computer Interaction,"Synchronize and align multimodal data streams from eye trackers, input devices, and physiological sensors.",100,5,0.05
Geography,Human Geography,Account for spatial autocorrelation and geographic clustering when analyzing observational data across locations.,100,7,0.07
Geography,Human Geography,"Address ethical considerations specific to research with displaced populations, migrants, or marginalized communities in place-based studies.",100,3,0.03
Geography,Human Geography,Address the modifiable areal unit problem when aggregating individual-level data to geographic units.,100,14,0.14
Geography,Human Geography,"Analyze interview transcripts for narratives of mobility, displacement, and belonging across different scales.",100,2,0.02
Geography,Human Geography,"Apply spatial theories of place, scale, and territory when framing research questions about human-environment interactions.",100,24,0.24
Geography,Human Geography,Assess whether spatial patterns and place-based findings will transfer across different geographic scales or regional contexts.,100,29,0.29
Geography,Human Geography,"Code qualitative data for spatial themes including place meanings, territorial identities, and landscape perceptions.",100,9,0.09
Geography,Human Geography,"Collect primary data through transect walks, mental mapping exercises, or participatory mapping with community members.",100,1,0.01
Geography,Human Geography,"Conduct participant observation in neighborhoods, public spaces, or community settings to document spatial practices.",100,7,0.07
Geography,Human Geography,"Coordinate with local governments, planning agencies, or community organizations for site access and participant recruitment.",100,16,0.16
Geography,Human Geography,Design interview protocols incorporating walking interviews or go-along methods to elicit place-based narratives.,100,0,0.0
Geography,Human Geography,"Design survey instruments that capture respondents' spatial behaviors, mobility patterns, and place-based experiences.",100,13,0.13
Geography,Human Geography,"Develop focus group guides that explore community experiences of landscape change, displacement, or urban transformation.",100,0,0.0
Geography,Human Geography,"Develop questionnaire items measuring sense of place, place attachment, or neighborhood perceptions.",100,7,0.07
Geography,Human Geography,Establish relationships with migrant organizations or advocacy groups to facilitate research access and community engagement.,100,0,0.0
Geography,Human Geography,Evaluate the extent to which locally grounded qualitative findings can inform understanding of broader spatial processes.,100,14,0.14
Geography,Human Geography,"Integrate concepts of mobility, borders, and transnationalism into theoretical frameworks for migration research.",100,0,0.0
Geography,Human Geography,Obtain permissions for conducting fieldwork in communities or on lands with complex governance structures.,100,7,0.07
Nutrition & Dietetics,Human Nutrition & Metabolism,Adjust for total energy intake and dietary measurement error when estimating diet-disease associations.,100,4,0.04
Nutrition & Dietetics,Human Nutrition & Metabolism,Analyze metabolomic and genomic data to identify pathways underlying variation in nutrient metabolism.,100,4,0.04
Nutrition & Dietetics,Human Nutrition & Metabolism,"Collect detailed dietary intake data using food records, 24-hour recalls, or food-frequency questionnaires.",100,46,0.46
Nutrition & Dietetics,Human Nutrition & Metabolism,Design controlled feeding trials to isolate the metabolic effects of specific nutrients or dietary patterns.,100,54,0.54
Nutrition & Dietetics,Human Nutrition & Metabolism,Develop hypotheses about protein intake and skeletal muscle metabolism across the lifespan and in aging.,100,6,0.06
Nutrition & Dietetics,Human Nutrition & Metabolism,"Develop research questions on vitamin D status and its relationships to musculoskeletal, immune, and metabolic health.",100,5,0.05
Nutrition & Dietetics,Human Nutrition & Metabolism,Establish appropriate dietary washout and equilibration periods for nutrient balance and bioavailability studies.,100,27,0.27
Nutrition & Dietetics,Human Nutrition & Metabolism,Formulate hypotheses about how specific micronutrients regulate metabolic pathways and chronic disease risk.,100,4,0.04
Nutrition & Dietetics,Human Nutrition & Metabolism,Generate hypotheses about folate and B-vitamin intake in relation to homocysteine metabolism and disease outcomes.,100,5,0.05
Nutrition & Dietetics,Human Nutrition & Metabolism,Measure body composition and energy expenditure using validated laboratory methods.,100,43,0.43
Nutrition & Dietetics,Human Nutrition & Metabolism,Model dose-response relationships between nutrient intake and metabolic or health outcomes.,100,26,0.26
Nutrition & Dietetics,Human Nutrition & Metabolism,"Obtain blood, urine, and tissue biospecimens to measure circulating nutrient concentrations and metabolic markers.",100,74,0.74
Nutrition & Dietetics,Human Nutrition & Metabolism,Propose gene-diet interaction hypotheses linking genetic variants to individual responses to nutrient intake.,100,5,0.05
Nutrition & Dietetics,Human Nutrition & Metabolism,Recruit healthy volunteers for controlled feeding or nutrient supplementation trials.,100,50,0.5
Nutrition & Dietetics,Human Nutrition & Metabolism,Select validated biomarkers of nutrient status and metabolic function as primary study endpoints.,100,72,0.72
Nutrition & Dietetics,Human Nutrition & Metabolism,Standardize dietary intake estimates using food-composition databases and nutrient calibration methods.,100,42,0.42
Nutrition & Dietetics,Human Nutrition & Metabolism,Synthesize evidence on nutrient requirements to inform dietary reference intakes and recommendations.,100,4,0.04
Law,Human Rights Law,Account for underreporting bias and access-to-justice barriers when analyzing data on human rights violations.,100,4,0.04
Law,Human Rights Law,"Acquire case law and jurisprudence from international, regional, and domestic human rights courts and tribunals.",100,65,0.65
Law,Human Rights Law,Address security risks and confidentiality protections when conducting research in contexts of ongoing conflict or repression.,100,1,0.01
Law,Human Rights Law,Analyze judicial reasoning and legal argumentation in human rights case law through systematic coding frameworks.,100,14,0.14
Law,Human Rights Law,Apply international human rights treaty frameworks and jurisprudence when formulating research questions about state obligations.,100,67,0.67
Law,Human Rights Law,Assess whether legal interpretations and human rights standards are transferable across different regional human rights systems.,100,18,0.18
Law,Human Rights Law,Clean and standardize legal terminology and classifications across multiple jurisdictions and languages in human rights datasets.,100,2,0.02
Law,Human Rights Law,Code qualitative data from victim testimonies and legal submissions to identify patterns of violations and state responses.,100,5,0.05
Law,Human Rights Law,"Compile and analyze state reports, shadow reports, and concluding observations from UN treaty body monitoring mechanisms.",100,5,0.05
Law,Human Rights Law,"Conduct interviews with human rights defenders, legal practitioners, and civil society actors to gather primary accounts of rights implementation.",100,8,0.08
Law,Human Rights Law,"Coordinate with human rights NGOs, legal aid organizations, and advocacy groups to access documentation or recruit research participants.",100,8,0.08
Law,Human Rights Law,"Design focus group protocols to explore community experiences with discrimination, displacement, or access to remedies.",100,1,0.01
Law,Human Rights Law,"Design survey instruments to assess perceptions of rights violations, access to justice, or legal awareness among affected populations.",100,0,0.0
Law,Human Rights Law,Develop interview protocols for documenting testimonies of human rights violations from survivors and witnesses.,100,4,0.04
Law,Human Rights Law,Engage with theories of state responsibility and non-state actor accountability when analyzing human rights violations.,100,25,0.25
Law,Human Rights Law,Evaluate the applicability of research findings across jurisdictions with varying levels of human rights treaty ratification.,100,2,0.02
Law,Human Rights Law,"Gather documentation from truth commissions, special rapporteurs, and fact-finding missions for legal analysis.",100,7,0.07
Law,Human Rights Law,Implement enhanced ethical safeguards and trauma-informed consent procedures for research involving victims of human rights abuses.,100,2,0.02
Law,Immigration Law,"Acquire immigration court records, asylum decision data, or visa statistics from government agencies for empirical analysis.",77,12,0.155844
Law,Immigration Law,Address selection bias in immigration case outcome studies arising from differential access to legal representation.,77,0,0.0
Law,Immigration Law,"Analyze immigration statutes, regulations, and case law to frame research questions about legal doctrine and policy.",77,73,0.948052
Law,Immigration Law,"Analyze legal briefs, judicial opinions, or policy documents using qualitative coding methods.",77,24,0.311688
Law,Immigration Law,Assess whether legal findings apply across different national immigration systems and regulatory contexts.,77,16,0.207792
Law,Immigration Law,Clean and standardize immigration case data to account for inconsistencies in administrative record-keeping.,77,1,0.012987
Law,Immigration Law,"Code and organize legal texts, including statutes, regulations, and court opinions, for systematic legal analysis.",77,53,0.688312
Law,Immigration Law,"Code qualitative data from immigrant interviews to identify themes related to legal status, rights, and access to justice.",77,11,0.142857
Law,Immigration Law,"Compile datasets of immigration legislation, regulations, and judicial decisions for doctrinal or comparative analysis.",77,56,0.727273
Law,Immigration Law,"Conduct interviews with immigration judges, attorneys, or agency officials to gather data on legal decision-making processes.",77,15,0.194805
Law,Immigration Law,Control for confounding factors when analyzing the effects of immigration policies on migrant outcomes.,77,0,0.0
Law,Immigration Law,Coordinate with immigration legal aid organizations or advocacy groups to recruit study participants or access case files.,77,9,0.116883
Law,Immigration Law,Design focus group protocols to explore community perspectives on immigration enforcement and legal compliance.,77,3,0.038961
Law,Immigration Law,"Design survey instruments to measure immigrant experiences with legal processes, such as asylum procedures or visa applications.",77,0,0.0
Law,Immigration Law,Develop informed consent procedures that address language barriers and legal risks for immigrant research participants.,77,7,0.090909
Law,Immigration Law,"Develop interview protocols for collecting narratives from immigrants, asylum seekers, or immigration attorneys about legal encounters.",77,12,0.155844
Law,Immigration Law,Engage with theories of migration governance and border control when developing legal research frameworks.,77,36,0.467532
Law,Immigration Law,Evaluate the transferability of immigration law research across different visa categories and migrant populations.,77,0,0.0
Law,Immigration Law,Observe immigration court proceedings or administrative hearings to collect primary data on legal practices.,77,4,0.051948
Law,Immigration Law,"Obtain IRB approval with enhanced protections for research involving vulnerable immigrant populations, including undocumented individuals.",77,7,0.090909
Law,Immigration Law,Partner with immigration agencies or courts to obtain data access for empirical legal research.,77,7,0.090909
Biomedical Sciences,Immunology,Acquire T-cell or B-cell receptor repertoire sequencing data to assess clonal diversity and antigen-specific responses.,100,1,0.01
Biomedical Sciences,Immunology,Acquire flow cytometry or mass cytometry data to phenotype and quantify immune cell populations.,100,49,0.49
Biomedical Sciences,Immunology,Analyze differences in immune cell frequencies or activation markers between experimental and control conditions.,100,67,0.67
Biomedical Sciences,Immunology,Compare cytokine production levels between stimulated and unstimulated immune cell groups using appropriate statistical tests.,100,43,0.43
Biomedical Sciences,Immunology,"Design immunization protocols with appropriate adjuvants, dosing schedules, and control groups to evaluate immune responses.",100,14,0.14
Biomedical Sciences,Immunology,Formulate hypotheses about immune cell signaling pathways and their roles in host defense or disease pathogenesis.,100,62,0.62
Biomedical Sciences,Immunology,Generate single-cell RNA sequencing data from sorted immune cell populations to characterize transcriptional heterogeneity.,100,1,0.01
Biomedical Sciences,Immunology,"Obtain IACUC approval for animal models of infection, autoimmunity, or cancer immunology studies.",100,53,0.53
Biomedical Sciences,Immunology,Perform immunofluorescence microscopy to visualize immune cell localization and protein expression in tissues.,100,24,0.24
Biomedical Sciences,Immunology,Plan in vitro immune cell stimulation experiments with appropriate positive and negative controls.,100,62,0.62
Biomedical Sciences,Immunology,Process immune repertoire sequencing data to identify clonotypes and track antigen-specific lymphocyte expansion.,100,1,0.01
Biomedical Sciences,Immunology,Propose mechanisms by which immune cells recognize and respond to pathogens or tumor antigens.,100,33,0.33
Engineering,Industrial & Manufacturing Engineering,Acquire vibration and acoustic emission signals from machine tools for condition monitoring and fault diagnosis.,100,0,0.0
Engineering,Industrial & Manufacturing Engineering,Calculate material removal rates and cutting forces using machining mechanics models.,100,1,0.01
Engineering,Industrial & Manufacturing Engineering,Characterize sensor accuracy and repeatability for in-process monitoring systems.,100,2,0.02
Engineering,Industrial & Manufacturing Engineering,"Collect real-time process data using temperature sensors, force dynamometers, and accelerometers during manufacturing trials.",100,6,0.06
Engineering,Industrial & Manufacturing Engineering,Derive process parameter relationships from thermodynamic and kinetic principles to predict manufacturing outcomes.,100,15,0.15
Engineering,Industrial & Manufacturing Engineering,Design factorial experiments to evaluate effects of process parameters on product quality and throughput.,100,32,0.32
Engineering,Industrial & Manufacturing Engineering,Develop test protocols for evaluating mechanical properties of manufactured components under controlled conditions.,100,12,0.12
Engineering,Industrial & Manufacturing Engineering,Execute discrete-event simulations to analyze production system performance and identify bottlenecks.,100,4,0.04
Engineering,Industrial & Manufacturing Engineering,Fabricate prototype components using additive manufacturing or conventional machining for experimental validation.,100,28,0.28
Engineering,Industrial & Manufacturing Engineering,Filter noise from sensor signals and apply compensation algorithms to account for thermal drift in measurements.,100,0,0.0
Engineering,Industrial & Manufacturing Engineering,Fit regression models to experimental data relating process parameters to quality characteristics.,100,14,0.14
Engineering,Industrial & Manufacturing Engineering,"Measure surface roughness, dimensional tolerances, and geometric features of manufactured parts.",100,35,0.35
Engineering,Industrial & Manufacturing Engineering,Predict product quality characteristics using statistical process control models and tolerance analysis.,100,3,0.03
Engineering,Industrial & Manufacturing Engineering,Prepare metal alloy specimens and composite materials for mechanical testing and microstructural analysis.,100,23,0.23
Engineering,Industrial & Manufacturing Engineering,Process raw machine monitoring data to extract relevant features for quality prediction and fault detection.,100,5,0.05
Engineering,Industrial & Manufacturing Engineering,Propagate measurement uncertainty through process capability calculations and quality metrics.,100,0,0.0
Engineering,Industrial & Manufacturing Engineering,Quantify geometric dimensioning and tolerancing stack-up uncertainties in assembly processes.,100,0,0.0
Engineering,Industrial & Manufacturing Engineering,"Run finite element simulations of metal forming, welding, or machining processes to predict deformation and residual stresses.",100,4,0.04
Engineering,Industrial & Manufacturing Engineering,Simulate thermal and mechanical behavior during additive manufacturing build processes.,100,5,0.05
Engineering,Industrial & Manufacturing Engineering,"Validate predictive models for tool wear, surface finish, or defect formation against experimental results.",100,24,0.24
Economics,Industrial Organization,"Acquire firm-level data on prices, quantities, costs, and market shares from industry databases or regulatory filings.",393,93,0.236641
Economics,Industrial Organization,Address endogeneity of prices and market structure using instrumental variables or structural estimation methods.,393,49,0.124682
Economics,Industrial Organization,Apply theories of strategic firm behavior and market structure when formulating hypotheses about competitive outcomes.,393,160,0.407125
Economics,Industrial Organization,Assess whether market structure findings generalize across industries with different regulatory environments or entry barriers.,393,9,0.022901
Economics,Industrial Organization,Compile merger and acquisition records from antitrust agencies or financial databases for competition analysis.,393,11,0.02799
Economics,Industrial Organization,Control for unobserved firm heterogeneity and selection into markets when estimating competitive effects.,393,54,0.137405
Economics,Industrial Organization,Coordinate with antitrust agencies or industry associations to access confidential firm-level data.,393,4,0.010178
Economics,Industrial Organization,Estimate demand elasticities and substitution patterns to assess market power and merger effects.,393,13,0.033079
Economics,Industrial Organization,Evaluate the external validity of firm conduct estimates across geographic markets or time periods.,393,15,0.038168
Economics,Industrial Organization,Incorporate models of imperfect competition and market power into research design and theoretical frameworks.,393,160,0.407125
Economics,Industrial Organization,Obtain product-level scanner data or transaction records to estimate demand systems and market boundaries.,393,13,0.033079
Medicine & Clinical Sciences,Infectious Disease,"Acquire diagnostic imaging data to assess infection site, disease severity, or treatment response in infected patients.",100,33,0.33
Medicine & Clinical Sciences,Infectious Disease,"Analyze time-to-infection, time-to-clearance, or time-to-clinical-cure outcomes in treatment or prevention studies.",100,17,0.17
Medicine & Clinical Sciences,Infectious Disease,Assess vaccine effectiveness using observational data while adjusting for confounding by indication and exposure risk.,100,0,0.0
Medicine & Clinical Sciences,Infectious Disease,"Collect biological specimens for pathogen detection, culture, or molecular characterization from study participants.",100,62,0.62
Medicine & Clinical Sciences,Infectious Disease,Coordinate with public health laboratories for access to pathogen isolates and antimicrobial resistance data.,100,6,0.06
Medicine & Clinical Sciences,Infectious Disease,Design clinical trials evaluating antimicrobial therapies with appropriate microbiological endpoints and resistance monitoring.,100,5,0.05
Medicine & Clinical Sciences,Infectious Disease,Design observational studies to assess risk factors for infection acquisition or disease progression.,100,46,0.46
Medicine & Clinical Sciences,Infectious Disease,Develop hypotheses regarding antimicrobial resistance mechanisms or the emergence of drug-resistant strains.,100,4,0.04
Medicine & Clinical Sciences,Infectious Disease,Develop informed consent procedures that address risks of pathogen exposure and specimen storage for infectious disease research.,100,36,0.36
Medicine & Clinical Sciences,Infectious Disease,Ensure compliance with biosafety regulations and institutional biosafety committee requirements for handling infectious agents.,100,18,0.18
Medicine & Clinical Sciences,Infectious Disease,Establish partnerships with endemic disease sites or outbreak response teams for field-based data collection.,100,11,0.11
Medicine & Clinical Sciences,Infectious Disease,Estimate treatment effects of antimicrobial therapies while controlling for disease severity and comorbidities.,100,12,0.12
Medicine & Clinical Sciences,Infectious Disease,"Formulate hypotheses about pathogen transmission dynamics, virulence factors, or host-pathogen interactions.",100,13,0.13
Medicine & Clinical Sciences,Infectious Disease,"Generate hypotheses about vaccine efficacy, immunogenicity, or correlates of protection against infectious agents.",100,0,0.0
Medicine & Clinical Sciences,Infectious Disease,"Harmonize microbiological data across different laboratory methods, pathogen nomenclature systems, or diagnostic platforms.",100,3,0.03
Medicine & Clinical Sciences,Infectious Disease,"Maintain regulatory compliance for storage, transport, and sharing of pathogen isolates and clinical specimens.",100,8,0.08
Medicine & Clinical Sciences,Infectious Disease,Model disease progression from infection to severe outcomes or death while accounting for competing risks.,100,5,0.05
Medicine & Clinical Sciences,Infectious Disease,Obtain regulatory approval for studies involving collection of infectious biological specimens from human subjects.,100,55,0.55
Medicine & Clinical Sciences,Infectious Disease,"Obtain serial specimens to assess pathogen load, immune responses, or treatment outcomes over time.",100,29,0.29
Medicine & Clinical Sciences,Infectious Disease,Plan vaccine efficacy trials with immunological and clinical endpoints to measure protective responses.,100,0,0.0
Medicine & Clinical Sciences,Infectious Disease,Recruit patients with confirmed infections or at-risk populations for prospective cohort studies or clinical trials.,100,43,0.43
Medicine & Clinical Sciences,Infectious Disease,Standardize antimicrobial susceptibility data across different testing methods and interpretive criteria.,100,3,0.03
Public Health & Epidemiology,Infectious Disease Epidemiology,Analyze spatial and temporal clustering of cases to detect hotspots and guide targeted interventions.,100,14,0.14
Public Health & Epidemiology,Infectious Disease Epidemiology,Conduct contact tracing and collect exposure histories to reconstruct transmission chains during outbreaks.,100,8,0.08
Public Health & Epidemiology,Infectious Disease Epidemiology,"Design outbreak investigations to identify sources, modes of transmission, and populations at highest risk.",100,11,0.11
Public Health & Epidemiology,Infectious Disease Epidemiology,Design seroprevalence surveys to estimate the extent of prior infection and population-level immunity.,100,2,0.02
Public Health & Epidemiology,Infectious Disease Epidemiology,Design test-negative or screening studies to estimate vaccine effectiveness under real-world conditions.,100,0,0.0
Public Health & Epidemiology,Infectious Disease Epidemiology,"Develop hypotheses about determinants of vaccine coverage, hesitancy, and uptake across communities and subgroups.",100,5,0.05
Public Health & Epidemiology,Infectious Disease Epidemiology,Establish partnerships with public health agencies and surveillance networks to access notifiable-disease and outbreak data.,100,39,0.39
Public Health & Epidemiology,Infectious Disease Epidemiology,"Estimate reproduction numbers, serial intervals, and other transmission parameters from case surveillance data.",100,13,0.13
Public Health & Epidemiology,Infectious Disease Epidemiology,Estimate vaccine effectiveness from observational data while adjusting for confounding by indication and differential exposure risk.,100,0,0.0
Public Health & Epidemiology,Infectious Disease Epidemiology,Evaluate the generalizability of transmission estimates across settings with differing contact patterns and population structures.,100,10,0.1
Public Health & Epidemiology,Infectious Disease Epidemiology,"Formulate hypotheses about co-infection, syndemics, and the interplay of HIV, tuberculosis, and sexually transmitted infections.",100,5,0.05
Public Health & Epidemiology,Infectious Disease Epidemiology,"Formulate hypotheses about transmission dynamics, routes of spread, and drivers of infectious disease incidence in populations.",100,43,0.43
Public Health & Epidemiology,Infectious Disease Epidemiology,"Generate hypotheses about the population-level impact of interventions such as vaccination, screening, or contact tracing on disease burden.",100,20,0.2
Public Health & Epidemiology,Infectious Disease Epidemiology,Model the population-level impact of control measures using dynamic transmission models under alternative scenarios.,100,12,0.12
Public Health & Epidemiology,Infectious Disease Epidemiology,"Plan surveillance studies to monitor incidence, prevalence, and trends of infectious diseases over time and place.",100,27,0.27
Public Health & Epidemiology,Infectious Disease Epidemiology,"Propose hypotheses about factors driving the emergence, resurgence, or geographic spread of pathogens.",100,14,0.14
Public Health & Epidemiology,Infectious Disease Epidemiology,Recruit population-based or high-risk cohorts to follow incident infections and risk behaviors over time.,100,10,0.1
Communication & Media Studies,Information Science & Library Science,Account for self-selection bias when analyzing voluntary participation in digital library or wiki platforms.,100,1,0.01
Communication & Media Studies,Information Science & Library Science,"Acquire secondary data from library circulation records, database usage statistics, or institutional repositories.",100,19,0.19
Communication & Media Studies,Information Science & Library Science,"Analyze open-ended survey responses about user experiences with archives, libraries, or information services.",100,7,0.07
Communication & Media Studies,Information Science & Library Science,"Apply information behavior theories to frame research questions about how users seek, evaluate, and use information.",100,16,0.16
Communication & Media Studies,Information Science & Library Science,"Assess whether findings about information practices will transfer across different user communities, platforms, or institutional settings.",100,10,0.1
Communication & Media Studies,Information Science & Library Science,Code qualitative data from user interviews to identify themes in information needs and search strategies.,100,15,0.15
Communication & Media Studies,Information Science & Library Science,Collect data through reference transaction analysis or observation of information-seeking episodes.,100,3,0.03
Communication & Media Studies,Information Science & Library Science,"Conduct usability studies to observe how users interact with digital libraries, catalogs, or information retrieval systems.",100,5,0.05
Communication & Media Studies,Information Science & Library Science,"Coordinate with libraries, archives, or information organizations to access collections or recruit study participants.",100,10,0.1
Communication & Media Studies,Information Science & Library Science,"Design interview protocols to explore user experiences with information systems, digital collections, or library services.",100,14,0.14
Communication & Media Studies,Information Science & Library Science,"Design surveys to measure information literacy, search behaviors, or user satisfaction with library services and systems.",100,13,0.13
Communication & Media Studies,Information Science & Library Science,Develop questionnaires to assess knowledge sharing practices and information management behaviors in organizations.,100,1,0.01
Communication & Media Studies,Information Science & Library Science,"Draw on knowledge organization frameworks when investigating classification, metadata, or retrieval systems.",100,13,0.13
Communication & Media Studies,Information Science & Library Science,Negotiate data sharing agreements with platform providers or institutions to obtain user interaction data.,100,5,0.05
Communication & Media Studies,Information Science & Library Science,"Obtain IRB approval for studies involving library patron data, user search logs, or information behavior observations.",100,24,0.24
Business & Management,Information Systems & Digital Business,Acquire system usage logs and transaction data from enterprise information systems for secondary analysis.,100,3,0.03
Business & Management,Information Systems & Digital Business,Adapt and validate established IS measurement scales for new technology contexts or user populations.,100,47,0.47
Business & Management,Information Systems & Digital Business,Address self-selection bias in studies of voluntary technology adoption or platform participation.,100,5,0.05
Business & Management,Information Systems & Digital Business,Analyze open-ended survey responses about digital service experiences using systematic coding schemes.,100,1,0.01
Business & Management,Information Systems & Digital Business,Apply econometric techniques to establish causal effects in observational studies of digital platform outcomes.,100,3,0.03
Business & Management,Information Systems & Digital Business,Apply technology acceptance theories such as TAM or UTAUT when framing research questions about user adoption and system use.,100,27,0.27
Business & Management,Information Systems & Digital Business,Assess whether findings from specific technology platforms or digital contexts will generalize to other systems or user populations.,100,9,0.09
Business & Management,Information Systems & Digital Business,Clean and preprocess clickstream data and system log files for behavioral analysis.,100,6,0.06
Business & Management,Information Systems & Digital Business,Code qualitative data from user interviews to identify themes related to technology use and adoption barriers.,100,18,0.18
Business & Management,Information Systems & Digital Business,Collect user experience data through online surveys embedded in digital platforms or applications.,100,18,0.18
Business & Management,Information Systems & Digital Business,Conduct usability testing sessions to gather primary data on user interactions with information systems.,100,3,0.03
Business & Management,Information Systems & Digital Business,Control for confounding variables when analyzing the relationship between IT investments and organizational performance.,100,5,0.05
Business & Management,Information Systems & Digital Business,Coordinate with IT departments to obtain system data or recruit enterprise system users as study participants.,100,9,0.09
Business & Management,Information Systems & Digital Business,Design interview protocols to explore user experiences with information systems and digital platforms.,100,19,0.19
Business & Management,Information Systems & Digital Business,"Design survey instruments to measure technology acceptance constructs such as perceived usefulness, ease of use, and behavioral intention.",100,27,0.27
Business & Management,Information Systems & Digital Business,Develop focus group guides to investigate organizational technology implementation processes and challenges.,100,1,0.01
Business & Management,Information Systems & Digital Business,Develop informed consent procedures for research involving digital trace data or platform user studies.,100,6,0.06
Business & Management,Information Systems & Digital Business,"Develop questionnaires to assess user satisfaction, system quality, and information quality in digital systems.",100,4,0.04
Business & Management,Information Systems & Digital Business,Draw on institutional theory to examine organizational adoption of information systems and digital technologies.,100,3,0.03
Business & Management,Information Systems & Digital Business,Evaluate the temporal validity of findings given rapid technological change and evolving digital environments.,100,2,0.02
Business & Management,Information Systems & Digital Business,"Extract digital trace data from online platforms, social media, or e-commerce systems for research purposes.",100,5,0.05
Business & Management,Information Systems & Digital Business,Negotiate data access agreements with technology companies or platform providers for research purposes.,100,2,0.02
Business & Management,Information Systems & Digital Business,"Obtain IRB approval for studies involving user interaction data, system logs, or online behavioral tracking.",100,5,0.05
Business & Management,Information Systems & Digital Business,Recode and standardize user-generated content and text responses from digital platforms.,100,0,0.0
Chemistry,Inorganic Chemistry,Acquire infrared and Raman spectra to identify functional groups and bonding modes in inorganic compounds.,100,45,0.45
Chemistry,Inorganic Chemistry,Apply thermodynamic principles to predict stability and reactivity of metal complexes in solution.,100,10,0.1
Chemistry,Inorganic Chemistry,Assess purity and yield of synthesized compounds using multiple analytical techniques.,100,69,0.69
Chemistry,Inorganic Chemistry,Collect single-crystal X-ray diffraction data to determine molecular and crystal structures of synthesized compounds.,100,56,0.56
Chemistry,Inorganic Chemistry,Design syntheses with inert atmosphere conditions to protect air-sensitive or moisture-sensitive compounds.,100,22,0.22
Chemistry,Inorganic Chemistry,Fit spectroscopic data to theoretical models to extract electronic and structural parameters.,100,31,0.31
Chemistry,Inorganic Chemistry,Grow single crystals of inorganic compounds suitable for X-ray diffraction analysis.,100,54,0.54
Chemistry,Inorganic Chemistry,Obtain NMR spectra of diamagnetic metal complexes to confirm structure and purity.,100,30,0.3
Chemistry,Inorganic Chemistry,Perform density functional theory calculations to predict structures and properties of inorganic compounds.,100,30,0.3
Chemistry,Inorganic Chemistry,Perform elemental analysis to verify composition and purity of synthesized compounds.,100,44,0.44
Chemistry,Inorganic Chemistry,"Plan reaction conditions including solvent selection, temperature, and stoichiometry for targeted inorganic compound synthesis.",100,92,0.92
Chemistry,Inorganic Chemistry,Predict molecular geometries and electronic structures of coordination compounds using crystal field theory and ligand field theory.,100,6,0.06
Chemistry,Inorganic Chemistry,Prepare organometallic compounds using air-free Schlenk line or glovebox techniques.,100,15,0.15
Chemistry,Inorganic Chemistry,"Process raw diffraction data to correct for absorption, background, and systematic errors.",100,63,0.63
Chemistry,Inorganic Chemistry,"Purify synthesized compounds through recrystallization, sublimation, or chromatographic methods.",100,35,0.35
Chemistry,Inorganic Chemistry,Record UV-visible absorption spectra to characterize electronic transitions in metal complexes.,100,31,0.31
Chemistry,Inorganic Chemistry,Refine crystal structure models against diffraction data to determine atomic positions and bond parameters.,100,62,0.62
Chemistry,Inorganic Chemistry,Synthesize coordination compounds and metal complexes through ligand substitution and complexation reactions.,100,87,0.87
Law,Intellectual Property Law,Address endogeneity in studies examining the relationship between patent strength and research investment.,100,0,0.0
Law,Intellectual Property Law,Apply theories of innovation incentives and knowledge diffusion when framing research questions about patent or copyright systems.,100,43,0.43
Law,Intellectual Property Law,Assess whether findings about intellectual property rules will generalize across different legal jurisdictions or treaty frameworks.,100,13,0.13
Law,Intellectual Property Law,"Classify patent claims or trademark applications by technology field, industry sector, or legal category.",100,13,0.13
Law,Intellectual Property Law,Code judicial opinions or legislative materials to identify doctrinal trends or policy rationales in IP law.,100,51,0.51
Law,Intellectual Property Law,"Conduct interviews with IP practitioners, policymakers, or industry stakeholders to gather primary qualitative data.",100,4,0.04
Law,Intellectual Property Law,Control for firm characteristics and market conditions when analyzing the effects of IP rights on innovation outcomes.,100,1,0.01
Law,Intellectual Property Law,"Coordinate with patent offices, industry associations, or technology transfer offices to access proprietary IP data.",100,8,0.08
Law,Intellectual Property Law,"Design surveys to measure stakeholder attitudes toward patent reform, copyright enforcement, or trademark protection.",100,3,0.03
Law,Intellectual Property Law,"Develop interview protocols to collect qualitative data from patent attorneys, inventors, or rights holders about IP practices.",100,4,0.04
Law,Intellectual Property Law,Engage with law and economics frameworks to analyze the efficiency and welfare effects of intellectual property regimes.,100,28,0.28
Law,Intellectual Property Law,Evaluate how technological changes affect the applicability of intellectual property research findings over time.,100,3,0.03
Law,Intellectual Property Law,"Obtain IRB approval for research involving interviews or surveys with inventors, creators, or legal practitioners.",100,2,0.02
Law,Intellectual Property Law,"Parse and standardize patent claims, abstracts, or legal text for systematic analysis.",100,15,0.15
Communication & Media Studies,Intercultural Communication,Address ethical considerations specific to cross-cultural research including culturally appropriate consent processes and protection of vulnerable migrant populations.,100,7,0.07
Communication & Media Studies,Intercultural Communication,"Analyze discourse patterns in intercultural encounters to identify communication breakdowns, code-switching, or accommodation strategies.",100,2,0.02
Communication & Media Studies,Intercultural Communication,"Apply intercultural communication theories such as cultural dimensions, communication accommodation, or identity negotiation when framing research questions about cross-cultural interactions.",100,74,0.74
Communication & Media Studies,Intercultural Communication,Clean and standardize multilingual text data to account for translation inconsistencies and culturally specific response patterns.,100,0,0.0
Communication & Media Studies,Intercultural Communication,"Code qualitative data for themes related to cultural identity, acculturation strategies, intercultural conflict, or communication barriers.",100,36,0.36
Communication & Media Studies,Intercultural Communication,"Collect narrative data from international students, expatriates, or immigrants about their cross-cultural adjustment and communication experiences.",100,27,0.27
Communication & Media Studies,Intercultural Communication,"Conduct observations of intercultural interactions in naturalistic settings such as multicultural workplaces, classrooms, or community organizations.",100,6,0.06
Communication & Media Studies,Intercultural Communication,"Control for language proficiency, length of residence, and prior intercultural experience when analyzing cross-cultural communication outcomes.",100,8,0.08
Communication & Media Studies,Intercultural Communication,"Design interview protocols that account for cultural differences in self-disclosure, directness, and power distance between researcher and participant.",100,6,0.06
Communication & Media Studies,Intercultural Communication,"Design survey instruments incorporating validated intercultural competence scales to measure cross-cultural adaptation, communication apprehension, or cultural identity.",100,28,0.28
Communication & Media Studies,Intercultural Communication,Develop multilingual versions of questionnaires with back-translation procedures to ensure conceptual equivalence across language groups.,100,2,0.02
Communication & Media Studies,Intercultural Communication,"Evaluate whether communication patterns and intercultural competence findings will transfer across different cultural contexts, language groups, or migration settings.",100,9,0.09
Communication & Media Studies,Intercultural Communication,"Partner with international student offices, multinational organizations, or immigrant service agencies to recruit culturally diverse participant samples.",100,15,0.15
Medicine & Clinical Sciences,Internal Medicine & General Practice,Account for clustering of patients within practices or healthcare systems in multi-site analyses.,100,11,0.11
Medicine & Clinical Sciences,Internal Medicine & General Practice,Adjust for comorbidity burden when comparing outcomes across patient groups using validated comorbidity indices.,100,13,0.13
Medicine & Clinical Sciences,Internal Medicine & General Practice,"Analyze time-to-event outcomes for disease complications, hospitalizations, or mortality in chronic disease cohorts.",100,10,0.1
Medicine & Clinical Sciences,Internal Medicine & General Practice,Coordinate with primary care practices and hospital medicine services for patient recruitment and data collection.,100,30,0.3
Medicine & Clinical Sciences,Internal Medicine & General Practice,Design pragmatic clinical trials that can be implemented within routine primary care workflows.,100,5,0.05
Medicine & Clinical Sciences,Internal Medicine & General Practice,Design quality improvement studies with appropriate pre-post or stepped-wedge methodologies.,100,4,0.04
Medicine & Clinical Sciences,Internal Medicine & General Practice,Develop observational cohort studies to track disease progression and treatment outcomes in ambulatory patients.,100,15,0.15
Medicine & Clinical Sciences,Internal Medicine & General Practice,Develop research questions examining the effectiveness of preventive interventions in primary care settings.,100,5,0.05
Medicine & Clinical Sciences,Internal Medicine & General Practice,Establish data sharing agreements with healthcare networks to access multi-site clinical data.,100,16,0.16
Medicine & Clinical Sciences,Internal Medicine & General Practice,Estimate treatment effects of medications using propensity score methods to address confounding by indication.,100,1,0.01
Medicine & Clinical Sciences,Internal Medicine & General Practice,"Formulate hypotheses about modifiable risk factors for chronic diseases such as diabetes, hypertension, and cardiovascular disease.",100,0,0.0
Medicine & Clinical Sciences,Internal Medicine & General Practice,Generate hypotheses about medication adherence factors and their impact on clinical outcomes.,100,0,0.0
Medicine & Clinical Sciences,Internal Medicine & General Practice,Maintain compliance with privacy regulations when linking patient data across multiple healthcare systems.,100,8,0.08
Medicine & Clinical Sciences,Internal Medicine & General Practice,Map diagnostic codes across ICD versions and coding systems to ensure consistent case definitions.,100,6,0.06
Medicine & Clinical Sciences,Internal Medicine & General Practice,Model disease progression trajectories in patients with multimorbidity using longitudinal clinical data.,100,2,0.02
Medicine & Clinical Sciences,Internal Medicine & General Practice,Navigate IRB requirements for studies involving vulnerable populations such as elderly or cognitively impaired patients.,100,21,0.21
Medicine & Clinical Sciences,Internal Medicine & General Practice,Obtain blood samples and other biospecimens during routine clinical encounters for research biobanking.,100,8,0.08
Medicine & Clinical Sciences,Internal Medicine & General Practice,Obtain informed consent from patients with multiple comorbidities who may have varying levels of health literacy.,100,36,0.36
Medicine & Clinical Sciences,Internal Medicine & General Practice,Reconcile laboratory values measured with different assays or reference ranges across clinical sites.,100,0,0.0
Medicine & Clinical Sciences,Internal Medicine & General Practice,Recruit patients from general practice clinics for studies on common medical conditions.,100,21,0.21
Medicine & Clinical Sciences,Internal Medicine & General Practice,Standardize medication data across different formularies and drug classification systems.,100,3,0.03
Business & Management,International Business,Address endogeneity in estimating the relationship between internationalization and firm performance using instrumental variables.,100,5,0.05
Business & Management,International Business,Apply institutional theory to examine how regulatory environments and national governance structures shape multinational enterprise strategies.,100,36,0.36
Business & Management,International Business,Assess whether findings from single-country studies generalize across different institutional and cultural contexts.,100,15,0.15
Business & Management,International Business,Clean and standardize company names and identifiers to match firms across multiple country-level datasets.,100,12,0.12
Business & Management,International Business,Code qualitative data from interviews with multinational executives to identify themes related to internationalization challenges.,100,19,0.19
Business & Management,International Business,Collect primary data from managers and employees of multinational enterprises across multiple country subsidiaries.,100,18,0.18
Business & Management,International Business,"Conduct field interviews with trade officials, customs authorities, or international arbitration practitioners.",100,0,0.0
Business & Management,International Business,Control for country-level confounders such as institutional quality and economic development when analyzing cross-national data.,100,24,0.24
Business & Management,International Business,Coordinate with multinational enterprises to gain access to proprietary data on international operations and supply chains.,100,11,0.11
Business & Management,International Business,Design interview protocols to explore decision-making processes of executives managing cross-border operations.,100,19,0.19
Business & Management,International Business,"Design survey instruments to measure firm-level internationalization processes, entry mode choices, or foreign market commitment.",100,15,0.15
Business & Management,International Business,Develop focus group guides to investigate stakeholder perspectives on multinational corporate practices in host countries.,100,0,0.0
Business & Management,International Business,"Develop questionnaires to assess managerial perceptions of cross-cultural differences, political risk, or institutional distance.",100,7,0.07
Business & Management,International Business,Evaluate the temporal stability of international business phenomena given changing trade policies and geopolitical conditions.,100,8,0.08
Business & Management,International Business,Frame research questions using liability of foreignness or cultural distance frameworks to explain cross-border business performance.,100,27,0.27
Business & Management,International Business,Harmonize financial and operational data reported under different national accounting standards and currencies.,100,7,0.07
Business & Management,International Business,Navigate multi-country ethical review requirements when conducting research across different national jurisdictions.,100,0,0.0
Business & Management,International Business,Partner with trade associations or chambers of commerce to recruit internationally active firms for research participation.,100,3,0.03
Political Science,International Relations,"Address selection effects in studies of international agreements, interventions, or alliance formation.",100,6,0.06
Political Science,International Relations,Administer cross-national surveys to compare public opinion on international issues across different countries.,100,0,0.0
Political Science,International Relations,Analyze qualitative data from interviews with policymakers to identify patterns in foreign policy decision-making.,100,14,0.14
Political Science,International Relations,"Apply theories of interstate conflict, cooperation, or international institutions when framing research questions about state behavior.",100,64,0.64
Political Science,International Relations,Assess whether findings from case studies of specific countries or regions generalize to the broader international system.,100,21,0.21
Political Science,International Relations,"Code diplomatic communications, policy documents, or official statements to identify frames, positions, or rhetorical strategies.",100,41,0.41
Political Science,International Relations,"Conduct elite interviews with foreign policy practitioners, diplomats, or representatives of international organizations.",100,13,0.13
Political Science,International Relations,"Control for confounding factors such as geographic proximity, economic interdependence, or shared regime type in cross-national analyses.",100,6,0.06
Political Science,International Relations,"Coordinate with foreign ministries, embassies, or international organizations to access restricted data or interview key informants.",100,12,0.12
Political Science,International Relations,"Design surveys to measure elite or public attitudes toward foreign policy, international cooperation, or global governance.",100,3,0.03
Political Science,International Relations,"Develop interview protocols for diplomats, policymakers, or international organization officials to gather perspectives on decision-making processes.",100,11,0.11
Political Science,International Relations,Establish partnerships with research institutions in other countries to facilitate cross-national data collection.,100,3,0.03
Political Science,International Relations,Evaluate the temporal scope of findings across different eras of international order or geopolitical configurations.,100,32,0.32
Political Science,International Relations,"Extract and systematize information from diplomatic archives, treaty repositories, or declassified government documents.",100,43,0.43
Political Science,International Relations,"Incorporate constructivist, liberal, or realist theoretical frameworks to explain patterns in international politics.",100,51,0.51
Political Science,International Relations,Navigate cross-national ethical review requirements when conducting research involving participants in multiple countries.,100,1,0.01
Economics,International Trade,Access customs transaction records or firm-level trade data from national statistical agencies.,393,52,0.132316
Economics,International Trade,Address endogeneity in trade policy analysis using instrumental variables or quasi-experimental designs.,393,44,0.111959
Economics,International Trade,"Apply trade theories such as comparative advantage, gravity models, or new trade theory when formulating research hypotheses about trade flows and patterns.",393,158,0.402036
Economics,International Trade,"Assess whether trade relationships and policy effects generalize across different country income levels, trading blocs, or historical trade regimes.",393,106,0.26972
Economics,International Trade,"Collect primary data from firms on trade costs, supply chain relationships, or compliance with trade regulations.",393,3,0.007634
Economics,International Trade,Control for multilateral resistance and other confounding factors when estimating gravity model specifications.,393,30,0.076336
Economics,International Trade,"Coordinate with customs authorities, trade ministries, or international organizations to obtain restricted trade microdata.",393,30,0.076336
Economics,International Trade,"Design firm-level surveys to measure export behavior, import sourcing decisions, or responses to trade policy changes.",393,2,0.005089
Economics,International Trade,"Develop interview protocols for trade policymakers, customs officials, or firm managers to understand trade decision-making processes.",393,4,0.010178
Economics,International Trade,"Evaluate the external validity of findings across different product categories, industries, or stages of global value chains.",393,62,0.157761
Economics,International Trade,"Incorporate institutional frameworks such as WTO rules, regional trade agreements, or trade policy regimes when designing research questions.",393,126,0.320611
Religion,Islamic Studies,Account for selection bias when studying Muslim populations who may be underrepresented or difficult to access.,200,0,0.0
Religion,Islamic Studies,"Acquire and analyze classical Islamic manuscripts, legal opinions, and religious texts as primary sources.",200,148,0.74
Religion,Islamic Studies,"Address confounding variables related to ethnicity, nationality, and sectarian affiliation in observational studies of Muslims.",200,1,0.005
Religion,Islamic Studies,"Address ethical considerations specific to researching religious communities, including respect for sacred texts and practices.",200,1,0.005
Religion,Islamic Studies,"Analyze interview transcripts for themes related to religious identity, practice, and community belonging.",200,28,0.14
Religion,Islamic Studies,Apply classical and contemporary Islamic legal theories when framing research questions about Muslim communities and practices.,200,80,0.4
Religion,Islamic Studies,Assess whether findings about Muslim communities in one region or sect will generalize to other Islamic contexts and traditions.,200,6,0.03
Religion,Islamic Studies,Build relationships with religious authorities and community gatekeepers to facilitate research access and trust.,200,24,0.12
Religion,Islamic Studies,Code qualitative data using thematic frameworks derived from Islamic theological and jurisprudential categories.,200,84,0.42
Religion,Islamic Studies,"Conduct interviews with Islamic scholars, religious leaders, and community members to gather primary qualitative data.",200,31,0.155
Religion,Islamic Studies,"Coordinate with mosques, Islamic centers, and Muslim organizations to recruit study participants.",200,15,0.075
Religion,Islamic Studies,"Design interview protocols that address sensitive topics related to religious practice, identity, and community dynamics.",200,27,0.135
Religion,Islamic Studies,"Design survey instruments that accurately capture religious observance, belief, and identity among Muslim respondents.",200,1,0.005
Religion,Islamic Studies,Develop culturally appropriate questionnaire items that reflect diverse Islamic theological and sectarian perspectives.,200,0,0.0
Religion,Islamic Studies,"Develop focus group guides that facilitate discussion of Islamic values, ethics, and social issues among diverse Muslim participants.",200,2,0.01
Religion,Islamic Studies,Engage with theories of religious authority and transmission to contextualize institutional dynamics in Muslim societies.,200,76,0.38
Religion,Islamic Studies,Evaluate how historical and contemporary political conditions shape the applicability of findings across Muslim-majority and minority settings.,200,9,0.045
Religion,Islamic Studies,Navigate informed consent processes with Muslim participants across varying literacy levels and cultural expectations.,200,1,0.005
Religion,Islamic Studies,"Observe religious practices, rituals, and community gatherings in mosques and Islamic institutions for ethnographic research.",200,22,0.11
Religion,Islamic Studies,"Transcribe and translate Arabic, Persian, or other Islamic-language source materials for textual analysis.",200,85,0.425
Economics,Labor Economics,Acquire administrative employment records from state unemployment insurance systems or social security agencies.,797,90,0.112923
Economics,Labor Economics,Apply difference-in-differences methods to evaluate the effects of labor market policy changes.,797,55,0.069009
Economics,Labor Economics,"Apply human capital theory to frame research questions about education, training, and wage returns.",797,187,0.23463
Economics,Labor Economics,Assess external validity of labor market findings across different regional economies and labor market institutions.,797,94,0.117942
Economics,Labor Economics,Clean and standardize education and credential variables to enable cross-dataset comparisons.,797,133,0.166876
Economics,Labor Economics,"Conduct employer surveys to collect data on hiring practices, wages, and workforce composition.",797,15,0.018821
Economics,Labor Economics,"Construct consistent wage measures by adjusting for inflation, hours worked, and non-wage compensation.",797,139,0.174404
Economics,Labor Economics,Correct for sample selection bias in wage equations using appropriate econometric techniques.,797,49,0.061481
Economics,Labor Economics,Decompose wage gaps between demographic groups into explained and unexplained components.,797,33,0.041405
Economics,Labor Economics,"Design survey instruments to measure job search behavior, reservation wages, and employment history.",797,15,0.018821
Economics,Labor Economics,"Develop questionnaire modules to capture workplace conditions, benefits, and non-wage compensation.",797,16,0.020075
Economics,Labor Economics,Draw on institutional frameworks to examine how labor market regulations affect employment outcomes.,797,210,0.263488
Economics,Labor Economics,"Evaluate whether estimated wage effects generalize across demographic groups, industries, or time periods.",797,120,0.150565
Economics,Labor Economics,Harmonize occupational and industry classification codes across different data sources and time periods.,797,117,0.146801
Economics,Labor Economics,Implement regression discontinuity designs to identify causal effects of age-based or threshold-based labor policies.,797,16,0.020075
Economics,Labor Economics,Incorporate search and matching models when analyzing unemployment duration and job transitions.,797,48,0.060226
Economics,Labor Economics,Negotiate data use agreements with government agencies to access restricted labor market microdata.,797,160,0.200753
Economics,Labor Economics,Obtain linked employer-employee datasets to analyze firm-level wage structures and worker mobility.,797,34,0.04266
Economics,Labor Economics,Use instrumental variables to address endogeneity in estimating returns to education or training.,797,29,0.036386
Education,Language & Literacy Education,Account for nested data structures when analyzing student literacy outcomes within classrooms or schools.,100,2,0.02
Education,Language & Literacy Education,Acquire standardized assessment data from schools or districts to analyze literacy outcomes.,100,6,0.06
Education,Language & Literacy Education,Administer reading or writing assessments to measure learner proficiency or growth.,100,32,0.32
Education,Language & Literacy Education,Analyze classroom discourse transcripts for patterns in teacher-student interaction around texts.,100,7,0.07
Education,Language & Literacy Education,Apply sociocultural or sociolinguistic theories of literacy to frame research questions about reading and writing practices.,100,17,0.17
Education,Language & Literacy Education,"Code interview data for themes related to literacy identity, reading practices, or language attitudes.",100,23,0.23
Education,Language & Literacy Education,"Code student writing for rhetorical features, genre conventions, or linguistic complexity.",100,6,0.06
Education,Language & Literacy Education,Collect student writing samples across drafts or time points to document literacy development.,100,19,0.19
Education,Language & Literacy Education,Conduct classroom observations to document literacy instruction and student engagement with texts.,100,29,0.29
Education,Language & Literacy Education,Coordinate with schools or literacy programs to recruit teachers and students as research participants.,100,74,0.74
Education,Language & Literacy Education,"Design interview protocols to explore learners' literacy histories, reading experiences, or language ideologies.",100,17,0.17
Education,Language & Literacy Education,"Design surveys to measure students' reading attitudes, writing self-efficacy, or language learning motivation.",100,17,0.17
Education,Language & Literacy Education,Develop focus group protocols to investigate classroom literacy practices or community language use.,100,6,0.06
Education,Language & Literacy Education,Develop questionnaires to assess teachers' beliefs about literacy instruction or language pedagogy.,100,6,0.06
Education,Language & Literacy Education,Draw on second language acquisition theories when investigating multilingual learners' literacy development.,100,9,0.09
Education,Language & Literacy Education,"Evaluate whether literacy interventions or instructional approaches transfer across languages, age groups, or educational settings.",100,3,0.03
Education,Language & Literacy Education,Navigate school district approval processes to conduct literacy research in educational settings.,100,32,0.32
Law,Legal Theory & Jurisprudence,Account for case selection effects and jurisdictional variation when drawing inferences from litigation data.,99,2,0.020202
Law,Legal Theory & Jurisprudence,Apply normative frameworks from moral and political philosophy to analyze legal doctrines and institutional arrangements.,99,49,0.494949
Law,Legal Theory & Jurisprudence,"Assess whether legal principles or doctrinal analyses apply across different legal systems, jurisdictions, or historical periods.",99,46,0.464646
Law,Legal Theory & Jurisprudence,"Categorize themes in legal discourse from legislative debates, legal scholarship, or practitioner interviews.",99,25,0.252525
Law,Legal Theory & Jurisprudence,"Code judicial reasoning patterns, interpretive methods, or doctrinal categories in court decisions.",99,8,0.080808
Law,Legal Theory & Jurisprudence,"Compile and analyze judicial opinions, statutes, and legislative histories from legal databases and court records.",99,39,0.393939
Law,Legal Theory & Jurisprudence,"Conduct interviews with legal practitioners, judges, or policymakers to gather perspectives on legal processes and reforms.",99,6,0.060606
Law,Legal Theory & Jurisprudence,"Coordinate with courts, bar associations, or legal aid organizations to access case files or recruit legal professionals as study participants.",99,6,0.060606
Law,Legal Theory & Jurisprudence,"Design surveys to measure perceptions of legal legitimacy, procedural justice, or compliance among legal actors or the public.",99,1,0.010101
Law,Legal Theory & Jurisprudence,"Develop interview protocols to explore how judges, lawyers, or litigants interpret and apply legal rules in practice.",99,5,0.050505
Law,Legal Theory & Jurisprudence,"Engage with theories of legal positivism, natural law, or legal realism when framing research questions about the nature and function of law.",99,50,0.505051
Law,Legal Theory & Jurisprudence,Evaluate the transferability of jurisprudential arguments between common law and civil law traditions.,99,8,0.080808
Law,Legal Theory & Jurisprudence,"Systematically extract and organize legal arguments, holdings, and reasoning from judicial opinions for comparative analysis.",99,11,0.111111
Library & Information Science,"Libraries, Archives & Information Services","Analyze usage and circulation data to inform collection development, weeding, and resource-allocation decisions.",99,5,0.050505
Library & Information Science,"Libraries, Archives & Information Services",Apply information literacy and critical pedagogy frameworks to examine how patrons develop research and source-evaluation skills.,99,13,0.131313
Library & Information Science,"Libraries, Archives & Information Services","Assemble document and metadata corpora from archives, institutional repositories, or special collections for analysis.",99,7,0.070707
Library & Information Science,"Libraries, Archives & Information Services","Assess metadata quality and interoperability across catalogs, repositories, and archival finding aids.",99,3,0.030303
Library & Information Science,"Libraries, Archives & Information Services","Assess whether findings from a single library or archive transfer to institutions of different size, mission, or user community.",99,9,0.090909
Library & Information Science,"Libraries, Archives & Information Services","Code interview and open-ended survey responses to identify themes in information needs, access barriers, and library experiences.",99,37,0.373737
Library & Information Science,"Libraries, Archives & Information Services","Compile circulation, reference, and electronic-resource usage statistics to document collection use and service demand.",99,10,0.10101
Library & Information Science,"Libraries, Archives & Information Services",Conduct observational and ethnographic fieldwork on how patrons navigate physical and virtual library spaces.,99,8,0.080808
Library & Information Science,"Libraries, Archives & Information Services","Design surveys and interview protocols to capture patrons' information needs, service satisfaction, and information-seeking behavior.",99,35,0.353535
Library & Information Science,"Libraries, Archives & Information Services",Develop collection development policies and licensing agreements that balance budget constraints against user needs.,99,1,0.010101
Library & Information Science,"Libraries, Archives & Information Services","Develop metadata schemas, controlled vocabularies, and classification frameworks to describe and organize collections.",99,5,0.050505
Library & Information Science,"Libraries, Archives & Information Services",Draw on information behavior theories such as sense-making or information foraging to frame studies of how users seek and use information.,99,5,0.050505
Library & Information Science,"Libraries, Archives & Information Services","Evaluate how shifts in publishing, funding, or technology limit the generalizability of collection use and access patterns.",99,3,0.030303
Library & Information Science,"Libraries, Archives & Information Services",Frame research questions around equity of access and the digital divide across diverse patron populations.,99,8,0.080808
Library & Information Science,"Libraries, Archives & Information Services","Ground research questions in knowledge organization principles when evaluating classification schemes, thesauri, or metadata standards.",99,8,0.080808
Library & Information Science,"Libraries, Archives & Information Services","Navigate privacy, copyright, and consent requirements when providing access to sensitive records or patron data.",99,13,0.131313
Library & Information Science,"Libraries, Archives & Information Services","Partner with community organizations, memory institutions, or academic units to co-design collections and services.",99,5,0.050505
Library & Information Science,"Libraries, Archives & Information Services","Plan usability studies and user experience evaluations of catalogs, discovery layers, and digital library interfaces.",99,3,0.030303
Library & Information Science,"Libraries, Archives & Information Services",Situate studies of digital preservation within archival theory and records lifecycle models for long-term stewardship of materials.,99,4,0.040404
Library & Information Science,"Libraries, Archives & Information Services",Translate user-study findings into service recommendations and best-practice guidelines for practitioners and stakeholders.,99,53,0.535354
Anthropology,Linguistic Anthropology,"Access archival linguistic materials, historical texts, or previously collected language documentation for comparative analysis.",50,32,0.64
Anthropology,Linguistic Anthropology,Account for observer effects and performativity when analyzing naturally occurring speech data.,50,3,0.06
Anthropology,Linguistic Anthropology,"Apply theories of language socialization, indexicality, or language ideology when framing research questions about speech communities.",50,17,0.34
Anthropology,Linguistic Anthropology,Assess whether linguistic patterns and communicative practices will generalize across different speech communities or cultural contexts.,50,5,0.1
Anthropology,Linguistic Anthropology,"Code discourse data for linguistic features such as code-switching, register variation, or pragmatic markers.",50,5,0.1
Anthropology,Linguistic Anthropology,"Collaborate with community members or language consultants to verify transcriptions, translations, and cultural interpretations.",50,14,0.28
Anthropology,Linguistic Anthropology,Conduct participant observation in speech communities to document language use in everyday social interactions.,50,12,0.24
Anthropology,Linguistic Anthropology,Design elicitation protocols to collect naturalistic speech samples and metalinguistic commentary from speakers.,50,8,0.16
Anthropology,Linguistic Anthropology,Develop interview guides that incorporate culturally appropriate discourse norms and address language attitudes or practices.,50,7,0.14
Anthropology,Linguistic Anthropology,"Identify and categorize recurring themes in metalinguistic discourse about language attitudes, identity, or ideology.",50,15,0.3
Anthropology,Linguistic Anthropology,"Navigate ethical considerations specific to documenting endangered languages, including community consent and data sovereignty.",50,5,0.1
Anthropology,Linguistic Anthropology,"Record and collect audio or video samples of natural speech, narratives, or ritual language during fieldwork.",50,11,0.22
Literature,Literary Theory & Criticism,Apply discourse analysis methods to identify ideological or linguistic patterns in literary and cultural texts.,100,13,0.13
Literature,Literary Theory & Criticism,"Apply literary theoretical frameworks such as postcolonialism, feminism, or deconstruction to frame interpretive research questions about texts.",100,55,0.55
Literature,Literary Theory & Criticism,"Assess whether interpretive claims about literary texts extend across different genres, historical periods, or cultural traditions.",100,47,0.47
Literature,Literary Theory & Criticism,Design interview protocols to gather reader responses or author perspectives for reception studies or biographical research.,100,1,0.01
Literature,Literary Theory & Criticism,"Develop coding schemes to categorize thematic patterns, narrative structures, or rhetorical devices across literary texts.",100,10,0.1
Literature,Literary Theory & Criticism,Evaluate the applicability of theoretical concepts developed in one literary tradition to works from other linguistic or national contexts.,100,35,0.35
Literature,Literary Theory & Criticism,"Situate close reading practices within broader theoretical debates about meaning, authorship, or textuality.",100,63,0.63
Philosophy,Logic & Philosophy of Language,"Analyze patterns of inference, coherence, or persuasion across discourse samples to test theoretical claims.",100,6,0.06
Philosophy,Logic & Philosophy of Language,"Assess whether linguistic or argumentative patterns identified in specific texts generalize across genres, languages, or cultural contexts.",100,1,0.01
Philosophy,Logic & Philosophy of Language,"Code discourse data for rhetorical strategies, argument structures, or speech act types.",100,1,0.01
Philosophy,Logic & Philosophy of Language,Collect linguistic data through elicitation tasks or structured interviews about language intuitions.,100,8,0.08
Philosophy,Logic & Philosophy of Language,"Compile corpora of naturally occurring discourse, argumentation, or rhetorical texts for analysis.",100,1,0.01
Philosophy,Logic & Philosophy of Language,"Design questionnaires to elicit speaker intuitions about meaning, acceptability, or pragmatic interpretation.",100,7,0.07
Philosophy,Logic & Philosophy of Language,Develop interview protocols to explore how speakers interpret ambiguous expressions or implicit meanings.,100,0,0.0
Philosophy,Logic & Philosophy of Language,Draw on formal logic or argumentation theory to structure analyses of reasoning patterns in discourse.,100,76,0.76
Philosophy,Logic & Philosophy of Language,"Engage with theories of meaning, reference, or speech acts when framing research questions about language use.",100,79,0.79
Philosophy,Logic & Philosophy of Language,"Identify and categorize logical fallacies, presuppositions, or implicatures in textual or spoken data.",100,26,0.26
Philosophy,Logic & Philosophy of Language,Transcribe and annotate spoken discourse data to preserve relevant pragmatic and prosodic features.,100,0,0.0
Economics,Macroeconomics,Account for non-stationarity and cointegration when estimating relationships among macroeconomic time series.,390,86,0.220513
Economics,Macroeconomics,"Address endogeneity in macroeconomic regressions using instrumental variables, structural identification, or natural experiments.",390,102,0.261538
Economics,Macroeconomics,"Assess whether macroeconomic relationships hold across different monetary regimes, policy environments, or stages of economic development.",390,142,0.364103
Economics,Macroeconomics,"Construct consistent time series by harmonizing macroeconomic data across different vintages, definitions, or reporting standards.",390,126,0.323077
Economics,Macroeconomics,Control for omitted variable bias and reverse causality when analyzing the effects of policy interventions on aggregate outcomes.,390,85,0.217949
Economics,Macroeconomics,Coordinate with central banks or finance ministries to obtain proprietary data on policy decisions or economic forecasts.,390,15,0.038462
Economics,Macroeconomics,Evaluate the external validity of findings across countries with varying institutional structures or levels of financial development.,390,53,0.135897
Economics,Macroeconomics,"Ground research questions in established theories of monetary transmission mechanisms, fiscal multipliers, or business cycle dynamics.",390,178,0.45641
Economics,Macroeconomics,Incorporate macroeconomic theoretical frameworks such as New Keynesian or Real Business Cycle models when formulating research hypotheses.,390,77,0.197436
Materials Science,Magnetic Materials,Acquire ferromagnetic resonance spectra to determine magnetic anisotropy and damping parameters.,99,4,0.040404
Materials Science,Magnetic Materials,Calculate magnetic anisotropy energies and exchange interactions from electronic structure theory.,99,9,0.090909
Materials Science,Magnetic Materials,Characterize demagnetization factors and sample holder contributions to magnetic measurements.,99,6,0.060606
Materials Science,Magnetic Materials,Collect magnetic susceptibility data across temperature ranges to identify magnetic ordering transitions.,99,28,0.282828
Materials Science,Magnetic Materials,Conduct micromagnetic simulations to predict domain structures and magnetization reversal processes.,99,1,0.010101
Materials Science,Magnetic Materials,Derive magnetization curves and hysteresis behavior from micromagnetic energy considerations.,99,10,0.10101
Materials Science,Magnetic Materials,"Design magnetometry experiments with controlled temperature, field orientation, and sample geometry.",99,68,0.686869
Materials Science,Magnetic Materials,Determine saturation magnetization and coercivity by fitting hysteresis loop models to experimental data.,99,50,0.505051
Materials Science,Magnetic Materials,Extract magnetic anisotropy constants by fitting angular-dependent magnetization measurements.,99,7,0.070707
Materials Science,Magnetic Materials,Fabricate thin films of magnetic materials using sputtering or pulsed laser deposition.,99,13,0.131313
Materials Science,Magnetic Materials,Fit Curie-Weiss models to temperature-dependent susceptibility data to extract exchange parameters.,99,8,0.080808
Materials Science,Magnetic Materials,Grow single crystals of magnetic materials using flux or floating-zone techniques.,99,4,0.040404
Materials Science,Magnetic Materials,Maintain cryogenic systems and superconducting magnets for low-temperature magnetometry.,99,43,0.434343
Materials Science,Magnetic Materials,Measure magnetization as a function of temperature and applied field using SQUID or VSM magnetometry.,99,73,0.737374
Materials Science,Magnetic Materials,Measure magnetoresistance and Hall effect to characterize spin-dependent transport properties.,99,10,0.10101
Materials Science,Magnetic Materials,Perform density functional theory calculations to predict magnetic ground states and spin configurations.,99,12,0.121212
Materials Science,Magnetic Materials,Plan transport measurements under varying magnetic field and temperature conditions.,99,11,0.111111
Materials Science,Magnetic Materials,Predict magnetic phase transitions and critical temperatures using mean-field or statistical mechanics models.,99,7,0.070707
Materials Science,Magnetic Materials,Prepare magnetic alloy samples through arc melting and controlled annealing treatments.,99,15,0.151515
Materials Science,Magnetic Materials,Run Monte Carlo simulations of spin systems to model finite-temperature magnetic behavior.,99,3,0.030303
Materials Science,Magnetic Materials,Service and troubleshoot vibrating sample magnetometer and SQUID measurement systems.,99,5,0.050505
Materials Science,Magnetic Materials,Synthesize magnetic oxide compounds using solid-state reaction or sol-gel methods.,99,29,0.292929
Biology,Marine Biology,"Acquire microscopy images of marine plankton, larvae, or tissue sections for morphological analysis.",100,19,0.19
Biology,Marine Biology,Acquire transcriptomic data to assess gene expression responses of marine organisms to environmental conditions.,100,1,0.01
Biology,Marine Biology,Analyze spatial and temporal variation in marine species abundance or distribution using statistical models.,100,47,0.47
Biology,Marine Biology,Capture underwater imagery using remotely operated vehicles or diver-operated cameras to document marine habitats.,100,3,0.03
Biology,Marine Biology,"Collect marine specimens including fish, invertebrates, plankton, or algae from field sites using nets, traps, or diving.",100,80,0.8
Biology,Marine Biology,"Collect water and sediment samples for analysis of nutrients, contaminants, or microbial communities.",100,8,0.08
Biology,Marine Biology,"Compare growth rates, survival, or physiological metrics between experimental treatment groups in aquaculture trials.",100,9,0.09
Biology,Marine Biology,"Design field sampling strategies accounting for tidal cycles, seasonal variation, and habitat heterogeneity.",100,53,0.53
Biology,Marine Biology,Design mark-recapture studies to estimate population abundance and movement patterns of marine species.,100,1,0.01
Biology,Marine Biology,Develop hypotheses regarding trophic interactions and energy flow within marine food webs.,100,12,0.12
Biology,Marine Biology,"Follow biosafety protocols when handling marine pathogens, toxins, or invasive species.",100,5,0.05
Biology,Marine Biology,"Formulate hypotheses about physiological adaptations of marine organisms to environmental stressors such as salinity, temperature, or pressure.",100,9,0.09
Biology,Marine Biology,Generate environmental DNA sequences from water samples to assess marine biodiversity and species presence.,100,0,0.0
Biology,Marine Biology,Implement quarantine procedures to prevent cross-contamination between marine specimens from different locations.,100,1,0.01
Biology,Marine Biology,"Maintain seawater systems, filtration equipment, and temperature controls for holding marine organisms.",100,17,0.17
Biology,Marine Biology,"Manage live specimen collections including feeding schedules, water quality monitoring, and health assessments.",100,17,0.17
Biology,Marine Biology,"Obtain IACUC approval for research involving fish, marine mammals, or other protected marine species.",100,7,0.07
Biology,Marine Biology,"Obtain tissue samples from marine organisms for genetic, histological, or biochemical analyses.",100,32,0.32
Biology,Marine Biology,"Plan aquaculture experiments with appropriate stocking densities, feeding regimes, and water quality controls.",100,7,0.07
Biology,Marine Biology,Process and quality-filter environmental DNA sequences for species identification and community composition analysis.,100,0,0.0
Biology,Marine Biology,Propose hypotheses about larval dispersal patterns and population connectivity in marine species.,100,3,0.03
Business & Management,Marketing,"Access syndicated market research data on brand shares, advertising expenditures, or consumer demographics.",100,3,0.03
Business & Management,Marketing,Acquire scanner panel data or transaction records to analyze consumer purchasing patterns.,100,5,0.05
Business & Management,Marketing,Address self-selection bias in studies of promotional response or loyalty program participation.,100,2,0.02
Business & Management,Marketing,"Administer experimental studies to test advertising messages, pricing strategies, or product designs.",100,8,0.08
Business & Management,Marketing,Analyze open-ended survey responses to extract insights about customer complaints or product preferences.,100,0,0.0
Business & Management,Marketing,"Apply consumer behavior theories such as attitude formation, decision-making heuristics, or brand equity models when framing research questions.",100,36,0.36
Business & Management,Marketing,"Assess the external validity of findings across retail channels, purchase occasions, or competitive environments.",100,1,0.01
Business & Management,Marketing,Code qualitative data from consumer interviews to identify themes related to brand meaning or purchase motivations.,100,8,0.08
Business & Management,Marketing,"Conduct consumer surveys to collect data on brand awareness, preferences, or purchase behavior.",100,47,0.47
Business & Management,Marketing,"Construct questionnaires to capture customer experience, service quality perceptions, or loyalty intentions.",100,30,0.3
Business & Management,Marketing,Control for confounding variables such as prior brand usage or competitive advertising when estimating marketing effects.,100,19,0.19
Business & Management,Marketing,Coordinate with market research firms to obtain proprietary consumer or advertising data.,100,1,0.01
Business & Management,Marketing,"Design focus group protocols to explore consumer motivations, brand associations, or reactions to marketing stimuli.",100,2,0.02
Business & Management,Marketing,"Design survey instruments to measure brand perceptions, purchase intentions, or customer satisfaction.",100,48,0.48
Business & Management,Marketing,Develop interview guides to investigate customer decision journeys or service encounter experiences.,100,6,0.06
Business & Management,Marketing,"Develop scales to assess advertising effectiveness, brand attitudes, or willingness to pay.",100,13,0.13
Business & Management,Marketing,"Evaluate whether consumer insights will generalize across different product categories, market segments, or cultural contexts.",100,14,0.14
Business & Management,Marketing,"Incorporate theories of customer loyalty, satisfaction, or relationship marketing to guide hypothesis development.",100,29,0.29
Business & Management,Marketing,Observe shopper behavior in retail environments or online shopping contexts.,100,2,0.02
Business & Management,Marketing,"Obtain IRB approval for consumer research involving deception, incentives, or vulnerable populations.",100,6,0.06
Business & Management,Marketing,Obtain social media data or online review datasets to study consumer sentiment and brand conversations.,100,2,0.02
Business & Management,Marketing,Partner with retailers or brands to access customer data or recruit consumer panels for research.,100,11,0.11
Communication & Media Studies,Mass Communication & Journalism,Account for self-selection in media exposure when analyzing relationships between news consumption and attitudes.,100,0,0.0
Communication & Media Studies,Mass Communication & Journalism,Address ethical considerations for research involving journalists as sources or studying vulnerable populations in crisis coverage.,100,6,0.06
Communication & Media Studies,Mass Communication & Journalism,"Administer experiments exposing participants to media stimuli to measure effects on attitudes, knowledge, or behavior.",100,3,0.03
Communication & Media Studies,Mass Communication & Journalism,"Apply agenda-setting, framing, or cultivation theories to guide research questions about media influence on public opinion.",100,13,0.13
Communication & Media Studies,Mass Communication & Journalism,"Assess whether media effects findings will replicate across different media platforms, national contexts, or audience demographics.",100,3,0.03
Communication & Media Studies,Mass Communication & Journalism,"Clean and standardize media content data including text, images, or metadata from multiple news sources.",100,24,0.24
Communication & Media Studies,Mass Communication & Journalism,Code interview transcripts from journalists or media professionals to identify themes in professional practices or values.,100,18,0.18
Communication & Media Studies,Mass Communication & Journalism,"Collect social media data from platforms to analyze public discourse, information diffusion, or audience engagement.",100,8,0.08
Communication & Media Studies,Mass Communication & Journalism,"Conduct content analysis of news articles, broadcasts, or social media posts to identify patterns in media coverage.",100,37,0.37
Communication & Media Studies,Mass Communication & Journalism,Conduct newsroom observations or ethnographic fieldwork to document journalistic practices and organizational cultures.,100,2,0.02
Communication & Media Studies,Mass Communication & Journalism,"Design interview protocols to explore journalists' professional practices, ethical reasoning, or newsroom routines.",100,21,0.21
Communication & Media Studies,Mass Communication & Journalism,"Design survey instruments to measure media consumption patterns, news credibility perceptions, or audience engagement.",100,11,0.11
Communication & Media Studies,Mass Communication & Journalism,"Develop and apply coding schemes to categorize news frames, source types, or narrative structures in media content.",100,37,0.37
Communication & Media Studies,Mass Communication & Journalism,Develop focus group guides to examine audience interpretations of media messages or news content.,100,4,0.04
Communication & Media Studies,Mass Communication & Journalism,"Develop scales to assess public attitudes toward journalists, news organizations, or media trust.",100,5,0.05
Communication & Media Studies,Mass Communication & Journalism,Draw on gatekeeping or news values frameworks to examine journalistic decision-making processes.,100,11,0.11
Communication & Media Studies,Mass Communication & Journalism,"Negotiate access to newsrooms, media organizations, or journalist associations for data collection or participant recruitment.",100,23,0.23
Communication & Media Studies,Mass Communication & Journalism,Process and prepare social media text data for sentiment analysis or topic modeling.,100,0,0.0
Materials Science,Materials Characterization & Analysis,Acquire diffraction data from crystalline and amorphous materials using X-ray or neutron diffractometers.,100,46,0.46
Materials Science,Materials Characterization & Analysis,"Apply background subtraction, baseline correction, and peak fitting to spectroscopic and diffraction data.",100,49,0.49
Materials Science,Materials Characterization & Analysis,Capture high-resolution images and diffraction patterns using electron microscopy techniques.,100,42,0.42
Materials Science,Materials Characterization & Analysis,"Characterize instrument resolution, detector efficiency, and beam alignment for spectroscopic and diffraction measurements.",100,18,0.18
Materials Science,Materials Characterization & Analysis,"Collect spectroscopic data using techniques such as XPS, EDS, FTIR, or Raman spectroscopy to determine elemental and molecular composition.",100,41,0.41
Materials Science,Materials Characterization & Analysis,"Correct for instrumental artifacts, sample geometry effects, and absorption in raw measurement data.",100,41,0.41
Materials Science,Materials Characterization & Analysis,Determine material composition and bonding states by fitting spectral peaks to reference databases.,100,38,0.38
Materials Science,Materials Characterization & Analysis,Measure thermal properties and phase transitions using differential scanning calorimetry or thermogravimetric analysis.,100,6,0.06
Materials Science,Materials Characterization & Analysis,"Predict diffraction patterns, spectral signatures, or phase transitions based on crystallographic models and material properties.",100,5,0.05
Materials Science,Materials Characterization & Analysis,"Prepare material samples through cutting, polishing, mounting, or thin-film deposition for characterization analysis.",100,86,0.86
Materials Science,Materials Characterization & Analysis,"Quantify uncertainties in compositional analysis, lattice parameter determination, and phase fraction measurements.",100,24,0.24
Materials Science,Materials Characterization & Analysis,Refine crystal structures by fitting theoretical diffraction models to experimental patterns.,100,10,0.1
Materials Science,Materials Characterization & Analysis,"Simulate diffraction patterns, electronic structures, or spectroscopic responses for comparison with experimental data.",100,19,0.19
Materials Science,Materials Characterization & Analysis,Synthesize or process materials with controlled compositions and microstructures for systematic property evaluation.,100,53,0.53
Chemistry,Materials Chemistry,Acquire thermal stability and decomposition data using thermogravimetric and calorimetric analysis.,100,35,0.35
Chemistry,Materials Chemistry,Calculate electronic structure and bonding characteristics to guide synthesis of novel materials.,100,13,0.13
Chemistry,Materials Chemistry,"Collect structural data using X-ray diffraction, electron microscopy, and spectroscopic techniques.",100,89,0.89
Chemistry,Materials Chemistry,"Design synthesis experiments with controlled atmosphere, temperature, and pressure conditions to achieve target material phases.",100,79,0.79
Chemistry,Materials Chemistry,Fit adsorption isotherm models to experimental gas uptake data for pore characterization.,100,40,0.4
Chemistry,Materials Chemistry,"Measure surface area, porosity, and pore size distribution using gas adsorption analysis.",100,50,0.5
Chemistry,Materials Chemistry,Perform post-synthetic modification and activation procedures to optimize material properties.,100,62,0.62
Chemistry,Materials Chemistry,"Plan reaction conditions including solvent selection, reagent ratios, and reaction times for reproducible material synthesis.",100,83,0.83
Chemistry,Materials Chemistry,"Predict material properties such as porosity, thermal conductivity, or mechanical strength using computational chemistry methods.",100,9,0.09
Chemistry,Materials Chemistry,"Quantify uncertainty in surface area, pore volume, and crystallite size measurements.",100,6,0.06
Chemistry,Materials Chemistry,Refine crystal structures by fitting diffraction patterns to structural models.,100,33,0.33
Chemistry,Materials Chemistry,Run molecular dynamics or density functional theory simulations to model material behavior and properties.,100,28,0.28
Chemistry,Materials Chemistry,"Synthesize porous materials through solvothermal, hydrothermal, or sol-gel processing methods.",100,62,0.62
Engineering,Materials Science & Engineering,Acquire microstructural images using scanning and transmission electron microscopy.,100,58,0.58
Engineering,Materials Science & Engineering,Calculate phase diagrams and thermodynamic properties using computational thermodynamics methods.,100,5,0.05
Engineering,Materials Science & Engineering,Characterize surface composition and chemical states using X-ray photoelectron spectroscopy.,100,7,0.07
Engineering,Materials Science & Engineering,Collect X-ray diffraction patterns for phase identification and crystal structure analysis.,100,34,0.34
Engineering,Materials Science & Engineering,Design electrochemical testing protocols for battery and fuel cell materials characterization.,99,1,0.010101
Engineering,Materials Science & Engineering,Design heat treatment protocols to achieve target microstructures and mechanical properties.,99,24,0.242424
Engineering,Materials Science & Engineering,Establish controlled atmosphere conditions for synthesis and processing of reactive materials.,99,31,0.313131
Engineering,Materials Science & Engineering,Extract kinetic parameters by fitting reaction models to thermal analysis data.,99,2,0.020202
Engineering,Materials Science & Engineering,"Fabricate bulk materials through powder metallurgy, casting, or solid-state processing routes.",99,49,0.494949
Engineering,Materials Science & Engineering,Fit constitutive models to stress-strain data for predicting material deformation behavior.,99,4,0.040404
Engineering,Materials Science & Engineering,Fit crystallographic models to diffraction data for structure refinement and phase quantification.,99,10,0.10101
Engineering,Materials Science & Engineering,"Measure mechanical properties through tensile, compression, and hardness testing.",99,34,0.343434
Engineering,Materials Science & Engineering,Measure thermal properties using differential scanning calorimetry and thermogravimetric analysis.,99,16,0.161616
Engineering,Materials Science & Engineering,Model diffusion kinetics and phase transformation rates in solid-state materials.,99,9,0.090909
Engineering,Materials Science & Engineering,Model mechanical deformation and failure using finite element analysis.,99,2,0.020202
Engineering,Materials Science & Engineering,Perform statistical analysis of mechanical property variations across multiple test specimens.,99,15,0.151515
Engineering,Materials Science & Engineering,Predict material properties from crystal structure and electronic configuration using density functional theory.,99,2,0.020202
Engineering,Materials Science & Engineering,Prepare composite materials by combining matrix and reinforcement phases through appropriate processing.,99,8,0.080808
Engineering,Materials Science & Engineering,Quantify compositional uncertainty from energy-dispersive X-ray spectroscopy measurements.,100,8,0.08
Engineering,Materials Science & Engineering,Simulate atomic-scale material behavior using molecular dynamics methods.,99,2,0.020202
Engineering,Materials Science & Engineering,"Simulate microstructure evolution during solidification, recrystallization, or phase transformation.",99,7,0.070707
Engineering,Materials Science & Engineering,Synthesize nanoparticles and nanomaterials using solution-based or gas-phase methods.,99,5,0.050505
Engineering,Materials Science & Engineering,Synthesize thin films and coatings using physical or chemical vapor deposition techniques.,99,8,0.080808
Nutrition & Dietetics,Maternal & Child Nutrition,Analyze determinants of breastfeeding and infant feeding using multivariable regression.,100,15,0.15
Nutrition & Dietetics,Maternal & Child Nutrition,Assess maternal dietary intake and nutrient status during pregnancy and lactation.,100,18,0.18
Nutrition & Dietetics,Maternal & Child Nutrition,"Collect data on breastfeeding initiation, duration, and complementary feeding practices.",100,43,0.43
Nutrition & Dietetics,Maternal & Child Nutrition,Design trials of maternal or infant supplementation to improve nutritional status and child growth.,100,9,0.09
Nutrition & Dietetics,Maternal & Child Nutrition,Develop hypotheses linking early-life nutrition to long-term metabolic programming and later health.,100,7,0.07
Nutrition & Dietetics,Maternal & Child Nutrition,Develop research questions on breastfeeding practices and their determinants across populations.,100,23,0.23
Nutrition & Dietetics,Maternal & Child Nutrition,Estimate effects of maternal and infant nutrition interventions on growth and developmental outcomes.,100,17,0.17
Nutrition & Dietetics,Maternal & Child Nutrition,Formulate hypotheses about maternal dietary intake and its effects on pregnancy and birth outcomes.,100,6,0.06
Nutrition & Dietetics,Maternal & Child Nutrition,Generate hypotheses about infant and complementary feeding practices and early growth and development.,100,24,0.24
Nutrition & Dietetics,Maternal & Child Nutrition,Measure infant and child anthropometry to assess growth and nutritional status.,100,49,0.49
Nutrition & Dietetics,Maternal & Child Nutrition,Model child growth using standardized growth references and anthropometric z-score methods.,100,42,0.42
Nutrition & Dietetics,Maternal & Child Nutrition,Obtain biospecimens such as breast milk or infant blood for nutrient and biomarker analysis.,100,17,0.17
Nutrition & Dietetics,Maternal & Child Nutrition,Plan longitudinal cohort studies to track feeding practices and child growth trajectories over time.,100,17,0.17
Nutrition & Dietetics,Maternal & Child Nutrition,"Propose studies examining childhood undernutrition, stunting, and micronutrient deficiencies.",100,30,0.3
Nutrition & Dietetics,Maternal & Child Nutrition,"Recruit pregnant women, mothers, and children through prenatal and pediatric care settings.",100,51,0.51
Nutrition & Dietetics,Maternal & Child Nutrition,Synthesize evidence to inform infant feeding guidelines and maternal nutrition recommendations.,100,15,0.15
Public Health & Epidemiology,"Maternal, Child & Reproductive Health Epidemiology","Address ethical considerations in research involving pregnant women, newborns, and children.",100,71,0.71
Public Health & Epidemiology,"Maternal, Child & Reproductive Health Epidemiology",Analyze longitudinal child growth and development data using models appropriate for repeated measures.,100,1,0.01
Public Health & Epidemiology,"Maternal, Child & Reproductive Health Epidemiology","Collect data on pregnancy exposures, birth outcomes, and infant development through interviews, records, and measurements.",100,51,0.51
Public Health & Epidemiology,"Maternal, Child & Reproductive Health Epidemiology","Design evaluations of antenatal, delivery, and postnatal interventions to improve maternal and neonatal outcomes.",100,16,0.16
Public Health & Epidemiology,"Maternal, Child & Reproductive Health Epidemiology",Design prospective pregnancy or birth cohort studies to follow mothers and children over time.,100,4,0.04
Public Health & Epidemiology,"Maternal, Child & Reproductive Health Epidemiology",Develop developmental-origins hypotheses linking prenatal exposures to later-life health outcomes.,100,1,0.01
Public Health & Epidemiology,"Maternal, Child & Reproductive Health Epidemiology",Develop hypotheses about determinants of maternal morbidity and mortality across populations and settings.,100,13,0.13
Public Health & Epidemiology,"Maternal, Child & Reproductive Health Epidemiology",Estimate effects of prenatal exposures on birth outcomes while accounting for gestational age and confounding.,100,7,0.07
Public Health & Epidemiology,"Maternal, Child & Reproductive Health Epidemiology",Evaluate the generalizability of intervention effects across health systems and cultural contexts.,100,7,0.07
Public Health & Epidemiology,"Maternal, Child & Reproductive Health Epidemiology","Formulate hypotheses about risk factors for adverse pregnancy, birth, and perinatal outcomes.",100,15,0.15
Public Health & Epidemiology,"Maternal, Child & Reproductive Health Epidemiology","Formulate research questions on reproductive health, family planning, and access to maternal care services.",100,52,0.52
Public Health & Epidemiology,"Maternal, Child & Reproductive Health Epidemiology","Generate hypotheses about early-life exposures and their effects on child growth, development, and health.",100,2,0.02
Public Health & Epidemiology,"Maternal, Child & Reproductive Health Epidemiology","Link vital registration, birth, and health records to ascertain maternal and child outcomes.",100,20,0.2
Public Health & Epidemiology,"Maternal, Child & Reproductive Health Epidemiology",Model maternal and perinatal time-to-event outcomes with attention to competing risks.,100,2,0.02
Public Health & Epidemiology,"Maternal, Child & Reproductive Health Epidemiology","Plan studies to assess the coverage and equity of maternal and child health services, especially in low-resource settings.",100,48,0.48
Public Health & Epidemiology,"Maternal, Child & Reproductive Health Epidemiology","Propose hypotheses about the effectiveness of maternal, newborn, and child health interventions.",100,23,0.23
Public Health & Epidemiology,"Maternal, Child & Reproductive Health Epidemiology",Recruit and follow pregnant women and their infants while minimizing loss to follow-up in longitudinal cohorts.,100,9,0.09
Mathematics,Mathematical Logic & Foundations,"Analyze consistency, completeness, and independence of axiom systems to establish foundational properties.",100,63,0.63
Mathematics,Mathematical Logic & Foundations,Construct and verify mathematical proofs using rigorous deductive reasoning from foundational principles.,100,95,0.95
Mathematics,Mathematical Logic & Foundations,Derive logical consequences and theorems from axiom systems and formal theories.,100,87,0.87
Mathematics,Mathematical Logic & Foundations,Use proof assistants or automated theorem provers to verify complex logical arguments.,100,0,0.0
Engineering,Mechanical Engineering,Apply thermodynamic principles to predict heat transfer rates and energy conversion efficiencies in thermal systems.,100,14,0.14
Engineering,Mechanical Engineering,Calculate fluid flow characteristics using conservation equations and boundary layer theory.,99,28,0.282828
Engineering,Mechanical Engineering,Conduct finite element analysis to simulate structural response under mechanical and thermal loads.,99,13,0.131313
Engineering,Mechanical Engineering,Configure wind tunnel or flow channel experiments with specified inlet conditions and turbulence levels.,99,1,0.010101
Engineering,Mechanical Engineering,Derive stress and strain distributions in mechanical components using solid mechanics and elasticity theory.,99,20,0.20202
Engineering,Mechanical Engineering,Design mechanical testing protocols with controlled loading rates and environmental conditions.,99,22,0.222222
Engineering,Mechanical Engineering,"Design thermal experiments with controlled boundary conditions for temperature, pressure, and flow rate.",99,14,0.141414
Engineering,Mechanical Engineering,Execute transient thermal simulations to model heat conduction and convection processes.,99,5,0.050505
Engineering,Mechanical Engineering,Fit empirical correlations to experimental heat transfer and friction factor data.,99,6,0.060606
Engineering,Mechanical Engineering,Perform computational fluid dynamics simulations to predict flow fields and thermal behavior.,100,22,0.22
Engineering,Mechanical Engineering,Predict dynamic response of mechanical systems using vibration theory and modal analysis.,99,10,0.10101
Engineering,Mechanical Engineering,Propagate measurement uncertainties through heat transfer coefficient and efficiency calculations.,99,1,0.010101
Engineering,Mechanical Engineering,"Quantify experimental uncertainty in force, pressure, and displacement measurements.",99,10,0.10101
Engineering,Mechanical Engineering,Run multibody dynamics simulations to analyze mechanism kinematics and kinetics.,99,6,0.060606
Engineering,Mechanical Engineering,Validate analytical or numerical models against experimental mechanical performance data.,99,45,0.454545
Communication & Media Studies,Media Studies & Cultural Criticism,Account for platform algorithms and selection effects when analyzing digital media data.,100,1,0.01
Communication & Media Studies,Media Studies & Cultural Criticism,"Apply cultural theory frameworks such as semiotics, discourse analysis, or political economy to interpret media texts and practices.",100,89,0.89
Communication & Media Studies,Media Studies & Cultural Criticism,"Assess whether interpretations of media texts apply across different cultural contexts, platforms, or historical moments.",100,37,0.37
Communication & Media Studies,Media Studies & Cultural Criticism,"Code media texts for recurring themes, narrative structures, or ideological patterns.",100,43,0.43
Communication & Media Studies,Media Studies & Cultural Criticism,"Collect audience data through media diaries, think-aloud protocols, or participatory methods.",100,1,0.01
Communication & Media Studies,Media Studies & Cultural Criticism,"Compile media archives from broadcast content, digital platforms, or print publications for textual analysis.",100,35,0.35
Communication & Media Studies,Media Studies & Cultural Criticism,"Conduct ethnographic observations of media production environments, fan communities, or digital spaces.",100,10,0.1
Communication & Media Studies,Media Studies & Cultural Criticism,"Design audience reception surveys to measure interpretations, engagement patterns, or affective responses to media content.",100,1,0.01
Communication & Media Studies,Media Studies & Cultural Criticism,Design focus group guides to examine collective sense-making and social dynamics around media consumption.,100,4,0.04
Communication & Media Studies,Media Studies & Cultural Criticism,Develop coding schemes to systematically analyze representations of identity categories in media content.,100,3,0.03
Communication & Media Studies,Media Studies & Cultural Criticism,Develop interview protocols to explore how audiences make meaning from media texts in everyday life.,100,10,0.1
Communication & Media Studies,Media Studies & Cultural Criticism,Evaluate the transferability of findings from specific media case studies to broader cultural patterns.,100,36,0.36
Communication & Media Studies,Media Studies & Cultural Criticism,Gather user-generated content from social media platforms or online communities for discourse analysis.,100,13,0.13
Communication & Media Studies,Media Studies & Cultural Criticism,"Negotiate access to media organizations, production sites, or proprietary platform data for research purposes.",100,7,0.07
Communication & Media Studies,Media Studies & Cultural Criticism,"Situate media phenomena within broader debates about representation, identity, and power relations.",100,83,0.83
Education,Medical & Health Professions Education,Address ethical considerations specific to research involving trainees in hierarchical educational relationships.,99,27,0.272727
Education,Medical & Health Professions Education,Address selection effects when comparing learners who self-select into different training pathways.,99,6,0.060606
Education,Medical & Health Professions Education,Analyze qualitative data from debriefing sessions following simulation-based training.,99,0,0.0
Education,Medical & Health Professions Education,Apply educational theories such as situated learning or self-determination theory to frame research questions about trainee development.,99,13,0.131313
Education,Medical & Health Professions Education,"Assess generalizability of findings across health professions disciplines such as medicine, nursing, and allied health.",99,2,0.020202
Education,Medical & Health Professions Education,Code reflective writing or portfolio entries to identify themes in professional development.,99,11,0.111111
Education,Medical & Health Professions Education,Collect observational data on clinical teaching encounters or workplace-based learning interactions.,99,7,0.070707
Education,Medical & Health Professions Education,Control for prior academic performance and training site characteristics when analyzing educational outcomes.,99,17,0.171717
Education,Medical & Health Professions Education,Coordinate with clinical departments and training programs to recruit learner participants.,99,52,0.525253
Education,Medical & Health Professions Education,"Design instruments to measure clinical competence, professional identity formation, or readiness for practice.",99,14,0.141414
Education,Medical & Health Professions Education,Design interview protocols to explore trainee experiences with clinical learning environments or professional socialization.,99,14,0.141414
Education,Medical & Health Professions Education,Develop focus group guides to gather faculty or preceptor perspectives on curriculum implementation.,99,0,0.0
Education,Medical & Health Professions Education,Develop validated assessment tools for evaluating learner performance in simulated or clinical settings.,99,17,0.171717
Education,Medical & Health Professions Education,Evaluate whether educational interventions will transfer across different clinical training environments or healthcare systems.,100,3,0.03
Education,Medical & Health Professions Education,Integrate competency-based education frameworks when designing studies on clinical skill acquisition.,99,4,0.040404
Education,Medical & Health Professions Education,Navigate dual IRB requirements when conducting multi-institutional studies across academic medical centers.,99,0,0.0
Education,Medical & Health Professions Education,Partner with simulation centers or clinical skills laboratories to access training environments for data collection.,99,6,0.060606
Education,Medical & Health Professions Education,Recode narrative feedback from clinical supervisors into analyzable categories.,99,1,0.010101
Anthropology,Medical Anthropology,Acquire health records or epidemiological data to contextualize ethnographic findings within broader disease patterns.,85,11,0.129412
Anthropology,Medical Anthropology,"Analyze illness narratives to identify cultural constructions of disease causation, bodily experience, and therapeutic efficacy.",85,31,0.364706
Anthropology,Medical Anthropology,"Apply medical anthropological theories of embodiment, structural violence, or biopolitics to frame research questions about health disparities.",85,34,0.4
Anthropology,Medical Anthropology,Assess the transferability of health beliefs and healing practices across different cultural or community contexts.,85,10,0.117647
Anthropology,Medical Anthropology,"Build relationships with healthcare providers, traditional healers, or community health organizations to facilitate research access and participant recruitment.",85,65,0.764706
Anthropology,Medical Anthropology,Code ethnographic field notes and interview transcripts for themes related to health-seeking behavior and medical pluralism.,85,43,0.505882
Anthropology,Medical Anthropology,Collect illness narratives and therapeutic itineraries through in-depth ethnographic interviews with patients and caregivers.,85,29,0.341176
Anthropology,Medical Anthropology,"Conduct participant observation in clinical settings, healing ceremonies, or community health contexts.",85,33,0.388235
Anthropology,Medical Anthropology,Design culturally adapted survey instruments that incorporate local idioms of distress and illness categories.,85,4,0.047059
Anthropology,Medical Anthropology,Design ethnographic interview guides to explore interactions between biomedical and traditional healing systems.,85,14,0.164706
Anthropology,Medical Anthropology,Develop culturally appropriate informed consent procedures that account for community decision-making norms and health literacy.,85,39,0.458824
Anthropology,Medical Anthropology,Develop illness narrative interview protocols to elicit patient and healer perspectives on disease causation and treatment.,85,26,0.305882
Anthropology,Medical Anthropology,Document traditional healing practices and local medical knowledge through extended fieldwork with healers and community members.,85,16,0.188235
Anthropology,Medical Anthropology,Integrate local illness narratives and explanatory models into the conceptual framework of health-related research.,85,47,0.552941
Anthropology,Medical Anthropology,Navigate ethical review processes for research involving vulnerable patient populations or sensitive health information.,85,45,0.529412
Anthropology,Medical Anthropology,Triangulate ethnographic observations with clinical or epidemiological data to strengthen causal interpretations.,85,5,0.058824
Chemistry,Medicinal Chemistry,Calculate IC50 and EC50 values with confidence intervals from dose-response data.,100,45,0.45
Chemistry,Medicinal Chemistry,Correlate molecular descriptors with biological activity data to establish quantitative structure-activity relationships.,100,16,0.16
Chemistry,Medicinal Chemistry,Design synthetic routes with appropriate reaction conditions for target compound libraries.,100,82,0.82
Chemistry,Medicinal Chemistry,Estimate physicochemical properties of drug candidates using computational chemistry approaches.,100,13,0.13
Chemistry,Medicinal Chemistry,Measure biological activity data through biochemical and cell-based assays.,100,88,0.88
Chemistry,Medicinal Chemistry,Model ADMET properties computationally to prioritize compounds for synthesis.,100,4,0.04
Chemistry,Medicinal Chemistry,Perform molecular docking simulations to predict ligand-receptor binding interactions.,100,21,0.21
Chemistry,Medicinal Chemistry,Plan dose-response experiments to evaluate compound potency against biological targets.,100,67,0.67
Chemistry,Medicinal Chemistry,Predict structure-activity relationships based on molecular properties and pharmacophore models.,100,32,0.32
Chemistry,Medicinal Chemistry,Prepare analogs and derivatives of lead compounds for structure-activity relationship studies.,100,87,0.87
Chemistry,Medicinal Chemistry,Process raw spectroscopic data to confirm molecular structure and assess compound purity.,100,90,0.9
Chemistry,Medicinal Chemistry,Purify synthesized compounds using chromatographic techniques to achieve required purity standards.,100,50,0.5
Chemistry,Medicinal Chemistry,Synthesize novel heterocyclic scaffolds as potential pharmacologically active compounds.,100,88,0.88
Literature,Medieval & Early Modern Literature,Access rare book collections and special archives to examine material features of primary sources.,100,27,0.27
Literature,Medieval & Early Modern Literature,Apply theories of textual transmission and manuscript culture when framing research questions about literary production and circulation.,100,40,0.4
Literature,Medieval & Early Modern Literature,Assess whether interpretive claims about literary conventions or genres apply across different national traditions or time periods within the medieval and early modern eras.,100,51,0.51
Literature,Medieval & Early Modern Literature,"Code thematic, rhetorical, or generic patterns across literary texts to support comparative analysis.",100,62,0.62
Literature,Medieval & Early Modern Literature,"Collect primary textual data from manuscripts, early printed books, and archival documents in original languages.",100,45,0.45
Literature,Medieval & Early Modern Literature,"Coordinate with libraries, archives, and special collections to obtain access to rare manuscripts and early printed editions.",100,22,0.22
Literature,Medieval & Early Modern Literature,"Engage with theories of authorship, patronage, and print culture to contextualize early modern literary works.",100,25,0.25
Literature,Medieval & Early Modern Literature,"Transcribe and normalize spelling, punctuation, and abbreviations from early modern or medieval source texts.",100,17,0.17
History,Medieval History,Account for survival bias when analyzing patterns in medieval archival collections and material remains.,100,36,0.36
History,Medieval History,"Apply theories of feudalism, lordship, or state formation when framing research questions about medieval political structures.",100,12,0.12
History,Medieval History,"Assess whether interpretations of medieval sources can be generalized across different regions, kingdoms, or cultural contexts.",100,46,0.46
History,Medieval History,"Code thematic content in hagiographies, chronicles, or literary texts to identify patterns and motifs.",100,44,0.44
History,Medieval History,"Collaborate with archaeologists, art historians, and philologists on interdisciplinary medieval research projects.",100,11,0.11
History,Medieval History,"Conduct archival research in repositories holding medieval manuscripts, charters, and administrative records.",100,48,0.48
History,Medieval History,"Develop protocols for oral history interviews with specialists in medieval crafts, liturgy, or living history practices.",100,0,0.0
History,Medieval History,"Engage with historiographical debates on periodization, continuity, and change when situating medieval research problems.",100,69,0.69
History,Medieval History,Evaluate the reliability and potential biases of medieval chroniclers and document authors.,100,66,0.66
History,Medieval History,Evaluate the representativeness of surviving documentary or material evidence for broader medieval populations.,100,32,0.32
History,Medieval History,"Examine material evidence through site visits to medieval churches, castles, and archaeological excavations.",100,12,0.12
History,Medieval History,Negotiate access to restricted manuscript collections and private archives holding medieval materials.,100,3,0.03
History,Medieval History,"Transcribe and translate medieval Latin, vernacular, or Byzantine Greek texts from manuscript sources.",100,48,0.48
Materials Science,Metallurgy & Alloy Design,Assess statistical variability in mechanical property measurements across multiple specimens.,100,19,0.19
Materials Science,Metallurgy & Alloy Design,Calculate phase diagrams and thermodynamic properties using CALPHAD methods to predict alloy behavior.,100,2,0.02
Materials Science,Metallurgy & Alloy Design,Correlate processing parameters with resulting microstructures and properties using regression analysis.,100,14,0.14
Materials Science,Metallurgy & Alloy Design,Derive solidification parameters and cooling rates to control grain structure and segregation.,100,7,0.07
Materials Science,Metallurgy & Alloy Design,Design heat treatment schedules to achieve target microstructures and mechanical properties.,100,39,0.39
Materials Science,Metallurgy & Alloy Design,Fit kinetic models to phase transformation data from thermal analysis or dilatometry experiments.,100,4,0.04
Materials Science,Metallurgy & Alloy Design,Model diffusion-controlled phase transformations and precipitation kinetics in alloy systems.,100,4,0.04
Materials Science,Metallurgy & Alloy Design,Plan mechanical testing protocols with appropriate specimen geometries and loading conditions.,100,54,0.54
Materials Science,Metallurgy & Alloy Design,Predict mechanical properties from microstructural features using structure-property relationships.,100,32,0.32
Materials Science,Metallurgy & Alloy Design,"Prepare alloy compositions through melting, casting, or powder metallurgy techniques.",100,36,0.36
Materials Science,Metallurgy & Alloy Design,Quantify uncertainty in composition measurements from spectroscopic and chemical analysis methods.,100,5,0.05
Materials Science,Metallurgy & Alloy Design,"Simulate microstructure evolution during solidification, heat treatment, or deformation processes.",100,10,0.1
Materials Science,Metallurgy & Alloy Design,Specify controlled atmospheres and temperatures for processing experiments to prevent oxidation or contamination.,100,40,0.4
Philosophy,Metaphysics & Epistemology,Assess the scope and limits of conceptual analyses when applied to diverse philosophical traditions or worldviews.,100,0,0.0
Philosophy,Metaphysics & Epistemology,"Code participant responses to philosophical vignettes for patterns in intuitive judgments about knowledge, causation, or moral responsibility.",100,5,0.05
Philosophy,Metaphysics & Epistemology,Collect survey data on philosophical intuitions to test hypotheses about folk epistemology or folk metaphysics.,100,7,0.07
Philosophy,Metaphysics & Epistemology,Compile and analyze historical philosophical texts and commentaries as primary sources for interpretive scholarship.,100,21,0.21
Philosophy,Metaphysics & Epistemology,Control for demographic and cultural variables when analyzing cross-cultural data on philosophical intuitions.,100,2,0.02
Philosophy,Metaphysics & Epistemology,Coordinate with psychology or cognitive science departments to recruit participants for interdisciplinary studies on reasoning and belief formation.,100,0,0.0
Philosophy,Metaphysics & Epistemology,Design interview protocols to elicit philosophical intuitions or beliefs from non-specialist participants for experimental philosophy studies.,100,3,0.03
Philosophy,Metaphysics & Epistemology,"Engage with classical and contemporary epistemological theories when formulating research questions about knowledge, justification, or belief.",100,90,0.9
Philosophy,Metaphysics & Epistemology,Evaluate whether philosophical arguments and thought experiments maintain validity across different cultural or historical contexts.,100,5,0.05
Philosophy,Metaphysics & Epistemology,"Frame research questions within established metaphysical debates concerning existence, causation, or the nature of reality.",100,37,0.37
Biology,Microbiology,"Acquire microscopy images of microbial cells, colonies, or biofilm structures using light, fluorescence, or electron microscopy.",100,32,0.32
Biology,Microbiology,"Analyze differences in microbial growth rates, gene expression, or metabolic outputs between treatment groups.",100,65,0.65
Biology,Microbiology,Assign taxonomic classifications to microbial sequences using reference databases and bioinformatic pipelines.,100,46,0.46
Biology,Microbiology,"Collect environmental samples such as soil, water, or biofilms for microbial community analysis.",100,53,0.53
Biology,Microbiology,Compare microbial community composition or diversity metrics between experimental conditions using appropriate statistical methods.,100,41,0.41
Biology,Microbiology,"Design experiments with appropriate positive and negative controls for microbial growth, infection, or metabolic activity assays.",100,60,0.6
Biology,Microbiology,"Develop hypotheses regarding microbial community dynamics, succession patterns, or ecological functions in environmental systems.",100,42,0.42
Biology,Microbiology,Extract and purify microbial DNA or RNA from cultures or environmental samples for sequencing applications.,100,59,0.59
Biology,Microbiology,"Formulate hypotheses about microbial pathogenesis mechanisms, host-microbe interactions, or antimicrobial resistance pathways.",100,11,0.11
Biology,Microbiology,Generate amplicon sequencing data targeting taxonomic marker genes for microbial community profiling.,100,32,0.32
Biology,Microbiology,Isolate and purify microbial strains from mixed cultures or environmental sources using selective media and enrichment techniques.,100,35,0.35
Biology,Microbiology,"Maintain microbial culture collections through regular subculturing, cryopreservation, and viability testing.",100,25,0.25
Biology,Microbiology,"Plan microbial challenge studies with defined inoculum concentrations, exposure durations, and replication schemes.",100,31,0.31
Biology,Microbiology,"Prepare and maintain pure cultures of bacteria, fungi, or other microorganisms for experimental use.",100,58,0.58
Biology,Microbiology,"Prepare and quality-control culture media, buffers, and reagents for microbiological assays.",100,71,0.71
Biology,Microbiology,Process marker gene sequencing data to generate operational taxonomic units or amplicon sequence variants for community analysis.,100,26,0.26
Economics,Microeconomic Theory,Address identification challenges when estimating structural parameters from observational economic data.,394,21,0.053299
Economics,Microeconomic Theory,Apply mechanism design principles to frame questions about optimal institutional arrangements and incentive structures.,394,76,0.192893
Economics,Microeconomic Theory,Assess the robustness of theoretical predictions across different preference specifications and information structures.,394,161,0.408629
Economics,Microeconomic Theory,Conduct laboratory experiments to test theoretical predictions about individual choice or strategic behavior.,394,7,0.017766
Economics,Microeconomic Theory,Construct incentive-compatible elicitation mechanisms to measure economic preferences or beliefs.,394,4,0.010152
Economics,Microeconomic Theory,"Design experimental protocols to elicit preferences, risk attitudes, or strategic behavior in controlled settings.",394,6,0.015228
Economics,Microeconomic Theory,Distinguish between multiple equilibria when interpreting observed market or strategic outcomes.,394,49,0.124365
Economics,Microeconomic Theory,Evaluate whether equilibrium results hold under alternative solution concepts or behavioral assumptions.,394,117,0.296954
Economics,Microeconomic Theory,Formulate research questions using game-theoretic frameworks to analyze strategic interactions among economic agents.,394,196,0.497462
Sociology,Migration & Immigration,Access census or population register data to analyze immigrant demographic characteristics and spatial distribution.,100,12,0.12
Sociology,Migration & Immigration,"Acquire administrative data on visa issuances, asylum applications, or border crossings from government agencies.",100,5,0.05
Sociology,Migration & Immigration,"Address ethical considerations for research with undocumented migrants or asylum seekers, including confidentiality protections.",100,11,0.11
Sociology,Migration & Immigration,Address selection bias arising from differential return migration or emigration when analyzing immigrant outcomes.,100,2,0.02
Sociology,Migration & Immigration,Administer surveys in immigrant communities using culturally appropriate recruitment and data collection strategies.,100,17,0.17
Sociology,Migration & Immigration,"Analyze interview transcripts to categorize migrant experiences with discrimination, reception, or labor market incorporation.",100,19,0.19
Sociology,Migration & Immigration,"Apply theories of transnationalism, assimilation, or integration when framing research questions about migrant experiences.",100,46,0.46
Sociology,Migration & Immigration,"Assess whether findings about migrant populations generalize across different national contexts, legal regimes, or migration corridors.",100,27,0.27
Sociology,Migration & Immigration,"Clean and standardize migration-related variables such as legal status, duration of residence, or generation.",100,26,0.26
Sociology,Migration & Immigration,"Code qualitative data to identify themes related to identity negotiation, belonging, or transnational ties.",100,30,0.3
Sociology,Migration & Immigration,"Conduct interviews with migrants, refugees, or diaspora members about their migration trajectories and settlement experiences.",100,34,0.34
Sociology,Migration & Immigration,Control for confounding factors such as pre-migration characteristics when estimating effects of migration on health or economic outcomes.,100,14,0.14
Sociology,Migration & Immigration,Coordinate with resettlement agencies or advocacy organizations to access refugee populations for research participation.,100,6,0.06
Sociology,Migration & Immigration,"Design interview protocols to elicit migration narratives, including pre-migration experiences and settlement processes.",100,33,0.33
Sociology,Migration & Immigration,"Design survey instruments to measure acculturation, belonging, or experiences of discrimination among immigrant populations.",100,7,0.07
Sociology,Migration & Immigration,Develop focus group guides to explore community-level perspectives on integration or intergroup relations.,100,6,0.06
Sociology,Migration & Immigration,Develop informed consent procedures appropriate for participants with varying literacy levels or legal vulnerabilities.,100,7,0.07
Sociology,Migration & Immigration,Develop multilingual survey versions to accommodate linguistic diversity among migrant respondents.,100,2,0.02
Sociology,Migration & Immigration,Engage with push-pull models or network theories to explain migration decision-making and patterns.,100,13,0.13
Sociology,Migration & Immigration,Evaluate how immigration policy changes over time affect the comparability of research findings across cohorts.,100,3,0.03
Sociology,Migration & Immigration,Harmonize country-of-origin and nationality classifications across different data sources or time periods.,100,8,0.08
Sociology,Migration & Immigration,Partner with immigrant-serving organizations or community groups to recruit hard-to-reach migrant populations.,100,17,0.17
Earth & Planetary Sciences,Mineralogy & Petrology,Acquire mineral compositional data using electron microprobe analysis and energy-dispersive spectroscopy.,100,62,0.62
Earth & Planetary Sciences,Mineralogy & Petrology,Assess precision and accuracy of mineral compositional analyses using replicate measurements and standards.,100,31,0.31
Earth & Planetary Sciences,Mineralogy & Petrology,Calculate pressure-temperature conditions of mineral formation using thermodynamic equilibria and phase diagrams.,100,22,0.22
Earth & Planetary Sciences,Mineralogy & Petrology,Characterize matrix effects and detection limits for X-ray fluorescence and diffraction instruments.,100,2,0.02
Earth & Planetary Sciences,Mineralogy & Petrology,Collect representative rock and mineral samples from field outcrops with documented geological context.,100,80,0.8
Earth & Planetary Sciences,Mineralogy & Petrology,Design high-pressure and high-temperature experiments to simulate mantle or crustal conditions.,100,9,0.09
Earth & Planetary Sciences,Mineralogy & Petrology,Determine crystal structures and mineral phases using X-ray diffraction techniques.,100,31,0.31
Earth & Planetary Sciences,Mineralogy & Petrology,"Document field relationships including mineral paragenesis, textures, and structural orientations.",100,64,0.64
Earth & Planetary Sciences,Mineralogy & Petrology,Establish controlled oxygen fugacity and volatile conditions for mineral synthesis experiments.,100,3,0.03
Earth & Planetary Sciences,Mineralogy & Petrology,Fit diffusion profiles in minerals to constrain cooling rates and thermal histories.,100,0,0.0
Earth & Planetary Sciences,Mineralogy & Petrology,Measure trace element concentrations in minerals using laser ablation inductively coupled plasma mass spectrometry.,100,9,0.09
Earth & Planetary Sciences,Mineralogy & Petrology,Model whole-rock and mineral chemistry data to determine magma differentiation and source characteristics.,100,26,0.26
Earth & Planetary Sciences,Mineralogy & Petrology,Predict mineral stability fields and reaction boundaries using Gibbs free energy calculations.,100,4,0.04
Earth & Planetary Sciences,Mineralogy & Petrology,Propagate analytical uncertainties through geothermobarometric calculations and age determinations.,100,6,0.06
Earth & Planetary Sciences,Mineralogy & Petrology,Run thermodynamic modeling software to predict equilibrium mineral assemblages and phase proportions.,100,5,0.05
Earth & Planetary Sciences,Mineralogy & Petrology,Simulate crystallization sequences and melt evolution using computational petrological models.,100,0,0.0
Earth & Planetary Sciences,Mineralogy & Petrology,Synthesize mineral phases under controlled laboratory conditions to study formation processes.,100,8,0.08
History,Modern & Contemporary History,"Access government archives, diplomatic records, and declassified documents from twentieth and twenty-first century collections.",100,55,0.55
History,Modern & Contemporary History,"Acquire digitized newspapers, periodicals, and mass media sources from modern historical periods.",100,39,0.39
History,Modern & Contemporary History,"Analyze textual sources using methods of close reading to interpret meaning, rhetoric, and ideological content.",100,90,0.9
History,Modern & Contemporary History,"Apply historiographical frameworks such as social history, cultural history, or transnational history when formulating research questions about modern events.",100,65,0.65
History,Modern & Contemporary History,"Assess whether interpretations of historical events or processes apply across different national, regional, or cultural contexts.",100,50,0.5
History,Modern & Contemporary History,"Code oral history transcripts to identify recurring themes, perspectives, and narrative patterns.",100,5,0.05
History,Modern & Contemporary History,Conduct oral history interviews with individuals who experienced or witnessed significant modern historical events.,100,9,0.09
History,Modern & Contemporary History,Develop oral history interview protocols to collect firsthand accounts from witnesses or participants in historical events.,100,7,0.07
History,Modern & Contemporary History,"Evaluate the provenance, authenticity, and reliability of primary sources produced by states, organizations, or individuals.",100,60,0.6
History,Modern & Contemporary History,Evaluate the temporal boundaries of historical arguments to determine applicability to earlier or later periods.,100,25,0.25
History,Modern & Contemporary History,"Gather visual and material sources including photographs, films, posters, and artifacts from modern historical contexts.",100,17,0.17
History,Modern & Contemporary History,"Locate and obtain personal papers, memoirs, and correspondence from individuals involved in modern historical events.",100,40,0.4
History,Modern & Contemporary History,"Negotiate access agreements with national archives, libraries, and private collections holding modern historical materials.",100,9,0.09
History,Modern & Contemporary History,"Situate research questions within debates about causation, contingency, and structural change in twentieth and twenty-first century history.",100,51,0.51
History,Modern & Contemporary History,"Triangulate evidence across multiple archival sources to address gaps, biases, and contradictions in the historical record.",100,78,0.78
Statistics,Multivariate Analysis,Apply dimension reduction techniques to extract meaningful components from high-dimensional variable sets.,42,13,0.309524
Statistics,Multivariate Analysis,Assess multivariate normality assumptions and apply transformations when distributional requirements are violated.,42,7,0.166667
Statistics,Multivariate Analysis,Collect data with sufficient variables and observations to support stable covariance matrix estimation.,42,21,0.5
Statistics,Multivariate Analysis,Conduct exploratory or confirmatory factor analysis to identify underlying dimensional structures in multivariate data.,42,14,0.333333
Statistics,Multivariate Analysis,Design measurement batteries with multiple indicators per construct to enable latent variable modeling.,42,3,0.071429
Statistics,Multivariate Analysis,Evaluate model fit using multiple indices and modify specifications based on theoretical and empirical criteria.,42,15,0.357143
Statistics,Multivariate Analysis,Evaluate whether multivariate models and covariance structures will replicate across different samples or populations.,42,6,0.142857
Statistics,Multivariate Analysis,Frame research questions around multivariate relationships and latent constructs underlying observed variables.,42,23,0.547619
Statistics,Multivariate Analysis,Handle missing data using multiple imputation or maximum likelihood methods appropriate for multivariate structures.,42,4,0.095238
Statistics,Multivariate Analysis,Interpret standardized coefficients and effect sizes within multivariate models to assess relative variable importance.,42,15,0.357143
Statistics,Multivariate Analysis,Perform multivariate analysis of variance to test group differences across multiple dependent variables simultaneously.,42,1,0.02381
Statistics,Multivariate Analysis,Screen data for multivariate outliers using distance measures and leverage diagnostics.,42,4,0.095238
Statistics,Multivariate Analysis,Select and validate scale items to ensure adequate factor loadings and internal consistency for multivariate analysis.,42,3,0.071429
Statistics,Multivariate Analysis,Specify and estimate structural equation models to test hypothesized relationships among latent and observed variables.,42,10,0.238095
Statistics,Multivariate Analysis,Test measurement invariance across groups to ensure valid comparisons of latent constructs.,42,4,0.095238
Arts,Music & Musicology,"Access archival collections of musical scores, recordings, correspondence, or concert programs for historical research.",99,44,0.444444
Arts,Music & Musicology,Account for selection effects when comparing musical training outcomes across self-selected participant groups.,99,0,0.0
Arts,Music & Musicology,Analyze song lyrics or written accounts of musical experiences using qualitative coding methods.,99,2,0.020202
Arts,Music & Musicology,Apply music-theoretical frameworks such as Schenkerian analysis or topic theory when formulating research questions about musical structure or meaning.,99,59,0.59596
Arts,Music & Musicology,"Assess whether findings about musical practices or preferences will generalize across different cultural, geographic, or historical contexts.",99,8,0.080808
Arts,Music & Musicology,"Code interview transcripts to identify themes related to musical identity, learning experiences, or cultural significance.",99,6,0.060606
Arts,Music & Musicology,"Conduct ethnographic fieldwork to document musical performances, rituals, or community music-making practices.",99,6,0.060606
Arts,Music & Musicology,"Coordinate with music schools, conservatories, or community ensembles to recruit performers or students as research participants.",99,3,0.030303
Arts,Music & Musicology,"Design interview protocols to elicit musicians' perspectives on performance practice, creative processes, or professional experiences.",99,13,0.131313
Arts,Music & Musicology,"Design surveys to measure listeners' aesthetic responses, musical preferences, or engagement with musical activities.",99,4,0.040404
Arts,Music & Musicology,Develop focus group guides to explore community members' relationships with local or traditional music practices.,99,0,0.0
Arts,Music & Musicology,"Develop questionnaires to assess music education experiences, pedagogical approaches, or learning outcomes among students and educators.",99,0,0.0
Arts,Music & Musicology,Engage with ethnomusicological theories of cultural practice and identity when framing studies of music in social contexts.,99,14,0.141414
Arts,Music & Musicology,"Negotiate access to private archives, estates, or institutional collections holding musical manuscripts or recordings.",99,3,0.030303
Arts,Music & Musicology,"Record and transcribe interviews with musicians, composers, or music educators about their practices and experiences.",99,12,0.121212
Arts,Music & Musicology,Transcribe and annotate audio or video recordings of musical performances for systematic analysis.,99,9,0.090909
Chemistry,Nanochemistry,"Characterize nanoparticle size, shape, and crystallinity using electron microscopy and diffraction techniques.",88,79,0.897727
Chemistry,Nanochemistry,"Design synthesis protocols with controlled temperature, atmosphere, and precursor concentrations to achieve target nanoparticle characteristics.",88,82,0.931818
Chemistry,Nanochemistry,Determine elemental composition and chemical bonding states of nanomaterials using X-ray spectroscopy.,88,46,0.522727
Chemistry,Nanochemistry,Fit kinetic models to catalytic reaction data to determine turnover frequencies and activation energies.,88,36,0.409091
Chemistry,Nanochemistry,"Functionalize nanoparticle surfaces with ligands, polymers, or biomolecules to modify stability and reactivity.",88,40,0.454545
Chemistry,Nanochemistry,"Measure surface area, porosity, and surface chemistry of nanomaterials using adsorption and spectroscopic methods.",88,15,0.170455
Chemistry,Nanochemistry,Model size-dependent thermodynamic and kinetic behavior of nanoscale materials.,88,5,0.056818
Chemistry,Nanochemistry,"Optimize reaction conditions to control nanoparticle size distribution, morphology, and surface chemistry.",88,64,0.727273
Chemistry,Nanochemistry,Predict nanoparticle properties such as surface reactivity and electronic structure using quantum mechanical calculations.,88,2,0.022727
Chemistry,Nanochemistry,"Purify and separate synthesized nanomaterials using centrifugation, filtration, or chromatographic techniques.",88,55,0.625
Chemistry,Nanochemistry,Quantify uncertainty in nanoparticle size distributions measured by dynamic light scattering or microscopy.,88,12,0.136364
Chemistry,Nanochemistry,Simulate nanoparticle growth mechanisms and surface interactions using molecular dynamics or density functional theory.,88,3,0.034091
Chemistry,Nanochemistry,"Synthesize nanoparticles with controlled size and shape through wet chemical, solvothermal, or vapor-phase methods.",88,79,0.897727
Materials Science,Nanomaterials & Nanotechnology,Analyze X-ray diffraction peak profiles to determine crystallite size and lattice strain in nanomaterials.,100,16,0.16
Materials Science,Nanomaterials & Nanotechnology,Calculate quantum confinement effects on bandgap energies for semiconductor nanostructures.,100,3,0.03
Materials Science,Nanomaterials & Nanotechnology,"Design synthesis experiments with controlled temperature, atmosphere, and precursor concentrations to achieve target nanostructure morphologies.",100,82,0.82
Materials Science,Nanomaterials & Nanotechnology,Fabricate thin films or nanostructured coatings using physical or chemical deposition techniques.,100,22,0.22
Materials Science,Nanomaterials & Nanotechnology,Fit absorption spectra to theoretical models to extract nanoparticle size and concentration parameters.,100,5,0.05
Materials Science,Nanomaterials & Nanotechnology,"Functionalize nanoparticle surfaces with ligands, polymers, or biomolecules for targeted applications.",100,29,0.29
Materials Science,Nanomaterials & Nanotechnology,Model nanoparticle growth kinetics and self-assembly processes through molecular dynamics or Monte Carlo simulations.,100,3,0.03
Materials Science,Nanomaterials & Nanotechnology,Plan characterization sequences to correlate nanomaterial structure with functional properties.,100,92,0.92
Materials Science,Nanomaterials & Nanotechnology,"Predict nanoparticle optical, electronic, or catalytic properties based on size, shape, and composition using theoretical models.",100,12,0.12
Materials Science,Nanomaterials & Nanotechnology,"Purify and separate synthesized nanomaterials using centrifugation, filtration, or chromatographic methods.",100,47,0.47
Materials Science,Nanomaterials & Nanotechnology,Simulate electronic structure and optical properties of nanostructures using density functional theory or related methods.,100,8,0.08
Materials Science,Nanomaterials & Nanotechnology,Synthesize nanoparticles through wet chemical methods with controlled nucleation and growth conditions.,100,56,0.56
Engineering,Nanotechnology & Microsystems,Acquire surface topography and mechanical property data using scanning probe microscopy techniques.,100,19,0.19
Engineering,Nanotechnology & Microsystems,Calculate mechanical resonance frequencies and quality factors for MEMS/NEMS devices.,100,10,0.1
Engineering,Nanotechnology & Microsystems,Collect spectroscopic data to characterize optical and electronic properties of nanomaterials.,100,26,0.26
Engineering,Nanotechnology & Microsystems,"Deposit and pattern thin films using sputtering, evaporation, or chemical vapor deposition.",100,52,0.52
Engineering,Nanotechnology & Microsystems,"Design cleanroom fabrication sequences with controlled temperature, humidity, and particulate levels.",100,19,0.19
Engineering,Nanotechnology & Microsystems,Extract material properties by fitting theoretical models to nanoindentation or mechanical test data.,100,10,0.1
Engineering,Nanotechnology & Microsystems,Fabricate nanostructures using lithographic patterning and etching processes.,100,48,0.48
Engineering,Nanotechnology & Microsystems,Fit equivalent circuit models to impedance spectra of micro/nano-electromechanical devices.,100,5,0.05
Engineering,Nanotechnology & Microsystems,Measure electrical characteristics of nanoscale devices using probe stations and parameter analyzers.,100,30,0.3
Engineering,Nanotechnology & Microsystems,Model electromagnetic field distributions in plasmonic nanostructures to predict optical responses.,100,2,0.02
Engineering,Nanotechnology & Microsystems,Perform electromagnetic simulations to optimize plasmonic or photonic nanostructure designs.,100,1,0.01
Engineering,Nanotechnology & Microsystems,Predict charge transport properties through molecular junctions and nanoscale interfaces.,100,0,0.0
Engineering,Nanotechnology & Microsystems,Propagate measurement errors through device performance calculations for MEMS/NEMS systems.,100,2,0.02
Engineering,Nanotechnology & Microsystems,Quantify dimensional uncertainties in nanofabricated features from imaging and metrology data.,100,15,0.15
Engineering,Nanotechnology & Microsystems,Run finite element simulations of mechanical stress and deformation in MEMS structures.,100,16,0.16
Engineering,Nanotechnology & Microsystems,Simulate nanoscale heat transfer and thermal management in microsystem designs.,100,4,0.04
Engineering,Nanotechnology & Microsystems,"Synthesize nanowires, nanoparticles, or thin films through chemical or physical deposition methods.",100,39,0.39
Literature,Narrative Studies,Analyze thematic patterns and motifs across narrative texts to identify recurring cultural or ideological concerns.,100,67,0.67
Literature,Narrative Studies,"Apply narratological frameworks such as focalization, temporality, or narrative voice when formulating research questions about texts.",100,52,0.52
Literature,Narrative Studies,"Assess whether narrative patterns or structures identified in specific texts or corpora apply across genres, historical periods, or cultural contexts.",100,51,0.51
Literature,Narrative Studies,"Code narrative texts for structural elements such as plot events, character functions, or narrative sequences.",100,28,0.28
Literature,Narrative Studies,Collect oral narratives or life stories through structured or semi-structured interviews with participants.,100,2,0.02
Literature,Narrative Studies,"Design interview protocols to elicit reader responses, interpretive practices, or personal narrative accounts.",100,5,0.05
Literature,Narrative Studies,Draw on genre theory to situate narrative texts within broader literary and cultural traditions.,100,60,0.6
Literature,Narrative Studies,"Identify and categorize narrative techniques including point of view, unreliable narration, or embedded storytelling.",100,57,0.57
Literature,Narrative Studies,"Negotiate access to restricted literary archives, manuscript collections, or unpublished narrative materials.",100,3,0.03
Environmental Science,Natural Hazards & Disaster Science,Acquire seismic waveform data from monitoring networks for earthquake characterization.,100,2,0.02
Environmental Science,Natural Hazards & Disaster Science,Apply terrain corrections and atmospheric filtering to digital elevation models for hazard mapping.,100,4,0.04
Environmental Science,Natural Hazards & Disaster Science,Assess confidence intervals for damage and loss estimates derived from vulnerability functions.,100,3,0.03
Environmental Science,Natural Hazards & Disaster Science,Calculate return periods and exceedance probabilities for natural hazard events using statistical distributions.,100,13,0.13
Environmental Science,Natural Hazards & Disaster Science,Calibrate hydrological models against observed streamflow and precipitation records.,100,5,0.05
Environmental Science,Natural Hazards & Disaster Science,Characterize measurement uncertainty in hydrological monitoring equipment for flood forecasting.,100,0,0.0
Environmental Science,Natural Hazards & Disaster Science,"Collect remote sensing data from satellites to map hazard extent, damage patterns, and land cover changes.",100,11,0.11
Environmental Science,Natural Hazards & Disaster Science,"Deploy sensor networks to monitor slope stability, ground deformation, or hydrological conditions.",100,6,0.06
Environmental Science,Natural Hazards & Disaster Science,Derive probabilistic hazard estimates from geophysical models and historical event catalogs.,100,7,0.07
Environmental Science,Natural Hazards & Disaster Science,Estimate ground motion parameters from seismic source characteristics and attenuation relationships.,100,1,0.01
Environmental Science,Natural Hazards & Disaster Science,Execute earthquake ground motion simulations for scenario-based risk assessment.,100,1,0.01
Environmental Science,Natural Hazards & Disaster Science,Fit fragility curves to empirical damage data from post-disaster surveys.,100,2,0.02
Environmental Science,Natural Hazards & Disaster Science,"Gather field observations of geomorphic features, flood marks, or structural damage following hazard events.",100,26,0.26
Environmental Science,Natural Hazards & Disaster Science,Maintain field monitoring stations and data transmission systems in hazard-prone areas.,100,5,0.05
Environmental Science,Natural Hazards & Disaster Science,Model landslide runout and deposition patterns using physics-based numerical codes.,100,2,0.02
Environmental Science,Natural Hazards & Disaster Science,Process satellite imagery to extract flood inundation extents and landslide inventories.,100,9,0.09
Environmental Science,Natural Hazards & Disaster Science,Quantify uncertainty in hazard model outputs and propagate errors through risk calculations.,100,13,0.13
Environmental Science,Natural Hazards & Disaster Science,"Run numerical simulations of flood inundation, debris flows, or tsunami propagation.",100,12,0.12
Computer Science,Natural Language Processing,Collect and curate text corpora from diverse sources for training and evaluation purposes.,100,51,0.51
Computer Science,Natural Language Processing,Construct controlled evaluation datasets to isolate specific linguistic capabilities or model behaviors.,100,46,0.46
Computer Science,Natural Language Processing,Derive baseline performance expectations from linguistic theory and statistical language properties.,100,2,0.02
Computer Science,Natural Language Processing,Design annotation guidelines and protocols to ensure consistent labeling of linguistic phenomena.,100,20,0.2
Computer Science,Natural Language Processing,Formulate hypotheses about model behavior based on architectural design and training objectives.,100,37,0.37
Computer Science,Natural Language Processing,Gather human judgments and annotations for supervised learning and evaluation benchmarks.,100,30,0.3
Computer Science,Natural Language Processing,Run ablation studies to quantify contributions of individual model components.,100,43,0.43
Computer Science,Natural Language Processing,Tune model hyperparameters to optimize performance on validation datasets.,100,61,0.61
Computer Science,Natural Language Processing,Validate annotation quality through inter-annotator agreement metrics and adjudication procedures.,100,14,0.14
Medicine & Clinical Sciences,Nephrology & Urology,"Acquire renal and urological imaging data including ultrasound, CT urography, and nuclear medicine scans.",100,19,0.19
Medicine & Clinical Sciences,Nephrology & Urology,Analyze time to renal replacement therapy initiation or kidney transplantation in chronic kidney disease cohorts.,100,7,0.07
Medicine & Clinical Sciences,Nephrology & Urology,Assess graft survival and patient survival following kidney transplantation.,100,2,0.02
Medicine & Clinical Sciences,Nephrology & Urology,Collaborate with urology departments and cancer centers for access to surgical specimens and clinical data.,100,4,0.04
Medicine & Clinical Sciences,Nephrology & Urology,Collect semen samples and reproductive tissue for male fertility research.,100,8,0.08
Medicine & Clinical Sciences,Nephrology & Urology,Collect urine samples for biomarker analysis and urinalysis in kidney disease studies.,100,42,0.42
Medicine & Clinical Sciences,Nephrology & Urology,Coordinate with nephrology practices and dialysis units for patient recruitment and data collection.,100,16,0.16
Medicine & Clinical Sciences,Nephrology & Urology,Design clinical trials evaluating dialysis modalities and vascular access outcomes in end-stage renal disease patients.,100,0,0.0
Medicine & Clinical Sciences,Nephrology & Urology,Design studies with renal function endpoints using validated measures such as estimated glomerular filtration rate and proteinuria.,100,39,0.39
Medicine & Clinical Sciences,Nephrology & Urology,"Develop hypotheses regarding risk factors for urological malignancies including prostate, bladder, and renal cell carcinoma.",100,0,0.0
Medicine & Clinical Sciences,Nephrology & Urology,Develop study protocols comparing surgical versus medical management of urological conditions with appropriate functional endpoints.,100,0,0.0
Medicine & Clinical Sciences,Nephrology & Urology,Estimate treatment effects of immunosuppressive regimens on transplant outcomes while adjusting for donor and recipient characteristics.,100,1,0.01
Medicine & Clinical Sciences,Nephrology & Urology,Evaluate cancer-specific and overall survival outcomes following treatment for urological malignancies.,100,2,0.02
Medicine & Clinical Sciences,Nephrology & Urology,Evaluate effectiveness of interventions for chronic kidney disease progression while accounting for baseline kidney function and comorbidities.,100,8,0.08
Medicine & Clinical Sciences,Nephrology & Urology,Formulate hypotheses about mechanisms of acute kidney injury progression to chronic kidney disease.,100,6,0.06
Medicine & Clinical Sciences,Nephrology & Urology,Formulate hypotheses on the relationship between metabolic disorders and kidney stone formation.,100,0,0.0
Medicine & Clinical Sciences,Nephrology & Urology,Generate hypotheses about factors affecting renal transplant outcomes and graft survival.,100,2,0.02
Medicine & Clinical Sciences,Nephrology & Urology,Harmonize urological symptom scores and quality of life measures across different validated instruments.,100,0,0.0
Medicine & Clinical Sciences,Nephrology & Urology,Obtain cystoscopy and ureteroscopy images for bladder and upper tract evaluation.,100,2,0.02
Medicine & Clinical Sciences,Nephrology & Urology,Obtain kidney biopsy specimens for histopathological and molecular analysis.,100,16,0.16
Medicine & Clinical Sciences,Nephrology & Urology,Plan oncological studies in urology with disease-specific survival and recurrence endpoints.,100,2,0.02
Medicine & Clinical Sciences,Nephrology & Urology,Recruit patients from dialysis centers and transplant clinics for longitudinal outcome studies.,100,9,0.09
Medicine & Clinical Sciences,Nephrology & Urology,Standardize kidney function measurements across studies using established equations and classification systems.,100,40,0.4
Neuroscience,Neuroimaging,Acquire functional MRI data during task performance or resting-state conditions to measure brain activity.,100,45,0.45
Neuroscience,Neuroimaging,Analyze longitudinal neuroimaging data to track disease progression or treatment response over time.,100,6,0.06
Neuroscience,Neuroimaging,Collect diffusion-weighted imaging data to assess white matter microstructure and connectivity.,100,5,0.05
Neuroscience,Neuroimaging,Design neuroimaging studies with appropriate control conditions and imaging timepoints to detect brain changes.,100,71,0.71
Neuroscience,Neuroimaging,Determine optimal sample sizes for neuroimaging studies using power analyses specific to imaging effect sizes.,100,2,0.02
Neuroscience,Neuroimaging,Develop and optimize MRI acquisition protocols including sequence parameters for structural and functional imaging.,100,26,0.26
Neuroscience,Neuroimaging,Develop hypotheses linking structural or functional brain changes to cognitive or behavioral outcomes.,100,71,0.71
Neuroscience,Neuroimaging,Formulate hypotheses about neural circuit dysfunction underlying neurological or psychiatric disorders based on imaging biomarkers.,100,50,0.5
Neuroscience,Neuroimaging,Harmonize neuroimaging data acquired across different scanner platforms or acquisition protocols.,100,8,0.08
Neuroscience,Neuroimaging,Model functional connectivity patterns between brain regions while controlling for physiological noise and head motion.,100,37,0.37
Neuroscience,Neuroimaging,Perform statistical analyses on neuroimaging data while correcting for multiple comparisons across brain voxels or regions.,100,81,0.81
Neuroscience,Neuroimaging,"Preprocess neuroimaging data through standardized pipelines including motion correction, spatial normalization, and smoothing.",100,81,0.81
Neuroscience,Neuroimaging,Segment brain images into tissue types or anatomical regions for volumetric analysis.,100,59,0.59
Medicine & Clinical Sciences,Neurology & Neurosurgery,Acquire structural and functional brain MRI data for analysis of neuroanatomical or connectivity changes.,100,40,0.4
Medicine & Clinical Sciences,Neurology & Neurosurgery,Administer standardized neuropsychological test batteries to assess cognitive function in study participants.,100,29,0.29
Medicine & Clinical Sciences,Neurology & Neurosurgery,"Analyze time to disease milestones such as conversion to dementia, first seizure recurrence, or functional decline.",100,15,0.15
Medicine & Clinical Sciences,Neurology & Neurosurgery,Apply propensity score methods to compare outcomes between different neurosurgical approaches or medical therapies.,100,1,0.01
Medicine & Clinical Sciences,Neurology & Neurosurgery,"Collect PET or SPECT imaging data to assess brain metabolism, perfusion, or molecular targets.",100,6,0.06
Medicine & Clinical Sciences,Neurology & Neurosurgery,Collect cerebrospinal fluid samples for biomarker analysis in neurological disease research.,100,12,0.12
Medicine & Clinical Sciences,Neurology & Neurosurgery,Coordinate with neurology clinics and neurosurgery departments for patient recruitment and specimen collection.,100,57,0.57
Medicine & Clinical Sciences,Neurology & Neurosurgery,"Design clinical trials with neurological endpoints such as cognitive assessments, functional scales, or biomarker changes.",100,15,0.15
Medicine & Clinical Sciences,Neurology & Neurosurgery,Develop consent procedures for patients with cognitive impairment or diminished decision-making capacity.,100,24,0.24
Medicine & Clinical Sciences,Neurology & Neurosurgery,"Develop hypotheses regarding mechanisms of seizure generation, propagation, and pharmacoresistance in epilepsy.",100,3,0.03
Medicine & Clinical Sciences,Neurology & Neurosurgery,Establish collaborations with stroke centers or epilepsy monitoring units for prospective data collection.,100,6,0.06
Medicine & Clinical Sciences,Neurology & Neurosurgery,Estimate treatment effects of pharmacological or surgical interventions on neurological outcomes while adjusting for disease severity and comorbidities.,100,18,0.18
Medicine & Clinical Sciences,Neurology & Neurosurgery,"Formulate hypotheses about neurodegeneration pathways in conditions such as Alzheimer's disease, Parkinson's disease, or amyotrophic lateral sclerosis.",100,13,0.13
Medicine & Clinical Sciences,Neurology & Neurosurgery,Harmonize neurological rating scale scores and diagnostic criteria across multi-site studies or registries.,100,21,0.21
Medicine & Clinical Sciences,Neurology & Neurosurgery,Model progression trajectories for neurodegenerative diseases using longitudinal clinical and biomarker data.,100,6,0.06
Medicine & Clinical Sciences,Neurology & Neurosurgery,"Obtain neuroimaging data using CT, MR angiography, or digital subtraction angiography for cerebrovascular research.",100,21,0.21
Medicine & Clinical Sciences,Neurology & Neurosurgery,Obtain regulatory approval for studies involving invasive neuromodulation or experimental neurosurgical procedures.,100,6,0.06
Medicine & Clinical Sciences,Neurology & Neurosurgery,Plan neurosurgical intervention studies with appropriate sham or standard-of-care control conditions.,100,4,0.04
Medicine & Clinical Sciences,Neurology & Neurosurgery,Propose mechanisms linking cerebrovascular pathology to cognitive decline or stroke outcomes.,100,11,0.11
Medicine & Clinical Sciences,Neurology & Neurosurgery,Record electrophysiological data using electroencephalography or electromyography for diagnostic or research purposes.,100,12,0.12
Medicine & Clinical Sciences,Neurology & Neurosurgery,Standardize neuroimaging protocols and processing pipelines across different scanners and acquisition sites.,100,5,0.05
Psychology,Neuropsychology,Account for practice effects and test-retest reliability when interpreting longitudinal cognitive assessment data.,100,18,0.18
Psychology,Neuropsychology,Apply neuroanatomical and functional brain network frameworks to guide interpretation of cognitive and behavioral deficits.,100,29,0.29
Psychology,Neuropsychology,Consider developmental stage and aging effects when interpreting neuropsychological assessment results across the lifespan.,100,52,0.52
Psychology,Neuropsychology,Control for premorbid functioning and demographic variables when analyzing neuropsychological test performance.,100,79,0.79
Psychology,Neuropsychology,"Coordinate with neurology clinics, rehabilitation centers, or memory disorder programs to recruit patients with specific neurological conditions.",100,43,0.43
Psychology,Neuropsychology,Design symptom validity measures to detect suboptimal effort or malingering during cognitive assessments.,100,0,0.0
Psychology,Neuropsychology,Develop protocols for managing incidental neuroimaging findings that may indicate clinical abnormalities.,100,0,0.0
Psychology,Neuropsychology,Develop structured clinical interview protocols to gather patient history relevant to neurological and psychiatric conditions.,100,31,0.31
Psychology,Neuropsychology,Evaluate whether neuropsychological findings generalize across clinical populations with different etiologies of brain dysfunction.,100,17,0.17
Psychology,Neuropsychology,Integrate cognitive neuroscience models of brain-behavior relationships when formulating research hypotheses about psychological functions.,100,32,0.32
Psychology,Neuropsychology,Obtain informed consent that addresses risks specific to neuroimaging procedures or cognitive testing in vulnerable populations.,100,34,0.34
Psychology,Neuropsychology,"Select and adapt standardized neuropsychological test batteries to assess specific cognitive domains such as memory, attention, or executive function.",100,92,0.92
Statistics,Nonparametric Methods,Apply permutation or resampling methods to construct confidence intervals without distributional assumptions.,98,13,0.132653
Statistics,Nonparametric Methods,Assess measurement reliability using nonparametric approaches appropriate for ordinal or skewed data.,98,5,0.05102
Statistics,Nonparametric Methods,Conduct rank-based hypothesis tests for comparing groups when normality assumptions are violated.,98,6,0.061224
Statistics,Nonparametric Methods,Design rating scales or ordinal response formats suitable for rank-based statistical analysis.,98,1,0.010204
Statistics,Nonparametric Methods,Evaluate whether nonparametric test assumptions hold across different populations or sampling contexts.,98,5,0.05102
Statistics,Nonparametric Methods,Interpret agreement coefficients in the context of chance-corrected versus raw agreement.,98,4,0.040816
Statistics,Nonparametric Methods,Select appropriate inter-rater reliability coefficients based on measurement scale and number of raters.,98,0,0.0
Statistics,Nonparametric Methods,Structure data collection procedures to yield paired or matched observations for nonparametric comparison tests.,98,1,0.010204
Physics & Astronomy,Nuclear Physics,Acquire gamma-ray spectra using semiconductor or scintillation detector systems.,98,2,0.020408
Physics & Astronomy,Nuclear Physics,Apply energy calibrations and efficiency corrections to spectroscopic data.,98,9,0.091837
Physics & Astronomy,Nuclear Physics,Calculate nuclear reaction cross-sections and decay rates from theoretical models.,98,35,0.357143
Physics & Astronomy,Nuclear Physics,Characterize detector energy resolution and efficiency across relevant energy ranges.,98,7,0.071429
Physics & Astronomy,Nuclear Physics,Compare measured nuclear level schemes with theoretical structure calculations.,98,23,0.234694
Physics & Astronomy,Nuclear Physics,Correct for detector pile-up and coincidence summing effects.,98,1,0.010204
Physics & Astronomy,Nuclear Physics,Derive nuclear structure properties using shell model or collective model frameworks.,98,23,0.234694
Physics & Astronomy,Nuclear Physics,Design beam configurations and target arrangements for nuclear reaction experiments.,98,6,0.061224
Physics & Astronomy,Nuclear Physics,Determine timing resolution and dead time corrections for counting systems.,98,3,0.030612
Physics & Astronomy,Nuclear Physics,Fit peak shapes and extract intensities from gamma-ray or particle spectra.,98,9,0.091837
Physics & Astronomy,Nuclear Physics,Maintain vacuum systems and beam transport components for accelerator experiments.,98,4,0.040816
Physics & Astronomy,Nuclear Physics,Measure nuclear decay half-lives through time-resolved counting experiments.,98,1,0.010204
Physics & Astronomy,Nuclear Physics,Model nuclear reaction dynamics and decay cascades computationally.,98,59,0.602041
Physics & Astronomy,Nuclear Physics,Predict energy spectra and branching ratios for nuclear transitions.,98,15,0.153061
Physics & Astronomy,Nuclear Physics,Prepare radioactive targets and sources for nuclear physics experiments.,98,1,0.010204
Physics & Astronomy,Nuclear Physics,Produce isotopically enriched samples for precision nuclear measurements.,98,0,0.0
Physics & Astronomy,Nuclear Physics,Propagate statistical and systematic uncertainties through nuclear data analysis.,98,31,0.316327
Physics & Astronomy,Nuclear Physics,"Quantify uncertainties in measured cross-sections, half-lives, and branching ratios.",98,13,0.132653
Physics & Astronomy,Nuclear Physics,Record particle detection events from charged particle or neutron detectors.,98,12,0.122449
Physics & Astronomy,Nuclear Physics,Service and test radiation detection electronics and data acquisition systems.,98,5,0.05102
Physics & Astronomy,Nuclear Physics,Simulate particle transport and detector response using Monte Carlo codes.,98,19,0.193878
Physics & Astronomy,Nuclear Physics,Specify shielding requirements and detector geometries for radiation measurements.,98,4,0.040816
Physics & Astronomy,Nuclear Physics,Subtract background radiation contributions from measured spectra.,98,10,0.102041
Mathematics,Number Theory,Analyze the precision and reliability of computational results for large integer factorizations or primality tests.,99,0,0.0
Mathematics,Number Theory,Compare theoretical predictions of prime-counting functions against computed numerical data.,99,1,0.010101
Mathematics,Number Theory,Construct explicit examples of algebraic varieties to test or illustrate theoretical predictions.,99,14,0.141414
Mathematics,Number Theory,Derive algebraic properties of number fields and their rings of integers from structural axioms.,99,42,0.424242
Mathematics,Number Theory,Derive asymptotic formulas for arithmetic functions using analytic techniques such as contour integration and residue calculus.,100,21,0.21
Mathematics,Number Theory,Establish bounds on exponential sums and character sums to obtain number-theoretic estimates.,100,18,0.18
Mathematics,Number Theory,Estimate error terms in asymptotic expansions of number-theoretic functions.,99,21,0.212121
Mathematics,Number Theory,Formulate conjectures about prime distribution patterns based on heuristic arguments and computational evidence.,99,4,0.040404
Mathematics,Number Theory,"Perform symbolic and numerical computations involving modular forms, elliptic curves, or zeta functions.",99,25,0.252525
Mathematics,Number Theory,Run computational searches for counterexamples to open conjectures in number theory.,99,5,0.050505
Mathematics,Number Theory,Verify conjectured identities involving L-functions by matching analytic predictions with numerical evaluations.,99,3,0.030303
Mathematics,Numerical Analysis & Scientific Computing,Analyze truncation error and round-off error propagation through multi-step numerical computations.,98,30,0.306122
Mathematics,Numerical Analysis & Scientific Computing,Derive numerical approximations of continuous operators to enable discrete computation of physical phenomena.,98,79,0.806122
Mathematics,Numerical Analysis & Scientific Computing,Establish theoretical convergence rates and stability conditions for numerical algorithms.,98,67,0.683673
Mathematics,Numerical Analysis & Scientific Computing,Estimate discretization error using mesh refinement studies and Richardson extrapolation.,98,11,0.112245
Mathematics,Numerical Analysis & Scientific Computing,Formulate discretization schemes for partial differential equations based on conservation laws and boundary conditions.,98,42,0.428571
Mathematics,Numerical Analysis & Scientific Computing,Generate computational meshes and grids appropriate for the geometry and physics of simulation domains.,98,48,0.489796
Mathematics,Numerical Analysis & Scientific Computing,Implement interpolation and approximation methods to reconstruct continuous fields from discrete data samples.,98,32,0.326531
Mathematics,Numerical Analysis & Scientific Computing,Implement time-stepping schemes to advance solutions of ordinary and partial differential equations.,98,49,0.5
Mathematics,Numerical Analysis & Scientific Computing,"Optimize computational performance through algorithm selection, parallelization, and memory management.",98,23,0.234694
Mathematics,Numerical Analysis & Scientific Computing,Optimize model parameters through nonlinear least squares fitting with iterative solvers.,98,8,0.081633
Mathematics,Numerical Analysis & Scientific Computing,Perform sensitivity analysis to assess how input parameter variations affect simulation outputs.,98,15,0.153061
Mathematics,Numerical Analysis & Scientific Computing,Solve inverse problems by fitting computational models to observed data using regularization techniques.,98,13,0.132653
Mathematics,Numerical Analysis & Scientific Computing,Solve large sparse linear systems arising from discretized physical models using direct or iterative methods.,98,50,0.510204
Mathematics,Numerical Analysis & Scientific Computing,Validate simulation results against experimental or observational benchmark data.,98,6,0.061224
Mathematics,Numerical Analysis & Scientific Computing,Verify numerical code correctness through comparison with analytical solutions and manufactured solutions.,98,58,0.591837
Medicine & Clinical Sciences,Nursing & Allied Health,Adjust for selection bias when comparing outcomes across different care settings or patient populations.,100,3,0.03
Medicine & Clinical Sciences,Nursing & Allied Health,"Analyze patient outcomes over time including hospital readmissions, recovery trajectories, or disease progression.",100,9,0.09
Medicine & Clinical Sciences,Nursing & Allied Health,Collaborate with interdisciplinary clinical teams to integrate research protocols into routine care workflows.,100,13,0.13
Medicine & Clinical Sciences,Nursing & Allied Health,Coordinate with nursing units and allied health departments to facilitate patient recruitment and data collection.,100,47,0.47
Medicine & Clinical Sciences,Nursing & Allied Health,Design pragmatic clinical studies evaluating nursing care protocols or allied health interventions in real-world healthcare settings.,100,21,0.21
Medicine & Clinical Sciences,Nursing & Allied Health,Develop informed consent procedures appropriate for patients with varying levels of health literacy or decision-making capacity.,100,34,0.34
Medicine & Clinical Sciences,Nursing & Allied Health,Develop research questions examining relationships between care delivery models and patient safety or quality indicators.,100,12,0.12
Medicine & Clinical Sciences,Nursing & Allied Health,Ensure protection of sensitive patient information when collecting data on care processes and health outcomes.,100,44,0.44
Medicine & Clinical Sciences,Nursing & Allied Health,Estimate effects of nursing staffing levels or care interventions while controlling for patient acuity and comorbidities.,100,5,0.05
Medicine & Clinical Sciences,Nursing & Allied Health,"Formulate hypotheses about nursing interventions and their effects on patient outcomes such as falls, infections, or pressure injuries.",100,2,0.02
Medicine & Clinical Sciences,Nursing & Allied Health,Map nursing diagnoses and interventions to standardized terminologies for cross-institutional comparisons.,100,3,0.03
Medicine & Clinical Sciences,Nursing & Allied Health,"Obtain IRB approval for studies involving vulnerable populations such as elderly patients, critically ill individuals, or those with cognitive impairments.",100,54,0.54
Medicine & Clinical Sciences,Nursing & Allied Health,Plan mixed-methods studies combining quantitative patient outcomes with qualitative data on care experiences.,100,10,0.1
Medicine & Clinical Sciences,Nursing & Allied Health,"Recruit patients and caregivers from inpatient units, outpatient clinics, or long-term care facilities for study participation.",100,26,0.26
Medicine & Clinical Sciences,Nursing & Allied Health,Standardize nursing assessment data and care documentation across multiple clinical sites or healthcare systems.,100,4,0.04
Medicine & Clinical Sciences,Obstetrics & Gynecology,Account for gestational age as a time-varying confounder in perinatal intervention studies.,100,0,0.0
Medicine & Clinical Sciences,Obstetrics & Gynecology,Acquire obstetric ultrasound imaging data to assess fetal growth and development.,100,10,0.1
Medicine & Clinical Sciences,Obstetrics & Gynecology,Analyze time-to-delivery outcomes accounting for competing risks and gestational age at enrollment.,100,1,0.01
Medicine & Clinical Sciences,Obstetrics & Gynecology,"Collect biological specimens including placental tissue, cord blood, and amniotic fluid for analysis.",100,5,0.05
Medicine & Clinical Sciences,Obstetrics & Gynecology,Collect pelvic imaging data for evaluation of gynecologic conditions and tumors.,100,10,0.1
Medicine & Clinical Sciences,Obstetrics & Gynecology,Coordinate with labor and delivery units for prospective sample collection during childbirth.,100,10,0.1
Medicine & Clinical Sciences,Obstetrics & Gynecology,Design prospective cohort studies to track pregnancy outcomes across trimesters.,100,8,0.08
Medicine & Clinical Sciences,Obstetrics & Gynecology,Design studies with appropriate gestational age windows and trimester-specific endpoints.,100,24,0.24
Medicine & Clinical Sciences,Obstetrics & Gynecology,Develop randomized controlled trials comparing interventions for labor and delivery management.,100,0,0.0
Medicine & Clinical Sciences,Obstetrics & Gynecology,Develop research questions examining hormonal influences on reproductive function and fertility.,100,12,0.12
Medicine & Clinical Sciences,Obstetrics & Gynecology,Ensure compliance with regulations governing the collection and storage of reproductive tissues and fetal specimens.,100,10,0.1
Medicine & Clinical Sciences,Obstetrics & Gynecology,Establish partnerships with prenatal clinics for longitudinal participant recruitment and follow-up.,100,11,0.11
Medicine & Clinical Sciences,Obstetrics & Gynecology,Estimate treatment effects on maternal and neonatal outcomes while adjusting for pregnancy-specific confounders.,100,16,0.16
Medicine & Clinical Sciences,Obstetrics & Gynecology,Evaluate survival and recurrence outcomes in gynecologic oncology research.,100,4,0.04
Medicine & Clinical Sciences,Obstetrics & Gynecology,Formulate hypotheses about maternal-fetal physiological interactions and their effects on pregnancy outcomes.,100,13,0.13
Medicine & Clinical Sciences,Obstetrics & Gynecology,Generate hypotheses about risk factors for gynecologic malignancies and their progression.,100,7,0.07
Medicine & Clinical Sciences,Obstetrics & Gynecology,Harmonize obstetric outcome definitions across institutions and international coding systems.,100,6,0.06
Medicine & Clinical Sciences,Obstetrics & Gynecology,Model time to pregnancy and fertility treatment outcomes in reproductive studies.,100,3,0.03
Medicine & Clinical Sciences,Obstetrics & Gynecology,Navigate IRB requirements for research involving vulnerable populations including pregnant women and fetuses.,100,40,0.4
Medicine & Clinical Sciences,Obstetrics & Gynecology,Obtain cervical samples and endometrial biopsies for gynecologic research.,100,5,0.05
Medicine & Clinical Sciences,Obstetrics & Gynecology,Obtain informed consent from pregnant participants addressing risks to both mother and fetus.,100,34,0.34
Medicine & Clinical Sciences,Obstetrics & Gynecology,Recruit pregnant women at specific gestational ages for longitudinal pregnancy studies.,100,12,0.12
Medicine & Clinical Sciences,Obstetrics & Gynecology,Standardize gestational age calculations and pregnancy dating across different clinical sources.,100,10,0.1
Earth & Planetary Sciences,Oceanography,"Acquire satellite remote sensing data to map sea surface temperature, chlorophyll, and ocean color.",100,14,0.14
Earth & Planetary Sciences,Oceanography,Calculate wave propagation characteristics using linear wave theory and bathymetric data.,100,5,0.05
Earth & Planetary Sciences,Oceanography,Characterize sensor drift and biofouling effects on moored oceanographic instruments.,100,3,0.03
Earth & Planetary Sciences,Oceanography,Collect bathymetric data using multibeam sonar systems for seafloor mapping.,100,1,0.01
Earth & Planetary Sciences,Oceanography,Collect sediment cores from the seafloor for stratigraphic and geochemical analysis.,100,2,0.02
Earth & Planetary Sciences,Oceanography,Collect water column profiles using CTD rosette systems to measure physical and chemical properties.,100,20,0.2
Earth & Planetary Sciences,Oceanography,Correct satellite altimetry data for atmospheric and geophysical effects.,100,3,0.03
Earth & Planetary Sciences,Oceanography,Deploy current meters and acoustic Doppler profilers to measure ocean velocity fields.,100,15,0.15
Earth & Planetary Sciences,Oceanography,Derive ocean circulation patterns from geostrophic balance equations and density gradients.,100,15,0.15
Earth & Planetary Sciences,Oceanography,Execute coupled physical-biogeochemical models to study nutrient cycling and ecosystem dynamics.,100,6,0.06
Earth & Planetary Sciences,Oceanography,Fit empirical models to observed relationships between physical and biogeochemical variables.,100,34,0.34
Earth & Planetary Sciences,Oceanography,"Maintain mooring systems including anchors, flotation, and instrument housings for redeployment.",100,8,0.08
Earth & Planetary Sciences,Oceanography,Predict tidal dynamics from harmonic analysis of astronomical forcing.,100,2,0.02
Earth & Planetary Sciences,Oceanography,"Quantify uncertainty in derived quantities such as heat flux, transport, and mixing rates.",100,46,0.46
Earth & Planetary Sciences,Oceanography,Remove tidal signals from sea level and current measurements to isolate subtidal variability.,100,6,0.06
Earth & Planetary Sciences,Oceanography,"Retrieve data from autonomous platforms including gliders, floats, and drifters.",100,13,0.13
Earth & Planetary Sciences,Oceanography,Run regional ocean circulation models to simulate current patterns and water mass distributions.,100,28,0.28
Earth & Planetary Sciences,Oceanography,Service autonomous underwater vehicles and gliders between research missions.,100,0,0.0
Earth & Planetary Sciences,Oceanography,Simulate wave propagation and coastal hydrodynamics for nearshore environments.,100,4,0.04
Medicine & Clinical Sciences,Oncology,Acquire diagnostic and follow-up imaging data to assess tumor burden and treatment response.,100,43,0.43
Medicine & Clinical Sciences,Oncology,Analyze overall survival and progression-free survival outcomes using appropriate censoring methods.,100,51,0.51
Medicine & Clinical Sciences,Oncology,Assess the independent prognostic value of biomarkers while controlling for established clinical factors.,100,26,0.26
Medicine & Clinical Sciences,Oncology,Collaborate with multidisciplinary oncology teams to facilitate patient enrollment and data collection.,100,43,0.43
Medicine & Clinical Sciences,Oncology,Collect tumor tissue samples through biopsy or surgical resection for molecular analysis.,100,42,0.42
Medicine & Clinical Sciences,Oncology,Coordinate with cancer centers and tumor banks for access to annotated tissue specimens.,100,16,0.16
Medicine & Clinical Sciences,Oncology,Design oncology clinical trials with appropriate tumor response criteria and survival endpoints.,100,15,0.15
Medicine & Clinical Sciences,Oncology,Determine optimal dosing schedules and dose-escalation schemes for cancer therapeutic agents.,100,12,0.12
Medicine & Clinical Sciences,Oncology,Develop hypotheses linking genetic mutations or biomarkers to cancer prognosis or therapeutic response.,100,37,0.37
Medicine & Clinical Sciences,Oncology,"Estimate treatment effects while adjusting for tumor characteristics, comorbidities, and prior therapies.",100,24,0.24
Medicine & Clinical Sciences,Oncology,Evaluate time to tumor recurrence or metastasis following primary treatment.,100,37,0.37
Medicine & Clinical Sciences,Oncology,Formulate hypotheses about tumor molecular pathways and their roles in cancer progression or treatment resistance.,100,18,0.18
Medicine & Clinical Sciences,Oncology,Harmonize tumor staging classifications across different cancer staging systems and institutional practices.,100,5,0.05
Medicine & Clinical Sciences,Oncology,"Obtain blood samples for circulating tumor DNA, biomarker, or immune profiling studies.",100,21,0.21
Medicine & Clinical Sciences,Oncology,Prepare IRB protocols addressing risks specific to cancer patients including treatment toxicity and disease progression.,100,40,0.4
Medicine & Clinical Sciences,Oncology,"Recruit cancer patients meeting specific eligibility criteria based on tumor type, stage, and prior treatments.",100,60,0.6
Medicine & Clinical Sciences,Oncology,Select appropriate control arms for cancer trials considering standard-of-care treatments and ethical constraints.,100,8,0.08
Medicine & Clinical Sciences,Oncology,Standardize histopathological grading and classification data across multiple study sites.,100,15,0.15
Business & Management,Operations & Supply Chain Management,"Acquire secondary data from industry databases on firm performance, trade flows, or logistics metrics.",100,12,0.12
Business & Management,Operations & Supply Chain Management,Address endogeneity concerns when analyzing the relationship between supply chain practices and firm performance.,100,2,0.02
Business & Management,Operations & Supply Chain Management,"Administer surveys to supply chain professionals, purchasing managers, or logistics coordinators.",100,29,0.29
Business & Management,Operations & Supply Chain Management,Analyze open-ended survey responses to categorize supply chain disruption experiences or sustainability initiatives.,100,0,0.0
Business & Management,Operations & Supply Chain Management,Apply operations management theories such as transaction cost economics or resource-based view to frame supply chain research questions.,100,21,0.21
Business & Management,Operations & Supply Chain Management,"Assess whether supply chain findings generalize across industries, geographic regions, or firm sizes.",100,9,0.09
Business & Management,Operations & Supply Chain Management,"Clean and standardize operational data including inventory records, lead times, and demand forecasts.",100,8,0.08
Business & Management,Operations & Supply Chain Management,Code qualitative data from interviews with supply chain practitioners to identify themes in operational decision-making.,100,22,0.22
Business & Management,Operations & Supply Chain Management,"Collect primary data through plant visits, warehouse observations, or process audits.",100,12,0.12
Business & Management,Operations & Supply Chain Management,Control for firm-level and industry-level confounders in observational studies of operational outcomes.,100,3,0.03
Business & Management,Operations & Supply Chain Management,"Coordinate with manufacturing firms, retailers, or logistics providers to access operational data or recruit study participants.",100,51,0.51
Business & Management,Operations & Supply Chain Management,Design interview protocols to explore decision-making processes of supply chain managers and procurement professionals.,100,23,0.23
Business & Management,Operations & Supply Chain Management,"Design surveys to measure supply chain practices, capabilities, or performance outcomes from managers or practitioners.",100,30,0.3
Business & Management,Operations & Supply Chain Management,Develop case study protocols to investigate operational challenges and solutions within firms or supply networks.,100,22,0.22
Business & Management,Operations & Supply Chain Management,"Develop questionnaires to assess supplier relationship quality, collaboration intensity, or risk management practices.",100,8,0.08
Business & Management,Operations & Supply Chain Management,Establish partnerships with industry associations to facilitate large-scale surveys of supply chain professionals.,100,1,0.01
Business & Management,Operations & Supply Chain Management,Evaluate the transferability of operational improvement strategies across manufacturing and service contexts.,100,1,0.01
Business & Management,Operations & Supply Chain Management,"Extract operational and financial data from company reports, government trade statistics, or public procurement records.",100,13,0.13
Business & Management,Operations & Supply Chain Management,Integrate behavioral decision-making theories to explain supplier or buyer choices in procurement and sourcing contexts.,100,1,0.01
Business & Management,Operations & Supply Chain Management,Obtain organizational permissions and confidentiality agreements for accessing proprietary supply chain or operational data.,100,23,0.23
Business & Management,Operations & Supply Chain Management,Recode survey responses on supply chain practices into constructs for statistical analysis.,100,22,0.22
Medicine & Clinical Sciences,Ophthalmology & Otolaryngology,Account for confounding by indication when comparing surgical versus medical management of sensory disorders.,100,0,0.0
Medicine & Clinical Sciences,Ophthalmology & Otolaryngology,"Acquire retinal imaging data using optical coherence tomography, fundus photography, or fluorescein angiography.",100,28,0.28
Medicine & Clinical Sciences,Ophthalmology & Otolaryngology,"Analyze time to vision loss, graft failure, or hearing deterioration as primary study outcomes.",100,1,0.01
Medicine & Clinical Sciences,Ophthalmology & Otolaryngology,Collect corneal topography and anterior segment imaging for studies of ocular surface disorders.,100,10,0.1
Medicine & Clinical Sciences,Ophthalmology & Otolaryngology,"Collect ocular tissue samples, aqueous humor, or tear fluid for laboratory analysis.",100,23,0.23
Medicine & Clinical Sciences,Ophthalmology & Otolaryngology,Coordinate with ophthalmology or otolaryngology departments at multiple institutions for multicenter trial recruitment.,100,8,0.08
Medicine & Clinical Sciences,Ophthalmology & Otolaryngology,"Design clinical trials with visual acuity, intraocular pressure, or audiometric thresholds as primary endpoints.",100,6,0.06
Medicine & Clinical Sciences,Ophthalmology & Otolaryngology,Develop hypotheses regarding risk factors for progressive sensory disorders such as glaucoma or sensorineural hearing loss.,100,16,0.16
Medicine & Clinical Sciences,Ophthalmology & Otolaryngology,Establish appropriate control groups for surgical intervention studies involving ocular or otologic procedures.,100,9,0.09
Medicine & Clinical Sciences,Ophthalmology & Otolaryngology,Estimate treatment effects of ophthalmic or otologic interventions while adjusting for baseline disease severity.,100,10,0.1
Medicine & Clinical Sciences,Ophthalmology & Otolaryngology,Formulate hypotheses about mechanisms of vision loss or hearing impairment based on anatomical and physiological evidence.,100,32,0.32
Medicine & Clinical Sciences,Ophthalmology & Otolaryngology,Harmonize visual acuity measurements across different notation systems and testing protocols.,100,13,0.13
Medicine & Clinical Sciences,Ophthalmology & Otolaryngology,Model progression of retinal or cochlear degeneration using longitudinal imaging or functional measurements.,100,7,0.07
Medicine & Clinical Sciences,Ophthalmology & Otolaryngology,Obtain middle ear fluid or nasal mucosal samples during surgical procedures for research purposes.,100,1,0.01
Medicine & Clinical Sciences,Ophthalmology & Otolaryngology,Obtain temporal bone or sinus imaging data from CT or MRI scans for anatomical or pathological analysis.,100,6,0.06
Medicine & Clinical Sciences,Ophthalmology & Otolaryngology,Recruit patients with specific ocular or otologic conditions from subspecialty clinics for prospective studies.,100,39,0.39
Medicine & Clinical Sciences,Ophthalmology & Otolaryngology,Standardize audiometric data collected using different equipment or calibration standards across study sites.,100,0,0.0
Physics & Astronomy,Optics & Photonics,Acquire spectral data using spectrometers and monochromators for material characterization.,100,25,0.25
Physics & Astronomy,Optics & Photonics,Align and maintain laser systems including cavity mirrors and gain media.,100,18,0.18
Physics & Astronomy,Optics & Photonics,Calculate expected interference and diffraction patterns for optical system designs.,100,15,0.15
Physics & Astronomy,Optics & Photonics,"Calibrate optical power meters, spectrometers, and photodetectors against reference standards.",100,8,0.08
Physics & Astronomy,Optics & Photonics,Capture optical images and interferograms using CCD or CMOS cameras and photodetector arrays.,100,43,0.43
Physics & Astronomy,Optics & Photonics,Characterize laser beam profiles including spatial mode quality and divergence.,100,12,0.12
Physics & Astronomy,Optics & Photonics,Derive beam propagation characteristics from Maxwell's equations and paraxial approximations.,100,13,0.13
Physics & Astronomy,Optics & Photonics,Design optical setups with vibration isolation and temperature control to minimize environmental noise.,100,4,0.04
Physics & Astronomy,Optics & Photonics,Extract refractive indices and absorption coefficients by fitting transmission and reflection data.,100,3,0.03
Physics & Astronomy,Optics & Photonics,Fabricate optical thin films and coatings using deposition techniques for specific wavelength applications.,100,12,0.12
Physics & Astronomy,Optics & Photonics,Filter noise from photodetector signals using lock-in amplification or signal averaging techniques.,100,11,0.11
Physics & Astronomy,Optics & Photonics,Fit measured spectra to theoretical lineshapes for extracting material optical properties.,100,19,0.19
Physics & Astronomy,Optics & Photonics,Measure and correct for aberrations in imaging systems using wavefront sensors.,100,0,0.0
Physics & Astronomy,Optics & Photonics,Measure temporal pulse characteristics using autocorrelators or streak cameras.,100,7,0.07
Physics & Astronomy,Optics & Photonics,Model light-matter interactions in optical cavities and resonant structures numerically.,100,27,0.27
Physics & Astronomy,Optics & Photonics,Model nonlinear optical effects such as harmonic generation and self-focusing in materials.,100,15,0.15
Physics & Astronomy,Optics & Photonics,Perform ray tracing simulations to optimize lens systems and optical instrument designs.,100,2,0.02
Physics & Astronomy,Optics & Photonics,Prepare photonic structures and waveguides through lithography or direct laser writing.,100,24,0.24
Physics & Astronomy,Optics & Photonics,Propagate errors through optical transfer functions and system response calculations.,100,7,0.07
Physics & Astronomy,Optics & Photonics,Quantify optical measurement uncertainties including detector noise and alignment tolerances.,100,24,0.24
Physics & Astronomy,Optics & Photonics,Simulate electromagnetic wave propagation using finite-difference time-domain or beam propagation methods.,100,38,0.38
Mathematics,Optimization & Operations Research,Analyze convergence properties and complexity bounds for proposed optimization algorithms.,100,56,0.56
Mathematics,Optimization & Operations Research,Calibrate algorithm hyperparameters through systematic tuning experiments on representative problem instances.,100,7,0.07
Mathematics,Optimization & Operations Research,Conduct sensitivity analysis to assess how parameter variations affect optimal solutions and objective values.,100,11,0.11
Mathematics,Optimization & Operations Research,Derive optimality conditions and bounds from mathematical programming formulations to characterize solution quality.,100,75,0.75
Mathematics,Optimization & Operations Research,Design computational experiments with systematic parameter variations to evaluate algorithm robustness.,100,47,0.47
Mathematics,Optimization & Operations Research,Fit surrogate models or response surfaces to approximate complex objective functions in optimization problems.,100,4,0.04
Mathematics,Optimization & Operations Research,Formulate real-world decision problems as mathematical optimization models with objective functions and constraints.,100,49,0.49
Mathematics,Optimization & Operations Research,Simulate stochastic processes and scenarios to evaluate optimization solutions under uncertainty.,100,1,0.01
Chemistry,Organic Chemistry,Calculate molecular properties and conformational energies using density functional theory methods.,100,13,0.13
Chemistry,Organic Chemistry,Correlate spectroscopic data with proposed structures to confirm compound identity.,100,82,0.82
Chemistry,Organic Chemistry,Design control experiments to establish reaction mechanisms and identify key intermediates.,100,42,0.42
Chemistry,Organic Chemistry,Design retrosynthetic pathways to identify viable routes for target molecule synthesis.,100,21,0.21
Chemistry,Organic Chemistry,Determine enantiomeric excess using chiral HPLC or NMR shift reagents.,100,10,0.1
Chemistry,Organic Chemistry,Interpret NMR coupling patterns and chemical shifts to assign molecular structures.,100,77,0.77
Chemistry,Organic Chemistry,Monitor reaction progress using thin-layer chromatography or in-situ spectroscopic methods.,100,62,0.62
Chemistry,Organic Chemistry,"Optimize reaction conditions by systematically varying temperature, solvent, catalyst, and stoichiometry.",100,64,0.64
Chemistry,Organic Chemistry,Perform computational modeling of reaction transition states and intermediates to support mechanistic proposals.,100,13,0.13
Chemistry,Organic Chemistry,Predict reaction outcomes and product distributions using mechanistic reasoning and electronic effects.,100,45,0.45
Chemistry,Organic Chemistry,Predict stereochemical outcomes of reactions based on substrate geometry and reaction conditions.,100,16,0.16
Chemistry,Organic Chemistry,"Purify crude reaction mixtures using column chromatography, recrystallization, or distillation.",100,83,0.83
Chemistry,Organic Chemistry,Scale up synthetic procedures from milligram to gram quantities while maintaining yield and selectivity.,100,12,0.12
Chemistry,Organic Chemistry,Select appropriate protecting group strategies to achieve chemoselectivity in multistep syntheses.,100,18,0.18
Chemistry,Organic Chemistry,Synthesize organic compounds through multi-step reaction sequences with purification at each stage.,100,67,0.67
Psychology,Organizational & Industrial Psychology,"Account for nested data structures when employees are clustered within teams, departments, or organizations.",100,10,0.1
Psychology,Organizational & Industrial Psychology,"Acquire archival human resource data including performance ratings, turnover records, and training completion.",100,2,0.02
Psychology,Organizational & Industrial Psychology,Address common method variance when predictor and outcome variables are collected from the same self-report source.,100,16,0.16
Psychology,Organizational & Industrial Psychology,Address confidentiality concerns when collecting data that could identify individual employees to their employers.,100,41,0.41
Psychology,Organizational & Industrial Psychology,"Administer employee surveys measuring attitudes, perceptions, and self-reported behaviors in organizational settings.",100,64,0.64
Psychology,Organizational & Industrial Psychology,Analyze open-ended survey responses about workplace experiences using content analysis or thematic coding.,100,3,0.03
Psychology,Organizational & Industrial Psychology,Apply theories of work motivation and job attitudes to frame hypotheses about employee behavior and performance.,100,26,0.26
Psychology,Organizational & Industrial Psychology,Assess the extent to which laboratory-based findings on work behavior translate to actual workplace settings.,100,3,0.03
Psychology,Organizational & Industrial Psychology,"Code qualitative interview data to identify themes related to employee motivation, stress, or career development.",100,7,0.07
Psychology,Organizational & Industrial Psychology,"Collect observational data on team interactions, leadership behaviors, or workplace safety practices.",100,4,0.04
Psychology,Organizational & Industrial Psychology,Conduct structured or behavioral interviews to assess job candidates or gather data on workplace experiences.,100,7,0.07
Psychology,Organizational & Industrial Psychology,"Construct scales to measure workplace constructs such as burnout, engagement, or perceived organizational support.",100,19,0.19
Psychology,Organizational & Industrial Psychology,"Control for confounding variables such as tenure, job level, or industry when analyzing workplace outcomes.",100,17,0.17
Psychology,Organizational & Industrial Psychology,"Design self-report measures to assess job satisfaction, organizational commitment, and turnover intentions.",100,2,0.02
Psychology,Organizational & Industrial Psychology,Design semi-structured interview protocols to explore employee experiences with organizational change or leadership.,100,6,0.06
Psychology,Organizational & Industrial Psychology,Develop focus group guides to gather employee perspectives on workplace culture and team dynamics.,100,0,0.0
Psychology,Organizational & Industrial Psychology,"Develop multi-source rating instruments to capture supervisor, peer, and subordinate evaluations of employee performance.",100,1,0.01
Psychology,Organizational & Industrial Psychology,Draw on leadership theories to develop research questions about supervisor-subordinate relationships and team effectiveness.,100,7,0.07
Psychology,Organizational & Industrial Psychology,"Evaluate whether findings from single-organization studies will generalize to other industries, job types, or national cultures.",100,12,0.12
Psychology,Organizational & Industrial Psychology,Negotiate data access agreements with organizations to obtain employee survey or personnel records.,100,46,0.46
Psychology,Organizational & Industrial Psychology,Obtain organizational approval and employee informed consent for workplace-based research involving sensitive personnel data.,100,69,0.69
Psychology,Organizational & Industrial Psychology,"Obtain organizational records on absenteeism, productivity metrics, or safety incidents for research purposes.",100,1,0.01
Psychology,Organizational & Industrial Psychology,Partner with human resource departments to recruit employee participants for workplace studies.,100,28,0.28
Business & Management,Organizational Behavior & Human Resources,Access workforce analytics data from organizational information systems for research purposes.,100,1,0.01
Business & Management,Organizational Behavior & Human Resources,"Account for nested data structures when employees are clustered within teams, departments, or organizations.",100,5,0.05
Business & Management,Organizational Behavior & Human Resources,"Acquire archival HR data including performance ratings, turnover records, or compensation information from partner organizations.",100,0,0.0
Business & Management,Organizational Behavior & Human Resources,Address common method bias when analyzing self-reported predictor and outcome variables from the same survey.,100,10,0.1
Business & Management,Organizational Behavior & Human Resources,"Analyze open-ended survey responses about job satisfaction, turnover reasons, or workplace experiences.",100,6,0.06
Business & Management,Organizational Behavior & Human Resources,"Apply organizational theories such as social exchange, psychological contract, or resource-based view to frame hypotheses about employee-organization relationships.",100,20,0.2
Business & Management,Organizational Behavior & Human Resources,Assess the transferability of HR practice effects across different organizational contexts and workforce compositions.,100,3,0.03
Business & Management,Organizational Behavior & Human Resources,"Code interview transcripts to identify themes related to employee motivation, leadership, or organizational culture.",100,20,0.2
Business & Management,Organizational Behavior & Human Resources,"Construct scales to measure HR practices, organizational climate, or workplace perceptions at individual or unit levels.",100,38,0.38
Business & Management,Organizational Behavior & Human Resources,Control for endogeneity when examining relationships between HR practices and organizational outcomes.,100,1,0.01
Business & Management,Organizational Behavior & Human Resources,Coordinate with organizational sponsors to recruit employee participants while minimizing disruption to work activities.,100,45,0.45
Business & Management,Organizational Behavior & Human Resources,Design consent procedures that protect employee anonymity from supervisors and organizational leadership.,100,18,0.18
Business & Management,Organizational Behavior & Human Resources,"Design employee surveys to measure job satisfaction, organizational commitment, or turnover intentions.",100,22,0.22
Business & Management,Organizational Behavior & Human Resources,"Design interview protocols to explore employee experiences with HR policies, leadership, or organizational change.",100,21,0.21
Business & Management,Organizational Behavior & Human Resources,"Develop focus group guides to investigate team dynamics, workplace culture, or reactions to management initiatives.",100,0,0.0
Business & Management,Organizational Behavior & Human Resources,Develop multi-rater instruments to assess leadership behaviors or employee performance from multiple perspectives.,100,4,0.04
Business & Management,Organizational Behavior & Human Resources,"Draw on motivation theories to develop research questions about employee engagement, performance, or retention.",100,16,0.16
Business & Management,Organizational Behavior & Human Resources,"Evaluate whether findings from single-organization studies will generalize across industries, firm sizes, or national cultures.",100,7,0.07
Business & Management,Organizational Behavior & Human Resources,Navigate organizational gatekeepers and legal departments to obtain approval for employee research participation.,100,35,0.35
Business & Management,Organizational Behavior & Human Resources,Negotiate data access agreements with HR departments specifying confidentiality protections and data use limitations.,100,22,0.22
Medicine & Clinical Sciences,Orthopedics & Rehabilitation,Analyze time to return-to-activity or return-to-sport following orthopedic surgery or injury.,100,6,0.06
Medicine & Clinical Sciences,Orthopedics & Rehabilitation,Compare rehabilitation outcomes across patient populations while controlling for baseline functional status.,100,3,0.03
Medicine & Clinical Sciences,Orthopedics & Rehabilitation,Coordinate with orthopedic surgery departments and rehabilitation centers for multi-site patient enrollment.,100,7,0.07
Medicine & Clinical Sciences,Orthopedics & Rehabilitation,Design randomized controlled trials comparing surgical versus conservative treatment approaches for musculoskeletal conditions.,100,0,0.0
Medicine & Clinical Sciences,Orthopedics & Rehabilitation,Develop hypotheses regarding the efficacy of rehabilitation protocols on functional recovery outcomes.,100,5,0.05
Medicine & Clinical Sciences,Orthopedics & Rehabilitation,Establish clinically meaningful endpoints for orthopedic trials using validated patient-reported outcome measures.,100,20,0.2
Medicine & Clinical Sciences,Orthopedics & Rehabilitation,Estimate treatment effects of surgical interventions while adjusting for patient comorbidities and injury severity.,100,7,0.07
Medicine & Clinical Sciences,Orthopedics & Rehabilitation,Evaluate implant survival and revision rates over long-term follow-up periods.,100,10,0.1
Medicine & Clinical Sciences,Orthopedics & Rehabilitation,Formulate hypotheses about biomechanical factors contributing to joint degeneration or injury risk.,100,6,0.06
Medicine & Clinical Sciences,Orthopedics & Rehabilitation,Harmonize injury classification systems and surgical coding across multi-site orthopedic databases.,100,2,0.02
Medicine & Clinical Sciences,Orthopedics & Rehabilitation,Recruit patients undergoing joint replacement or reconstructive surgery for prospective outcome studies.,100,15,0.15
Medicine & Clinical Sciences,Orthopedics & Rehabilitation,Standardize functional outcome measures collected using different assessment protocols or instruments.,100,4,0.04
Earth & Planetary Sciences,Paleontology,Apply stratigraphic correlation techniques to establish relative ages and depositional sequences of fossil-bearing units.,100,48,0.48
Earth & Planetary Sciences,Paleontology,Collect stratigraphic and sedimentological data from outcrop sections to establish temporal and environmental context.,100,45,0.45
Earth & Planetary Sciences,Paleontology,"Conduct phylogenetic analyses using parsimony, likelihood, or Bayesian methods to reconstruct evolutionary trees.",100,16,0.16
Earth & Planetary Sciences,Paleontology,Derive paleoenvironmental interpretations from sedimentological and taphonomic evidence preserved in fossil assemblages.,100,66,0.66
Earth & Planetary Sciences,Paleontology,Design systematic excavation protocols to control for stratigraphic context and spatial relationships of fossil specimens.,100,10,0.1
Earth & Planetary Sciences,Paleontology,Establish controlled preparation procedures to expose diagnostic features while preserving specimen integrity.,100,51,0.51
Earth & Planetary Sciences,Paleontology,Fit evolutionary models to morphological or occurrence data to test hypotheses about tempo and mode of evolution.,100,3,0.03
Earth & Planetary Sciences,Paleontology,Generate phylogenetic hypotheses from morphological character matrices to predict evolutionary relationships among fossil taxa.,100,18,0.18
Earth & Planetary Sciences,Paleontology,Integrate radiometric or biostratigraphic age constraints with fossil occurrence data to calibrate evolutionary timelines.,100,34,0.34
Earth & Planetary Sciences,Paleontology,Perform ancestral state reconstructions to infer character evolution across phylogenetic trees.,100,5,0.05
Earth & Planetary Sciences,Paleontology,Propagate dating uncertainties through calculations of evolutionary rates and divergence times.,100,0,0.0
Earth & Planetary Sciences,Paleontology,Quantify measurement error in morphometric analyses and assess its impact on taxonomic or phylogenetic conclusions.,100,1,0.01
Earth & Planetary Sciences,Paleontology,Run paleobiogeographic simulations to model dispersal patterns and range evolution of fossil lineages.,100,0,0.0
Physics & Astronomy,Particle & High-Energy Physics,Apply detector response corrections to reconstruct particle energies and momenta from raw signals.,100,5,0.05
Physics & Astronomy,Particle & High-Energy Physics,Apply perturbative QCD calculations to predict jet production and hadronization processes.,100,3,0.03
Physics & Astronomy,Particle & High-Energy Physics,Calculate cross-sections and decay rates for particle interactions using quantum field theory.,100,41,0.41
Physics & Astronomy,Particle & High-Energy Physics,Calibrate calorimeter energy responses using known particle decays and test beam data.,100,2,0.02
Physics & Astronomy,Particle & High-Energy Physics,Characterize tracking detector alignment and resolution using reconstructed particle trajectories.,100,3,0.03
Physics & Astronomy,Particle & High-Energy Physics,"Collect collision event data using multi-layer detector systems including trackers, calorimeters, and muon chambers.",100,7,0.07
Physics & Astronomy,Particle & High-Energy Physics,"Derive predictions for particle masses, lifetimes, and branching ratios from the Standard Model or extensions.",100,50,0.5
Physics & Astronomy,Particle & High-Energy Physics,Design trigger systems to select rare physics events from high-rate collision data.,100,2,0.02
Physics & Astronomy,Particle & High-Energy Physics,Determine particle identification efficiency and misidentification rates for detector subsystems.,100,3,0.03
Physics & Astronomy,Particle & High-Energy Physics,Evaluate statistical significance of observed signals against background-only hypotheses.,100,3,0.03
Physics & Astronomy,Particle & High-Energy Physics,Fit signal and background models to invariant mass distributions to extract particle yields.,100,6,0.06
Physics & Astronomy,Particle & High-Energy Physics,Generate large-scale simulated datasets for background estimation and signal optimization studies.,100,6,0.06
Physics & Astronomy,Particle & High-Energy Physics,"Maintain and upgrade detector components including sensors, electronics, and cooling systems.",100,1,0.01
Physics & Astronomy,Particle & High-Energy Physics,Monitor detector performance and diagnose hardware failures during data-taking operations.,100,1,0.01
Physics & Astronomy,Particle & High-Energy Physics,Optimize beam parameters and collision configurations to maximize luminosity and data quality.,100,1,0.01
Physics & Astronomy,Particle & High-Energy Physics,Perform maximum likelihood fits to constrain physics parameters from measured observables.,100,15,0.15
Physics & Astronomy,Particle & High-Energy Physics,"Propagate systematic uncertainties from detector effects, theoretical inputs, and background estimates.",100,24,0.24
Physics & Astronomy,Particle & High-Energy Physics,Remove pile-up contributions from overlapping collision events in high-luminosity data.,100,3,0.03
Physics & Astronomy,Particle & High-Energy Physics,Run Monte Carlo event generators to simulate particle production and decay processes.,100,16,0.16
Physics & Astronomy,Particle & High-Energy Physics,Set exclusion limits on new physics models using statistical inference methods.,100,8,0.08
Physics & Astronomy,Particle & High-Energy Physics,Simulate detector response to generated particles using GEANT-based frameworks.,100,6,0.06
Biomedical Sciences,Pathology,Acquire digital pathology images for quantitative analysis and archival purposes.,100,52,0.52
Biomedical Sciences,Pathology,Analyze differential gene expression between pathological and normal tissue samples.,100,18,0.18
Biomedical Sciences,Pathology,Assess inter-rater reliability for pathological scoring and grading systems.,100,13,0.13
Biomedical Sciences,Pathology,Collect and process tissue specimens using appropriate fixation and preservation methods.,100,81,0.81
Biomedical Sciences,Pathology,Compare histopathological grades and scores between experimental and control groups.,100,47,0.47
Biomedical Sciences,Pathology,Conduct immunohistochemistry to detect protein expression and localization in tissue sections.,100,48,0.48
Biomedical Sciences,Pathology,Correlate molecular findings with clinical outcomes and pathological staging.,100,37,0.37
Biomedical Sciences,Pathology,Design case-control studies comparing diseased and normal tissue specimens with matched demographic variables.,100,12,0.12
Biomedical Sciences,Pathology,Develop hypotheses linking inflammatory cell infiltration patterns to tissue damage mechanisms.,100,8,0.08
Biomedical Sciences,Pathology,Document gross and microscopic pathological findings with standardized terminology.,100,75,0.75
Biomedical Sciences,Pathology,Formulate hypotheses about disease etiology based on histopathological patterns and molecular alterations.,100,39,0.39
Biomedical Sciences,Pathology,Generate gene expression profiles from diseased and normal tissue specimens.,100,12,0.12
Biomedical Sciences,Pathology,Obtain IACUC approval for animal models of disease including transgenic and knockout strains.,100,27,0.27
Biomedical Sciences,Pathology,Obtain biopsy or surgical resection specimens with documented clinical and demographic information.,100,62,0.62
Biomedical Sciences,Pathology,Perform histological staining to visualize tissue architecture and cellular morphology.,100,75,0.75
Biomedical Sciences,Pathology,Perform image analysis to quantify staining intensity and cellular distribution patterns.,100,45,0.45
Biomedical Sciences,Pathology,Perform immunofluorescence microscopy to assess multiple biomarkers simultaneously.,100,19,0.19
Biomedical Sciences,Pathology,Perform mutation analysis to identify genetic alterations associated with disease progression.,100,2,0.02
Biomedical Sciences,Pathology,Plan experiments using appropriate disease models to evaluate pathogenic mechanisms.,100,42,0.42
Biomedical Sciences,Pathology,Prepare frozen sections and formalin-fixed paraffin-embedded tissue blocks for analysis.,100,63,0.63
Medicine & Clinical Sciences,Pediatrics,Account for family-level clustering and sibling correlations when analyzing pediatric cohort data.,100,1,0.01
Medicine & Clinical Sciences,Pediatrics,Acquire pediatric imaging data using protocols optimized for reduced radiation exposure and shorter scan times.,100,0,0.0
Medicine & Clinical Sciences,Pediatrics,"Adjust treatment effect estimates for gestational age, birth weight, and other perinatal confounders.",100,13,0.13
Medicine & Clinical Sciences,Pediatrics,Administer age-appropriate developmental assessments and behavioral measures to child participants.,100,14,0.14
Medicine & Clinical Sciences,Pediatrics,Analyze developmental outcomes and disease progression accounting for age-related changes and growth trajectories.,100,38,0.38
Medicine & Clinical Sciences,Pediatrics,Collect biological samples from children using minimally invasive techniques appropriate for age and size.,100,33,0.33
Medicine & Clinical Sciences,Pediatrics,Coordinate with children's hospitals and pediatric specialty clinics for multi-site recruitment and data collection.,100,25,0.25
Medicine & Clinical Sciences,Pediatrics,Design longitudinal studies that track pediatric outcomes across developmental stages from infancy through adolescence.,100,9,0.09
Medicine & Clinical Sciences,Pediatrics,Determine appropriate dosing strategies and safety monitoring protocols for pediatric drug trials.,100,10,0.1
Medicine & Clinical Sciences,Pediatrics,Develop research questions addressing age-specific disease presentations and treatment responses in children.,100,37,0.37
Medicine & Clinical Sciences,Pediatrics,Formulate hypotheses about developmental trajectories and their relationship to early-life exposures or interventions.,100,10,0.1
Medicine & Clinical Sciences,Pediatrics,Harmonize developmental screening scores across different validated pediatric assessment tools.,100,2,0.02
Medicine & Clinical Sciences,Pediatrics,Navigate additional IRB protections required for research involving children as a vulnerable population.,100,68,0.68
Medicine & Clinical Sciences,Pediatrics,Obtain parental or guardian consent and child assent according to developmental capacity and regulatory requirements.,100,57,0.57
Medicine & Clinical Sciences,Pediatrics,Protect sensitive health information of minors including reproductive health and mental health records.,100,9,0.09
Medicine & Clinical Sciences,Pediatrics,"Recruit pediatric participants through schools, pediatric clinics, or community health settings with family engagement.",100,34,0.34
Medicine & Clinical Sciences,Pediatrics,Select age-appropriate clinical endpoints and outcome measures validated for pediatric populations.,100,45,0.45
Psychology,Personality Psychology,Address ethical considerations when collecting sensitive personality data related to mental health or stigmatized traits.,100,47,0.47
Psychology,Personality Psychology,Apply trait theories such as the Big Five or HEXACO models when framing hypotheses about individual differences.,100,51,0.51
Psychology,Personality Psychology,Assess the temporal stability of personality measures across different developmental periods.,100,10,0.1
Psychology,Personality Psychology,"Code narrative or open-ended responses for personality-relevant themes such as agency, communion, or redemption.",100,1,0.01
Psychology,Personality Psychology,Construct items to capture individual differences in behavioral tendencies such as sensation seeking or perfectionism.,100,7,0.07
Psychology,Personality Psychology,Control for response biases including social desirability and acquiescence in personality scale analyses.,100,10,0.1
Psychology,Personality Psychology,"Design self-report measures to assess emotional regulation, coping styles, or motivational tendencies.",100,2,0.02
Psychology,Personality Psychology,Develop semi-structured interview protocols to explore subjective experiences of personality-relevant constructs.,100,0,0.0
Psychology,Personality Psychology,Evaluate whether personality trait structures replicate across cultural groups and linguistic contexts.,100,17,0.17
Psychology,Personality Psychology,Examine measurement invariance of personality scales across demographic groups before making group comparisons.,100,6,0.06
Psychology,Personality Psychology,Integrate attachment theory frameworks when investigating interpersonal relationship patterns and outcomes.,100,5,0.05
Psychology,Personality Psychology,Partner with clinical or organizational settings to recruit participants with diverse personality profiles.,100,10,0.1
Psychology,Personality Psychology,Select and adapt validated personality inventories to measure trait dimensions in target populations.,100,91,0.91
Agricultural Sciences,Pest Management & Entomology,"Analyze pest mortality, population suppression, or crop damage data across treatment and control groups.",100,44,0.44
Agricultural Sciences,Pest Management & Entomology,Apply dose-response models to determine lethal concentration or effective dose values for pesticides.,100,18,0.18
Agricultural Sciences,Pest Management & Entomology,Design bioassays to assess insecticide toxicity and resistance levels in pest populations.,100,15,0.15
Agricultural Sciences,Pest Management & Entomology,Design field trials with replicated plots to evaluate pest control treatments under natural conditions.,100,9,0.09
Agricultural Sciences,Pest Management & Entomology,Develop hypotheses regarding the efficacy of biological control agents against target pest species.,100,10,0.1
Agricultural Sciences,Pest Management & Entomology,Establish appropriate control treatments and application rates for pesticide efficacy studies.,100,33,0.33
Agricultural Sciences,Pest Management & Entomology,"Formulate hypotheses about pest population dynamics, resistance mechanisms, or host-pest interactions.",100,23,0.23
Agricultural Sciences,Pest Management & Entomology,Generate or acquire genomic data to characterize pest populations or detect resistance alleles.,100,14,0.14
Agricultural Sciences,Pest Management & Entomology,Manage insect rearing facilities including diet preparation and environmental controls.,100,47,0.47
Agricultural Sciences,Pest Management & Entomology,Obtain IACUC approval for vertebrate pest control studies or research involving animal subjects.,100,2,0.02
Agricultural Sciences,Pest Management & Entomology,"Process sequencing data to identify pest species, assess genetic diversity, or detect resistance markers.",100,12,0.12
Agricultural Sciences,Pest Management & Entomology,Rear and maintain insect colonies under controlled laboratory conditions for experimental use.,100,47,0.47
Biomedical Sciences,Pharmacology & Toxicology,"Acquire fluorescence microscopy images to assess cellular uptake, localization, and morphological changes induced by compounds.",100,8,0.08
Biomedical Sciences,Pharmacology & Toxicology,Acquire metabolomic or proteomic data to characterize drug metabolites and protein targets.,100,10,0.1
Biomedical Sciences,Pharmacology & Toxicology,"Analyze dose-response data to determine EC50, IC50, and therapeutic index values.",100,20,0.2
Biomedical Sciences,Pharmacology & Toxicology,"Calculate pharmacokinetic parameters including half-life, clearance, and area under the curve from concentration-time data.",100,5,0.05
Biomedical Sciences,Pharmacology & Toxicology,Compare incidence and severity of adverse effects between treatment groups using appropriate statistical methods.,100,41,0.41
Biomedical Sciences,Pharmacology & Toxicology,Design dose-escalation studies to establish toxicity profiles and maximum tolerated doses.,100,9,0.09
Biomedical Sciences,Pharmacology & Toxicology,Design drug interaction studies to evaluate potential pharmacokinetic or pharmacodynamic interactions.,100,12,0.12
Biomedical Sciences,Pharmacology & Toxicology,Develop hypotheses about dose-response relationships and therapeutic windows for pharmacological agents.,100,10,0.1
Biomedical Sciences,Pharmacology & Toxicology,Develop in vitro assay protocols to screen compounds for biological activity or toxicity.,100,53,0.53
Biomedical Sciences,Pharmacology & Toxicology,Formulate hypotheses about drug-receptor interactions and downstream signaling pathways.,100,19,0.19
Biomedical Sciences,Pharmacology & Toxicology,Formulate hypotheses about mechanisms of drug-induced organ toxicity and cellular injury.,100,22,0.22
Biomedical Sciences,Pharmacology & Toxicology,Generate transcriptomic data to identify genes altered by drug treatment or toxic exposure.,100,11,0.11
Biomedical Sciences,Pharmacology & Toxicology,Obtain histopathological images of tissue sections to evaluate drug-induced organ damage.,100,26,0.26
Biomedical Sciences,Pharmacology & Toxicology,"Plan pharmacokinetic studies with appropriate sampling timepoints to characterize drug absorption, distribution, metabolism, and excretion.",100,6,0.06
Biomedical Sciences,Pharmacology & Toxicology,"Prepare IACUC protocols specifying drug administration routes, dosing regimens, and humane endpoints for toxicology studies.",100,43,0.43
Biomedical Sciences,Pharmacology & Toxicology,Prepare primary cell cultures or tissue slices for ex vivo drug metabolism and toxicity studies.,100,14,0.14
Biomedical Sciences,Pharmacology & Toxicology,Process raw chromatographic data from HPLC or mass spectrometry for drug concentration quantification.,100,21,0.21
Biomedical Sciences,Pharmacology & Toxicology,Propose mechanisms of drug metabolism involving cytochrome P450 enzymes and phase II conjugation reactions.,100,7,0.07
Philosophy,Philosophy of Mind,Assess the generalizability of first-person phenomenological reports to broader claims about consciousness.,100,10,0.1
Philosophy,Philosophy of Mind,Code phenomenological interview data to identify invariant structures of conscious experience.,100,2,0.02
Philosophy,Philosophy of Mind,Design interview protocols to elicit detailed phenomenological descriptions of mental states or experiences.,100,3,0.03
Philosophy,Philosophy of Mind,Draw on phenomenological frameworks to articulate the structure of subjective experience in research design.,100,26,0.26
Philosophy,Philosophy of Mind,"Engage with theories of consciousness, intentionality, or mental causation when framing philosophical research questions.",100,93,0.93
Philosophy,Philosophy of Mind,Evaluate whether philosophical arguments about mental states apply across different psychiatric conditions or cultural contexts.,100,13,0.13
Philosophy,Philosophy of Science,Account for disciplinary and institutional variation when drawing philosophical conclusions from empirical studies of science.,100,11,0.11
Philosophy,Philosophy of Science,Analyze historical case studies of scientific change to frame philosophical research questions about theory development.,100,35,0.35
Philosophy,Philosophy of Science,Analyze scientific texts to categorize argumentative structures and inferential patterns used by researchers.,100,6,0.06
Philosophy,Philosophy of Science,Apply conceptual frameworks from metaphysics of science to investigate the nature of scientific entities and processes.,100,52,0.52
Philosophy,Philosophy of Science,Assess the scope conditions under which normative claims about scientific methodology hold across research contexts.,100,41,0.41
Philosophy,Philosophy of Science,Code interview transcripts from scientists to identify patterns in epistemic reasoning and methodological justification.,100,1,0.01
Philosophy,Philosophy of Science,Compile archival materials from scientific institutions to reconstruct historical episodes of theory change.,100,2,0.02
Philosophy,Philosophy of Science,Conduct interviews with scientists to gather data on reasoning processes and decision-making in research.,100,1,0.01
Philosophy,Philosophy of Science,Design survey instruments to assess scientists' reasoning practices and methodological commitments.,100,1,0.01
Philosophy,Philosophy of Science,Develop interview protocols to elicit scientists' tacit knowledge and epistemic values in research practice.,100,1,0.01
Philosophy,Philosophy of Science,Engage with epistemological theories of justification and evidence when formulating research problems about scientific knowledge.,100,74,0.74
Philosophy,Philosophy of Science,Evaluate whether philosophical analyses of scientific concepts apply across different scientific disciplines and historical periods.,100,54,0.54
Philosophy,Philosophy of Science,Negotiate access to laboratory settings or research groups for observational studies of scientific practice.,100,1,0.01
Philosophy,Philosophy of Science,Prepare and standardize textual data from scientific publications for systematic philosophical analysis.,100,6,0.06
Chemistry,Physical & Theoretical Chemistry,"Acquire absorption, emission, or scattering spectra to characterize molecular structure and dynamics.",100,37,0.37
Chemistry,Physical & Theoretical Chemistry,Calculate molecular electronic structures using quantum mechanical methods to predict chemical properties.,100,54,0.54
Chemistry,Physical & Theoretical Chemistry,Collect diffraction data to determine molecular and crystal structures.,100,9,0.09
Chemistry,Physical & Theoretical Chemistry,"Configure spectroscopic measurements with appropriate wavelength ranges, resolution, and sample conditions.",100,41,0.41
Chemistry,Physical & Theoretical Chemistry,Derive spectroscopic selection rules and transition probabilities from molecular symmetry analysis.,100,2,0.02
Chemistry,Physical & Theoretical Chemistry,Derive thermodynamic properties from statistical mechanical partition functions.,100,18,0.18
Chemistry,Physical & Theoretical Chemistry,"Design calorimetric experiments to measure heats of reaction, mixing, or phase transitions.",100,3,0.03
Chemistry,Physical & Theoretical Chemistry,"Design kinetics experiments with controlled temperature, pressure, and concentration conditions.",100,17,0.17
Chemistry,Physical & Theoretical Chemistry,Determine kinetic rate constants by fitting concentration-time data to mechanistic models.,100,13,0.13
Chemistry,Physical & Theoretical Chemistry,Extract thermodynamic parameters by fitting experimental data to van't Hoff or Arrhenius equations.,100,12,0.12
Chemistry,Physical & Theoretical Chemistry,Fit spectroscopic data to theoretical lineshape functions to extract molecular parameters.,100,15,0.15
Chemistry,Physical & Theoretical Chemistry,"Measure reaction kinetics data using stopped-flow, flash photolysis, or temperature-jump techniques.",100,1,0.01
Chemistry,Physical & Theoretical Chemistry,"Perform quantum chemical calculations to compute molecular geometries, energies, and properties.",100,56,0.56
Chemistry,Physical & Theoretical Chemistry,Predict reaction rate constants from transition state theory and potential energy surfaces.,100,5,0.05
Chemistry,Physical & Theoretical Chemistry,Prepare high-purity samples with controlled concentrations for spectroscopic or kinetic measurements.,100,48,0.48
Chemistry,Physical & Theoretical Chemistry,"Record thermodynamic data using calorimeters, vapor pressure apparatus, or electrochemical cells.",100,7,0.07
Chemistry,Physical & Theoretical Chemistry,Run molecular dynamics simulations to model chemical systems at finite temperature.,100,8,0.08
Chemistry,Physical & Theoretical Chemistry,Simulate spectroscopic observables from computed potential energy surfaces and transition moments.,100,15,0.15
Chemistry,Physical & Theoretical Chemistry,Synthesize isotopically labeled compounds for mechanistic studies and spectroscopic assignments.,100,9,0.09
Education,Physical Education & Kinesiology,Apply motor learning and control theories to frame research questions about skill acquisition and movement behavior.,100,13,0.13
Education,Physical Education & Kinesiology,"Code qualitative data from participant interviews about exercise adherence, barriers, or sport experiences.",100,23,0.23
Education,Physical Education & Kinesiology,"Collect physiological data through fitness assessments, body composition measurements, or movement analysis.",100,21,0.21
Education,Physical Education & Kinesiology,"Conduct systematic observations of physical education classes, sport practices, or recreational settings.",100,17,0.17
Education,Physical Education & Kinesiology,Control for baseline fitness levels and habitual activity when analyzing intervention effects on health outcomes.,100,7,0.07
Education,Physical Education & Kinesiology,"Coordinate with schools, fitness facilities, or sport organizations to recruit participants and access training environments.",100,70,0.7
Education,Physical Education & Kinesiology,"Design questionnaires to assess physical activity levels, sedentary behavior, or exercise motivation.",100,10,0.1
Education,Physical Education & Kinesiology,Develop informed consent procedures that address risks associated with physical activity assessments or training protocols.,100,63,0.63
Education,Physical Education & Kinesiology,Develop interview protocols to explore participants' experiences with physical activity programs or sport participation.,100,23,0.23
Education,Physical Education & Kinesiology,"Evaluate whether physical activity interventions will generalize across age groups, fitness levels, or cultural contexts.",100,6,0.06
Education,Physical Education & Kinesiology,Integrate biopsychosocial models of physical activity behavior when developing study hypotheses.,100,0,0.0
Education,Physical Education & Kinesiology,Obtain IRB approval for studies involving physical fitness testing or exercise interventions with human participants.,100,68,0.68
Education,Physical Education & Kinesiology,Process and clean accelerometer or motion sensor data to derive physical activity metrics.,100,8,0.08
Geography,Physical Geography,Account for uncertainties in historical geographic data when reconstructing past environmental conditions.,48,12,0.25
Geography,Physical Geography,"Acquire historical maps, aerial photographs, or archival geographic records to reconstruct past landscape conditions.",48,11,0.229167
Geography,Physical Geography,Analyze spatial patterns and temporal changes in landscape features using geographic information systems.,48,19,0.395833
Geography,Physical Geography,Apply geomorphological or climatological theories when framing research questions about landscape evolution or environmental change.,48,25,0.520833
Geography,Physical Geography,Digitize and georeference historical maps to enable comparison with contemporary spatial data.,48,8,0.166667
Geography,Physical Geography,"Evaluate whether findings from study sites will generalize across different climatic zones, geological settings, or temporal scales.",48,5,0.104167
Geography,Physical Geography,"Interpret cartographic symbols, conventions, and annotations from historical maps to extract geographic information.",48,9,0.1875
Geography,Physical Geography,"Process and correct spatial datasets for geometric distortions, projection errors, or missing attribute information.",48,11,0.229167
Biomedical Sciences,Physiology,Acquire live-cell imaging data to visualize intracellular signaling dynamics and ion fluxes.,100,9,0.09
Biomedical Sciences,Physiology,"Analyze continuous physiological signals such as blood pressure, heart rate, or respiratory waveforms.",100,13,0.13
Biomedical Sciences,Physiology,Analyze repeated-measures physiological data to assess changes over time within subjects.,100,47,0.47
Biomedical Sciences,Physiology,Compare physiological parameters between experimental and control groups using appropriate statistical methods.,100,91,0.91
Biomedical Sciences,Physiology,Design dose-response studies to characterize pharmacological or physiological sensitivity of tissues and organs.,100,32,0.32
Biomedical Sciences,Physiology,Design experiments with appropriate physiological controls to isolate specific organ or tissue responses.,100,89,0.89
Biomedical Sciences,Physiology,Develop mechanistic hypotheses linking ion channel function to cellular excitability and organ system performance.,100,7,0.07
Biomedical Sciences,Physiology,"Formulate hypotheses about homeostatic regulatory mechanisms controlling physiological variables such as blood pressure, temperature, or glucose levels.",100,5,0.05
Biomedical Sciences,Physiology,Generate transcriptomic data from tissues or cells to identify gene expression changes underlying physiological responses.,100,32,0.32
Biomedical Sciences,Physiology,Isolate primary cells from tissues for physiological characterization in culture.,100,39,0.39
Biomedical Sciences,Physiology,Justify animal model selection based on physiological relevance to human organ systems or disease states.,100,33,0.33
Biomedical Sciences,Physiology,"Maintain and calibrate physiological recording equipment such as pressure transducers, electrodes, or metabolic analyzers.",100,31,0.31
Biomedical Sciences,Physiology,Perform histological imaging of tissue sections to assess structural and functional changes in organs.,100,45,0.45
Biomedical Sciences,Physiology,Plan time-course experiments to capture dynamic physiological responses to stimuli or interventions.,100,71,0.71
Biomedical Sciences,Physiology,Prepare IACUC protocols detailing physiological monitoring procedures and humane endpoints for animal studies.,100,51,0.51
Biomedical Sciences,Physiology,"Process and analyze electrophysiological recordings to quantify membrane potentials, currents, or action potential characteristics.",100,6,0.06
Biomedical Sciences,Physiology,Propose hypotheses about signal transduction pathways mediating hormonal or neural control of organ function.,100,41,0.41
Agricultural Sciences,Plant Pathology,Analyze RNA-seq data to identify differentially expressed plant defense genes following infection.,92,8,0.086957
Agricultural Sciences,Plant Pathology,Analyze treatment efficacy data from fungicide or biocontrol trials using statistical models.,92,22,0.23913
Agricultural Sciences,Plant Pathology,Capture microscopy images of pathogen colonization patterns and host cellular responses.,92,18,0.195652
Agricultural Sciences,Plant Pathology,Collect diseased plant tissue samples from field sites for pathogen isolation and identification.,92,24,0.26087
Agricultural Sciences,Plant Pathology,Compare disease severity scores between resistant and susceptible plant genotypes using appropriate statistical methods.,92,19,0.206522
Agricultural Sciences,Plant Pathology,Design experiments to evaluate efficacy of disease management treatments across multiple pathogen isolates.,92,7,0.076087
Agricultural Sciences,Plant Pathology,"Design inoculation experiments with appropriate pathogen doses, application methods, and uninoculated controls.",92,60,0.652174
Agricultural Sciences,Plant Pathology,Develop hypotheses regarding pathogen virulence factors and their roles in disease development.,92,14,0.152174
Agricultural Sciences,Plant Pathology,Document disease symptom progression through systematic photography of infected plants over time.,92,16,0.173913
Agricultural Sciences,Plant Pathology,Formulate hypotheses about host-pathogen interaction mechanisms and plant defense signaling pathways.,92,24,0.26087
Agricultural Sciences,Plant Pathology,Generate transcriptomic data from infected plant tissues to characterize host defense responses.,92,7,0.076087
Agricultural Sciences,Plant Pathology,"Isolate and purify fungal, bacterial, or oomycete pathogens from symptomatic plant tissues.",92,19,0.206522
Agricultural Sciences,Plant Pathology,Obtain pathogen genome sequences for phylogenetic analysis and virulence gene identification.,92,14,0.152174
Agricultural Sciences,Plant Pathology,Plan disease trials with randomized plot layouts to account for environmental variation in field or greenhouse settings.,92,16,0.173913
Agricultural Sciences,Plant Pathology,Prepare pathogen inoculum at standardized concentrations for controlled infection assays.,92,59,0.641304
Agricultural Sciences,Plant Pathology,Process sequencing data to identify pathogen species or strains using reference databases.,92,15,0.163043
Agricultural Sciences,Plant Pathology,Propose mechanisms of plant resistance gene function against specific pathogen classes.,92,10,0.108696
Agricultural Sciences,Plant Pathology,"Record disease incidence, severity ratings, and environmental conditions throughout experimental trials.",92,45,0.48913
Agricultural Sciences,Plant Pathology,Sample insect vectors to assess pathogen transmission and vector population dynamics.,92,0,0.0
Physics & Astronomy,Plasma Physics,Calculate plasma transport coefficients from kinetic theory and collision models.,100,5,0.05
Physics & Astronomy,Plasma Physics,Compare measured plasma spectra with atomic physics models to extract plasma parameters.,100,8,0.08
Physics & Astronomy,Plasma Physics,Derive plasma equilibrium configurations from magnetohydrodynamic equations and boundary conditions.,100,9,0.09
Physics & Astronomy,Plasma Physics,"Design plasma confinement geometries to achieve target density, temperature, and stability conditions.",100,9,0.09
Physics & Astronomy,Plasma Physics,"Execute magnetohydrodynamic simulations of plasma equilibrium, stability, and transport.",100,19,0.19
Physics & Astronomy,Plasma Physics,Fit plasma equilibrium reconstruction codes to magnetic and kinetic diagnostic data.,100,5,0.05
Physics & Astronomy,Plasma Physics,Perform gyrokinetic simulations to model plasma turbulence and anomalous transport.,100,5,0.05
Physics & Astronomy,Plasma Physics,"Plan plasma discharge sequences with controlled timing of heating, fueling, and current drive systems.",100,9,0.09
Physics & Astronomy,Plasma Physics,Predict plasma instability thresholds and growth rates from dispersion relations.,100,32,0.32
Physics & Astronomy,Plasma Physics,Propagate uncertainties in plasma parameter measurements through derived quantities like beta and confinement time.,100,9,0.09
Physics & Astronomy,Plasma Physics,Quantify systematic errors in plasma diagnostics due to spatial averaging and line-of-sight integration.,100,12,0.12
Physics & Astronomy,Plasma Physics,Run particle-in-cell simulations of plasma kinetic behavior and wave-particle interactions.,100,30,0.3
Physics & Astronomy,Plasma Physics,Specify magnetic field configurations and coil arrangements for plasma experiments.,100,15,0.15
Literature,Poetry & Poetics,"Access archival collections containing poets' manuscripts, correspondence, drafts, or personal papers for textual analysis.",85,11,0.129412
Literature,Poetry & Poetics,"Apply theories of prosody, form, or literary aesthetics when framing interpretive research questions about poetic texts.",99,90,0.909091
Literature,Poetry & Poetics,"Assess whether interpretive claims about poetic techniques or movements apply across different literary periods, cultural traditions, or linguistic contexts.",92,60,0.652174
Literature,Poetry & Poetics,"Code thematic content, imagery patterns, or rhetorical strategies across collections of poems.",85,36,0.423529
Literature,Poetry & Poetics,"Compile corpora of published poems from literary databases, anthologies, or digital archives for systematic analysis.",84,30,0.357143
Literature,Poetry & Poetics,"Design interview protocols to gather poets' perspectives on their creative processes, influences, or compositional choices.",85,1,0.011765
Literature,Poetry & Poetics,"Develop interpretive codes to categorize recurring motifs, stylistic devices, or intertextual references in poetic works.",91,63,0.692308
History,Political & Military History,"Apply theories of state formation, power politics, or military organization when framing historical research questions.",100,53,0.53
History,Political & Military History,Assess whether patterns of political or military behavior observed in one historical period or region apply to other contexts.,100,27,0.27
History,Political & Military History,"Code diplomatic correspondence and political documents to identify patterns in rhetoric, decision-making, or alliance formation.",100,17,0.17
History,Political & Military History,"Conduct oral history interviews with participants in political events, military operations, or policy decisions.",100,7,0.07
History,Political & Military History,"Coordinate with foreign archives, military museums, and government agencies to access classified or restricted historical materials.",100,7,0.07
History,Political & Military History,"Develop oral history protocols to collect firsthand accounts from veterans, diplomats, or political actors.",100,0,0.0
History,Political & Military History,"Evaluate the reliability and provenance of historical documents to account for propaganda, censorship, or selective preservation.",100,66,0.66
History,Political & Military History,"Gather naval logs, admiralty records, and maritime intelligence reports from governmental and institutional archives.",100,3,0.03
History,Political & Military History,"Locate and acquire primary documents from national archives, military records repositories, and diplomatic collections.",100,68,0.68
History,Political & Military History,"Obtain permissions and negotiate access agreements for restricted government, military, or diplomatic archives.",100,14,0.14
History,Political & Military History,Triangulate accounts from multiple archival sources to address bias in official records and personal memoirs.,100,53,0.53
Communication & Media Studies,Political Communication,Account for self-selection into media exposure when estimating causal effects of political content consumption.,99,8,0.080808
Communication & Media Studies,Political Communication,Acquire news media content from archives or databases for systematic analysis of political coverage.,99,26,0.262626
Communication & Media Studies,Political Communication,Address ethical considerations when studying political misinformation exposure or deceptive campaign content.,99,5,0.050505
Communication & Media Studies,Political Communication,"Apply agenda-setting, framing, or priming theories to explain how media content shapes political attitudes and behaviors.",99,18,0.181818
Communication & Media Studies,Political Communication,"Apply automated text analysis methods to classify political sentiment, topics, or incivility in large media datasets.",99,20,0.20202
Communication & Media Studies,Political Communication,Assess whether findings from one media environment or political system generalize to different national or platform contexts.,99,20,0.20202
Communication & Media Studies,Political Communication,"Code news articles or broadcast transcripts for frames, tone, or issue salience using systematic content analysis.",99,22,0.222222
Communication & Media Studies,Political Communication,"Collect social media data from platforms to analyze political discourse, campaign strategies, or information diffusion.",99,29,0.292929
Communication & Media Studies,Political Communication,Conduct survey experiments exposing respondents to varied political messages to measure persuasion or attitude change.,99,9,0.090909
Communication & Media Studies,Political Communication,Design interview protocols to explore how individuals interpret and discuss political media content.,99,12,0.121212
Communication & Media Studies,Political Communication,"Design survey items to measure political knowledge, media trust, or perceived media bias among respondents.",99,10,0.10101
Communication & Media Studies,Political Communication,"Develop experimental stimuli using news articles, social media posts, or political advertisements to test media effects.",99,10,0.10101
Communication & Media Studies,Political Communication,Draw on selective exposure and partisan media theories when examining audience media choices and their political consequences.,99,6,0.060606
Communication & Media Studies,Political Communication,Evaluate whether effects observed during election periods or political crises apply to routine political communication contexts.,99,3,0.030303
Communication & Media Studies,Political Communication,Negotiate access to proprietary platform data or collaborate with media organizations to obtain political content archives.,99,4,0.040404
Economics,Political Economy,Acquire cross-national economic and political datasets from international organizations for comparative analysis.,100,32,0.32
Economics,Political Economy,Address endogeneity between political institutions and economic outcomes when estimating causal relationships.,100,21,0.21
Economics,Political Economy,Apply difference-in-differences or regression discontinuity designs to estimate causal effects of policy changes or institutional reforms.,353,18,0.050992
Economics,Political Economy,"Apply theories of rent-seeking, collective action, or public choice to frame research questions about policy outcomes.",353,120,0.339943
Economics,Political Economy,Apply theories of state-market relations to frame research questions about economic policy outcomes.,100,44,0.44
Economics,Political Economy,Assess whether findings from single-country political economy studies generalize across different regime types or economic systems.,100,12,0.12
Economics,Political Economy,"Assess whether political-economic relationships hold across different regime types, electoral systems, or levels of economic development.",353,78,0.220963
Economics,Political Economy,"Code and standardize policy documents, party manifestos, or legislative texts for quantitative analysis.",100,4,0.04
Economics,Political Economy,"Code and standardize political institution variables such as regime type, electoral rules, or veto players.",353,48,0.135977
Economics,Political Economy,"Code policy documents, legislative debates, or party manifestos to identify ideological positions or policy priorities.",353,11,0.031161
Economics,Political Economy,Code qualitative data from policy documents and political speeches to identify economic policy positions and priorities.,100,15,0.15
Economics,Political Economy,"Compile historical data on trade flows, tariffs, and economic agreements from government archives and statistical agencies.",100,6,0.06
Economics,Political Economy,"Conduct elite interviews with policymakers, business leaders, or union officials to understand political-economic decision-making.",100,11,0.11
Economics,Political Economy,"Conduct elite interviews with policymakers, legislators, or interest group representatives to gather primary data on decision-making processes.",353,9,0.025496
Economics,Political Economy,"Construct questionnaire items to capture perceptions of corruption, institutional trust, or political efficacy.",353,2,0.005666
Economics,Political Economy,"Control for confounding factors such as colonial history, geography, or resource endowments in cross-national economic analyses.",100,7,0.07
Economics,Political Economy,"Control for confounding factors such as economic conditions, demographic composition, or historical legacies in observational analyses.",353,142,0.402266
Economics,Political Economy,Design focus group protocols to explore how citizens perceive economic inequality and government economic performance.,100,0,0.0
Economics,Political Economy,"Design survey instruments to measure preferences for redistribution, taxation, or government intervention.",353,2,0.005666
Economics,Political Economy,"Design survey instruments to measure public attitudes toward economic redistribution, trade policy, or market regulation.",100,2,0.02
Economics,Political Economy,Develop interview protocols to capture elite perspectives on policy formation and economic governance decisions.,100,8,0.08
Economics,Political Economy,Develop interview protocols to elicit stakeholder perspectives on regulatory processes or policy implementation.,353,9,0.025496
Economics,Political Economy,Employ instrumental variable strategies to address endogeneity between political and economic variables.,353,36,0.101983
Economics,Political Economy,Evaluate the temporal scope of political-economic relationships given changing global trade and governance structures.,100,17,0.17
Economics,Political Economy,Evaluate the temporal stability of findings given changes in political institutions or economic conditions.,353,65,0.184136
Economics,Political Economy,"Extract historical data on trade policies, taxation, or property rights from archival sources.",353,24,0.067989
Economics,Political Economy,Extract legislative voting records and policy outputs from parliamentary databases to analyze political determinants of economic policy.,100,1,0.01
Economics,Political Economy,Harmonize economic indicators and political variables across countries with different measurement standards and reporting practices.,100,20,0.2
Economics,Political Economy,Harmonize fiscal and budgetary variables across countries or time periods to enable comparative analysis.,353,61,0.172805
Economics,Political Economy,Incorporate institutional frameworks such as property rights regimes or constitutional constraints when developing hypotheses about economic behavior.,353,130,0.368272
Economics,Political Economy,Integrate institutional economics frameworks when analyzing how political structures shape economic development.,100,27,0.27
Economics,Political Economy,Negotiate access to restricted government administrative data or proprietary datasets held by international organizations.,353,26,0.073654
Economics,Political Economy,"Negotiate data access agreements with government ministries, central banks, or international economic organizations.",100,4,0.04
Philosophy,Political Philosophy,"Access and analyze primary philosophical texts, treatises, and historical political documents.",100,93,0.93
Philosophy,Political Philosophy,"Assess whether normative arguments apply across different political systems, cultural contexts, or historical periods.",100,56,0.56
Philosophy,Political Philosophy,"Compare and contrast competing interpretations of key political concepts such as freedom, equality, or sovereignty.",100,81,0.81
Philosophy,Political Philosophy,"Engage with canonical and contemporary theories of justice, rights, or legitimacy when framing normative research questions.",100,86,0.86
Philosophy,Political Philosophy,Evaluate the internal consistency and logical validity of normative arguments and theoretical frameworks.,100,82,0.82
Philosophy,Political Philosophy,Evaluate the scope conditions under which philosophical principles or concepts retain their validity.,100,63,0.63
Philosophy,Political Philosophy,Reconstruct and systematize arguments from primary sources to facilitate critical analysis.,100,99,0.99
Philosophy,Political Philosophy,"Situate research questions within ongoing debates in democratic theory, liberalism, or communitarianism.",100,62,0.62
Sociology,Political Sociology,Access administrative or archival records to study historical patterns of political participation or state-society relations.,100,31,0.31
Sociology,Political Sociology,Address selection bias in studies of political participation by accounting for differential mobilization or access.,100,3,0.03
Sociology,Political Sociology,"Analyze open-ended responses about political grievances, civic motivations, or perceptions of representation.",100,8,0.08
Sociology,Political Sociology,"Apply theories of state formation, legitimacy, or power to frame research questions about political institutions and social structures.",100,57,0.57
Sociology,Political Sociology,Assess whether findings about political participation or civic engagement generalize across different regime types or democratic contexts.,100,6,0.06
Sociology,Political Sociology,Clean and harmonize political attitude measures across different survey waves or cross-national datasets.,100,17,0.17
Sociology,Political Sociology,"Code interview transcripts for themes related to political identity, power relations, or institutional trust.",100,17,0.17
Sociology,Political Sociology,"Conduct interviews with political elites, activists, or organizational leaders to understand decision-making and power dynamics.",100,17,0.17
Sociology,Political Sociology,"Control for confounding factors such as socioeconomic status, education, or regional context when analyzing political outcomes.",100,22,0.22
Sociology,Political Sociology,"Coordinate with civil society organizations, political parties, or advocacy groups to recruit participants or access field sites.",100,15,0.15
Sociology,Political Sociology,Design interview protocols to explore lived experiences of political marginalization or representation.,100,5,0.05
Sociology,Political Sociology,"Design survey items to measure political attitudes, trust in institutions, or civic participation.",100,11,0.11
Sociology,Political Sociology,Develop focus group guides to examine collective narratives about political identity or group consciousness.,100,0,0.0
Sociology,Political Sociology,"Develop questionnaire modules to assess social capital, network ties, or community engagement.",100,3,0.03
Sociology,Political Sociology,"Draw on social movement theories to analyze collective action, mobilization, and political contention.",100,13,0.13
Sociology,Political Sociology,Evaluate the transferability of findings across societies with varying levels of state capacity or civil society development.,100,10,0.1
Sociology,Political Sociology,Navigate ethical considerations when studying politically sensitive topics or vulnerable populations in authoritarian or transitional contexts.,100,9,0.09
Sociology,Political Sociology,Negotiate data access agreements with government agencies or nonprofit organizations for research on governance or civic engagement.,100,5,0.05
Sociology,Political Sociology,"Observe political events, protests, or civic meetings to document collective behavior and mobilization processes.",100,6,0.06
Political Science,Political Theory,"Analyze primary sources through close reading to identify underlying assumptions about power, freedom, or political obligation.",100,73,0.73
Political Science,Political Theory,"Assess whether normative arguments or conceptual analyses apply across different political systems, historical periods, or cultural contexts.",100,49,0.49
Political Science,Political Theory,"Code political texts for normative concepts, rhetorical strategies, or ideological commitments.",100,2,0.02
Political Science,Political Theory,"Design interview protocols to elicit reflective judgments on political values, democratic practices, or conceptions of citizenship.",100,2,0.02
Political Science,Political Theory,"Engage with canonical and contemporary political philosophers when framing normative research questions about justice, legitimacy, or authority.",100,89,0.89
Political Science,Political Theory,Evaluate the scope conditions under which theoretical claims about political concepts remain valid across diverse institutional settings.,100,30,0.3
Political Science,Political Theory,Interpret historical and philosophical texts using hermeneutic methods to reconstruct authorial intent and contextual meaning.,100,60,0.6
Political Science,Political Theory,"Situate research questions within ongoing debates in democratic theory, liberalism, republicanism, or critical theory traditions.",100,83,0.83
Chemistry,Polymer Chemistry,Apply polymer physics models to rheological and mechanical testing data to extract material parameters.,100,3,0.03
Chemistry,Polymer Chemistry,Calculate theoretical glass transition temperatures and thermal properties from polymer chain structure and composition.,100,0,0.0
Chemistry,Polymer Chemistry,"Design polymerization reactions with controlled temperature, atmosphere, and monomer feed rates to achieve target molecular architectures.",100,76,0.76
Chemistry,Polymer Chemistry,Fit kinetic models to polymerization rate data to determine rate constants and activation energies.,100,23,0.23
Chemistry,Polymer Chemistry,Maintain inert atmosphere gloveboxes and Schlenk lines for air-sensitive polymerization reactions.,100,40,0.4
Chemistry,Polymer Chemistry,"Model polymerization kinetics to predict conversion, molecular weight evolution, and copolymer composition.",100,23,0.23
Chemistry,Polymer Chemistry,Optimize reaction conditions for controlled radical polymerization to achieve narrow molecular weight distributions.,100,35,0.35
Chemistry,Polymer Chemistry,Predict polymer molecular weight distributions and polydispersity based on reaction kinetics and polymerization mechanisms.,100,3,0.03
Chemistry,Polymer Chemistry,Prepare block copolymers and functionalized polymers using living polymerization techniques.,100,39,0.39
Chemistry,Polymer Chemistry,Propagate uncertainties in molecular weight measurements through calculations of polymer properties.,100,2,0.02
Chemistry,Polymer Chemistry,"Purify synthesized polymers through precipitation, dialysis, or chromatographic separation methods.",100,64,0.64
Chemistry,Polymer Chemistry,Quantify batch-to-batch variability in polymer synthesis through statistical analysis of replicate experiments.,100,5,0.05
Chemistry,Polymer Chemistry,Service and maintain gel permeation chromatography columns and solvent delivery systems.,100,1,0.01
Chemistry,Polymer Chemistry,Simulate polymer chain conformations and dynamics using molecular dynamics or Monte Carlo methods.,100,1,0.01
Chemistry,Polymer Chemistry,"Synthesize polymers through free radical, controlled radical, or step-growth polymerization methods.",100,76,0.76
Materials Science,Polymers & Soft Materials,Acquire infrared and Raman spectra to identify chemical functional groups and monitor polymerization reactions.,100,36,0.36
Materials Science,Polymers & Soft Materials,Calculate viscoelastic properties from constitutive equations and molecular theories of polymer dynamics.,100,1,0.01
Materials Science,Polymers & Soft Materials,Characterize polymer molecular weight distributions using gel permeation chromatography.,100,14,0.14
Materials Science,Polymers & Soft Materials,Characterize polymer morphology and microstructure using electron microscopy and atomic force microscopy.,100,60,0.6
Materials Science,Polymers & Soft Materials,"Collect X-ray scattering data to determine polymer crystallinity, lamellar spacing, and nanostructure dimensions.",100,23,0.23
Materials Science,Polymers & Soft Materials,Design rheological experiments with controlled temperature and shear conditions to characterize polymer flow behavior.,100,12,0.12
Materials Science,Polymers & Soft Materials,"Fabricate polymer films, fibers, and coatings using spin coating, electrospinning, or extrusion techniques.",100,41,0.41
Materials Science,Polymers & Soft Materials,Fit crystallization kinetics models to time-resolved thermal or scattering data.,100,5,0.05
Materials Science,Polymers & Soft Materials,Fit rheological models to frequency-dependent viscoelastic data to extract relaxation times and moduli.,100,1,0.01
Materials Science,Polymers & Soft Materials,"Measure mechanical properties of polymer samples using tensile testing, dynamic mechanical analysis, or nanoindentation.",100,36,0.36
Materials Science,Polymers & Soft Materials,Measure thermal transitions and degradation behavior using differential scanning calorimetry and thermogravimetric analysis.,100,32,0.32
Materials Science,Polymers & Soft Materials,Predict polymer chain conformations and phase behavior using statistical mechanics and thermodynamic models.,100,8,0.08
Materials Science,Polymers & Soft Materials,"Prepare polymer blends, composites, and nanocomposites by melt mixing or solution processing methods.",100,37,0.37
Materials Science,Polymers & Soft Materials,Run molecular dynamics or Monte Carlo simulations to predict polymer chain configurations and thermodynamic properties.,100,9,0.09
Materials Science,Polymers & Soft Materials,Simulate self-assembly and phase separation behavior in block copolymers and soft matter systems.,100,4,0.04
Materials Science,Polymers & Soft Materials,Synthesize polymers through controlled polymerization techniques to achieve target molecular weights and architectures.,100,33,0.33
Literature,Postcolonial Literature,"Access colonial archives, manuscripts, and historical documents held in libraries or national repositories to support textual analysis.",100,3,0.03
Literature,Postcolonial Literature,"Analyze narrative structures, linguistic choices, and rhetorical strategies in postcolonial texts to identify patterns of subversion or complicity.",100,95,0.95
Literature,Postcolonial Literature,"Apply postcolonial theoretical frameworks such as hybridity, mimicry, or subaltern studies when formulating interpretive research questions about literary texts.",100,69,0.69
Literature,Postcolonial Literature,"Assess whether interpretive claims about colonial discourse or resistance extend across different colonial contexts, languages, or literary traditions.",100,22,0.22
Literature,Postcolonial Literature,Conduct interviews with living postcolonial authors or cultural practitioners to contextualize literary production and reception.,100,1,0.01
Literature,Postcolonial Literature,Design interview protocols to gather oral histories or testimonies from communities represented in postcolonial literary works.,100,0,0.0
Literature,Postcolonial Literature,Evaluate the applicability of postcolonial concepts developed in one geographic or linguistic tradition to literatures from other colonial histories.,100,23,0.23
Literature,Postcolonial Literature,Negotiate access to restricted archival collections or private literary estates relevant to postcolonial authors and texts.,100,0,0.0
Literature,Postcolonial Literature,"Obtain ethical approval for research involving interviews with authors, descendants of colonial subjects, or marginalized communities depicted in literature.",100,1,0.01
Literature,Postcolonial Literature,"Situate literary analysis within historical contexts of colonialism, decolonization, and neocolonialism to frame research inquiries.",100,89,0.89
Mathematics,Probability Theory,Apply calibration corrections to sampling weights and adjust for selection bias in survey data.,100,0,0.0
Mathematics,Probability Theory,Construct and run Markov chain Monte Carlo samplers for posterior inference.,100,3,0.03
Mathematics,Probability Theory,"Derive closed-form expressions for moments, generating functions, and characteristic functions of distributions.",100,58,0.58
Mathematics,Probability Theory,Derive probability distributions and their properties from foundational axioms and assumptions.,100,92,0.92
Mathematics,Probability Theory,Design sampling schemes that ensure valid statistical inference for target populations.,100,1,0.01
Mathematics,Probability Theory,Establish convergence rates and asymptotic behavior of estimators using limit theorems.,100,37,0.37
Mathematics,Probability Theory,"Estimate model parameters using maximum likelihood, method of moments, or Bayesian inference.",100,14,0.14
Mathematics,Probability Theory,Fit parametric and nonparametric probability distributions to empirical data.,100,4,0.04
Mathematics,Probability Theory,Formulate stochastic models to characterize random phenomena in applied contexts.,100,62,0.62
Mathematics,Probability Theory,Generate synthetic random samples to evaluate estimator performance under controlled conditions.,100,8,0.08
Mathematics,Probability Theory,Implement Monte Carlo simulations to approximate intractable probability distributions and expectations.,100,8,0.08
Mathematics,Probability Theory,Propagate uncertainty through probabilistic models using variance decomposition and sensitivity analysis.,100,1,0.01
Mathematics,Probability Theory,"Quantify statistical uncertainty through confidence intervals, credible intervals, and standard errors.",100,0,0.0
Mathematics,Probability Theory,Simulate stochastic processes to study their long-run behavior and transient dynamics.,100,11,0.11
Mathematics,Probability Theory,Validate model fit using goodness-of-fit tests and diagnostic criteria.,100,3,0.03
Medicine & Clinical Sciences,Psychiatry & Mental Health,Acquire structural and functional neuroimaging data to investigate brain correlates of psychiatric conditions.,100,10,0.1
Medicine & Clinical Sciences,Psychiatry & Mental Health,Administer standardized psychiatric rating scales and structured diagnostic interviews to study participants.,100,72,0.72
Medicine & Clinical Sciences,Psychiatry & Mental Health,"Analyze time to relapse, remission, or treatment discontinuation in longitudinal psychiatric studies.",100,11,0.11
Medicine & Clinical Sciences,Psychiatry & Mental Health,Apply propensity score methods to compare psychiatric treatment outcomes in non-randomized clinical data.,100,0,0.0
Medicine & Clinical Sciences,Psychiatry & Mental Health,Collect biological samples for biomarker analysis in psychiatric research studies.,100,9,0.09
Medicine & Clinical Sciences,Psychiatry & Mental Health,Coordinate with psychiatric hospitals and community mental health agencies for participant recruitment and data collection.,100,52,0.52
Medicine & Clinical Sciences,Psychiatry & Mental Health,Design observational studies to examine long-term outcomes of psychiatric treatment in real-world settings.,100,15,0.15
Medicine & Clinical Sciences,Psychiatry & Mental Health,Design randomized controlled trials to evaluate psychiatric medication efficacy and tolerability.,100,4,0.04
Medicine & Clinical Sciences,Psychiatry & Mental Health,Develop hypotheses about psychosocial risk factors for mental health conditions across diverse populations.,100,11,0.11
Medicine & Clinical Sciences,Psychiatry & Mental Health,Develop protocols for managing acute psychiatric crises or suicidal ideation during research participation.,100,5,0.05
Medicine & Clinical Sciences,Psychiatry & Mental Health,Develop study protocols for psychotherapy outcome research with appropriate comparison conditions.,100,9,0.09
Medicine & Clinical Sciences,Psychiatry & Mental Health,Estimate treatment effects of psychiatric interventions while controlling for illness severity and comorbidities.,100,21,0.21
Medicine & Clinical Sciences,Psychiatry & Mental Health,"Formulate hypotheses about neurobiological mechanisms underlying psychiatric disorders such as depression, schizophrenia, or bipolar disorder.",100,10,0.1
Medicine & Clinical Sciences,Psychiatry & Mental Health,Generate hypotheses about the efficacy of pharmacological or psychotherapeutic interventions for psychiatric symptoms.,100,19,0.19
Medicine & Clinical Sciences,Psychiatry & Mental Health,Harmonize psychiatric symptom measures and diagnostic classifications across multi-site studies or international datasets.,100,15,0.15
Medicine & Clinical Sciences,Psychiatry & Mental Health,Implement safeguards to protect sensitive mental health information and psychiatric diagnoses in research databases.,100,20,0.2
Medicine & Clinical Sciences,Psychiatry & Mental Health,Model trajectories of symptom change over the course of psychiatric treatment.,100,10,0.1
Medicine & Clinical Sciences,Psychiatry & Mental Health,Obtain informed consent from participants with psychiatric conditions while assessing decisional capacity.,100,71,0.71
Medicine & Clinical Sciences,Psychiatry & Mental Health,"Recruit participants with psychiatric disorders from inpatient units, outpatient clinics, or community mental health centers.",100,63,0.63
Languages & Linguistics,Psycholinguistics,Administer self-paced reading or listening tasks to measure incremental sentence processing.,100,2,0.02
Languages & Linguistics,Psycholinguistics,Apply mixed-effects regression models to account for variability across participants and linguistic items simultaneously.,100,12,0.12
Languages & Linguistics,Psycholinguistics,"Apply models of language processing, such as lexical access or sentence parsing theories, when formulating research hypotheses.",100,32,0.32
Languages & Linguistics,Psycholinguistics,Assess the extent to which experimental results from controlled laboratory tasks reflect naturalistic language use.,100,8,0.08
Languages & Linguistics,Psycholinguistics,"Collect behavioral data through reaction time tasks measuring lexical decision, naming latency, or sentence comprehension accuracy.",100,11,0.11
Languages & Linguistics,Psycholinguistics,"Construct language history questionnaires to measure bilingual experience, language dominance, and usage patterns.",100,19,0.19
Languages & Linguistics,Psycholinguistics,"Control for lexical variables such as word frequency, length, and imageability when analyzing processing effects.",100,10,0.1
Languages & Linguistics,Psycholinguistics,Design language proficiency assessments or vocabulary tests to characterize participant linguistic backgrounds.,100,13,0.13
Languages & Linguistics,Psycholinguistics,Evaluate whether language processing findings generalize across speakers of different languages or language families.,100,14,0.14
Languages & Linguistics,Psycholinguistics,Ground research questions in theories of bilingual or second language acquisition to explain observed processing differences.,100,37,0.37
Languages & Linguistics,Psycholinguistics,"Obtain IRB approval for experiments involving auditory, visual, or neuroimaging presentation of linguistic stimuli to human participants.",100,36,0.36
Languages & Linguistics,Psycholinguistics,Record eye movements during reading or visual world paradigms to capture real-time language processing.,100,2,0.02
Languages & Linguistics,Psycholinguistics,"Recruit participants with specific language profiles, such as monolinguals, bilinguals, or individuals with language disorders, through university or community networks.",100,71,0.71
Languages & Linguistics,Psycholinguistics,Segment and annotate speech recordings to extract acoustic-phonetic measurements for analysis.,100,23,0.23
Political Science,Public Administration & Policy,Acquire administrative records from government agencies for program evaluation and policy analysis.,100,19,0.19
Political Science,Public Administration & Policy,Address selection bias in evaluating voluntary public programs where participation is non-random.,100,1,0.01
Political Science,Public Administration & Policy,Analyze interview transcripts from public officials to identify patterns in administrative decision-making.,100,25,0.25
Political Science,Public Administration & Policy,Apply theories of bureaucratic behavior and organizational performance to frame research questions about public agencies.,100,33,0.33
Political Science,Public Administration & Policy,"Assess whether policy findings will transfer across different governmental levels, jurisdictions, or administrative contexts.",100,15,0.15
Political Science,Public Administration & Policy,Clean and standardize administrative data from multiple government sources with inconsistent coding schemes.,100,9,0.09
Political Science,Public Administration & Policy,"Code policy documents, legislative texts, or agency communications to identify themes and implementation strategies.",100,27,0.27
Political Science,Public Administration & Policy,"Conduct surveys of public managers, frontline workers, or elected officials to gather primary data on administrative practices.",100,12,0.12
Political Science,Public Administration & Policy,Control for confounding variables when comparing policy outcomes across jurisdictions with different characteristics.,100,11,0.11
Political Science,Public Administration & Policy,Coordinate with public organizations to recruit government employees or program beneficiaries as study participants.,100,31,0.31
Political Science,Public Administration & Policy,Design interview protocols to capture stakeholder perspectives on policy implementation and administrative decision-making.,100,24,0.24
Political Science,Public Administration & Policy,Design surveys to measure citizen satisfaction with public services and government responsiveness.,100,2,0.02
Political Science,Public Administration & Policy,Develop focus group guides to explore community perceptions of public programs and service delivery.,100,0,0.0
Political Science,Public Administration & Policy,"Develop questionnaires to assess public employee attitudes toward organizational change, leadership, or job characteristics.",100,3,0.03
Political Science,Public Administration & Policy,"Draw on policy process frameworks such as incrementalism, advocacy coalitions, or multiple streams when designing policy studies.",100,11,0.11
Political Science,Public Administration & Policy,Evaluate the external validity of program evaluations for implementation in different policy environments.,100,0,0.0
Political Science,Public Administration & Policy,Interview policymakers and administrators to document policy formulation and implementation processes.,100,24,0.24
Political Science,Public Administration & Policy,Negotiate data-sharing agreements with government agencies to access restricted administrative records.,100,3,0.03
Political Science,Public Administration & Policy,Recode open-ended survey responses about policy preferences or public service experiences into analyzable categories.,100,3,0.03
Economics,Public Economics,Access linked employer-employee or tax-benefit administrative datasets to study labor market and fiscal policy interactions.,798,9,0.011278
Economics,Public Economics,Acquire administrative tax records from government agencies to analyze taxpayer behavior and policy effects.,798,104,0.130326
Economics,Public Economics,Address endogeneity in fiscal policy analysis using instrumental variables based on policy rules or institutional features.,798,32,0.0401
Economics,Public Economics,Analyze bunching patterns at tax kinks or notches to identify behavioral responses to fiscal incentives.,798,12,0.015038
Economics,Public Economics,Apply difference-in-differences or regression discontinuity designs to estimate causal effects of tax and spending policy changes.,798,56,0.070175
Economics,Public Economics,Apply public finance theory to analyze the efficiency and equity implications of tax and transfer policies.,798,202,0.253133
Economics,Public Economics,Assess whether estimated behavioral responses to fiscal policies generalize across different tax systems and institutional contexts.,798,25,0.031328
Economics,Public Economics,Clean and harmonize tax and fiscal data across jurisdictions with different reporting standards and definitions.,798,96,0.120301
Economics,Public Economics,Construct effective tax rates and fiscal variables from raw administrative or survey data.,798,240,0.300752
Economics,Public Economics,Decompose incidence of taxes and transfers across income groups using microsimulation or structural models.,797,55,0.069009
Economics,Public Economics,"Design survey instruments to measure taxpayer compliance behavior, perceptions of tax fairness, or preferences for public goods.",798,69,0.086466
Economics,Public Economics,"Estimate behavioral elasticities of taxable income, labor supply, or consumption in response to tax rate changes.",798,27,0.033835
Economics,Public Economics,Evaluate the external validity of policy estimates derived from specific jurisdictions or time periods with distinct fiscal regimes.,798,38,0.047619
Economics,Public Economics,Frame research questions using optimal taxation theory to evaluate trade-offs between redistribution and economic efficiency.,798,49,0.061404
Economics,Public Economics,Negotiate data access agreements with tax authorities or statistical agencies to obtain confidential fiscal microdata.,797,57,0.071518
Nutrition & Dietetics,Public Health & Community Nutrition,Administer dietary and behavioral surveys to representative community samples.,100,56,0.56
Nutrition & Dietetics,Public Health & Community Nutrition,Analyze nationally representative dietary survey data to estimate intake and nutritional status trends.,100,23,0.23
Nutrition & Dietetics,Public Health & Community Nutrition,Apply multilevel models to account for community and household clustering in nutrition data.,100,11,0.11
Nutrition & Dietetics,Public Health & Community Nutrition,Assess disparities in dietary quality and nutrition outcomes across sociodemographic groups.,100,45,0.45
Nutrition & Dietetics,Public Health & Community Nutrition,"Collect data on food access, availability, and pricing across neighborhood food environments.",100,5,0.05
Nutrition & Dietetics,Public Health & Community Nutrition,Coordinate with community organizations and public health agencies for program implementation and data collection.,100,32,0.32
Nutrition & Dietetics,Public Health & Community Nutrition,Design community-based interventions to improve dietary behaviors and nutritional status in target populations.,100,8,0.08
Nutrition & Dietetics,Public Health & Community Nutrition,Design surveillance studies to monitor dietary intake and nutritional status across population subgroups.,100,21,0.21
Nutrition & Dietetics,Public Health & Community Nutrition,"Develop research questions on food insecurity, food environments, and dietary quality in communities.",100,7,0.07
Nutrition & Dietetics,Public Health & Community Nutrition,Evaluate the effectiveness of nutrition interventions using randomized or quasi-experimental designs.,100,11,0.11
Nutrition & Dietetics,Public Health & Community Nutrition,Formulate hypotheses about population dietary patterns and their association with diet-related chronic disease.,100,23,0.23
Nutrition & Dietetics,Public Health & Community Nutrition,Generate hypotheses about how cultural and social factors shape food choices and eating behaviors.,100,3,0.03
Nutrition & Dietetics,Public Health & Community Nutrition,Obtain anthropometric and biomarker measurements in field-based population surveys.,100,58,0.58
Nutrition & Dietetics,Public Health & Community Nutrition,"Plan evaluations of nutrition policies, food-assistance programs, and public health nutrition initiatives.",100,7,0.07
Nutrition & Dietetics,Public Health & Community Nutrition,Recruit participants from underserved and high-risk communities for population nutrition studies.,100,32,0.32
Nutrition & Dietetics,Public Health & Community Nutrition,Translate population nutrition findings into food-based dietary guidelines and public health recommendations.,100,4,0.04
Medicine & Clinical Sciences,Pulmonary & Critical Care,"Acquire chest CT scans for quantitative assessment of emphysema, fibrosis, or airway remodeling.",100,14,0.14
Medicine & Clinical Sciences,Pulmonary & Critical Care,Analyze time-to-extubation or ventilator-free days as outcomes in critical care intervention studies.,100,7,0.07
Medicine & Clinical Sciences,Pulmonary & Critical Care,Assess the impact of ICU interventions on mortality while accounting for illness severity scores.,100,13,0.13
Medicine & Clinical Sciences,Pulmonary & Critical Care,Collect overnight polysomnography data for sleep-disordered breathing research.,100,2,0.02
Medicine & Clinical Sciences,Pulmonary & Critical Care,Coordinate with intensive care units across multiple hospitals for sepsis or ARDS patient enrollment.,100,6,0.06
Medicine & Clinical Sciences,Pulmonary & Critical Care,"Design clinical trials with pulmonary function endpoints such as FEV1, FVC, or diffusing capacity.",100,8,0.08
Medicine & Clinical Sciences,Pulmonary & Critical Care,Design critical care studies with appropriate severity scoring systems and ICU-specific outcome measures.,100,32,0.32
Medicine & Clinical Sciences,Pulmonary & Critical Care,Develop hypotheses regarding ventilator-induced lung injury mechanisms and protective ventilation strategies.,100,1,0.01
Medicine & Clinical Sciences,Pulmonary & Critical Care,Develop study protocols incorporating validated respiratory symptom questionnaires and quality of life measures.,100,19,0.19
Medicine & Clinical Sciences,Pulmonary & Critical Care,Establish partnerships with pulmonary function laboratories for standardized data collection protocols.,100,2,0.02
Medicine & Clinical Sciences,Pulmonary & Critical Care,Estimate treatment effects of bronchodilators or inhaled corticosteroids while adjusting for disease severity and comorbidities.,100,3,0.03
Medicine & Clinical Sciences,Pulmonary & Critical Care,Formulate hypotheses about airway inflammation pathways and their role in asthma or COPD exacerbations.,100,2,0.02
Medicine & Clinical Sciences,Pulmonary & Critical Care,Generate hypotheses about risk factors for acute respiratory distress syndrome progression and resolution.,100,6,0.06
Medicine & Clinical Sciences,Pulmonary & Critical Care,Harmonize respiratory disease diagnoses coded in ICD systems with clinical phenotype definitions.,100,6,0.06
Medicine & Clinical Sciences,Pulmonary & Critical Care,Model disease progression endpoints such as lung function decline or time to acute exacerbation.,100,15,0.15
Medicine & Clinical Sciences,Pulmonary & Critical Care,Obtain bronchoalveolar lavage samples or induced sputum specimens for airway inflammation analysis.,100,18,0.18
Medicine & Clinical Sciences,Pulmonary & Critical Care,Recruit patients with chronic respiratory conditions from pulmonary clinics and rehabilitation programs.,100,28,0.28
Medicine & Clinical Sciences,Pulmonary & Critical Care,Standardize pulmonary function test values across different spirometry devices and reference equations.,100,5,0.05
Physics & Astronomy,Quantum Physics & Quantum Information,Acquire time-resolved measurements of quantum state dynamics using fast electronics and detectors.,100,16,0.16
Physics & Astronomy,Quantum Physics & Quantum Information,Apply background subtraction and detector efficiency corrections to photon counting data.,100,7,0.07
Physics & Astronomy,Quantum Physics & Quantum Information,Apply perturbation theory to predict energy level shifts and transition rates in quantum systems.,100,19,0.19
Physics & Astronomy,Quantum Physics & Quantum Information,Calculate expectation values and correlation functions for quantum observables.,100,62,0.62
Physics & Astronomy,Quantum Physics & Quantum Information,Calibrate single-photon detectors and characterize detection efficiency and dark count rates.,100,4,0.04
Physics & Astronomy,Quantum Physics & Quantum Information,Characterize decoherence times and noise sources in quantum hardware platforms.,100,24,0.24
Physics & Astronomy,Quantum Physics & Quantum Information,Collect photon coincidence counts to measure quantum correlations and verify entanglement.,100,5,0.05
Physics & Astronomy,Quantum Physics & Quantum Information,Compare experimental quantum state measurements against theoretical density matrix predictions.,100,19,0.19
Physics & Astronomy,Quantum Physics & Quantum Information,"Configure optical setups with beam splitters, waveplates, and detectors for quantum state preparation and measurement.",100,18,0.18
Physics & Astronomy,Quantum Physics & Quantum Information,Derive entanglement measures and quantum information metrics for multipartite systems.,100,14,0.14
Physics & Astronomy,Quantum Physics & Quantum Information,Derive quantum state evolution using Schrödinger or master equations for open and closed systems.,100,51,0.51
Physics & Astronomy,Quantum Physics & Quantum Information,Design experiments with cryogenic or vacuum environments to isolate quantum coherence from thermal noise.,100,16,0.16
Physics & Astronomy,Quantum Physics & Quantum Information,Design pulse sequences for coherent control and manipulation of quantum states.,100,27,0.27
Physics & Astronomy,Quantum Physics & Quantum Information,Filter quantum measurement records to extract signals from environmental and technical noise.,100,7,0.07
Physics & Astronomy,Quantum Physics & Quantum Information,Fit Hamiltonian parameters to spectroscopic or dynamical measurement data.,100,22,0.22
Physics & Astronomy,Quantum Physics & Quantum Information,Perform quantum state tomography to reconstruct density matrices and verify state preparation fidelity.,100,3,0.03
Physics & Astronomy,Quantum Physics & Quantum Information,Propagate errors through quantum state reconstruction and parameter estimation procedures.,100,8,0.08
Physics & Astronomy,Quantum Physics & Quantum Information,Quantify statistical uncertainties in measured quantum fidelities and entanglement witnesses.,100,18,0.18
Physics & Astronomy,Quantum Physics & Quantum Information,Run Monte Carlo simulations to model quantum phase transitions and critical phenomena.,100,2,0.02
Physics & Astronomy,Quantum Physics & Quantum Information,Simulate open quantum system dynamics using Lindblad master equations or quantum trajectory methods.,100,12,0.12
Physics & Astronomy,Quantum Physics & Quantum Information,Simulate quantum many-body dynamics using tensor network or exact diagonalization methods.,100,17,0.17
Sociology,Race & Ethnicity,Account for measurement error arising from changes in racial classification schemes over time or across data sources.,100,5,0.05
Sociology,Race & Ethnicity,"Acquire historical archival materials documenting racial policies, ethnic community formation, or migration patterns.",100,13,0.13
Sociology,Race & Ethnicity,Address IRB concerns about potential harms when researching sensitive topics related to racial trauma or discrimination.,100,21,0.21
Sociology,Race & Ethnicity,Address confounding from residential segregation and neighborhood selection when analyzing racial disparities in outcomes.,100,3,0.03
Sociology,Race & Ethnicity,Analyze narrative accounts to identify patterns in how participants make meaning of their racial or ethnic experiences.,100,29,0.29
Sociology,Race & Ethnicity,Apply theories of racialization and ethnic boundary formation when framing research questions about group identity and intergroup relations.,100,49,0.49
Sociology,Race & Ethnicity,Assess whether racial and ethnic categories and their meanings are comparable across different national or historical contexts.,100,23,0.23
Sociology,Race & Ethnicity,Clean and standardize country-of-origin and ancestry data to construct meaningful ethnic group classifications.,100,4,0.04
Sociology,Race & Ethnicity,"Code qualitative data for themes related to racial identity development, ethnic belonging, or experiences of marginalization.",100,34,0.34
Sociology,Race & Ethnicity,Collect oral histories from members of racial and ethnic communities to document lived experiences and collective memory.,100,4,0.04
Sociology,Race & Ethnicity,Conduct ethnographic observations in racial or ethnic community settings to document cultural practices and social dynamics.,100,5,0.05
Sociology,Race & Ethnicity,Design interview protocols that allow participants to narrate their racial or ethnic identity formation and lived experiences.,100,22,0.22
Sociology,Race & Ethnicity,Design survey items that capture racial and ethnic self-identification using culturally appropriate categories and response options.,100,12,0.12
Sociology,Race & Ethnicity,Develop culturally appropriate informed consent procedures for research with Indigenous or immigrant communities.,100,6,0.06
Sociology,Race & Ethnicity,"Develop focus group guides to explore community perspectives on race relations, ethnic solidarity, or cultural practices.",100,8,0.08
Sociology,Race & Ethnicity,"Develop survey measures to assess experiences of racial discrimination, microaggressions, or ethnic prejudice.",100,11,0.11
Sociology,Race & Ethnicity,"Engage with intersectionality frameworks to examine how race and ethnicity interact with gender, class, and other social categories.",100,21,0.21
Sociology,Race & Ethnicity,Establish relationships with tribal governments or Indigenous community leaders to negotiate research access and protocols.,100,2,0.02
Sociology,Race & Ethnicity,Evaluate how findings about specific racial or ethnic groups may or may not transfer to other minoritized populations.,100,14,0.14
Sociology,Race & Ethnicity,Partner with racial and ethnic community organizations to facilitate participant recruitment and ensure research relevance.,100,12,0.12
Sociology,Race & Ethnicity,Recode inconsistent racial and ethnic self-identifications to create analytically useful categories while preserving respondent meaning.,100,16,0.16
Medicine & Clinical Sciences,Radiology & Medical Imaging,Address radiation exposure risks and justify dose levels in IRB protocols for studies involving ionizing radiation.,100,2,0.02
Medicine & Clinical Sciences,Radiology & Medical Imaging,"Apply preprocessing pipelines to correct for imaging artifacts, noise, and intensity variations across datasets.",100,28,0.28
Medicine & Clinical Sciences,Radiology & Medical Imaging,Assess inter-reader and intra-reader variability in radiological measurements and interpretations.,100,26,0.26
Medicine & Clinical Sciences,Radiology & Medical Imaging,"Calculate and compare diagnostic accuracy metrics including sensitivity, specificity, and area under the ROC curve.",100,27,0.27
Medicine & Clinical Sciences,Radiology & Medical Imaging,Correlate imaging findings with clinical outcomes to assess prognostic value of radiological biomarkers.,100,26,0.26
Medicine & Clinical Sciences,Radiology & Medical Imaging,Define imaging-based endpoints and response criteria for clinical trials evaluating treatment efficacy.,100,6,0.06
Medicine & Clinical Sciences,Radiology & Medical Imaging,Design reader studies with appropriate blinding and randomization to evaluate radiologist interpretation performance.,100,25,0.25
Medicine & Clinical Sciences,Radiology & Medical Imaging,Determine optimal sample sizes for imaging studies based on expected effect sizes and measurement variability.,100,2,0.02
Medicine & Clinical Sciences,Radiology & Medical Imaging,Develop hypotheses comparing the diagnostic performance of different imaging modalities or protocols.,100,25,0.25
Medicine & Clinical Sciences,Radiology & Medical Imaging,Formulate hypotheses about the diagnostic accuracy of imaging biomarkers for detecting or staging disease.,100,31,0.31
Medicine & Clinical Sciences,Radiology & Medical Imaging,"Harmonize imaging data acquired from different scanner vendors, field strengths, or acquisition protocols.",100,6,0.06
Medicine & Clinical Sciences,Radiology & Medical Imaging,Implement standardized imaging protocols across multiple scanner platforms and clinical sites.,100,9,0.09
Medicine & Clinical Sciences,Radiology & Medical Imaging,"Link imaging examinations with pathology results, laboratory values, and clinical outcomes from health records.",100,52,0.52
Medicine & Clinical Sciences,Radiology & Medical Imaging,"Optimize imaging acquisition parameters to balance image quality, scan time, and radiation dose for research protocols.",100,23,0.23
History,Regional & Area Studies,"Access regional archives, libraries, and special collections to obtain primary historical documents and manuscripts.",100,58,0.58
History,Regional & Area Studies,"Account for silences, omissions, and power dynamics embedded in colonial or state-produced archival records.",100,38,0.38
History,Regional & Area Studies,"Acquire government records, colonial archives, or institutional documents from national and regional repositories.",100,35,0.35
History,Regional & Area Studies,"Adapt survey instruments for cross-cultural validity, including translation and culturally appropriate response categories.",100,0,0.0
History,Regional & Area Studies,"Apply thematic or discourse analysis to textual sources such as newspapers, literature, or official documents from the region.",100,70,0.7
History,Regional & Area Studies,"Assess the transferability of findings across different cultural, linguistic, or national contexts within the region of study.",100,5,0.05
History,Regional & Area Studies,Code oral history transcripts and ethnographic field notes to identify recurring themes and regional patterns.,100,3,0.03
History,Regional & Area Studies,Collect oral histories and life narratives from community members to document regional experiences and perspectives.,100,7,0.07
History,Regional & Area Studies,Conduct ethnographic fieldwork including participant observation in communities within the region of study.,100,7,0.07
History,Regional & Area Studies,Coordinate with diaspora communities or heritage organizations to recruit participants and access dispersed populations.,100,0,0.0
History,Regional & Area Studies,Design oral history protocols to document lived experiences and collective memory within specific regional communities.,100,2,0.02
History,Regional & Area Studies,"Develop culturally appropriate informed consent procedures that account for local norms around authority, literacy, and privacy.",100,1,0.01
History,Regional & Area Studies,"Develop interview guides that accommodate regional communication norms, hierarchies, and culturally sensitive topics.",100,2,0.02
History,Regional & Area Studies,Engage with historiographical debates specific to the region when framing research problems and interpretive approaches.,100,83,0.83
History,Regional & Area Studies,"Establish relationships with local cultural institutions, universities, or community organizations to facilitate research access and collaboration.",100,12,0.12
History,Regional & Area Studies,"Evaluate how colonial legacies, migration patterns, or political transitions affect the applicability of findings to contemporary contexts.",100,26,0.26
History,Regional & Area Studies,Navigate ethical review processes across multiple national jurisdictions when conducting transnational or comparative research.,100,0,0.0
History,Regional & Area Studies,"Situate research questions within postcolonial, transnational, or area-specific theoretical frameworks to account for regional power dynamics.",100,47,0.47
History,Regional & Area Studies,Transcribe and translate primary source materials from regional languages or historical scripts into working languages.,100,32,0.32
History,Regional & Area Studies,"Triangulate findings across archival sources, oral accounts, and secondary literature to address gaps and biases in regional documentation.",100,61,0.61
Religion,Religion & Society,"Access national survey datasets containing religious affiliation, attendance, and belief measures.",200,18,0.09
Religion,Religion & Society,"Acquire secondary data from religious denomination records, congregational surveys, or faith-based organization archives.",200,41,0.205
Religion,Religion & Society,Address confidentiality concerns when studying religious beliefs or practices that may be stigmatized or politically sensitive.,200,15,0.075
Religion,Religion & Society,Address self-selection into religious communities when analyzing observational data on religion and social outcomes.,200,4,0.02
Religion,Religion & Society,"Analyze textual data from sermons, religious texts, or faith-based media for content and discourse patterns.",200,45,0.225
Religion,Religion & Society,"Apply secularization, religious economy, or lived religion theories when framing research questions about religious change and practice.",200,58,0.29
Religion,Religion & Society,"Assess whether findings about religious practices or beliefs generalize across denominational, cultural, or national contexts.",200,36,0.18
Religion,Religion & Society,Build trust with religious community gatekeepers to facilitate access for ethnographic or interview-based research.,200,51,0.255
Religion,Religion & Society,Clean and standardize religious affiliation categories across different classification schemes and survey instruments.,200,18,0.09
Religion,Religion & Society,"Code qualitative data for theological themes, religious meaning-making, and spiritual narratives.",200,73,0.365
Religion,Religion & Society,"Conduct participant observation in religious services, rituals, and congregational activities.",200,34,0.17
Religion,Religion & Society,Control for confounding between religious participation and sociodemographic characteristics in statistical analyses.,200,13,0.065
Religion,Religion & Society,"Coordinate with religious congregations, denominations, or faith-based organizations to recruit study participants.",200,53,0.265
Religion,Religion & Society,"Design interview protocols to explore personal religious narratives, conversion experiences, and faith development.",200,23,0.115
Religion,Religion & Society,"Design survey items to measure religiosity, spiritual practices, and religious identity across diverse faith traditions.",200,7,0.035
Religion,Religion & Society,Develop focus group guides to examine collective religious practices and community meaning-making processes.,200,5,0.025
Religion,Religion & Society,"Develop questionnaire scales that capture religious participation, belief salience, and congregational involvement.",200,4,0.02
Religion,Religion & Society,Engage with theories of religious pluralism and interreligious relations when examining multi-faith contexts.,200,38,0.19
Religion,Religion & Society,Evaluate how historical religious transformations may limit the applicability of findings to contemporary settings.,200,12,0.06
Religion,Religion & Society,"Interview religious leaders, clergy, and lay members about institutional practices and community dynamics.",200,57,0.285
Religion,Religion & Society,Navigate ethical considerations specific to researching vulnerable religious communities or minority faith groups.,200,8,0.04
Religion,Religion & Society,Recode open-ended responses about religious identity and spiritual experiences into analytical categories.,200,8,0.04
History,Religious History,"Access inquisition records, trial transcripts, or ecclesiastical court documents from historical archives.",100,5,0.05
History,Religious History,"Account for biases in sources produced by religious authorities, polemicists, or persecuting institutions.",100,45,0.45
History,Religious History,"Acquire archival materials from ecclesiastical repositories, diocesan archives, or religious order collections.",100,30,0.3
History,Religious History,"Apply theories of religious change, conversion, or secularization when framing research questions about historical religious movements.",100,18,0.18
History,Religious History,"Assess whether interpretations of religious practices or beliefs apply across different confessional, regional, or temporal contexts.",100,64,0.64
History,Religious History,"Categorize religious imagery, ritual descriptions, or material culture references in historical documents.",100,36,0.36
History,Religious History,"Code theological arguments, doctrinal positions, or devotional practices from primary religious texts.",100,65,0.65
History,Religious History,"Conduct interviews with religious practitioners, clergy, or community members to gather firsthand accounts of religious life.",100,7,0.07
History,Religious History,"Design oral history protocols to document living religious traditions, practices, or community memories.",100,3,0.03
History,Religious History,Engage with historiographical debates about the relationship between religious institutions and political or social structures.,100,68,0.68
History,Religious History,Evaluate the representativeness of surviving religious sources for broader populations of believers or institutions.,100,27,0.27
History,Religious History,"Interpret paleographic features of religious manuscripts to establish dating, provenance, and authenticity.",100,11,0.11
History,Religious History,Negotiate access to restricted ecclesiastical archives or private religious collections through institutional contacts.,100,4,0.04
History,Religious History,"Obtain manuscripts, printed religious texts, or liturgical documents from rare book collections and libraries.",100,33,0.33
History,Religious History,"Transcribe and translate primary sources written in Latin, Hebrew, or other historical languages relevant to religious communities.",100,43,0.43
History,Religious History,"Triangulate evidence across ecclesiastical, secular, and personal sources to reconstruct religious experiences.",100,70,0.7
Environmental Science,Remote Sensing & GIS,Acquire terrain elevation data using LiDAR sensors mounted on aircraft or ground-based platforms.,100,10,0.1
Environmental Science,Remote Sensing & GIS,Acquire time-series satellite data to monitor land cover change and environmental dynamics.,100,35,0.35
Environmental Science,Remote Sensing & GIS,Apply atmospheric correction algorithms to remove scattering and absorption effects from satellite imagery.,100,8,0.08
Environmental Science,Remote Sensing & GIS,Assess classification accuracy using confusion matrices and statistical measures derived from validation samples.,100,22,0.22
Environmental Science,Remote Sensing & GIS,Calibrate remote sensing instruments using ground reference targets with known spectral properties.,100,3,0.03
Environmental Science,Remote Sensing & GIS,Characterize sensor radiometric response to convert digital numbers to physical units of radiance or reflectance.,100,14,0.14
Environmental Science,Remote Sensing & GIS,Classify land cover types by fitting spectral signatures to training data using supervised classification algorithms.,100,17,0.17
Environmental Science,Remote Sensing & GIS,Collect aerial imagery using unmanned aircraft systems for high-resolution mapping applications.,100,6,0.06
Environmental Science,Remote Sensing & GIS,Collect ground truth data using GPS receivers and field spectrometers for image classification validation.,100,15,0.15
Environmental Science,Remote Sensing & GIS,Derive surface reflectance values from atmospheric radiative transfer models to correct satellite imagery.,100,3,0.03
Environmental Science,Remote Sensing & GIS,Develop regression models relating field measurements to remotely sensed spectral variables.,100,19,0.19
Environmental Science,Remote Sensing & GIS,Filter point cloud data to separate ground returns from vegetation and built structures.,100,11,0.11
Environmental Science,Remote Sensing & GIS,Generate digital elevation models from LiDAR point clouds or stereo imagery pairs.,100,13,0.13
Environmental Science,Remote Sensing & GIS,Model spatial relationships using geostatistical interpolation techniques to estimate values at unsampled locations.,100,4,0.04
Environmental Science,Remote Sensing & GIS,Mosaic multiple image scenes and apply color balancing to create seamless regional datasets.,100,9,0.09
Environmental Science,Remote Sensing & GIS,Perform geometric correction of satellite imagery using ground control points to ensure spatial accuracy.,100,12,0.12
Environmental Science,Remote Sensing & GIS,Perform orthorectification of aerial and satellite imagery to remove terrain-induced geometric distortions.,100,5,0.05
Environmental Science,Remote Sensing & GIS,Perform spatial analysis operations in GIS to model environmental processes and landscape patterns.,100,37,0.37
Environmental Science,Remote Sensing & GIS,Quantify positional accuracy of geospatial datasets by comparing against higher-accuracy reference data.,100,11,0.11
Environmental Science,Remote Sensing & GIS,Retrieve biophysical parameters by inverting radiative transfer models against measured spectral reflectance.,100,11,0.11
Environmental Science,Remote Sensing & GIS,Run hydrological simulations using terrain models to delineate watersheds and predict flow accumulation.,100,2,0.02
Communication & Media Studies,Rhetoric & Public Discourse,"Account for contextual factors such as audience, medium, and historical moment when interpreting rhetorical patterns in observational data.",100,62,0.62
Communication & Media Studies,Rhetoric & Public Discourse,"Apply rhetorical theory and frameworks such as genre theory, rhetorical situation, or circulation studies when framing research questions about public discourse.",100,60,0.6
Communication & Media Studies,Rhetoric & Public Discourse,"Assess whether rhetorical patterns and persuasive strategies identified in specific texts or contexts transfer across different audiences, media platforms, or historical periods.",100,8,0.08
Communication & Media Studies,Rhetoric & Public Discourse,"Code rhetorical features such as appeals, tropes, figures, and argumentative structures in collected texts or transcripts.",100,46,0.46
Communication & Media Studies,Rhetoric & Public Discourse,"Collect primary textual data from speeches, public debates, social media posts, or other forms of public discourse for rhetorical analysis.",100,59,0.59
Communication & Media Studies,Rhetoric & Public Discourse,"Compile archival materials including historical speeches, pamphlets, or media coverage to trace the evolution of rhetorical strategies over time.",100,4,0.04
Communication & Media Studies,Rhetoric & Public Discourse,"Develop interview protocols to elicit participant reflections on language choices, rhetorical awareness, and communicative intentions in public or multilingual contexts.",100,5,0.05
Communication & Media Studies,Rhetoric & Public Discourse,"Identify and categorize instances of taboo language, euphemistic substitution, or code-switching in multilingual public discourse.",100,2,0.02
Communication & Media Studies,Rhetoric & Public Discourse,"Negotiate access to restricted archives, organizational communications, or community spaces to gather authentic examples of public discourse.",100,5,0.05
Computer Science,Robotics,Apply sensor fusion techniques to combine data from multiple robot sensors into coherent state estimates.,100,14,0.14
Computer Science,Robotics,"Characterize sensor measurement errors for LIDAR, IMU, and depth cameras used in robot perception.",100,6,0.06
Computer Science,Robotics,Configure repeatable manipulation tasks with known object properties to benchmark grasping algorithms.,100,3,0.03
Computer Science,Robotics,Derive kinematic and dynamic equations for robotic manipulators and mobile platforms to predict system behavior.,100,33,0.33
Computer Science,Robotics,Design controlled test environments with standardized obstacles and terrain for evaluating robot navigation performance.,100,36,0.36
Computer Science,Robotics,Execute reinforcement learning training episodes in simulated environments before real-world transfer.,100,8,0.08
Computer Science,Robotics,Filter noisy sensor readings using Kalman filters or particle filters for robot localization.,100,11,0.11
Computer Science,Robotics,Fit learned control policies to observed robot behavior data using regression or neural network models.,100,8,0.08
Computer Science,Robotics,"Formulate motion planning constraints based on robot geometry, joint limits, and workspace boundaries.",100,37,0.37
Computer Science,Robotics,Model sensor noise characteristics and environmental uncertainties for state estimation algorithms.,100,22,0.22
Computer Science,Robotics,Propagate sensor uncertainties through perception and control pipelines to assess system reliability.,100,18,0.18
Computer Science,Robotics,Quantify positioning accuracy and repeatability errors in robot manipulation tasks.,100,5,0.05
Computer Science,Robotics,Run physics-based simulations of robot dynamics and sensor models to validate algorithms before hardware deployment.,100,53,0.53
Computer Science,Robotics,Simulate multi-agent robot interactions to evaluate distributed control and coordination strategies.,100,20,0.2
Computer Science,Robotics,Tune controller parameters by fitting dynamic models to experimental robot response data.,100,6,0.06
Political Science,Security & Conflict Studies,"Access declassified government documents, defense white papers, and official military records for historical analysis.",100,17,0.17
Political Science,Security & Conflict Studies,"Acquire and integrate conflict event data from repositories tracking armed violence, terrorism, or political instability.",100,26,0.26
Political Science,Security & Conflict Studies,Address selection bias in conflict datasets arising from underreporting in active war zones or authoritarian states.,100,9,0.09
Political Science,Security & Conflict Studies,Analyze interview transcripts from security practitioners to identify patterns in decision-making or threat assessment.,100,9,0.09
Political Science,Security & Conflict Studies,"Apply theories of deterrence, escalation, or coercion when framing research questions about state and non-state actor behavior.",100,22,0.22
Political Science,Security & Conflict Studies,Assess whether findings from specific conflict cases or regions can generalize to other security environments or historical periods.,100,34,0.34
Political Science,Security & Conflict Studies,"Code qualitative data from strategic documents, speeches, or propaganda materials to identify threat narratives and policy positions.",100,31,0.31
Political Science,Security & Conflict Studies,"Compile data from international organizations on arms transfers, peacekeeping operations, or sanctions regimes.",100,2,0.02
Political Science,Security & Conflict Studies,"Conduct field interviews with refugees, displaced persons, or conflict-affected populations while managing security risks.",100,5,0.05
Political Science,Security & Conflict Studies,"Control for confounding factors such as geographic proximity, alliance membership, or regime type in cross-national security analyses.",100,17,0.17
Political Science,Security & Conflict Studies,"Coordinate with defense ministries, intelligence agencies, or international security organizations for data access or expert interviews.",100,9,0.09
Political Science,Security & Conflict Studies,Design focus group protocols to explore civilian experiences and perceptions in conflict-affected communities.,100,1,0.01
Political Science,Security & Conflict Studies,"Design survey instruments to measure public attitudes toward defense policies, military interventions, or threat perceptions.",100,2,0.02
Political Science,Security & Conflict Studies,Develop informed consent procedures that protect the identity and safety of participants in conflict zones or authoritarian contexts.,100,5,0.05
Political Science,Security & Conflict Studies,"Develop interview protocols for eliciting information from military personnel, intelligence professionals, or policymakers.",100,10,0.1
Political Science,Security & Conflict Studies,Evaluate the transferability of security policy lessons across different political systems and alliance structures.,100,6,0.06
Political Science,Security & Conflict Studies,"Gather primary data through observation of security institutions, military exercises, or post-conflict reconstruction efforts.",100,2,0.02
Political Science,Security & Conflict Studies,Incorporate frameworks of securitization or threat perception to analyze how issues become defined as security concerns.,100,26,0.26
Political Science,Security & Conflict Studies,Navigate security clearances and institutional review requirements for research involving classified information or sensitive populations.,100,3,0.03
Political Science,Security & Conflict Studies,Partner with humanitarian organizations or peacekeeping missions to recruit participants or access conflict-affected areas.,100,1,0.01
Political Science,Security & Conflict Studies,"Process and verify open-source intelligence from news reports, social media, or satellite imagery for conflict analysis.",100,5,0.05
Languages & Linguistics,Semantics & Pragmatics,"Annotate discourse data for speech acts, discourse markers, or pragmatic functions.",100,44,0.44
Languages & Linguistics,Semantics & Pragmatics,"Apply theories of speech acts, implicature, or presupposition when framing research questions about meaning in context.",100,69,0.69
Languages & Linguistics,Semantics & Pragmatics,Assess cross-linguistic validity of proposed semantic universals or pragmatic principles.,100,36,0.36
Languages & Linguistics,Semantics & Pragmatics,"Code textual data for semantic relations, reference chains, or coherence structures.",100,6,0.06
Languages & Linguistics,Semantics & Pragmatics,Collect linguistic judgment data from native speakers through controlled experimental tasks.,100,20,0.2
Languages & Linguistics,Semantics & Pragmatics,Construct forced-choice or scalar rating instruments to assess interpretation of ambiguous or context-dependent expressions.,100,7,0.07
Languages & Linguistics,Semantics & Pragmatics,Control for contextual and prosodic confounds when analyzing pragmatic interpretation data.,100,17,0.17
Languages & Linguistics,Semantics & Pragmatics,Coordinate with language communities or speaker groups to recruit participants for linguistic elicitation studies.,100,18,0.18
Languages & Linguistics,Semantics & Pragmatics,Design acceptability judgment tasks to measure speakers' intuitions about sentence meaning or felicity.,100,9,0.09
Languages & Linguistics,Semantics & Pragmatics,Develop elicitation protocols to collect naturalistic speech data for discourse or pragmatic analysis.,100,19,0.19
Languages & Linguistics,Semantics & Pragmatics,"Evaluate whether semantic or pragmatic findings generalize across languages, dialects, or discourse communities.",100,43,0.43
Languages & Linguistics,Semantics & Pragmatics,Gather conversational or discourse data through recordings of natural language interactions.,100,27,0.27
Languages & Linguistics,Semantics & Pragmatics,Ground research questions in formal semantic frameworks such as truth-conditional semantics or dynamic semantics.,100,36,0.36
Languages & Linguistics,Semantics & Pragmatics,"Obtain ethical approval for collecting linguistic data from human participants, including recorded speech samples.",100,10,0.1
History,Social & Cultural History,"Acquire historical photographs, material culture records, or visual sources from museums and special collections.",100,15,0.15
History,Social & Cultural History,Analyze visual sources such as photographs and illustrations for cultural symbolism and social representation.,100,22,0.22
History,Social & Cultural History,Apply theories of collective memory and cultural transmission when framing research questions about historical change.,100,11,0.11
History,Social & Cultural History,"Assess whether interpretations of cultural practices or social experiences apply across different regional, class, or ethnic contexts.",100,41,0.41
History,Social & Cultural History,"Code oral history transcripts and personal narratives for recurring themes, cultural meanings, and historical patterns.",100,11,0.11
History,Social & Cultural History,Conduct oral history interviews with individuals who experienced or witnessed historical events and cultural transformations.,100,11,0.11
History,Social & Cultural History,Contextualize individual narratives within broader social structures and cultural frameworks to assess representativeness.,100,51,0.51
History,Social & Cultural History,Design oral history interview protocols to elicit personal narratives about lived experiences and cultural practices.,100,6,0.06
History,Social & Cultural History,Develop life history interview guides that capture individual trajectories within broader social and cultural contexts.,100,5,0.05
History,Social & Cultural History,Evaluate the temporal boundaries of historical arguments to determine applicability to earlier or later periods.,100,26,0.26
History,Social & Cultural History,"Gather published primary sources such as newspapers, periodicals, memoirs, and literary texts from historical periods.",100,67,0.67
History,Social & Cultural History,"Locate and access archival collections containing personal papers, organizational records, or community documents.",100,47,0.47
History,Social & Cultural History,Negotiate access to restricted archival collections or private family papers held by individuals or institutions.,100,10,0.1
History,Social & Cultural History,"Situate research questions within historiographical debates about agency, structure, and cultural meaning.",100,89,0.89
History,Social & Cultural History,Triangulate findings across multiple source types to address gaps and biases in the historical record.,100,71,0.71
Sociology,Social Movements & Collective Action,Account for selection effects when comparing activists to non-participants or analyzing differential recruitment into movements.,100,6,0.06
Sociology,Social Movements & Collective Action,Administer surveys to protest participants using field-based sampling methods during collective action events.,100,4,0.04
Sociology,Social Movements & Collective Action,"Analyze activist interviews to identify recruitment mechanisms, identity transformation, and disengagement processes.",100,27,0.27
Sociology,Social Movements & Collective Action,"Apply resource mobilization, political process, or framing theories to explain emergence and outcomes of collective action.",100,39,0.39
Sociology,Social Movements & Collective Action,Assess whether movement dynamics observed in one national or regional context transfer to different political opportunity structures.,100,21,0.21
Sociology,Social Movements & Collective Action,"Code movement documents, speeches, or media coverage to identify collective action frames and diagnostic, prognostic, and motivational claims.",100,27,0.27
Sociology,Social Movements & Collective Action,"Compile protest event data from newspaper archives, police records, or organizational documents.",100,36,0.36
Sociology,Social Movements & Collective Action,"Conduct participant observation at protests, rallies, or movement meetings to document tactical repertoires and group dynamics.",100,23,0.23
Sociology,Social Movements & Collective Action,"Design interview protocols to capture activist narratives, recruitment pathways, and biographical consequences of participation.",100,42,0.42
Sociology,Social Movements & Collective Action,"Design survey instruments to measure participation in protests, boycotts, petitions, or other forms of collective action.",100,10,0.1
Sociology,Social Movements & Collective Action,Develop focus group guides to explore collective identity formation and frame resonance among movement participants.,100,4,0.04
Sociology,Social Movements & Collective Action,"Develop questionnaire items to assess activist identities, grievances, and perceptions of collective efficacy.",100,8,0.08
Sociology,Social Movements & Collective Action,Evaluate how findings from specific protest cycles or campaigns apply to movements across different historical periods.,100,11,0.11
Sociology,Social Movements & Collective Action,Extract movement-related content from social media platforms to analyze mobilization patterns and discourse.,100,6,0.06
Sociology,Social Movements & Collective Action,"Integrate contentious politics frameworks to analyze interactions between movements, states, and counter-movements.",100,10,0.1
Sociology,Social Movements & Collective Action,"Navigate ethical considerations when researching activists who face surveillance, repression, or legal risks.",100,7,0.07
Sociology,Social Movements & Collective Action,Negotiate access to activist networks and movement organizations while maintaining researcher independence and trust.,100,41,0.41
Psychology,Social Psychology,Account for group-level clustering effects when analyzing data from participants nested within social groups.,100,8,0.08
Psychology,Social Psychology,Administer implicit association tests or reaction-time tasks to assess automatic social attitudes.,100,1,0.01
Psychology,Social Psychology,Apply social identity theory or self-categorization theory to frame hypotheses about intergroup attitudes and behaviors.,100,9,0.09
Psychology,Social Psychology,Assess the generalizability of laboratory findings on social influence to naturalistic group settings.,100,2,0.02
Psychology,Social Psychology,"Code open-ended responses for themes related to social identity, stereotyping, or intergroup perceptions.",100,5,0.05
Psychology,Social Psychology,Conduct laboratory experiments using confederates or scripted social interactions to study influence processes.,100,7,0.07
Psychology,Social Psychology,"Construct questionnaire items assessing perceived social norms, conformity pressures, or group identification.",100,17,0.17
Psychology,Social Psychology,Control for individual differences in social desirability when analyzing self-reported prejudice or discrimination.,100,2,0.02
Psychology,Social Psychology,Design self-report scales to measure implicit and explicit attitudes toward social groups.,100,0,0.0
Psychology,Social Psychology,Design semi-structured interview protocols to explore subjective experiences of social identity and group membership.,100,0,0.0
Psychology,Social Psychology,Develop deception protocols and debriefing procedures for experiments involving false feedback or confederates.,100,14,0.14
Psychology,Social Psychology,Develop vignette-based measures to capture social judgments and attributional processes.,100,14,0.14
Psychology,Social Psychology,Draw on cognitive dissonance or attribution theories to explain attitude change and social judgment processes.,100,7,0.07
Psychology,Social Psychology,Evaluate whether social psychological effects replicate across individualist and collectivist cultural contexts.,100,6,0.06
Psychology,Social Psychology,Partner with community organizations to recruit diverse participant samples for studies on intergroup contact or social identity.,100,5,0.05
Psychology,Social Psychology,Prepare IRB materials addressing potential psychological distress from exposure to prejudice or social exclusion manipulations.,100,8,0.08
Psychology,Social Psychology,Screen and clean response data for inattentive responding or failed manipulation checks in online experiments.,100,24,0.24
Sociology,Social Stratification & Inequality,"Access cross-national datasets comparing stratification systems, educational institutions, or labor market outcomes across countries.",100,15,0.15
Sociology,Social Stratification & Inequality,"Acquire longitudinal panel data from national surveys tracking income, education, and employment over the life course.",100,19,0.19
Sociology,Social Stratification & Inequality,"Address endogeneity in estimating causal effects of education, family structure, or neighborhood context on stratification outcomes.",100,8,0.08
Sociology,Social Stratification & Inequality,Analyze qualitative accounts of mobility experiences to identify patterns in how individuals navigate class boundaries.,100,6,0.06
Sociology,Social Stratification & Inequality,Apply decomposition methods to quantify contributions of different factors to inequality gaps between groups.,100,13,0.13
Sociology,Social Stratification & Inequality,"Apply theories of social reproduction, cumulative advantage, or intersectionality when framing research questions about inequality.",100,24,0.24
Sociology,Social Stratification & Inequality,Assess whether stratification patterns observed in one national context generalize to societies with different welfare regimes or labor market structures.,100,25,0.25
Sociology,Social Stratification & Inequality,Code open-ended responses about occupations into standardized classification schemes for stratification analysis.,100,9,0.09
Sociology,Social Stratification & Inequality,"Collect life history data on educational attainment, occupational transitions, and family background through structured interviews.",100,6,0.06
Sociology,Social Stratification & Inequality,"Construct composite measures of socioeconomic status from multiple indicators of education, occupation, and income.",100,17,0.17
Sociology,Social Stratification & Inequality,"Design interview protocols to elicit narratives about educational trajectories, career pathways, or experiences of disadvantage.",100,12,0.12
Sociology,Social Stratification & Inequality,"Design survey items to measure socioeconomic status, class position, or social mobility experiences.",100,7,0.07
Sociology,Social Stratification & Inequality,"Develop questionnaire modules to capture perceptions of fairness, discrimination, or social position.",100,2,0.02
Sociology,Social Stratification & Inequality,Evaluate whether findings about inequality trends hold across different birth cohorts or historical periods.,100,24,0.24
Sociology,Social Stratification & Inequality,"Harmonize occupational codes, educational classifications, or income measures across datasets or time periods.",100,25,0.25
Sociology,Social Stratification & Inequality,Model intergenerational transmission of socioeconomic status using parent-child linked data.,100,16,0.16
Sociology,Social Stratification & Inequality,"Negotiate data access agreements with statistical agencies holding restricted microdata on income, wealth, or employment.",100,13,0.13
Sociology,Social Stratification & Inequality,"Obtain administrative records on earnings, educational credentials, or program participation from government agencies.",100,14,0.14
Sociology,Social Stratification & Inequality,Situate research questions within debates about structural versus individual explanations for stratification outcomes.,100,45,0.45
Languages & Linguistics,Sociolinguistics,Access existing spoken language corpora and sociolinguistic archives for secondary analysis of linguistic variation.,100,19,0.19
Languages & Linguistics,Sociolinguistics,Account for speaker-level clustering and stylistic variation when analyzing sociolinguistic interview data.,100,6,0.06
Languages & Linguistics,Sociolinguistics,Address ethical considerations specific to recording and storing identifiable speech data from community members.,100,14,0.14
Languages & Linguistics,Sociolinguistics,"Annotate transcripts for sociolinguistic variables, speaker metadata, and contextual information.",100,24,0.24
Languages & Linguistics,Sociolinguistics,Apply theories of language ideology and linguistic identity when framing research questions about language attitudes and practices.,100,47,0.47
Languages & Linguistics,Sociolinguistics,"Assess whether observed language patterns will generalize across speech communities, registers, or interactional contexts.",100,14,0.14
Languages & Linguistics,Sociolinguistics,Categorize discourse and interactional features in conversational data for qualitative or quantitative analysis.,100,30,0.3
Languages & Linguistics,Sociolinguistics,"Code linguistic tokens for phonological, morphological, or syntactic variants in speech data.",100,26,0.26
Languages & Linguistics,Sociolinguistics,Conduct participant observation in speech communities to document language practices in naturalistic settings.,100,23,0.23
Languages & Linguistics,Sociolinguistics,"Construct questionnaires to elicit self-reported language use, proficiency, and linguistic repertoires.",100,10,0.1
Languages & Linguistics,Sociolinguistics,"Control for social factors such as age, gender, ethnicity, and social class in analyses of linguistic variation.",100,18,0.18
Languages & Linguistics,Sociolinguistics,Design language attitude surveys using matched-guise or verbal-guise techniques to measure perceptions of speakers and varieties.,100,4,0.04
Languages & Linguistics,Sociolinguistics,Design sociolinguistic interview protocols that elicit naturalistic speech across multiple registers and topics.,100,14,0.14
Languages & Linguistics,Sociolinguistics,"Develop focus group protocols to explore community language attitudes, ideologies, and metalinguistic awareness.",100,6,0.06
Languages & Linguistics,Sociolinguistics,Draw on variationist sociolinguistic frameworks to investigate relationships between linguistic features and social variables.,100,29,0.29
Languages & Linguistics,Sociolinguistics,Establish relationships with speech communities to facilitate ethical recruitment and data collection.,100,33,0.33
Languages & Linguistics,Sociolinguistics,Evaluate the transferability of findings across different linguistic and cultural settings.,100,9,0.09
Languages & Linguistics,Sociolinguistics,Record sociolinguistic interviews to capture spontaneous speech samples for phonetic and morphosyntactic analysis.,100,17,0.17
Languages & Linguistics,Sociolinguistics,Transcribe audio recordings using conventions appropriate for capturing phonetic detail and discourse features.,100,32,0.32
Sociology,Sociology of Health & Medicine,Access restricted health datasets through data use agreements with government agencies or healthcare organizations.,100,7,0.07
Sociology,Sociology of Health & Medicine,Account for selection effects in studies of healthcare utilization or treatment outcomes.,100,13,0.13
Sociology,Sociology of Health & Medicine,"Acquire health-related data from electronic health records, vital statistics, or population health surveys.",100,21,0.21
Sociology,Sociology of Health & Medicine,"Address confounding by socioeconomic status, health behaviors, and healthcare access in observational health studies.",100,46,0.46
Sociology,Sociology of Health & Medicine,Analyze qualitative data from healthcare provider interviews to examine professional socialization and clinical decision-making.,100,4,0.04
Sociology,Sociology of Health & Medicine,Apply social determinants of health frameworks to examine how social structures shape health outcomes and healthcare access.,100,25,0.25
Sociology,Sociology of Health & Medicine,"Assess whether health-related findings generalize across healthcare systems, insurance structures, or national contexts.",100,1,0.01
Sociology,Sociology of Health & Medicine,Clean and standardize self-reported health status measures and healthcare utilization data.,100,58,0.58
Sociology,Sociology of Health & Medicine,Code illness narratives and patient accounts to identify themes related to meaning-making and identity.,100,15,0.15
Sociology,Sociology of Health & Medicine,"Conduct interviews with patients, caregivers, or healthcare providers about illness experiences and care processes.",100,42,0.42
Sociology,Sociology of Health & Medicine,"Coordinate with healthcare organizations, clinics, or hospitals to recruit patient participants or access clinical data.",100,48,0.48
Sociology,Sociology of Health & Medicine,"Design interview protocols to explore patient experiences with chronic illness, disability, or healthcare encounters.",100,19,0.19
Sociology,Sociology of Health & Medicine,"Design survey instruments to measure patient experiences, healthcare utilization, or health-related quality of life.",100,39,0.39
Sociology,Sociology of Health & Medicine,Develop focus group guides to examine community health concerns or responses to public health interventions.,100,11,0.11
Sociology,Sociology of Health & Medicine,Develop informed consent procedures appropriate for participants with varying health literacy or cognitive capacity.,100,65,0.65
Sociology,Sociology of Health & Medicine,"Develop questionnaires assessing illness narratives, health beliefs, or perceptions of medical authority.",100,6,0.06
Sociology,Sociology of Health & Medicine,"Evaluate how health disparities findings may vary across racial, ethnic, or socioeconomic groups.",100,32,0.32
Sociology,Sociology of Health & Medicine,Incorporate medicalization theory to analyze how social conditions become defined and treated as medical problems.,100,1,0.01
Sociology,Sociology of Health & Medicine,Navigate IRB requirements for research involving vulnerable patient populations or sensitive health information.,100,78,0.78
Sociology,Sociology of Health & Medicine,Observe clinical encounters or healthcare settings to document provider-patient interactions and institutional practices.,100,4,0.04
Sociology,Sociology of Health & Medicine,Partner with community health organizations to facilitate research access and participant recruitment.,100,49,0.49
Sociology,Sociology of Health & Medicine,Recode diagnostic categories or health conditions using standardized classification systems.,100,7,0.07
Computer Science,Software Engineering,Characterize sources of measurement noise in software repository mining and developer activity tracking.,100,4,0.04
Computer Science,Software Engineering,Clean and normalize software repository data by resolving entity aliases and filtering bot-generated artifacts.,100,0,0.0
Computer Science,Software Engineering,Construct benchmark suites with representative workloads to evaluate software system performance.,100,12,0.12
Computer Science,Software Engineering,"Curate and version datasets, codebases, and experimental artifacts for replication and extension by other researchers.",100,22,0.22
Computer Science,Software Engineering,"Derive expected software behavior from formal specifications, type systems, or logical constraints.",100,28,0.28
Computer Science,Software Engineering,"Design controlled experiments comparing software tools, techniques, or methodologies with appropriate treatment and control conditions.",100,28,0.28
Computer Science,Software Engineering,Evaluate machine learning models for software engineering tasks using cross-validation and held-out test sets.,100,5,0.05
Computer Science,Software Engineering,"Fit statistical models to software defect data, development effort, or system reliability measurements.",100,14,0.14
Computer Science,Software Engineering,"Formulate hypotheses about software quality, performance, or developer productivity based on theoretical frameworks.",100,19,0.19
Computer Science,Software Engineering,"Maintain reproducible experimental infrastructure including build systems, virtual environments, and containerized deployments.",100,13,0.13
Computer Science,Software Engineering,"Quantify uncertainty in software metrics due to incomplete data, sampling bias, or measurement limitations.",100,4,0.04
Computer Science,Software Engineering,Record developer interactions and behaviors during programming tasks using instrumented development environments.,100,4,0.04
Computer Science,Software Engineering,"Simulate software system behavior under varying loads, configurations, or failure scenarios.",100,6,0.06
Computer Science,Software Engineering,"Validate measurement tools for code metrics, test coverage, or static analysis accuracy against ground truth.",100,2,0.02
Environmental Science,Soil & Land Use Science,Acquire and process remote sensing imagery for land cover classification and change detection.,100,14,0.14
Environmental Science,Soil & Land Use Science,Apply atmospheric and geometric corrections to satellite imagery for land use analysis.,100,2,0.02
Environmental Science,Soil & Land Use Science,Calibrate erosion models using observed sediment yield and runoff data.,100,0,0.0
Environmental Science,Soil & Land Use Science,Characterize measurement error in portable soil testing equipment across varying field conditions.,100,0,0.0
Environmental Science,Soil & Land Use Science,Deploy automated weather stations and soil monitoring networks across study sites.,100,3,0.03
Environmental Science,Soil & Land Use Science,"Design field sampling schemes stratified by soil type, topography, and land use.",100,38,0.38
Environmental Science,Soil & Land Use Science,Establish long-term monitoring plots to track soil quality changes under different management practices.,100,5,0.05
Environmental Science,Soil & Land Use Science,Estimate soil carbon sequestration potential based on land use change scenarios.,100,1,0.01
Environmental Science,Soil & Land Use Science,Fit pedotransfer functions to predict soil hydraulic properties from basic soil characteristics.,100,0,0.0
Environmental Science,Soil & Land Use Science,Model water infiltration and runoff dynamics using soil hydraulic properties.,100,0,0.0
Environmental Science,Soil & Land Use Science,Predict soil erosion rates and sediment transport using empirical and process-based models.,100,4,0.04
Environmental Science,Soil & Land Use Science,Process raw spectral data from soil samples to derive nutrient and organic matter content.,100,7,0.07
Environmental Science,Soil & Land Use Science,Propagate measurement errors through soil carbon stock calculations.,100,1,0.01
Environmental Science,Soil & Land Use Science,Quantify spatial uncertainty in soil property maps using geostatistical validation techniques.,100,8,0.08
Environmental Science,Soil & Land Use Science,Run spatially distributed hydrological models to simulate watershed-scale soil-water dynamics.,100,0,0.0
Environmental Science,Soil & Land Use Science,Simulate land use change impacts on ecosystem services using scenario-based modeling.,100,1,0.01
Agricultural Sciences,Soil Science,Analyze spatial variability in soil parameters across field sites using geostatistical approaches.,99,4,0.040404
Agricultural Sciences,Soil Science,"Calibrate and maintain soil analysis instruments including pH meters, spectrophotometers, and elemental analyzers.",99,67,0.676768
Agricultural Sciences,Soil Science,Collect soil leachate and runoff samples to quantify nutrient losses and erosion rates.,99,3,0.030303
Agricultural Sciences,Soil Science,Compare soil properties and crop responses between amended and control plots using appropriate statistical methods.,99,80,0.808081
Agricultural Sciences,Soil Science,"Design field plot experiments with appropriate soil sampling depths, replication, and spatial controls.",99,57,0.575758
Agricultural Sciences,Soil Science,Develop hypotheses regarding soil-plant interactions and their effects on crop productivity or ecosystem function.,99,48,0.484848
Agricultural Sciences,Soil Science,Establish long-term soil monitoring trials to assess treatment effects across multiple growing seasons.,99,28,0.282828
Agricultural Sciences,Soil Science,Extract and sequence microbial DNA from soil samples to characterize community composition and diversity.,99,8,0.080808
Agricultural Sciences,Soil Science,"Formulate hypotheses about soil nutrient cycling, carbon sequestration, or microbial community dynamics.",99,26,0.262626
Agricultural Sciences,Soil Science,Process soil microbial sequencing data to identify taxa and functional gene abundances.,99,8,0.080808
Agricultural Sciences,Soil Science,Sample plant root systems and rhizosphere soil to assess root-soil interactions.,99,24,0.242424
Education,Special Education,"Access state and federal datasets on special education enrollment, outcomes, and compliance indicators.",100,4,0.04
Education,Special Education,"Acquire secondary data from school district records including IEP documentation, placement decisions, and service delivery logs.",100,3,0.03
Education,Special Education,Address selection bias in studies comparing outcomes for students in different educational placements or service models.,100,0,0.0
Education,Special Education,Analyze IEP meeting transcripts and documents to examine decision-making processes and stakeholder participation.,100,0,0.0
Education,Special Education,Apply disability studies frameworks and social models of disability when conceptualizing research on educational inclusion.,100,14,0.14
Education,Special Education,"Assess the transferability of inclusive education practices across school contexts, grade levels, and cultural settings.",100,4,0.04
Education,Special Education,"Code qualitative data from interviews with students, families, and educators to identify themes related to inclusion and belonging.",100,30,0.3
Education,Special Education,Collect behavioral and academic data through direct observation of students with disabilities in natural school environments.,100,13,0.13
Education,Special Education,"Conduct classroom observations to document instructional accommodations, modifications, and inclusive teaching practices.",100,15,0.15
Education,Special Education,"Control for confounding variables such as disability severity, socioeconomic status, and prior services when evaluating intervention effectiveness.",100,2,0.02
Education,Special Education,Coordinate with school districts and special education administrators to recruit participants and access student records.,100,56,0.56
Education,Special Education,Design interview protocols to capture the lived experiences of students with disabilities in educational settings.,100,13,0.13
Education,Special Education,"Design surveys to measure teacher attitudes, self-efficacy, and preparedness for teaching students with disabilities.",100,19,0.19
Education,Special Education,Develop focus group guides for gathering perspectives from special education teachers on collaborative and co-teaching practices.,100,1,0.01
Education,Special Education,Develop questionnaires to assess family perspectives on special education services and IEP processes.,100,2,0.02
Education,Special Education,"Evaluate whether intervention outcomes generalize across disability categories, severity levels, and educational placement settings.",100,2,0.02
Education,Special Education,"Ground research questions in legal and policy frameworks such as IDEA, Section 504, and ADA to address educational rights and services.",100,23,0.23
Education,Special Education,Navigate IRB requirements for research conducted in partnership with schools and special education programs.,100,37,0.37
Education,Special Education,Obtain appropriate consent and assent procedures for research involving minors with cognitive or communication disabilities.,100,26,0.26
Education,Special Education,Partner with disability advocacy organizations and parent groups to facilitate community-engaged research participation.,100,4,0.04
Statistics,Statistical Computing,Apply resampling methods such as bootstrapping and cross-validation to quantify uncertainty in model estimates.,100,6,0.06
Statistics,Statistical Computing,Assess the sensitivity of computational findings to distributional assumptions and parameter specifications across different scenarios.,100,42,0.42
Statistics,Statistical Computing,Clean and preprocess large-scale numerical datasets to ensure compatibility with statistical software and algorithms.,100,12,0.12
Statistics,Statistical Computing,Design simulation experiments to evaluate the performance of statistical estimators under varying sample sizes and data conditions.,100,37,0.37
Statistics,Statistical Computing,Develop Monte Carlo simulation procedures to approximate sampling distributions and assess estimator properties.,100,45,0.45
Statistics,Statistical Computing,Diagnose and address numerical convergence issues in estimation procedures.,100,12,0.12
Statistics,Statistical Computing,Evaluate the robustness of statistical algorithms to violations of model assumptions through simulation studies.,100,19,0.19
Statistics,Statistical Computing,Formulate computational models that incorporate uncertainty quantification to address research questions about system reliability.,100,5,0.05
Statistics,Statistical Computing,Implement numerical optimization routines to estimate parameters in complex statistical models.,100,25,0.25
Statistics,Statistical Computing,Program iterative algorithms for fitting models when closed-form solutions are unavailable.,100,23,0.23
Statistics,Statistical Computing,Propagate uncertainty through computational pipelines to characterize variability in final outputs.,100,32,0.32
Physics & Astronomy,Statistical Mechanics & Thermodynamics,Apply fluctuation-dissipation relations to predict system response to perturbations.,100,10,0.1
Physics & Astronomy,Statistical Mechanics & Thermodynamics,Calculate equilibrium properties of physical systems using statistical mechanical ensembles.,100,43,0.43
Physics & Astronomy,Statistical Mechanics & Thermodynamics,Compute entropy and entropy production for systems approaching or away from equilibrium.,100,17,0.17
Physics & Astronomy,Statistical Mechanics & Thermodynamics,Compute free energy differences using thermodynamic integration or perturbation methods.,100,2,0.02
Physics & Astronomy,Statistical Mechanics & Thermodynamics,Derive phase transition behavior from free energy landscapes and order parameters.,100,20,0.2
Physics & Astronomy,Statistical Mechanics & Thermodynamics,Derive thermodynamic equations of state from partition functions using ensemble theory.,100,17,0.17
Physics & Astronomy,Statistical Mechanics & Thermodynamics,Design calorimetry experiments to measure heat capacities and phase transition temperatures.,100,0,0.0
Physics & Astronomy,Statistical Mechanics & Thermodynamics,Extract critical exponents and scaling parameters from experimental or simulation data.,100,37,0.37
Physics & Astronomy,Statistical Mechanics & Thermodynamics,Fit equations of state and thermodynamic models to experimental phase behavior data.,100,6,0.06
Physics & Astronomy,Statistical Mechanics & Thermodynamics,Implement stochastic dynamics simulations to model nonequilibrium processes.,100,21,0.21
Physics & Astronomy,Statistical Mechanics & Thermodynamics,Perform molecular dynamics simulations to study thermodynamic and transport properties.,100,3,0.03
Physics & Astronomy,Statistical Mechanics & Thermodynamics,Propagate thermal fluctuations and measurement uncertainties through thermodynamic calculations.,100,6,0.06
Physics & Astronomy,Statistical Mechanics & Thermodynamics,Run Monte Carlo simulations to sample equilibrium configurations of statistical mechanical systems.,100,22,0.22
Physics & Astronomy,Statistical Mechanics & Thermodynamics,Simulate phase transitions and critical phenomena using lattice models.,100,17,0.17
Biomedical Sciences,Stem Cell & Regenerative Medicine,Acquire immunofluorescence images to assess expression of pluripotency or lineage-specific markers.,100,60,0.6
Biomedical Sciences,Stem Cell & Regenerative Medicine,Analyze flow cytometry data to assess cell surface marker profiles across experimental conditions.,100,37,0.37
Biomedical Sciences,Stem Cell & Regenerative Medicine,"Derive and bank stem cell lines from embryonic, adult, or induced pluripotent sources.",100,27,0.27
Biomedical Sciences,Stem Cell & Regenerative Medicine,"Design differentiation protocols with appropriate growth factors, small molecules, and temporal controls.",100,54,0.54
Biomedical Sciences,Stem Cell & Regenerative Medicine,Develop hypotheses about transcription factor networks controlling cell fate decisions during development.,100,17,0.17
Biomedical Sciences,Stem Cell & Regenerative Medicine,Formulate hypotheses about signaling pathways that regulate stem cell self-renewal and differentiation.,100,42,0.42
Biomedical Sciences,Stem Cell & Regenerative Medicine,Generate single-cell RNA sequencing data to characterize heterogeneity in stem cell populations.,100,1,0.01
Biomedical Sciences,Stem Cell & Regenerative Medicine,Generate three-dimensional organoid or spheroid cultures from stem cells for functional studies.,100,25,0.25
Biomedical Sciences,Stem Cell & Regenerative Medicine,Isolate and expand primary cells from patient-derived tissues for disease modeling or therapeutic applications.,100,30,0.3
Biomedical Sciences,Stem Cell & Regenerative Medicine,Obtain IACUC approval for transplantation studies assessing engraftment and functional integration of stem cell-derived cells.,100,26,0.26
Biomedical Sciences,Stem Cell & Regenerative Medicine,Perform chromatin accessibility or epigenetic profiling to assess differentiation states.,100,10,0.1
Biomedical Sciences,Stem Cell & Regenerative Medicine,"Perform live-cell imaging to track stem cell division, migration, or morphological changes over time.",100,7,0.07
Biomedical Sciences,Stem Cell & Regenerative Medicine,Plan experiments comparing reprogramming efficiency across different cell sources and induction methods.,100,5,0.05
Biomedical Sciences,Stem Cell & Regenerative Medicine,Process transcriptomic data from differentiated cell populations to identify lineage-specific gene expression signatures.,100,26,0.26
Biomedical Sciences,Stem Cell & Regenerative Medicine,Quantify differentiation efficiency by comparing marker expression between treated and control cultures.,100,67,0.67
Education,STEM Education,"Access national datasets on STEM degree completion, workforce outcomes, or educational pathways for longitudinal research.",100,0,0.0
Education,STEM Education,"Acquire institutional data on student enrollment, grades, and retention in STEM courses for secondary analysis.",100,11,0.11
Education,STEM Education,Address self-selection bias when students choose between different course sections or instructional formats in STEM programs.,100,4,0.04
Education,STEM Education,Administer concept inventories or diagnostic assessments to measure student conceptual understanding in STEM subjects.,100,24,0.24
Education,STEM Education,Analyze interview transcripts to identify themes in student experiences with STEM curricula or pedagogical approaches.,100,28,0.28
Education,STEM Education,Apply learning theories such as constructivism or cognitive load theory when framing research questions about student understanding in STEM disciplines.,100,16,0.16
Education,STEM Education,Assess the generalizability of findings across student populations with varying prior knowledge and demographic backgrounds in STEM courses.,100,4,0.04
Education,STEM Education,Code and categorize student written explanations or problem solutions to identify patterns in scientific or mathematical reasoning.,100,24,0.24
Education,STEM Education,Code classroom observation data to characterize the nature and frequency of active learning strategies in STEM instruction.,100,9,0.09
Education,STEM Education,Collect primary data through classroom observations of STEM teaching practices using structured observation protocols.,100,16,0.16
Education,STEM Education,Conduct think-aloud interviews to capture student reasoning during STEM problem-solving tasks.,100,8,0.08
Education,STEM Education,Control for prior academic preparation and course-taking patterns when comparing outcomes across instructional interventions.,100,13,0.13
Education,STEM Education,Coordinate with STEM departments and instructors to recruit student participants and access classroom settings for data collection.,100,70,0.7
Education,STEM Education,"Create instruments to measure STEM identity, sense of belonging, or career intentions among students from diverse backgrounds.",100,2,0.02
Education,STEM Education,Design interview protocols to explore student reasoning processes and problem-solving strategies in STEM content areas.,100,17,0.17
Education,STEM Education,"Design surveys to measure student attitudes toward science or mathematics, self-efficacy, or motivation in STEM learning environments.",100,13,0.13
Education,STEM Education,Develop focus group guides to investigate instructor experiences implementing evidence-based teaching practices in STEM classrooms.,100,2,0.02
Education,STEM Education,Develop questionnaires to assess student perceptions of instructional practices or classroom climate in STEM courses.,100,8,0.08
Education,STEM Education,Draw on conceptual change frameworks to investigate how students develop or revise scientific and mathematical reasoning.,100,16,0.16
Education,STEM Education,"Evaluate whether instructional interventions will transfer across different STEM disciplines, course levels, or institutional contexts.",100,0,0.0
Education,STEM Education,"Obtain IRB approval for classroom-based research involving student performance data, surveys, or observations of instruction.",100,54,0.54
Education,STEM Education,Partner with institutional research offices to obtain student records and ensure compliance with data use agreements.,100,8,0.08
Business & Management,Strategic Management,"Account for self-selection in strategic choices such as diversification, internationalization, or alliance formation.",100,3,0.03
Business & Management,Strategic Management,"Address endogeneity concerns in strategy-performance relationships using instrumental variables, fixed effects, or matching methods.",100,8,0.08
Business & Management,Strategic Management,Analyze case study evidence to develop or refine theoretical propositions about firm strategy and performance.,100,22,0.22
Business & Management,Strategic Management,"Apply resource-based view, institutional theory, or agency theory to frame hypotheses about firm-level competitive advantage.",100,26,0.26
Business & Management,Strategic Management,"Assess whether strategic management findings generalize across industries, firm sizes, or national institutional contexts.",100,19,0.19
Business & Management,Strategic Management,Clean and standardize firm identifiers to merge data across multiple corporate databases.,100,9,0.09
Business & Management,Strategic Management,"Code qualitative data from executive interviews to identify strategic themes, decision rationales, or organizational practices.",100,16,0.16
Business & Management,Strategic Management,"Collect primary data through executive surveys or interviews about strategic initiatives, governance practices, or competitive actions.",100,34,0.34
Business & Management,Strategic Management,"Control for industry effects, firm heterogeneity, and time trends when analyzing determinants of firm outcomes.",100,11,0.11
Business & Management,Strategic Management,Coordinate with executives or corporate contacts to recruit senior managers as research participants.,100,28,0.28
Business & Management,Strategic Management,Design semi-structured interview protocols to explore strategic decision-making processes among top management teams.,100,17,0.17
Business & Management,Strategic Management,"Design survey instruments to measure strategic constructs such as competitive positioning, dynamic capabilities, or organizational ambidexterity.",100,17,0.17
Business & Management,Strategic Management,"Develop case study protocols to investigate firm strategies, governance structures, or competitive dynamics in depth.",100,17,0.17
Business & Management,Strategic Management,Develop questionnaires targeting executives or managers to capture strategic decision processes and firm-level practices.,100,16,0.16
Business & Management,Strategic Management,Evaluate boundary conditions for theoretical predictions across different competitive environments or ownership structures.,100,11,0.11
Business & Management,Strategic Management,Integrate upper echelons theory or behavioral strategy perspectives when examining executive decision-making and firm outcomes.,100,2,0.02
Business & Management,Strategic Management,Negotiate data access agreements with corporations or industry associations to obtain proprietary firm-level information.,100,16,0.16
Business & Management,Strategic Management,"Obtain IRB approval for research involving interviews or surveys with executives, board members, or employees.",100,9,0.09
Business & Management,Strategic Management,"Process and code textual data from earnings calls, annual reports, or press releases to construct strategic variables.",100,8,0.08
Medicine & Clinical Sciences,Surgery & Surgical Specialties,Acquire preoperative and postoperative imaging data to assess surgical planning and outcomes.,99,40,0.40404
Medicine & Clinical Sciences,Surgery & Surgical Specialties,Analyze postoperative survival and recurrence-free intervals following surgical interventions.,99,22,0.222222
Medicine & Clinical Sciences,Surgery & Surgical Specialties,Apply risk adjustment methods to compare surgical outcomes across different patient populations or institutions.,99,6,0.060606
Medicine & Clinical Sciences,Surgery & Surgical Specialties,Coordinate with operating room staff and surgical departments for intraoperative data collection.,99,33,0.333333
Medicine & Clinical Sciences,Surgery & Surgical Specialties,Design comparative effectiveness studies evaluating minimally invasive versus open surgical approaches.,99,5,0.050505
Medicine & Clinical Sciences,Surgery & Surgical Specialties,"Design prospective surgical trials with appropriate endpoints such as operative time, length of stay, and complication rates.",99,17,0.171717
Medicine & Clinical Sciences,Surgery & Surgical Specialties,Develop research questions comparing surgical techniques or approaches for specific clinical conditions.,99,23,0.232323
Medicine & Clinical Sciences,Surgery & Surgical Specialties,Establish multi-center collaborations for surgical trials requiring adequate patient volume.,99,11,0.111111
Medicine & Clinical Sciences,Surgery & Surgical Specialties,Establish standardized outcome measures for surgical quality assessment across study sites.,99,12,0.121212
Medicine & Clinical Sciences,Surgery & Surgical Specialties,Estimate effects of surgical interventions while adjusting for patient comorbidities and disease severity.,99,16,0.161616
Medicine & Clinical Sciences,Surgery & Surgical Specialties,"Evaluate time-to-event outcomes such as graft survival, wound healing, or return to function after surgery.",99,15,0.151515
Medicine & Clinical Sciences,Surgery & Surgical Specialties,Formulate hypotheses about perioperative risk factors and their impact on surgical complications.,99,21,0.212121
Medicine & Clinical Sciences,Surgery & Surgical Specialties,Harmonize operative coding systems to enable comparison of surgical data across institutions.,99,6,0.060606
Medicine & Clinical Sciences,Surgery & Surgical Specialties,Navigate IRB requirements for studies involving surgical video recording and analysis.,99,2,0.020202
Medicine & Clinical Sciences,Surgery & Surgical Specialties,Obtain informed consent for collection and use of intraoperative tissue specimens in research.,99,6,0.060606
Medicine & Clinical Sciences,Surgery & Surgical Specialties,Recruit surgical patients preoperatively and coordinate specimen collection during procedures.,99,14,0.141414
Medicine & Clinical Sciences,Surgery & Surgical Specialties,Standardize surgical procedure classifications and complication definitions across multi-institutional datasets.,99,15,0.151515
Statistics,Survey Methodology,Access and harmonize survey data from cross-national or longitudinal survey programs for secondary analysis.,100,8,0.08
Statistics,Survey Methodology,Administer surveys across multiple modes while monitoring data quality indicators during fieldwork.,100,33,0.33
Statistics,Survey Methodology,Apply theories of respondent cognition and behavior to explain measurement error sources in survey responses.,100,20,0.2
Statistics,Survey Methodology,Apply weighting adjustments to correct for unequal selection probabilities and differential nonresponse.,100,13,0.13
Statistics,Survey Methodology,Assess the generalizability of survey estimates across varying sampling frames and recruitment strategies.,100,7,0.07
Statistics,Survey Methodology,Calculate design-based variance estimates that account for complex sampling features including stratification and clustering.,100,8,0.08
Statistics,Survey Methodology,"Construct questionnaires with attention to question wording, order effects, and response scale design to minimize measurement error.",100,38,0.38
Statistics,Survey Methodology,Deploy contact and follow-up strategies to maximize response rates and minimize nonresponse bias.,100,62,0.62
Statistics,Survey Methodology,Design mixed-mode survey instruments that maintain measurement equivalence across administration methods.,100,18,0.18
Statistics,Survey Methodology,Develop cognitive interview protocols to evaluate how respondents interpret and answer survey questions.,100,4,0.04
Statistics,Survey Methodology,Develop informed consent procedures appropriate for different survey modes and respondent populations.,100,22,0.22
Statistics,Survey Methodology,Develop skip patterns and branching logic to route respondents through complex survey instruments.,100,12,0.12
Statistics,Survey Methodology,Estimate and adjust for nonresponse bias using auxiliary data and propensity score methods.,100,15,0.15
Statistics,Survey Methodology,"Evaluate whether survey findings generalize across different modes of data collection such as web, telephone, or face-to-face.",100,21,0.21
Statistics,Survey Methodology,"Frame research questions around total survey error components including coverage, sampling, nonresponse, and measurement error.",100,29,0.29
Statistics,Survey Methodology,Implement probability-based sampling designs to achieve representative coverage of target populations.,100,41,0.41
Statistics,Survey Methodology,Impute missing survey data using appropriate methods to reduce bias from item nonresponse.,100,4,0.04
Statistics,Survey Methodology,"Negotiate access to sampling frames with organizations, government agencies, or commercial vendors.",100,36,0.36
Statistics,Survey Methodology,Pretest survey instruments through cognitive interviewing to identify comprehension and response problems.,100,5,0.05
Statistics,Survey Methodology,Process paradata and response timing data to identify problematic response patterns and satisficing behavior.,100,10,0.1
Environmental Science,Sustainability Science,"Acquire satellite imagery and geospatial data to assess land use change, deforestation, and urban expansion.",100,5,0.05
Environmental Science,Sustainability Science,Apply quality control procedures to remove outliers and correct for sensor drift in continuous monitoring data.,100,2,0.02
Environmental Science,Sustainability Science,Calculate carbon footprints and greenhouse gas emissions using life cycle assessment frameworks.,100,5,0.05
Environmental Science,Sustainability Science,"Collect water, soil, and air samples to quantify pollutant concentrations and nutrient cycling rates.",100,0,0.0
Environmental Science,Sustainability Science,"Conduct ecological field surveys to document species abundance, habitat conditions, and ecosystem health.",100,6,0.06
Environmental Science,Sustainability Science,"Deploy sensor networks to monitor environmental variables such as temperature, humidity, and carbon flux.",100,0,0.0
Environmental Science,Sustainability Science,Derive projections of resource availability and environmental carrying capacity from ecosystem models and sustainability indicators.,100,3,0.03
Environmental Science,Sustainability Science,"Design field sampling protocols to assess biodiversity, soil health, or water quality across heterogeneous landscapes.",100,11,0.11
Environmental Science,Sustainability Science,Establish experimental plots with controlled treatments to evaluate sustainable agricultural or forestry practices.,100,0,0.0
Environmental Science,Sustainability Science,Estimate future land use change impacts on ecosystem services using scenario-based modeling approaches.,100,2,0.02
Environmental Science,Sustainability Science,"Execute spatial simulations to project habitat fragmentation, species distribution shifts, or urban growth patterns.",100,2,0.02
Environmental Science,Sustainability Science,Fit statistical models to environmental time series data to detect trends in ecosystem degradation or recovery.,100,4,0.04
Environmental Science,Sustainability Science,Model nutrient and pollutant flows through watersheds and agricultural systems to evaluate management interventions.,100,2,0.02
Environmental Science,Sustainability Science,Parameterize coupled human-environment system models using empirical data on resource use and ecological responses.,100,14,0.14
Environmental Science,Sustainability Science,Process and standardize environmental datasets from multiple sources to ensure comparability across spatial and temporal scales.,100,32,0.32
Environmental Science,Sustainability Science,"Quantify uncertainty in sustainability indicators arising from data gaps, measurement variability, and model assumptions.",100,14,0.14
Environmental Science,Sustainability Science,"Run integrated assessment models to simulate interactions between climate, land use, and socioeconomic systems.",100,2,0.02
Environmental Science,Sustainability Science,Validate remote sensing data against ground-truth measurements for land cover and vegetation assessments.,100,0,0.0
Languages & Linguistics,Syntax & Grammar,Account for individual differences in language background when interpreting grammaticality judgment results.,100,4,0.04
Languages & Linguistics,Syntax & Grammar,Apply syntactic theories such as generative grammar or construction grammar to formulate hypotheses about sentence structure.,100,82,0.82
Languages & Linguistics,Syntax & Grammar,Assess the extent to which experimental findings on grammatical judgments replicate across speaker populations.,100,1,0.01
Languages & Linguistics,Syntax & Grammar,"Code linguistic data for grammatical features such as word order, agreement, and argument structure.",100,50,0.5
Languages & Linguistics,Syntax & Grammar,Collaborate with language communities to recruit speakers of understudied languages or dialects.,100,16,0.16
Languages & Linguistics,Syntax & Grammar,Collect grammaticality judgment data from native speakers through controlled experiments.,100,16,0.16
Languages & Linguistics,Syntax & Grammar,Construct sentence completion or forced-choice tasks to elicit syntactic preferences from participants.,100,2,0.02
Languages & Linguistics,Syntax & Grammar,Control for lexical and semantic confounds when analyzing syntactic processing data.,100,2,0.02
Languages & Linguistics,Syntax & Grammar,Design acceptability judgment tasks to measure native speaker intuitions about grammatical structures.,100,11,0.11
Languages & Linguistics,Syntax & Grammar,Design structured interview tasks to investigate grammatical variation across speaker groups.,100,2,0.02
Languages & Linguistics,Syntax & Grammar,Develop elicitation protocols to gather naturalistic speech samples for syntactic analysis.,100,12,0.12
Languages & Linguistics,Syntax & Grammar,Evaluate whether syntactic patterns observed in one language or dialect generalize to typologically diverse languages.,100,41,0.41
Languages & Linguistics,Syntax & Grammar,Integrate semantic frameworks with syntactic analysis to investigate form-meaning correspondences.,100,60,0.6
Languages & Linguistics,Syntax & Grammar,Obtain ethical approval for collecting linguistic data from speakers of minority or endangered languages.,100,0,0.0
Languages & Linguistics,Syntax & Grammar,Parse and annotate sentence structures according to syntactic categories and phrase boundaries.,100,51,0.51
Languages & Linguistics,Syntax & Grammar,Transcribe and annotate spoken language data for syntactic structure and grammatical features.,100,20,0.2
Computer Science,Systems & Networking,"Calculate theoretical bounds on network capacity, energy consumption, or spectral efficiency for proposed system designs.",100,13,0.13
Computer Science,Systems & Networking,"Calibrate network measurement tools and characterize timing accuracy, packet capture loss, and instrumentation overhead.",100,0,0.0
Computer Science,Systems & Networking,Compare measured system performance against analytical predictions to validate theoretical models.,100,12,0.12
Computer Science,Systems & Networking,"Derive analytical models for network throughput, latency, and packet loss based on queuing theory and protocol specifications.",100,12,0.12
Computer Science,Systems & Networking,"Design controlled network testbed experiments with specified topologies, traffic patterns, and workload configurations.",100,19,0.19
Computer Science,Systems & Networking,Execute emulation-based experiments that combine real protocol implementations with simulated network conditions.,100,1,0.01
Computer Science,Systems & Networking,Filter and preprocess network trace data to remove measurement artifacts and synchronize timestamps across distributed collection points.,100,3,0.03
Computer Science,Systems & Networking,Fit statistical models to empirical network traffic patterns and validate against theoretical distributions.,100,3,0.03
Computer Science,Systems & Networking,"Normalize collected performance data to account for background traffic, environmental interference, and hardware variations.",100,0,0.0
Computer Science,Systems & Networking,Quantify confidence intervals for network performance measurements and propagate uncertainty through derived metrics.,100,2,0.02
Computer Science,Systems & Networking,Run discrete-event network simulations to evaluate protocol behavior under varied traffic loads and network topologies.,100,30,0.3
Computer Science,Systems & Networking,Simulate wireless channel propagation and interference effects to evaluate communication system performance.,100,7,0.07
Neuroscience,Systems Neuroscience,"Acquire functional or structural brain imaging data using MRI, fMRI, PET, or CT protocols optimized for neural systems of interest.",100,9,0.09
Neuroscience,Systems Neuroscience,"Administer standardized assessments of sensory perception, vestibular function, or autonomic regulation.",100,9,0.09
Neuroscience,Systems Neuroscience,Analyze longitudinal changes in neural function or sensory performance following intervention or disease progression.,100,26,0.26
Neuroscience,Systems Neuroscience,Apply statistical methods to isolate treatment effects on neural activity from baseline physiological variability.,100,75,0.75
Neuroscience,Systems Neuroscience,Coordinate with neurology or otolaryngology clinics for patient recruitment and access to clinical neurophysiology data.,100,3,0.03
Neuroscience,Systems Neuroscience,"Design experiments with appropriate sensory stimuli, behavioral paradigms, and neural recording protocols to test circuit-level hypotheses.",100,73,0.73
Neuroscience,Systems Neuroscience,Develop theoretical models linking neural activity patterns to behavioral or physiological outcomes.,100,45,0.45
Neuroscience,Systems Neuroscience,Establish control conditions that isolate specific neural pathways or sensory modalities from confounding variables.,100,72,0.72
Neuroscience,Systems Neuroscience,"Formulate hypotheses about neural circuit mechanisms underlying sensory processing, motor control, or homeostatic regulation.",100,84,0.84
Neuroscience,Systems Neuroscience,"Harmonize neural signal data across different recording systems, electrode configurations, or imaging protocols.",100,4,0.04
Neuroscience,Systems Neuroscience,Implement data security protocols for neuroimaging datasets containing identifiable brain structure information.,100,0,0.0
Neuroscience,Systems Neuroscience,"Obtain IACUC approval for animal studies involving neural recordings, lesions, or optogenetic manipulations.",100,59,0.59
Neuroscience,Systems Neuroscience,Prepare IRB protocols for human neuroimaging or electrophysiology studies with detailed risk-benefit assessments.,100,21,0.21
Neuroscience,Systems Neuroscience,"Record electrophysiological signals from human participants using EEG, MEG, or intracranial electrodes.",100,10,0.1
Neuroscience,Systems Neuroscience,"Screen and recruit participants based on neurological health status, sensory function, or sleep-wake patterns.",100,19,0.19
Neuroscience,Systems Neuroscience,Standardize sensory stimulus parameters and behavioral task variables across experimental sessions or sites.,100,63,0.63
Biology,Taxonomy & Systematics,Align molecular sequences and select appropriate substitution models for phylogenetic analysis.,100,22,0.22
Biology,Taxonomy & Systematics,Apply species delimitation methods to assess taxonomic boundaries using molecular or morphological data.,100,52,0.52
Biology,Taxonomy & Systematics,Capture diagnostic images of specimens using macro photography or microscopy for taxonomic documentation.,100,61,0.61
Biology,Taxonomy & Systematics,Code morphological characters into data matrices for cladistic or phenetic analysis.,100,12,0.12
Biology,Taxonomy & Systematics,Collect and preserve biological specimens using field techniques appropriate to the target taxonomic group.,100,67,0.67
Biology,Taxonomy & Systematics,Design sampling strategies to capture taxonomic diversity across geographic ranges and habitat types.,100,54,0.54
Biology,Taxonomy & Systematics,Develop hypotheses about biogeographic patterns and historical dispersal events shaping current species distributions.,100,17,0.17
Biology,Taxonomy & Systematics,Document morphological character observations and measurements during specimen examination.,100,85,0.85
Biology,Taxonomy & Systematics,Evaluate statistical support for phylogenetic tree topologies using bootstrap or Bayesian posterior probabilities.,100,23,0.23
Biology,Taxonomy & Systematics,Formulate hypotheses about phylogenetic relationships among taxa based on morphological or molecular evidence.,100,33,0.33
Biology,Taxonomy & Systematics,Generate DNA barcode sequences for species identification and delimitation purposes.,100,10,0.1
Biology,Taxonomy & Systematics,Generate scanning electron microscopy images to document fine morphological structures for species descriptions.,100,16,0.16
Biology,Taxonomy & Systematics,Obtain tissue samples from specimens for molecular analysis while maintaining voucher integrity.,100,23,0.23
Biology,Taxonomy & Systematics,Propose hypotheses regarding species boundaries and cryptic diversity within taxonomic groups.,100,54,0.54
Biology,Taxonomy & Systematics,Select appropriate molecular markers and gene regions for phylogenetic analysis at target taxonomic levels.,100,21,0.21
Engineering,Telecommunications Engineering,Calculate channel capacity and spectral efficiency from information-theoretic principles for communication system design.,99,31,0.313131
Engineering,Telecommunications Engineering,Capture channel state information and propagation characteristics using channel sounders in indoor and outdoor environments.,99,4,0.040404
Engineering,Telecommunications Engineering,Collect wireless channel measurements from field deployments to characterize real-world propagation conditions.,99,6,0.060606
Engineering,Telecommunications Engineering,Configure testbed networks with controlled traffic patterns and channel conditions to evaluate protocol performance.,99,7,0.070707
Engineering,Telecommunications Engineering,Derive link budget calculations from propagation models to predict signal coverage and system performance.,99,9,0.090909
Engineering,Telecommunications Engineering,Design controlled RF measurement environments using anechoic chambers or shielded enclosures to isolate electromagnetic interference.,99,6,0.060606
Engineering,Telecommunications Engineering,Filter multipath interference and noise from channel measurement data to extract propagation parameters.,99,3,0.030303
Engineering,Telecommunications Engineering,Fit statistical channel models to measured propagation data for path loss and fading characterization.,99,3,0.030303
Engineering,Telecommunications Engineering,Gather positioning accuracy data from GNSS receivers and localization systems in diverse operational environments.,99,0,0.0
Engineering,Telecommunications Engineering,Model MIMO channel behavior and beamforming algorithms through numerical simulation.,99,18,0.181818
Engineering,Telecommunications Engineering,Model electromagnetic wave propagation characteristics using Maxwell's equations for antenna and transmission line analysis.,99,21,0.212121
Engineering,Telecommunications Engineering,Optimize antenna design parameters by fitting electromagnetic simulation results to measured radiation patterns.,99,4,0.040404
Engineering,Telecommunications Engineering,Propagate timing and synchronization errors through positioning accuracy calculations.,99,0,0.0
Engineering,Telecommunications Engineering,"Quantify measurement uncertainty in antenna gain, path loss, and signal quality metrics.",99,7,0.070707
Engineering,Telecommunications Engineering,"Run electromagnetic simulations to analyze antenna characteristics, wave propagation, and interference patterns.",99,25,0.252525
Engineering,Telecommunications Engineering,"Simulate optical transmission systems to evaluate signal degradation, dispersion, and amplifier performance.",99,0,0.0
Engineering,Telecommunications Engineering,"Simulate wireless network performance including throughput, latency, and packet delivery under varying channel conditions.",99,19,0.191919
Arts,Theater & Performance Studies,"Access archival collections of playscripts, production records, promptbooks, and theatrical ephemera for historical research.",100,31,0.31
Arts,Theater & Performance Studies,Analyze interview transcripts with theater practitioners to identify themes related to artistic process and creative decision-making.,100,17,0.17
Arts,Theater & Performance Studies,"Apply performance theory frameworks such as phenomenology, semiotics, or embodiment studies when analyzing theatrical events and practices.",100,55,0.55
Arts,Theater & Performance Studies,"Assess whether interpretations of performance practices apply across different theatrical traditions, historical periods, or cultural settings.",100,46,0.46
Arts,Theater & Performance Studies,"Code observational data from rehearsals and performances to identify recurring patterns in staging, movement, or directorial choices.",100,6,0.06
Arts,Theater & Performance Studies,"Compile and analyze published reviews, program notes, and critical reception materials from theater productions.",100,34,0.34
Arts,Theater & Performance Studies,"Conduct ethnographic observations of rehearsals, performances, and backstage processes to document theatrical production.",100,23,0.23
Arts,Theater & Performance Studies,"Design interview protocols to document the creative processes, rehearsal methods, and artistic choices of theater practitioners.",100,17,0.17
Arts,Theater & Performance Studies,Develop post-performance discussion guides to gather audience responses and interpretive experiences.,100,8,0.08
Arts,Theater & Performance Studies,"Gather oral histories from theater artists, technicians, and audience members to preserve performance knowledge.",100,9,0.09
Arts,Theater & Performance Studies,"Negotiate access to theater companies, festivals, or educational drama programs for fieldwork and participant recruitment.",100,16,0.16
Arts,Theater & Performance Studies,"Record and document live performances using video, audio, or notation systems for subsequent analysis.",100,5,0.05
Arts,Theater & Performance Studies,"Situate research questions within historiographical debates about theater movements, genres, or cultural contexts.",100,85,0.85
Religion,Theology & Ethics,"Access and analyze historical religious texts, denominational records, or ecclesiastical archives as secondary sources.",200,91,0.455
Religion,Theology & Ethics,Account for denominational or theological diversity when analyzing patterns in religious attitudes or ethical positions.,200,36,0.18
Religion,Theology & Ethics,"Assess whether theological or ethical claims apply across different religious traditions, denominations, or cultural contexts.",200,54,0.27
Religion,Theology & Ethics,"Code qualitative data for theological themes, ethical concepts, or patterns of religious meaning-making.",200,18,0.09
Religion,Theology & Ethics,"Conduct interviews or focus groups with clergy, religious practitioners, or members of faith communities to gather primary data on religious life.",200,11,0.055
Religion,Theology & Ethics,"Coordinate with religious institutions, congregations, or faith-based organizations to recruit participants or access community settings.",200,8,0.04
Religion,Theology & Ethics,"Design survey instruments to measure religious beliefs, spiritual practices, or moral attitudes within faith communities.",200,4,0.02
Religion,Theology & Ethics,"Develop interview protocols to explore lived religious experiences, moral decision-making processes, or theological understanding among participants.",200,9,0.045
Religion,Theology & Ethics,"Engage with theological doctrines, ethical frameworks, or religious traditions when framing research questions about moral reasoning or religious practice.",200,200,1.0
Religion,Theology & Ethics,"Navigate ethical considerations specific to researching religious communities, including respect for sacred practices and doctrinal sensitivities.",200,2,0.01
Materials Science,Thin Films & Coatings,Analyze coating composition and chemical bonding states using X-ray photoelectron spectroscopy or energy-dispersive spectroscopy.,100,50,0.5
Materials Science,Thin Films & Coatings,"Assess film adhesion strength through pull-off, scratch, or tape peel testing methods.",100,6,0.06
Materials Science,Thin Films & Coatings,"Calculate expected film thickness, refractive index, or bandgap from deposition parameters using thin film growth models.",100,2,0.02
Materials Science,Thin Films & Coatings,"Characterize profilometer, ellipsometer, or interferometer accuracy for surface roughness and thickness measurements.",100,0,0.0
Materials Science,Thin Films & Coatings,Characterize surface morphology and roughness using atomic force microscopy or profilometry.,100,48,0.48
Materials Science,Thin Films & Coatings,"Deposit thin films using physical vapor deposition, chemical vapor deposition, or solution-based coating methods.",100,91,0.91
Materials Science,Thin Films & Coatings,"Design deposition experiments with controlled substrate temperature, chamber pressure, and gas flow rates.",100,60,0.6
Materials Science,Thin Films & Coatings,Determine film growth kinetics by fitting deposition rate models to thickness versus time data.,100,10,0.1
Materials Science,Thin Films & Coatings,Evaluate film crystallinity and phase structure using X-ray diffraction techniques.,100,60,0.6
Materials Science,Thin Films & Coatings,Fit optical dispersion models to ellipsometric or spectrophotometric data to extract film properties.,100,18,0.18
Materials Science,Thin Films & Coatings,"Maintain vacuum deposition systems including pump servicing, chamber cleaning, and seal replacement.",100,0,0.0
Materials Science,Thin Films & Coatings,"Measure coating hardness, elastic modulus, and scratch resistance using nanoindentation and tribological testing.",100,3,0.03
Materials Science,Thin Films & Coatings,"Measure film thickness and optical constants using ellipsometry, reflectometry, or interferometry.",100,17,0.17
Materials Science,Thin Films & Coatings,Model optical performance of multilayer coating stacks using transfer matrix calculations.,100,3,0.03
Materials Science,Thin Films & Coatings,"Plan coating trials with systematic variation of precursor concentration, deposition time, and post-treatment conditions.",100,51,0.51
Materials Science,Thin Films & Coatings,Predict coating adhesion strength and residual stress based on substrate-film material properties and thermal expansion coefficients.,100,0,0.0
Materials Science,Thin Films & Coatings,"Prepare substrate surfaces through cleaning, etching, or plasma treatment prior to film deposition.",100,82,0.82
Materials Science,Thin Films & Coatings,Propagate deposition parameter variations through to predicted coating property uncertainties.,100,0,0.0
Materials Science,Thin Films & Coatings,Quantify uncertainty in film thickness measurements arising from surface roughness and optical model assumptions.,100,1,0.01
Materials Science,Thin Films & Coatings,Service and troubleshoot thin film characterization instruments including spectrometers and microscopes.,100,0,0.0
Materials Science,Thin Films & Coatings,Simulate residual stress distribution and thermal behavior in coating-substrate systems.,100,0,0.0
Materials Science,Thin Films & Coatings,Simulate thin film growth processes using molecular dynamics or kinetic Monte Carlo methods.,100,1,0.01
Materials Science,Thin Films & Coatings,Synthesize precursor solutions and target materials for thin film growth experiments.,100,53,0.53
Business & Management,Tourism & Hospitality Management,Address self-selection bias when analyzing data from tourists who voluntarily participate in destination surveys.,100,3,0.03
Business & Management,Tourism & Hospitality Management,Analyze interview transcripts from hospitality managers to extract insights about operational challenges and strategic decisions.,100,5,0.05
Business & Management,Tourism & Hospitality Management,Apply service quality and customer satisfaction theories to frame research questions about guest experiences and hospitality operations.,100,10,0.1
Business & Management,Tourism & Hospitality Management,Assess whether findings from specific tourism destinations or hospitality contexts will transfer to different cultural settings or market segments.,100,14,0.14
Business & Management,Tourism & Hospitality Management,Clean and standardize online review data and user-generated content from travel platforms for analysis.,100,8,0.08
Business & Management,Tourism & Hospitality Management,Code qualitative data from tourist narratives and travel blogs to identify themes in destination experiences.,100,7,0.07
Business & Management,Tourism & Hospitality Management,Conduct participant observation in hospitality settings to document service encounters and guest-staff interactions.,100,0,0.0
Business & Management,Tourism & Hospitality Management,Construct survey instruments measuring resident attitudes toward tourism development and perceived community impacts.,100,4,0.04
Business & Management,Tourism & Hospitality Management,"Control for confounding variables such as trip purpose, travel party composition, and prior visitation when analyzing tourist behavior.",100,7,0.07
Business & Management,Tourism & Hospitality Management,"Coordinate with hotels, restaurants, and tourism operators to gain access to guest data and operational records.",100,17,0.17
Business & Management,Tourism & Hospitality Management,"Design guest satisfaction surveys measuring service quality dimensions, perceived value, and behavioral intentions.",100,10,0.1
Business & Management,Tourism & Hospitality Management,"Design interview protocols to explore tourist experiences, travel decision-making processes, and memorable tourism encounters.",100,10,0.1
Business & Management,Tourism & Hospitality Management,Develop focus group guides to investigate hospitality employee perspectives on workplace practices and service delivery.,100,2,0.02
Business & Management,Tourism & Hospitality Management,"Develop questionnaires to assess tourist motivations, travel preferences, and destination loyalty.",100,5,0.05
Business & Management,Tourism & Hospitality Management,Evaluate the influence of seasonality and travel patterns on the generalizability of tourism research findings.,100,1,0.01
Business & Management,Tourism & Hospitality Management,Integrate destination image and place attachment frameworks when investigating tourist behavior and destination choice.,100,4,0.04
Business & Management,Tourism & Hospitality Management,Partner with destination marketing organizations and convention bureaus to recruit study participants and access visitor information.,100,2,0.02
Business & Management,Tourism & Hospitality Management,Recode open-ended survey responses about travel experiences and service encounters into analyzable categories.,100,2,0.02
Geography,Tourism & Leisure Geography,Account for self-selection bias when analyzing differences between visitor segments or destination types.,100,4,0.04
Geography,Tourism & Leisure Geography,Analyze interview transcripts from host community members to categorize perceived tourism impacts and attitudes.,100,10,0.1
Geography,Tourism & Leisure Geography,Apply theories of place attachment and sense of place when framing research on visitor experiences at tourism destinations.,100,9,0.09
Geography,Tourism & Leisure Geography,Assess whether findings from specific tourism destinations or events will transfer to other geographic or cultural contexts.,100,11,0.11
Geography,Tourism & Leisure Geography,Code qualitative data from tourist narratives to identify themes related to place meanings and destination experiences.,100,8,0.08
Geography,Tourism & Leisure Geography,Control for spatial autocorrelation and clustering effects when analyzing tourism data across geographic units.,100,4,0.04
Geography,Tourism & Leisure Geography,Coordinate with destination management organizations and tourism boards to access visitor data and recruit research participants.,100,15,0.15
Geography,Tourism & Leisure Geography,"Design interview protocols to explore tourist experiences, meanings, and emotional connections to places.",100,5,0.05
Geography,Tourism & Leisure Geography,"Design visitor surveys to measure travel motivations, satisfaction levels, and destination image perceptions.",100,16,0.16
Geography,Tourism & Leisure Geography,Develop focus group guides to examine host community perceptions of tourism development and impacts.,100,2,0.02
Geography,Tourism & Leisure Geography,"Develop questionnaires to assess tourist spatial behavior, including route choices and time allocation across sites.",100,0,0.0
Geography,Tourism & Leisure Geography,Evaluate seasonal and temporal variations in tourist behavior when considering the generalizability of research findings.,100,3,0.03
Geography,Tourism & Leisure Geography,Incorporate mobility and spatial behavior theories when investigating tourist movement patterns and destination choices.,100,12,0.12
Geography,Tourism & Leisure Geography,Navigate ethical considerations when conducting research with vulnerable tourist populations or in culturally sensitive destination settings.,100,3,0.03
Geography,Tourism & Leisure Geography,Partner with protected area managers and heritage site administrators to conduct on-site visitor research.,100,14,0.14
Geography,Tourism & Leisure Geography,"Process and filter GPS trajectory data to identify meaningful stops, routes, and activity spaces of tourists.",100,4,0.04
Languages & Linguistics,Translation Studies,"Access historical translation archives, publisher records, or institutional databases for secondary analysis.",100,11,0.11
Languages & Linguistics,Translation Studies,Account for text selection bias when analyzing patterns in translated corpora.,100,4,0.04
Languages & Linguistics,Translation Studies,Administer surveys to professional translators or translation users to collect data on practices or perceptions.,100,10,0.1
Languages & Linguistics,Translation Studies,"Annotate translated texts for translation shifts, strategies, or linguistic features.",100,43,0.43
Languages & Linguistics,Translation Studies,"Apply translation theories such as equivalence, skopos, or polysystem theory to frame research questions about translation processes or products.",100,60,0.6
Languages & Linguistics,Translation Studies,"Assess whether findings about translation practices or norms will transfer across language pairs, text types, or cultural contexts.",100,4,0.04
Languages & Linguistics,Translation Studies,"Code translator interview data for themes related to decision-making, norms, or professional identity.",100,6,0.06
Languages & Linguistics,Translation Studies,Compile parallel corpora of source texts and their translations from published materials or archives.,100,31,0.31
Languages & Linguistics,Translation Studies,"Conduct interviews with translators, editors, or publishers to gather data on translation practices and workflows.",100,8,0.08
Languages & Linguistics,Translation Studies,"Design interview protocols to elicit translators' accounts of their strategies, challenges, and professional experiences.",100,8,0.08
Languages & Linguistics,Translation Studies,"Design questionnaires to measure translator attitudes, decision-making processes, or professional practices.",100,8,0.08
Languages & Linguistics,Translation Studies,Develop reception surveys to assess reader responses to translated texts.,100,4,0.04
Languages & Linguistics,Translation Studies,Develop think-aloud or retrospective verbal protocol procedures to capture translation processes.,100,2,0.02
Languages & Linguistics,Translation Studies,Draw on sociological or cognitive models of translator behavior to conceptualize research problems.,100,17,0.17
Languages & Linguistics,Translation Studies,"Negotiate access to translation agencies, publishing houses, or professional associations for participant recruitment.",100,7,0.07
Languages & Linguistics,Translation Studies,"Obtain ethical approval for studies involving translators, interpreters, or readers as research participants.",100,4,0.04
Engineering,Transportation Engineering,Apply filtering algorithms to remove outliers and erroneous readings from traffic sensor data.,100,15,0.15
Engineering,Transportation Engineering,Calibrate microsimulation model parameters to match observed traffic flow and speed distributions.,100,11,0.11
Engineering,Transportation Engineering,Characterize measurement error in GPS-based travel time data collection systems.,100,2,0.02
Engineering,Transportation Engineering,Collect origin-destination travel patterns from mobile device location data and transit smart cards.,100,3,0.03
Engineering,Transportation Engineering,Derive traffic flow predictions from fundamental diagrams and kinematic wave theory.,100,3,0.03
Engineering,Transportation Engineering,Design before-and-after studies to evaluate the safety impacts of roadway treatments or policy changes.,100,1,0.01
Engineering,Transportation Engineering,Design field experiments with controlled traffic signal timing to measure intersection performance.,100,1,0.01
Engineering,Transportation Engineering,Estimate travel demand and mode choice probabilities using discrete choice models.,100,4,0.04
Engineering,Transportation Engineering,Estimate travel demand model coefficients using revealed and stated preference survey data.,100,6,0.06
Engineering,Transportation Engineering,Execute network-level traffic assignment models to forecast corridor and regional travel patterns.,100,6,0.06
Engineering,Transportation Engineering,Fit statistical models to crash frequency data accounting for exposure and geometric variables.,100,2,0.02
Engineering,Transportation Engineering,Gather vehicle trajectory data using video-based tracking systems and computer vision algorithms.,100,6,0.06
Engineering,Transportation Engineering,Plan controlled driving simulator experiments to assess driver behavior under varying conditions.,100,0,0.0
Engineering,Transportation Engineering,Predict queue lengths and delays at intersections using queuing theory and signal timing parameters.,100,3,0.03
Engineering,Transportation Engineering,"Process raw GPS trajectories to extract trip segments, travel times, and route choices.",100,7,0.07
Engineering,Transportation Engineering,Propagate measurement errors through level-of-service calculations and capacity analyses.,100,0,0.0
Engineering,Transportation Engineering,Quantify uncertainty in traffic forecasts due to variability in demand and network conditions.,100,6,0.06
Engineering,Transportation Engineering,Run traffic microsimulation models to evaluate intersection designs and signal timing plans.,100,6,0.06
Engineering,Transportation Engineering,Simulate vehicle dynamics and control system responses under various driving scenarios.,100,13,0.13
Economics,Urban & Real Estate Economics,Address spatial autocorrelation and spatial heterogeneity when analyzing housing prices or regional economic outcomes across geographic units.,397,88,0.221662
Economics,Urban & Real Estate Economics,Apply hedonic regression methods to estimate implicit prices of housing and neighborhood attributes from property transaction data.,397,53,0.133501
Economics,Urban & Real Estate Economics,"Apply urban economic theories of agglomeration, land use, and spatial equilibrium when formulating research hypotheses about housing markets and regional development.",397,146,0.367758
Economics,Urban & Real Estate Economics,"Assess whether housing market findings generalize across metropolitan areas with different regulatory environments, demographic compositions, or economic bases.",397,33,0.083123
Economics,Urban & Real Estate Economics,"Clean and harmonize property transaction data by addressing inconsistent property identifiers, missing values, and outlier sale prices.",397,81,0.20403
Economics,Urban & Real Estate Economics,"Collect primary data on property characteristics, transaction details, or neighborhood conditions through field observations and site visits.",397,8,0.020151
Economics,Urban & Real Estate Economics,Control for neighborhood selection and sorting when estimating the effects of local amenities or disamenities on housing market outcomes.,397,22,0.055416
Economics,Urban & Real Estate Economics,"Coordinate with real estate industry associations, housing authorities, or municipal agencies to obtain proprietary data on property listings, rents, or development activity.",397,72,0.18136
Economics,Urban & Real Estate Economics,"Design surveys to measure household housing preferences, residential mobility intentions, and neighborhood satisfaction.",397,4,0.010076
Economics,Urban & Real Estate Economics,"Develop interview protocols to explore stakeholder perspectives on urban development projects, housing policies, or neighborhood change.",397,16,0.040302
Economics,Urban & Real Estate Economics,"Employ quasi-experimental methods to identify causal effects of place-based policies, infrastructure investments, or regulatory changes on property values.",397,36,0.09068
Economics,Urban & Real Estate Economics,Evaluate the external validity of real estate research across different housing market cycles and macroeconomic conditions.,397,12,0.030227
Economics,Urban & Real Estate Economics,"Incorporate institutional factors such as zoning regulations, property rights, and housing finance structures into theoretical frameworks for real estate research.",397,111,0.279597
Sociology,Urban Sociology,"Access geospatial data on urban infrastructure, transportation networks, or environmental conditions for spatial analysis.",100,13,0.13
Sociology,Urban Sociology,Account for residential selection bias when estimating neighborhood effects on individual outcomes.,100,4,0.04
Sociology,Urban Sociology,"Address ethical considerations for research in vulnerable urban communities, including issues of anonymity in identifiable neighborhoods.",100,8,0.08
Sociology,Urban Sociology,Address spatial autocorrelation and clustering when analyzing data nested within neighborhoods or metropolitan areas.,100,20,0.2
Sociology,Urban Sociology,"Analyze interview transcripts for narratives of residential mobility, displacement, or neighborhood transition experiences.",100,14,0.14
Sociology,Urban Sociology,"Apply urban ecological frameworks to examine spatial patterns of inequality, segregation, or neighborhood change.",100,48,0.48
Sociology,Urban Sociology,Assess whether findings from specific neighborhoods or cities will generalize to other urban contexts or metropolitan areas.,100,16,0.16
Sociology,Urban Sociology,"Code qualitative data to identify themes related to place attachment, community identity, or urban belonging.",100,19,0.19
Sociology,Urban Sociology,Collect ethnographic data through participant observation in urban neighborhoods or community settings.,100,14,0.14
Sociology,Urban Sociology,"Conduct systematic observations of public spaces, streetscapes, or neighborhood conditions to document urban environments.",100,10,0.1
Sociology,Urban Sociology,"Coordinate with housing authorities, community organizations, or municipal agencies to access data or recruit urban residents.",100,31,0.31
Sociology,Urban Sociology,"Design interview protocols to explore lived experiences of urban residents regarding housing, displacement, or neighborhood change.",100,15,0.15
Sociology,Urban Sociology,"Design survey instruments to measure residents' perceptions of neighborhood quality, safety, or community attachment.",100,7,0.07
Sociology,Urban Sociology,Develop focus group guides to examine community perspectives on urban development projects or planning decisions.,100,2,0.02
Sociology,Urban Sociology,"Develop questionnaire items capturing housing conditions, residential mobility histories, or access to urban amenities.",100,7,0.07
Sociology,Urban Sociology,"Draw on theories of gentrification, displacement, or urban restructuring to frame research on neighborhood transitions.",100,14,0.14
Sociology,Urban Sociology,Evaluate how urban processes differ across global North and global South contexts when interpreting results.,100,2,0.02
Sociology,Urban Sociology,Harmonize neighborhood boundary definitions across different data sources or time periods.,100,29,0.29
Sociology,Urban Sociology,"Obtain administrative records on housing, land use, or municipal services to study urban policy impacts.",100,24,0.24
Sociology,Urban Sociology,Partner with neighborhood associations or community groups to facilitate research access and participant recruitment.,100,10,0.1
Geography,Urban Studies & Planning,"Acquire parcel-level land use, zoning, and property assessment data from municipal planning departments.",100,10,0.1
Geography,Urban Studies & Planning,Address spatial autocorrelation and neighborhood selection effects when analyzing urban observational data.,100,8,0.08
Geography,Urban Studies & Planning,"Administer surveys to residents, planners, or other stakeholders to gather primary data on urban issues.",100,40,0.4
Geography,Urban Studies & Planning,"Analyze themes in resident narratives about community identity, place attachment, or urban change.",100,9,0.09
Geography,Urban Studies & Planning,Apply urban governance and institutional theories to frame research questions about planning processes and policy outcomes.,100,24,0.24
Geography,Urban Studies & Planning,"Assess whether planning interventions or urban policies will transfer across different city contexts, scales, or governance structures.",100,14,0.14
Geography,Urban Studies & Planning,"Code qualitative data from planning documents, public meeting transcripts, or stakeholder interviews.",100,26,0.26
Geography,Urban Studies & Planning,"Conduct field observations of public space usage, pedestrian activity, or built environment conditions.",100,24,0.24
Geography,Urban Studies & Planning,"Control for confounding variables related to location, built environment, and socioeconomic context in urban analyses.",100,17,0.17
Geography,Urban Studies & Planning,Coordinate with municipal planning departments or housing authorities to access administrative records or recruit participants.,100,36,0.36
Geography,Urban Studies & Planning,Design interview protocols to capture stakeholder perspectives on urban planning decisions and community engagement processes.,100,17,0.17
Geography,Urban Studies & Planning,"Design resident surveys to measure perceptions of neighborhood quality, housing satisfaction, or access to services.",100,23,0.23
Geography,Urban Studies & Planning,"Develop focus group guides to explore resident experiences with neighborhood change, displacement, or gentrification.",100,0,0.0
Geography,Urban Studies & Planning,Develop questionnaires to assess community attitudes toward proposed development projects or planning initiatives.,100,3,0.03
Geography,Urban Studies & Planning,Engage with spatial justice and equity frameworks when conceptualizing urban development research.,100,12,0.12
Geography,Urban Studies & Planning,Evaluate the generalizability of findings across neighborhoods with varying socioeconomic and demographic characteristics.,100,4,0.04
Geography,Urban Studies & Planning,Obtain IRB approval for community-based research involving vulnerable urban populations or sensitive neighborhood data.,100,15,0.15
Geography,Urban Studies & Planning,Partner with community organizations to facilitate resident engagement and data collection in neighborhood studies.,100,5,0.05
Geography,Urban Studies & Planning,Recode open-ended survey responses about neighborhood concerns or planning priorities into thematic categories.,100,3,0.03
Veterinary Medicine,Veterinary Clinical Sciences & Surgery,"Acquire preoperative and postoperative imaging such as radiographs, CT, or MRI to guide surgical planning and assess outcomes in animal patients.",100,26,0.26
Veterinary Medicine,Veterinary Clinical Sciences & Surgery,"Analyze time-to-event outcomes such as survival, tumor recurrence, or return to athletic function following veterinary treatment.",100,10,0.1
Veterinary Medicine,Veterinary Clinical Sciences & Surgery,Collect biopsy and surgical tissue specimens for histopathology and molecular characterization of animal disease.,100,29,0.29
Veterinary Medicine,Veterinary Clinical Sciences & Surgery,"Design prospective clinical trials in client-owned animals with clinically relevant endpoints such as survival, return to function, and quality of life.",100,9,0.09
Veterinary Medicine,Veterinary Clinical Sciences & Surgery,Design randomized controlled trials comparing surgical techniques while accounting for patient signalment and disease severity.,100,1,0.01
Veterinary Medicine,Veterinary Clinical Sciences & Surgery,Develop and evaluate clinical teaching methods and competency assessments for veterinary students and surgical residents.,100,0,0.0
Veterinary Medicine,Veterinary Clinical Sciences & Surgery,Develop hypotheses about the biomechanical and neurological mechanisms underlying orthopedic and neurological disease in animals.,100,10,0.1
Veterinary Medicine,Veterinary Clinical Sciences & Surgery,"Develop research questions comparing medical and surgical treatment approaches for common clinical conditions in dogs, cats, and horses.",100,3,0.03
Veterinary Medicine,Veterinary Clinical Sciences & Surgery,Establish standardized outcome measures and complication definitions for multi-institutional veterinary clinical studies.,100,7,0.07
Veterinary Medicine,Veterinary Clinical Sciences & Surgery,"Estimate treatment effects while adjusting for comorbidities, breed, and disease stage using appropriate statistical models.",100,21,0.21
Veterinary Medicine,Veterinary Clinical Sciences & Surgery,Extract clinical records from veterinary teaching hospital databases to assemble retrospective case cohorts.,100,30,0.3
Veterinary Medicine,Veterinary Clinical Sciences & Surgery,Formulate hypotheses about factors influencing surgical outcomes and postoperative complications in companion and equine patients.,100,15,0.15
Veterinary Medicine,Veterinary Clinical Sciences & Surgery,Formulate hypotheses about lameness and performance-limiting conditions in equine athletes.,100,9,0.09
Veterinary Medicine,Veterinary Clinical Sciences & Surgery,"Formulate questions about the pharmacokinetics, efficacy, and safety of anesthetic and analgesic agents across animal species.",100,11,0.11
Veterinary Medicine,Veterinary Clinical Sciences & Surgery,"Generate hypotheses about tumor biology, treatment response, and prognostic factors in veterinary oncology patients.",100,17,0.17
Veterinary Medicine,Veterinary Clinical Sciences & Surgery,Obtain owner consent for enrollment of client-owned animals in clinical trials and for use of surgical and biological specimens.,100,41,0.41
Veterinary Medicine,Veterinary Clinical Sciences & Surgery,"Prepare institutional animal care and clinical trial protocols detailing anesthesia, analgesia, and humane endpoints.",100,38,0.38
Veterinary Medicine,Veterinary Clinical Sciences & Surgery,Report clinical trial results and surgical case series in veterinary journals and continuing-education venues for practitioners.,100,79,0.79
Veterinary Medicine,"Veterinary Infectious Disease, Zoonoses & One Health",Analyze pathogen genomic and phylogenetic data to reconstruct transmission chains between animal and human hosts.,97,10,0.103093
Veterinary Medicine,"Veterinary Infectious Disease, Zoonoses & One Health","Collect blood, tissue, and swab specimens from animals for pathogen detection, culture, and molecular characterization.",97,52,0.536082
Veterinary Medicine,"Veterinary Infectious Disease, Zoonoses & One Health","Communicate surveillance findings and zoonotic risk assessments to public health authorities, wildlife agencies, and producers.",97,12,0.123711
Veterinary Medicine,"Veterinary Infectious Disease, Zoonoses & One Health","Conduct field sampling of wildlife, livestock, and arthropod vectors to assess pathogen prevalence at the animal-human interface.",97,18,0.185567
Veterinary Medicine,"Veterinary Infectious Disease, Zoonoses & One Health","Design One Health studies that jointly sample animals, humans, and the environment to trace cross-species transmission.",97,3,0.030928
Veterinary Medicine,"Veterinary Infectious Disease, Zoonoses & One Health","Design observational studies to identify risk factors for infection and disease spread within herds, flocks, and wildlife populations.",97,33,0.340206
Veterinary Medicine,"Veterinary Infectious Disease, Zoonoses & One Health",Design surveillance studies to detect and monitor emerging and endemic zoonotic pathogens in animal reservoirs.,97,37,0.381443
Veterinary Medicine,"Veterinary Infectious Disease, Zoonoses & One Health",Develop hypotheses about antimicrobial resistance emergence in animal pathogens and its implications for animal and human health.,97,2,0.020619
Veterinary Medicine,"Veterinary Infectious Disease, Zoonoses & One Health",Develop hypotheses about vector competence and the ecological drivers of vector-borne disease transmission among animals.,97,8,0.082474
Veterinary Medicine,"Veterinary Infectious Disease, Zoonoses & One Health",Develop hypotheses regarding zoonotic spillover of pathogens from wildlife or livestock reservoirs to humans at the animal-human interface.,97,15,0.154639
Veterinary Medicine,"Veterinary Infectious Disease, Zoonoses & One Health","Estimate disease prevalence, incidence, and transmission parameters from animal surveillance and outbreak data.",97,51,0.525773
Veterinary Medicine,"Veterinary Infectious Disease, Zoonoses & One Health",Formulate hypotheses about pathogen transmission dynamics and the maintenance of infection within animal populations.,97,39,0.402062
Veterinary Medicine,"Veterinary Infectious Disease, Zoonoses & One Health","Formulate questions about virulence factors, immune evasion, and host immune responses to animal pathogens.",97,15,0.154639
Veterinary Medicine,"Veterinary Infectious Disease, Zoonoses & One Health",Generate hypotheses about vaccine efficacy and correlates of protection against infectious diseases in target animal species.,97,9,0.092784
Veterinary Medicine,"Veterinary Infectious Disease, Zoonoses & One Health",Model spatial and temporal patterns of animal disease spread to identify high-risk areas and anticipate spillover events.,97,20,0.206186
Veterinary Medicine,"Veterinary Infectious Disease, Zoonoses & One Health","Obtain serial samples from animals to track pathogen load, seroconversion, and immune responses over the course of infection.",97,13,0.134021
Veterinary Medicine,"Veterinary Infectious Disease, Zoonoses & One Health",Plan vaccine and antimicrobial trials in animals with microbiological and clinical endpoints.,97,1,0.010309
Veterinary Medicine,"Veterinary Infectious Disease, Zoonoses & One Health",Prepare biosafety and institutional protocols for handling zoonotic pathogens and infected animals.,97,21,0.216495
Veterinary Medicine,Veterinary Preventive Medicine & Animal Health,Analyze disease incidence and health outcomes across treatment groups using mixed models that account for repeated measures and clustering.,100,11,0.11
Veterinary Medicine,Veterinary Preventive Medicine & Animal Health,"Collect biological samples such as blood, milk, or feces to assess metabolic status, immune markers, and subclinical disease.",100,34,0.34
Veterinary Medicine,Veterinary Preventive Medicine & Animal Health,Compare morbidity and mortality rates between preventive intervention and control groups.,100,7,0.07
Veterinary Medicine,Veterinary Preventive Medicine & Animal Health,"Compile morbidity, mortality, and treatment records from farms or animal health databases.",100,34,0.34
Veterinary Medicine,Veterinary Preventive Medicine & Animal Health,"Design herd health studies with appropriate randomization or matching at the pen, paddock, or farm level.",100,7,0.07
Veterinary Medicine,Veterinary Preventive Medicine & Animal Health,Design longitudinal cohort studies to monitor animal morbidity and mortality across production cycles.,100,16,0.16
Veterinary Medicine,Veterinary Preventive Medicine & Animal Health,"Develop hypotheses about nutritional interventions and their effects on animal health, immunity, and resistance to disease.",100,6,0.06
Veterinary Medicine,Veterinary Preventive Medicine & Animal Health,"Develop hypotheses linking housing, management, and welfare conditions to health outcomes in animal populations.",100,13,0.13
Veterinary Medicine,Veterinary Preventive Medicine & Animal Health,Establish standardized case definitions and health-scoring systems for animal disease and welfare assessment.,100,37,0.37
Veterinary Medicine,Veterinary Preventive Medicine & Animal Health,"Evaluate associations between environmental, nutritional, and management factors and animal health outcomes.",100,38,0.38
Veterinary Medicine,Veterinary Preventive Medicine & Animal Health,"Formulate hypotheses about how environmental stressors such as heat, cold, or crowding affect animal health, immune function, and disease susceptibility.",100,7,0.07
Veterinary Medicine,Veterinary Preventive Medicine & Animal Health,"Formulate questions about the effectiveness of preventive interventions such as vaccination programs, parasite control, and biosecurity in reducing disease burden.",100,12,0.12
Veterinary Medicine,Veterinary Preventive Medicine & Animal Health,Generate hypotheses about herd- and flock-level risk factors for production-limiting and metabolic diseases.,100,9,0.09
Veterinary Medicine,Veterinary Preventive Medicine & Animal Health,"Measure body condition, growth, and health scores across animal groups over time.",100,19,0.19
Veterinary Medicine,Veterinary Preventive Medicine & Animal Health,Plan intervention trials evaluating preventive protocols while accounting for clustering within herds and flocks.,100,2,0.02
Veterinary Medicine,Veterinary Preventive Medicine & Animal Health,Prepare animal care and welfare protocols specifying humane endpoints and stress-monitoring procedures.,100,13,0.13
Veterinary Medicine,Veterinary Preventive Medicine & Animal Health,Record physiological and behavioral indicators of stress and welfare in animals under varying environmental conditions.,100,12,0.12
Veterinary Medicine,Veterinary Preventive Medicine & Animal Health,Translate herd health findings into evidence-based preventive recommendations for veterinarians and producers.,100,44,0.44
Biomedical Sciences,Virology & Medical Microbiology,Acquire microscopy images of infected cells or tissues to assess cytopathic effects and pathogen localization.,96,21,0.21875
Biomedical Sciences,Virology & Medical Microbiology,Analyze differences in antimicrobial susceptibility profiles between bacterial isolates or treatment conditions.,96,19,0.197917
Biomedical Sciences,Virology & Medical Microbiology,Analyze microbial community sequencing data to determine taxonomic composition and diversity metrics.,96,6,0.0625
Biomedical Sciences,Virology & Medical Microbiology,Assemble and annotate pathogen genome sequences for phylogenetic and functional analysis.,96,8,0.083333
Biomedical Sciences,Virology & Medical Microbiology,"Collect clinical specimens such as swabs, blood, or tissue for pathogen isolation and characterization.",96,34,0.354167
Biomedical Sciences,Virology & Medical Microbiology,Compare pathogen loads or titers between treated and control groups to assess intervention efficacy.,96,36,0.375
Biomedical Sciences,Virology & Medical Microbiology,Culture bacterial or fungal pathogens from clinical or environmental samples for downstream analysis.,96,31,0.322917
Biomedical Sciences,Virology & Medical Microbiology,"Design infection experiments with appropriate multiplicity of infection, time points, and uninfected controls.",96,32,0.333333
Biomedical Sciences,Virology & Medical Microbiology,Follow biosafety level protocols appropriate for handling infectious agents and select agents.,96,59,0.614583
Biomedical Sciences,Virology & Medical Microbiology,"Formulate hypotheses about viral replication mechanisms, host-pathogen interactions, or microbial pathogenesis.",96,45,0.46875
Biomedical Sciences,Virology & Medical Microbiology,Generate whole-genome or targeted sequencing data for pathogen identification and strain typing.,96,24,0.25
Biomedical Sciences,Virology & Medical Microbiology,Implement containment procedures for working with viral vectors and recombinant microorganisms.,96,15,0.15625
Biomedical Sciences,Virology & Medical Microbiology,Isolate and propagate viruses using appropriate cell culture systems or embryonated eggs.,96,15,0.15625
Biomedical Sciences,Virology & Medical Microbiology,"Maintain stocks of reference strains, clinical isolates, and characterized pathogen collections.",96,70,0.729167
Biomedical Sciences,Virology & Medical Microbiology,"Monitor and maintain biosafety cabinets, incubators, and other containment equipment for pathogen work.",96,51,0.53125
Biomedical Sciences,Virology & Medical Microbiology,Obtain IACUC approval for animal infection models to study pathogen virulence or vaccine efficacy.,96,17,0.177083
Biomedical Sciences,Virology & Medical Microbiology,"Perform fluorescence microscopy to visualize labeled pathogens, host cell structures, or biofilm formation.",96,20,0.208333
Biomedical Sciences,Virology & Medical Microbiology,Perform metagenomic sequencing to characterize microbial community composition in clinical or environmental samples.,96,3,0.03125
Biomedical Sciences,Virology & Medical Microbiology,Plan antimicrobial susceptibility testing with proper drug concentrations and reference strains.,96,19,0.197917
Biomedical Sciences,Virology & Medical Microbiology,"Prepare and quality-control culture media, buffers, and reagents for microbiological assays.",96,73,0.760417
Biomedical Sciences,Virology & Medical Microbiology,Propose mechanisms of antimicrobial resistance acquisition and transmission in bacterial populations.,96,6,0.0625
Arts,Visual Arts & Art History,"Access museum archives, private collections, or estate records to obtain primary source materials about artworks and artists.",100,12,0.12
Arts,Visual Arts & Art History,Account for gaps in provenance records or archival documentation when drawing conclusions about artworks or collections.,100,6,0.06
Arts,Visual Arts & Art History,"Acquire auction records, provenance documentation, or sales data for art market research.",100,0,0.0
Arts,Visual Arts & Art History,"Analyze textual sources such as artist statements, exhibition reviews, or critical writings to identify recurring themes.",100,36,0.36
Arts,Visual Arts & Art History,"Apply iconographic, semiotic, or formal analysis frameworks when developing research questions about visual materials.",100,40,0.4
Arts,Visual Arts & Art History,Assess whether interpretations of visual styles or artistic movements apply across different geographic regions or cultural traditions.,100,8,0.08
Arts,Visual Arts & Art History,"Code visual elements, iconographic motifs, or stylistic features across bodies of artwork for comparative analysis.",100,33,0.33
Arts,Visual Arts & Art History,Conduct studio visits or site observations to document artistic practices and creative processes.,100,16,0.16
Arts,Visual Arts & Art History,"Coordinate with museums, galleries, or cultural institutions to examine artworks or access collection records.",100,12,0.12
Arts,Visual Arts & Art History,"Develop interview protocols for oral history research with artists, curators, collectors, or other art world participants.",100,12,0.12
Arts,Visual Arts & Art History,Evaluate the extent to which findings about specific artists or art movements generalize to broader art historical narratives.,100,11,0.11
Arts,Visual Arts & Art History,"Gather visual documentation from institutional image databases, digital archives, or photographic repositories.",100,28,0.28
Arts,Visual Arts & Art History,"Interview artists, curators, dealers, or critics to gather firsthand accounts of art world practices and histories.",100,16,0.16
Arts,Visual Arts & Art History,"Negotiate access to private collections, artist estates, or restricted archival materials for research purposes.",100,2,0.02
Arts,Visual Arts & Art History,"Situate artworks or visual objects within their historical, social, and cultural contexts to frame interpretive arguments.",100,78,0.78
Earth & Planetary Sciences,Volcanology & Tectonics,Apply atmospheric and orbital corrections to InSAR data for accurate deformation measurement.,100,2,0.02
Earth & Planetary Sciences,Volcanology & Tectonics,Calculate stress and strain distributions in fault systems to predict seismic hazard potential.,100,2,0.02
Earth & Planetary Sciences,Volcanology & Tectonics,Characterize GPS and InSAR measurement errors for ground deformation studies.,100,2,0.02
Earth & Planetary Sciences,Volcanology & Tectonics,"Collect field samples of volcanic rocks, tephra, and lava flows for petrological and geochemical analysis.",100,24,0.24
Earth & Planetary Sciences,Volcanology & Tectonics,Collect geochemical data from volcanic gas emissions and fumaroles using portable analyzers.,100,3,0.03
Earth & Planetary Sciences,Volcanology & Tectonics,Deploy temporary seismic arrays to monitor volcanic unrest or aftershock sequences.,100,5,0.05
Earth & Planetary Sciences,Volcanology & Tectonics,Derive surface deformation patterns from subsurface magmatic or tectonic source models.,100,19,0.19
Earth & Planetary Sciences,Volcanology & Tectonics,Fit seismic velocity models to travel time data from earthquake or controlled source surveys.,100,3,0.03
Earth & Planetary Sciences,Volcanology & Tectonics,Invert geodetic observations to constrain magma reservoir geometry and volume changes.,100,9,0.09
Earth & Planetary Sciences,Volcanology & Tectonics,Model earthquake rupture propagation and ground motion for seismic hazard assessment.,100,0,0.0
Earth & Planetary Sciences,Volcanology & Tectonics,Model magma chamber dynamics and eruption scenarios using thermodynamic and fluid mechanical principles.,100,6,0.06
Earth & Planetary Sciences,Volcanology & Tectonics,Propagate analytical errors through radiometric age dating calculations for volcanic deposits.,100,5,0.05
Earth & Planetary Sciences,Volcanology & Tectonics,Quantify uncertainties in earthquake hypocenter locations and focal mechanism solutions.,100,3,0.03
Earth & Planetary Sciences,Volcanology & Tectonics,Run thermal and mechanical simulations of lithospheric deformation in tectonic settings.,100,4,0.04
Earth & Planetary Sciences,Volcanology & Tectonics,Simulate magma ascent and volcanic eruption dynamics using computational fluid dynamics.,100,3,0.03
Environmental Science,Waste Management & Circular Economy,Calculate mass balances for waste streams to predict material recovery rates and system efficiency.,100,21,0.21
Environmental Science,Waste Management & Circular Economy,Calibrate process models against pilot plant performance data for waste treatment optimization.,100,3,0.03
Environmental Science,Waste Management & Circular Economy,Collect groundwater and soil samples from landfill sites to assess environmental contamination.,100,1,0.01
Environmental Science,Waste Management & Circular Economy,Conduct waste characterization studies through systematic sampling and sorting of municipal solid waste.,100,19,0.19
Environmental Science,Waste Management & Circular Economy,Design pilot-scale treatment systems to evaluate waste processing technologies under controlled conditions.,100,5,0.05
Environmental Science,Waste Management & Circular Economy,Establish controlled composting or anaerobic digestion experiments to assess organic waste degradation.,100,6,0.06
Environmental Science,Waste Management & Circular Economy,Estimate greenhouse gas emissions from waste decomposition using decay models and emission factors.,100,12,0.12
Environmental Science,Waste Management & Circular Economy,Fit kinetic models to experimental data from biological treatment and degradation studies.,100,5,0.05
Environmental Science,Waste Management & Circular Economy,Model nutrient flows and removal kinetics in wastewater treatment processes.,100,1,0.01
Environmental Science,Waste Management & Circular Economy,Process raw analytical data from spectroscopic and chromatographic instruments to quantify waste composition.,100,16,0.16
Environmental Science,Waste Management & Circular Economy,Propagate measurement errors through life cycle inventory calculations for waste systems.,100,0,0.0
Environmental Science,Waste Management & Circular Economy,Quantify uncertainty in waste generation estimates and material flow analyses.,100,10,0.1
Environmental Science,Waste Management & Circular Economy,Run life cycle assessment simulations to compare environmental impacts of waste management scenarios.,100,8,0.08
Environmental Science,Waste Management & Circular Economy,Simulate contaminant transport and fate in landfill environments using numerical models.,100,0,0.0
Environmental Science,Waste Management & Circular Economy,Validate analytical methods for detecting contaminants in recycled materials and leachate samples.,100,2,0.02
Environmental Science,Water Resources & Hydrology,"Acquire and process remote sensing imagery to estimate precipitation, soil moisture, or land cover for hydrological analysis.",100,17,0.17
Environmental Science,Water Resources & Hydrology,"Apply hydrological equations and water balance principles to predict streamflow, groundwater recharge, or contaminant transport.",100,45,0.45
Environmental Science,Water Resources & Hydrology,Apply quality control procedures to remove erroneous values and fill gaps in hydrological time series data.,100,25,0.25
Environmental Science,Water Resources & Hydrology,Assess confidence intervals for water quality parameter estimates based on sampling and analytical variability.,100,4,0.04
Environmental Science,Water Resources & Hydrology,Calibrate rainfall-runoff models by adjusting parameters to match observed streamflow records.,100,27,0.27
Environmental Science,Water Resources & Hydrology,Characterize measurement uncertainty in streamflow gauging and water level monitoring equipment.,100,0,0.0
Environmental Science,Water Resources & Hydrology,"Correct raw sensor data for instrument drift, fouling, and environmental interference.",100,4,0.04
Environmental Science,Water Resources & Hydrology,Design field sampling campaigns to capture spatial and temporal variability in water quality or hydrological conditions.,100,32,0.32
Environmental Science,Water Resources & Hydrology,Establish monitoring well networks to characterize groundwater flow patterns and aquifer properties.,100,4,0.04
Environmental Science,Water Resources & Hydrology,Estimate evapotranspiration rates using energy balance or empirical methods for watershed water budgets.,100,27,0.27
Environmental Science,Water Resources & Hydrology,Execute flood inundation models to predict water depths and extents under various storm scenarios.,100,3,0.03
Environmental Science,Water Resources & Hydrology,Fit groundwater flow models to observed hydraulic head and tracer concentration data.,100,3,0.03
Environmental Science,Water Resources & Hydrology,Quantify uncertainty in streamflow measurements and propagate errors through flood frequency analyses.,100,2,0.02
Environmental Science,Water Resources & Hydrology,Run numerical simulations of surface water and groundwater interactions across watershed systems.,100,18,0.18
Environmental Science,Water Resources & Hydrology,Simulate contaminant fate and transport in aquifers and surface water bodies.,100,3,0.03
Environmental Science,Water Resources & Hydrology,Validate hydrological model performance using independent datasets and statistical goodness-of-fit metrics.,100,41,0.41
Literature,World Literature,"Annotate literary texts for rhetorical devices, intertextual references, or cultural motifs to support comparative analysis.",97,59,0.608247
Literature,World Literature,"Apply postcolonial, transnational, or comparative literary frameworks when formulating research questions about texts across national traditions.",98,61,0.622449
Literature,World Literature,"Assess whether interpretive claims about literary movements or genres hold across different national literatures, historical periods, or cultural contexts.",99,59,0.59596
Literature,World Literature,"Code thematic, stylistic, or narrative patterns in literary texts using systematic qualitative analysis methods.",96,37,0.385417
Literature,World Literature,"Coordinate with international libraries, archives, or literary estates to access rare manuscripts, correspondence, or unpublished materials.",96,2,0.020833
Literature,World Literature,"Design interview protocols to collect oral histories or testimonies from authors, translators, or literary community members for qualitative research.",96,5,0.052083
Literature,World Literature,Engage with theories of cultural translation and literary circulation to frame analyses of texts moving between linguistic and cultural contexts.,98,27,0.27551
Biology,Zoology & Animal Biology,Analyze behavioral data using appropriate statistical methods to detect treatment effects.,100,35,0.35
Biology,Zoology & Animal Biology,Apply statistical models to assess effects of environmental variables on animal physiological parameters.,100,27,0.27
Biology,Zoology & Animal Biology,"Compare growth, reproduction, or survival metrics between experimental and control animal groups.",100,17,0.17
Biology,Zoology & Animal Biology,Design behavioral observation protocols with standardized ethograms and sampling intervals.,100,29,0.29
Biology,Zoology & Animal Biology,Design feeding trials with appropriate control diets and replication to assess nutritional effects on animal performance.,100,6,0.06
Biology,Zoology & Animal Biology,Develop hypotheses regarding physiological responses of animals to dietary or nutritional interventions.,100,8,0.08
Biology,Zoology & Animal Biology,Document procedures for minimizing pain and distress in experimental animals for ethics review.,100,15,0.15
Biology,Zoology & Animal Biology,Formulate hypotheses about animal behavioral adaptations to environmental conditions.,100,30,0.3
Biology,Zoology & Animal Biology,Generate transcriptomic data to assess gene expression changes in response to experimental treatments.,100,0,0.0
Biology,Zoology & Animal Biology,Plan field sampling strategies with spatial and temporal controls for population or community studies.,100,45,0.45
Biology,Zoology & Animal Biology,"Prepare IACUC protocols detailing animal housing, handling, and humane endpoints for vertebrate research.",100,15,0.15
Biology,Zoology & Animal Biology,Process raw sequencing data from animal samples to generate quality-filtered datasets for analysis.,100,1,0.01
Biology,Zoology & Animal Biology,Propose evolutionary hypotheses explaining morphological or functional traits across animal taxa.,100,22,0.22
