task,level,scope,domain,field,n_papers,n_involved,prevalence,se,run
Acquire or access primary data sources relevant to research questions.,universal,all,,,3470,2041,0.630698,0.012868,run2
Acquire or access primary data sources relevant to research questions.,universal,domain,Arts & Humanities,,611,315,0.579271,0.019114,run2
Acquire or access primary data sources relevant to research questions.,universal,domain,Formal Sciences,,305,124,0.431807,0.04058,run2
Acquire or access primary data sources relevant to research questions.,universal,domain,Health Sciences,,309,267,0.862388,0.031727,run2
Acquire or access primary data sources relevant to research questions.,universal,domain,Life Sciences,,512,431,0.791808,0.027662,run2
Acquire or access primary data sources relevant to research questions.,universal,domain,Physical Sciences,,612,294,0.452241,0.022599,run2
Acquire or access primary data sources relevant to research questions.,universal,domain,Social Sciences,,1121,610,0.571109,0.0193,run2
Acquire or access primary data sources relevant to research questions.,universal,field,Arts & Humanities,Arts,101,67,0.664847,0.047219,run2
Acquire or access primary data sources relevant to research questions.,universal,field,Arts & Humanities,History,103,82,0.799187,0.039621,run2
Acquire or access primary data sources relevant to research questions.,universal,field,Arts & Humanities,Languages & Linguistics,102,72,0.7077,0.045419,run2
Acquire or access primary data sources relevant to research questions.,universal,field,Arts & Humanities,Literature,102,34,0.308073,0.0493,run2
Acquire or access primary data sources relevant to research questions.,universal,field,Arts & Humanities,Philosophy,102,11,0.102734,0.029953,run2
Acquire or access primary data sources relevant to research questions.,universal,field,Arts & Humanities,Religion,101,49,0.517675,0.050693,run2
Acquire or access primary data sources relevant to research questions.,universal,field,Formal Sciences,Computer Science,102,49,0.484091,0.049906,run2
Acquire or access primary data sources relevant to research questions.,universal,field,Formal Sciences,Mathematics,101,10,0.104395,0.031322,run2
Acquire or access primary data sources relevant to research questions.,universal,field,Formal Sciences,Statistics,102,65,0.641821,0.047666,run2
Acquire or access primary data sources relevant to research questions.,universal,field,Health Sciences,Medicine & Clinical Sciences,106,92,0.862407,0.034348,run2
Acquire or access primary data sources relevant to research questions.,universal,field,Health Sciences,Nutrition & Dietetics,101,83,0.823666,0.038053,run2
Acquire or access primary data sources relevant to research questions.,universal,field,Health Sciences,Public Health & Epidemiology,102,92,0.901677,0.029668,run2
Acquire or access primary data sources relevant to research questions.,universal,field,Life Sciences,Agricultural Sciences,103,87,0.842407,0.036489,run2
Acquire or access primary data sources relevant to research questions.,universal,field,Life Sciences,Biology,102,88,0.869274,0.033914,run2
Acquire or access primary data sources relevant to research questions.,universal,field,Life Sciences,Biomedical Sciences,104,77,0.748324,0.042535,run2
Acquire or access primary data sources relevant to research questions.,universal,field,Life Sciences,Neuroscience,103,91,0.885189,0.031388,run2
Acquire or access primary data sources relevant to research questions.,universal,field,Life Sciences,Veterinary Medicine,100,88,0.881101,0.032436,run2
Acquire or access primary data sources relevant to research questions.,universal,field,Physical Sciences,Chemistry,102,28,0.281177,0.045237,run2
Acquire or access primary data sources relevant to research questions.,universal,field,Physical Sciences,Earth & Planetary Sciences,102,89,0.873247,0.033092,run2
Acquire or access primary data sources relevant to research questions.,universal,field,Physical Sciences,Engineering,102,38,0.376506,0.048489,run2
Acquire or access primary data sources relevant to research questions.,universal,field,Physical Sciences,Environmental Science,102,84,0.824123,0.037915,run2
Acquire or access primary data sources relevant to research questions.,universal,field,Physical Sciences,Materials Science,102,27,0.251931,0.042843,run2
Acquire or access primary data sources relevant to research questions.,universal,field,Physical Sciences,Physics & Astronomy,102,28,0.274347,0.044485,run2
Acquire or access primary data sources relevant to research questions.,universal,field,Social Sciences,Anthropology,101,70,0.697011,0.046087,run2
Acquire or access primary data sources relevant to research questions.,universal,field,Social Sciences,Business & Management,103,62,0.605521,0.048415,run2
Acquire or access primary data sources relevant to research questions.,universal,field,Social Sciences,Communication & Media Studies,101,72,0.712276,0.045544,run2
Acquire or access primary data sources relevant to research questions.,universal,field,Social Sciences,Economics,103,20,0.189123,0.038653,run2
Acquire or access primary data sources relevant to research questions.,universal,field,Social Sciences,Education,103,60,0.586881,0.048971,run2
Acquire or access primary data sources relevant to research questions.,universal,field,Social Sciences,Geography,101,62,0.616808,0.048864,run2
Acquire or access primary data sources relevant to research questions.,universal,field,Social Sciences,Law,103,36,0.352917,0.048237,run2
Acquire or access primary data sources relevant to research questions.,universal,field,Social Sciences,Library & Information Science,100,52,0.527062,0.050918,run2
Acquire or access primary data sources relevant to research questions.,universal,field,Social Sciences,Political Science,102,41,0.39506,0.048613,run2
Acquire or access primary data sources relevant to research questions.,universal,field,Social Sciences,Psychology,102,80,0.786323,0.040797,run2
Acquire or access primary data sources relevant to research questions.,universal,field,Social Sciences,Sociology,102,55,0.530491,0.050231,run2
Apply statistical methods to test hypotheses and estimate effect sizes.,universal,all,,,3470,1377,0.529174,0.012013,run2
Apply statistical methods to test hypotheses and estimate effect sizes.,universal,domain,Arts & Humanities,,611,37,0.071637,0.010854,run2
Apply statistical methods to test hypotheses and estimate effect sizes.,universal,domain,Formal Sciences,,305,86,0.186091,0.031828,run2
Apply statistical methods to test hypotheses and estimate effect sizes.,universal,domain,Health Sciences,,309,248,0.850069,0.031481,run2
Apply statistical methods to test hypotheses and estimate effect sizes.,universal,domain,Life Sciences,,512,378,0.748028,0.028614,run2
Apply statistical methods to test hypotheses and estimate effect sizes.,universal,domain,Physical Sciences,,612,162,0.253797,0.019061,run2
Apply statistical methods to test hypotheses and estimate effect sizes.,universal,domain,Social Sciences,,1121,466,0.600646,0.018583,run2
Apply statistical methods to test hypotheses and estimate effect sizes.,universal,field,Arts & Humanities,Arts,101,2,0.019837,0.013957,run2
Apply statistical methods to test hypotheses and estimate effect sizes.,universal,field,Arts & Humanities,History,103,0,0.0,0.0,run2
Apply statistical methods to test hypotheses and estimate effect sizes.,universal,field,Arts & Humanities,Languages & Linguistics,102,28,0.2637,0.043957,run2
Apply statistical methods to test hypotheses and estimate effect sizes.,universal,field,Arts & Humanities,Literature,102,0,0.0,0.0,run2
Apply statistical methods to test hypotheses and estimate effect sizes.,universal,field,Arts & Humanities,Philosophy,102,2,0.019408,0.013661,run2
Apply statistical methods to test hypotheses and estimate effect sizes.,universal,field,Arts & Humanities,Religion,101,5,0.058447,0.025391,run2
Apply statistical methods to test hypotheses and estimate effect sizes.,universal,field,Formal Sciences,Computer Science,102,20,0.193273,0.039212,run2
Apply statistical methods to test hypotheses and estimate effect sizes.,universal,field,Formal Sciences,Mathematics,101,4,0.040218,0.019829,run2
Apply statistical methods to test hypotheses and estimate effect sizes.,universal,field,Formal Sciences,Statistics,102,62,0.609111,0.048611,run2
Apply statistical methods to test hypotheses and estimate effect sizes.,universal,field,Health Sciences,Medicine & Clinical Sciences,106,90,0.856058,0.034056,run2
Apply statistical methods to test hypotheses and estimate effect sizes.,universal,field,Health Sciences,Nutrition & Dietetics,101,88,0.870647,0.033637,run2
Apply statistical methods to test hypotheses and estimate effect sizes.,universal,field,Health Sciences,Public Health & Epidemiology,102,70,0.68534,0.046258,run2
Apply statistical methods to test hypotheses and estimate effect sizes.,universal,field,Life Sciences,Agricultural Sciences,103,70,0.692823,0.04567,run2
Apply statistical methods to test hypotheses and estimate effect sizes.,universal,field,Life Sciences,Biology,102,68,0.667829,0.047006,run2
Apply statistical methods to test hypotheses and estimate effect sizes.,universal,field,Life Sciences,Biomedical Sciences,104,75,0.729946,0.043566,run2
Apply statistical methods to test hypotheses and estimate effect sizes.,universal,field,Life Sciences,Neuroscience,103,94,0.916506,0.0269,run2
Apply statistical methods to test hypotheses and estimate effect sizes.,universal,field,Life Sciences,Veterinary Medicine,100,71,0.710896,0.045563,run2
Apply statistical methods to test hypotheses and estimate effect sizes.,universal,field,Physical Sciences,Chemistry,102,14,0.138942,0.034762,run2
Apply statistical methods to test hypotheses and estimate effect sizes.,universal,field,Physical Sciences,Earth & Planetary Sciences,102,38,0.379265,0.048558,run2
Apply statistical methods to test hypotheses and estimate effect sizes.,universal,field,Physical Sciences,Engineering,102,17,0.168136,0.037412,run2
Apply statistical methods to test hypotheses and estimate effect sizes.,universal,field,Physical Sciences,Environmental Science,102,63,0.616954,0.048475,run2
Apply statistical methods to test hypotheses and estimate effect sizes.,universal,field,Physical Sciences,Materials Science,102,14,0.138513,0.034546,run2
Apply statistical methods to test hypotheses and estimate effect sizes.,universal,field,Physical Sciences,Physics & Astronomy,102,16,0.152741,0.035778,run2
Apply statistical methods to test hypotheses and estimate effect sizes.,universal,field,Social Sciences,Anthropology,101,30,0.300879,0.046138,run2
Apply statistical methods to test hypotheses and estimate effect sizes.,universal,field,Social Sciences,Business & Management,103,55,0.538115,0.049421,run2
Apply statistical methods to test hypotheses and estimate effect sizes.,universal,field,Social Sciences,Communication & Media Studies,101,28,0.272664,0.044403,run2
Apply statistical methods to test hypotheses and estimate effect sizes.,universal,field,Social Sciences,Economics,103,77,0.752413,0.042747,run2
Apply statistical methods to test hypotheses and estimate effect sizes.,universal,field,Social Sciences,Education,103,36,0.348895,0.04763,run2
Apply statistical methods to test hypotheses and estimate effect sizes.,universal,field,Social Sciences,Geography,101,32,0.332526,0.04785,run2
Apply statistical methods to test hypotheses and estimate effect sizes.,universal,field,Social Sciences,Law,103,3,0.031774,0.018126,run2
Apply statistical methods to test hypotheses and estimate effect sizes.,universal,field,Social Sciences,Library & Information Science,100,41,0.365859,0.047965,run2
Apply statistical methods to test hypotheses and estimate effect sizes.,universal,field,Social Sciences,Political Science,102,23,0.22226,0.041263,run2
Apply statistical methods to test hypotheses and estimate effect sizes.,universal,field,Social Sciences,Psychology,102,88,0.863332,0.034167,run2
Apply statistical methods to test hypotheses and estimate effect sizes.,universal,field,Social Sciences,Sociology,102,53,0.519744,0.050278,run2
Brainstorm potential research directions through discussions with colleagues and peers.,universal,all,,,3470,257,0.061543,0.006464,run2
Brainstorm potential research directions through discussions with colleagues and peers.,universal,domain,Arts & Humanities,,611,58,0.097795,0.013011,run2
Brainstorm potential research directions through discussions with colleagues and peers.,universal,domain,Formal Sciences,,305,31,0.071887,0.018361,run2
Brainstorm potential research directions through discussions with colleagues and peers.,universal,domain,Health Sciences,,309,18,0.023515,0.012452,run2
Brainstorm potential research directions through discussions with colleagues and peers.,universal,domain,Life Sciences,,512,32,0.092595,0.020902,run2
Brainstorm potential research directions through discussions with colleagues and peers.,universal,domain,Physical Sciences,,612,56,0.068922,0.009749,run2
Brainstorm potential research directions through discussions with colleagues and peers.,universal,domain,Social Sciences,,1121,62,0.050611,0.008839,run2
Brainstorm potential research directions through discussions with colleagues and peers.,universal,field,Arts & Humanities,Arts,101,4,0.040695,0.020021,run2
Brainstorm potential research directions through discussions with colleagues and peers.,universal,field,Arts & Humanities,History,103,9,0.087947,0.028203,run2
Brainstorm potential research directions through discussions with colleagues and peers.,universal,field,Arts & Humanities,Languages & Linguistics,102,9,0.090276,0.028889,run2
Brainstorm potential research directions through discussions with colleagues and peers.,universal,field,Arts & Humanities,Literature,102,2,0.020529,0.015404,run2
Brainstorm potential research directions through discussions with colleagues and peers.,universal,field,Arts & Humanities,Philosophy,102,31,0.297113,0.045421,run2
Brainstorm potential research directions through discussions with colleagues and peers.,universal,field,Arts & Humanities,Religion,101,3,0.025069,0.014407,run2
Brainstorm potential research directions through discussions with colleagues and peers.,universal,field,Formal Sciences,Computer Science,102,5,0.048806,0.021441,run2
Brainstorm potential research directions through discussions with colleagues and peers.,universal,field,Formal Sciences,Mathematics,101,20,0.195823,0.039614,run2
Brainstorm potential research directions through discussions with colleagues and peers.,universal,field,Formal Sciences,Statistics,102,6,0.059653,0.023725,run2
Brainstorm potential research directions through discussions with colleagues and peers.,universal,field,Health Sciences,Medicine & Clinical Sciences,106,2,0.018881,0.013413,run2
Brainstorm potential research directions through discussions with colleagues and peers.,universal,field,Health Sciences,Nutrition & Dietetics,101,3,0.029794,0.017028,run2
Brainstorm potential research directions through discussions with colleagues and peers.,universal,field,Health Sciences,Public Health & Epidemiology,102,13,0.128167,0.033345,run2
Brainstorm potential research directions through discussions with colleagues and peers.,universal,field,Life Sciences,Agricultural Sciences,103,2,0.020433,0.01437,run2
Brainstorm potential research directions through discussions with colleagues and peers.,universal,field,Life Sciences,Biology,102,12,0.118843,0.032372,run2
Brainstorm potential research directions through discussions with colleagues and peers.,universal,field,Life Sciences,Biomedical Sciences,104,13,0.126401,0.032998,run2
Brainstorm potential research directions through discussions with colleagues and peers.,universal,field,Life Sciences,Neuroscience,103,3,0.02902,0.016596,run2
Brainstorm potential research directions through discussions with colleagues and peers.,universal,field,Life Sciences,Veterinary Medicine,100,2,0.020313,0.014287,run2
Brainstorm potential research directions through discussions with colleagues and peers.,universal,field,Physical Sciences,Chemistry,102,6,0.055565,0.022413,run2
Brainstorm potential research directions through discussions with colleagues and peers.,universal,field,Physical Sciences,Earth & Planetary Sciences,102,8,0.07975,0.027173,run2
Brainstorm potential research directions through discussions with colleagues and peers.,universal,field,Physical Sciences,Engineering,102,2,0.018836,0.013266,run2
Brainstorm potential research directions through discussions with colleagues and peers.,universal,field,Physical Sciences,Environmental Science,102,6,0.059365,0.023666,run2
Brainstorm potential research directions through discussions with colleagues and peers.,universal,field,Physical Sciences,Materials Science,102,8,0.080814,0.027519,run2
Brainstorm potential research directions through discussions with colleagues and peers.,universal,field,Physical Sciences,Physics & Astronomy,102,26,0.252767,0.043443,run2
Brainstorm potential research directions through discussions with colleagues and peers.,universal,field,Social Sciences,Anthropology,101,9,0.09044,0.028921,run2
Brainstorm potential research directions through discussions with colleagues and peers.,universal,field,Social Sciences,Business & Management,103,6,0.056397,0.022619,run2
Brainstorm potential research directions through discussions with colleagues and peers.,universal,field,Social Sciences,Communication & Media Studies,101,9,0.083258,0.027303,run2
Brainstorm potential research directions through discussions with colleagues and peers.,universal,field,Social Sciences,Economics,103,10,0.095431,0.02893,run2
Brainstorm potential research directions through discussions with colleagues and peers.,universal,field,Social Sciences,Education,103,2,0.020042,0.014095,run2
Brainstorm potential research directions through discussions with colleagues and peers.,universal,field,Social Sciences,Geography,101,2,0.019843,0.013997,run2
Brainstorm potential research directions through discussions with colleagues and peers.,universal,field,Social Sciences,Law,103,3,0.028129,0.016333,run2
Brainstorm potential research directions through discussions with colleagues and peers.,universal,field,Social Sciences,Library & Information Science,100,6,0.056469,0.022898,run2
Brainstorm potential research directions through discussions with colleagues and peers.,universal,field,Social Sciences,Political Science,102,7,0.068318,0.025127,run2
Brainstorm potential research directions through discussions with colleagues and peers.,universal,field,Social Sciences,Psychology,102,2,0.018796,0.013243,run2
Brainstorm potential research directions through discussions with colleagues and peers.,universal,field,Social Sciences,Sociology,102,6,0.060317,0.024021,run2
Clean and preprocess raw data to prepare for statistical or computational analysis.,universal,all,,,3470,1436,0.49961,0.013873,run2
Clean and preprocess raw data to prepare for statistical or computational analysis.,universal,domain,Arts & Humanities,,611,34,0.065962,0.011381,run2
Clean and preprocess raw data to prepare for statistical or computational analysis.,universal,domain,Formal Sciences,,305,91,0.319296,0.038941,run2
Clean and preprocess raw data to prepare for statistical or computational analysis.,universal,domain,Health Sciences,,309,239,0.708228,0.041691,run2
Clean and preprocess raw data to prepare for statistical or computational analysis.,universal,domain,Life Sciences,,512,322,0.629174,0.031365,run2
Clean and preprocess raw data to prepare for statistical or computational analysis.,universal,domain,Physical Sciences,,612,215,0.295438,0.01895,run2
Clean and preprocess raw data to prepare for statistical or computational analysis.,universal,domain,Social Sciences,,1121,535,0.626638,0.018984,run2
Clean and preprocess raw data to prepare for statistical or computational analysis.,universal,field,Arts & Humanities,Arts,101,1,0.009919,0.009919,run2
Clean and preprocess raw data to prepare for statistical or computational analysis.,universal,field,Arts & Humanities,History,103,4,0.039882,0.019644,run2
Clean and preprocess raw data to prepare for statistical or computational analysis.,universal,field,Arts & Humanities,Languages & Linguistics,102,20,0.18581,0.038758,run2
Clean and preprocess raw data to prepare for statistical or computational analysis.,universal,field,Arts & Humanities,Literature,102,0,0.0,0.0,run2
Clean and preprocess raw data to prepare for statistical or computational analysis.,universal,field,Arts & Humanities,Philosophy,102,2,0.019408,0.013661,run2
Clean and preprocess raw data to prepare for statistical or computational analysis.,universal,field,Arts & Humanities,Religion,101,7,0.081826,0.029618,run2
Clean and preprocess raw data to prepare for statistical or computational analysis.,universal,field,Formal Sciences,Computer Science,102,37,0.363692,0.048064,run2
Clean and preprocess raw data to prepare for statistical or computational analysis.,universal,field,Formal Sciences,Mathematics,101,4,0.041668,0.020482,run2
Clean and preprocess raw data to prepare for statistical or computational analysis.,universal,field,Formal Sciences,Statistics,102,50,0.496109,0.049842,run2
Clean and preprocess raw data to prepare for statistical or computational analysis.,universal,field,Health Sciences,Medicine & Clinical Sciences,106,74,0.699466,0.045154,run2
Clean and preprocess raw data to prepare for statistical or computational analysis.,universal,field,Health Sciences,Nutrition & Dietetics,101,83,0.820304,0.038527,run2
Clean and preprocess raw data to prepare for statistical or computational analysis.,universal,field,Health Sciences,Public Health & Epidemiology,102,82,0.803259,0.039612,run2
Clean and preprocess raw data to prepare for statistical or computational analysis.,universal,field,Life Sciences,Agricultural Sciences,103,46,0.441113,0.049399,run2
Clean and preprocess raw data to prepare for statistical or computational analysis.,universal,field,Life Sciences,Biology,102,67,0.654399,0.047588,run2
Clean and preprocess raw data to prepare for statistical or computational analysis.,universal,field,Life Sciences,Biomedical Sciences,104,66,0.640043,0.04741,run2
Clean and preprocess raw data to prepare for statistical or computational analysis.,universal,field,Life Sciences,Neuroscience,103,81,0.793006,0.039737,run2
Clean and preprocess raw data to prepare for statistical or computational analysis.,universal,field,Life Sciences,Veterinary Medicine,100,62,0.619952,0.048823,run2
Clean and preprocess raw data to prepare for statistical or computational analysis.,universal,field,Physical Sciences,Chemistry,102,20,0.205439,0.040969,run2
Clean and preprocess raw data to prepare for statistical or computational analysis.,universal,field,Physical Sciences,Earth & Planetary Sciences,102,69,0.681404,0.046387,run2
Clean and preprocess raw data to prepare for statistical or computational analysis.,universal,field,Physical Sciences,Engineering,102,16,0.155245,0.036017,run2
Clean and preprocess raw data to prepare for statistical or computational analysis.,universal,field,Physical Sciences,Environmental Science,102,64,0.631649,0.047988,run2
Clean and preprocess raw data to prepare for statistical or computational analysis.,universal,field,Physical Sciences,Materials Science,102,17,0.16085,0.036346,run2
Clean and preprocess raw data to prepare for statistical or computational analysis.,universal,field,Physical Sciences,Physics & Astronomy,102,29,0.276536,0.044413,run2
Clean and preprocess raw data to prepare for statistical or computational analysis.,universal,field,Social Sciences,Anthropology,101,32,0.320451,0.04693,run2
Clean and preprocess raw data to prepare for statistical or computational analysis.,universal,field,Social Sciences,Business & Management,103,60,0.587303,0.04875,run2
Clean and preprocess raw data to prepare for statistical or computational analysis.,universal,field,Social Sciences,Communication & Media Studies,101,46,0.444288,0.049747,run2
Clean and preprocess raw data to prepare for statistical or computational analysis.,universal,field,Social Sciences,Economics,103,79,0.773934,0.041245,run2
Clean and preprocess raw data to prepare for statistical or computational analysis.,universal,field,Social Sciences,Education,103,38,0.364717,0.047985,run2
Clean and preprocess raw data to prepare for statistical or computational analysis.,universal,field,Social Sciences,Geography,101,47,0.480978,0.050296,run2
Clean and preprocess raw data to prepare for statistical or computational analysis.,universal,field,Social Sciences,Law,103,4,0.042338,0.020797,run2
Clean and preprocess raw data to prepare for statistical or computational analysis.,universal,field,Social Sciences,Library & Information Science,100,56,0.517625,0.051141,run2
Clean and preprocess raw data to prepare for statistical or computational analysis.,universal,field,Social Sciences,Political Science,102,27,0.259247,0.043435,run2
Clean and preprocess raw data to prepare for statistical or computational analysis.,universal,field,Social Sciences,Psychology,102,84,0.822686,0.038135,run2
Clean and preprocess raw data to prepare for statistical or computational analysis.,universal,field,Social Sciences,Sociology,102,62,0.611847,0.049076,run2
"Construct formal models, proofs, and derivations to establish theoretical results.",universal,all,,,3470,455,0.149084,0.008664,run2
"Construct formal models, proofs, and derivations to establish theoretical results.",universal,domain,Arts & Humanities,,611,39,0.068723,0.010552,run2
"Construct formal models, proofs, and derivations to establish theoretical results.",universal,domain,Formal Sciences,,305,172,0.509465,0.040178,run2
"Construct formal models, proofs, and derivations to establish theoretical results.",universal,domain,Health Sciences,,309,6,0.002249,0.000896,run2
"Construct formal models, proofs, and derivations to establish theoretical results.",universal,domain,Life Sciences,,512,28,0.057493,0.015647,run2
"Construct formal models, proofs, and derivations to establish theoretical results.",universal,domain,Physical Sciences,,612,151,0.254739,0.020609,run2
"Construct formal models, proofs, and derivations to establish theoretical results.",universal,domain,Social Sciences,,1121,59,0.074472,0.00991,run2
"Construct formal models, proofs, and derivations to establish theoretical results.",universal,field,Arts & Humanities,Arts,101,3,0.030777,0.017572,run2
"Construct formal models, proofs, and derivations to establish theoretical results.",universal,field,Arts & Humanities,History,103,0,0.0,0.0,run2
"Construct formal models, proofs, and derivations to establish theoretical results.",universal,field,Arts & Humanities,Languages & Linguistics,102,16,0.162964,0.037413,run2
"Construct formal models, proofs, and derivations to establish theoretical results.",universal,field,Arts & Humanities,Literature,102,0,0.0,0.0,run2
"Construct formal models, proofs, and derivations to establish theoretical results.",universal,field,Arts & Humanities,Philosophy,102,20,0.196218,0.039575,run2
"Construct formal models, proofs, and derivations to establish theoretical results.",universal,field,Arts & Humanities,Religion,101,0,0.0,0.0,run2
"Construct formal models, proofs, and derivations to establish theoretical results.",universal,field,Formal Sciences,Computer Science,102,45,0.438945,0.049514,run2
"Construct formal models, proofs, and derivations to establish theoretical results.",universal,field,Formal Sciences,Mathematics,101,94,0.928235,0.026266,run2
"Construct formal models, proofs, and derivations to establish theoretical results.",universal,field,Formal Sciences,Statistics,102,33,0.315415,0.046031,run2
"Construct formal models, proofs, and derivations to establish theoretical results.",universal,field,Health Sciences,Medicine & Clinical Sciences,106,0,0.0,0.0,run2
"Construct formal models, proofs, and derivations to establish theoretical results.",universal,field,Health Sciences,Nutrition & Dietetics,101,0,0.0,0.0,run2
"Construct formal models, proofs, and derivations to establish theoretical results.",universal,field,Health Sciences,Public Health & Epidemiology,102,6,0.058497,0.023292,run2
"Construct formal models, proofs, and derivations to establish theoretical results.",universal,field,Life Sciences,Agricultural Sciences,103,2,0.019579,0.013813,run2
"Construct formal models, proofs, and derivations to establish theoretical results.",universal,field,Life Sciences,Biology,102,11,0.108406,0.031028,run2
"Construct formal models, proofs, and derivations to establish theoretical results.",universal,field,Life Sciences,Biomedical Sciences,104,6,0.060235,0.023943,run2
"Construct formal models, proofs, and derivations to establish theoretical results.",universal,field,Life Sciences,Neuroscience,103,8,0.07507,0.025716,run2
"Construct formal models, proofs, and derivations to establish theoretical results.",universal,field,Life Sciences,Veterinary Medicine,100,1,0.010157,0.010155,run2
"Construct formal models, proofs, and derivations to establish theoretical results.",universal,field,Physical Sciences,Chemistry,102,2,0.016932,0.012125,run2
"Construct formal models, proofs, and derivations to establish theoretical results.",universal,field,Physical Sciences,Earth & Planetary Sciences,102,25,0.250196,0.043451,run2
"Construct formal models, proofs, and derivations to establish theoretical results.",universal,field,Physical Sciences,Engineering,102,34,0.327119,0.046689,run2
"Construct formal models, proofs, and derivations to establish theoretical results.",universal,field,Physical Sciences,Environmental Science,102,8,0.078538,0.026816,run2
"Construct formal models, proofs, and derivations to establish theoretical results.",universal,field,Physical Sciences,Materials Science,102,10,0.086601,0.027011,run2
"Construct formal models, proofs, and derivations to establish theoretical results.",universal,field,Physical Sciences,Physics & Astronomy,102,72,0.704191,0.045603,run2
"Construct formal models, proofs, and derivations to establish theoretical results.",universal,field,Social Sciences,Anthropology,101,3,0.030123,0.017212,run2
"Construct formal models, proofs, and derivations to establish theoretical results.",universal,field,Social Sciences,Business & Management,103,6,0.056578,0.022573,run2
"Construct formal models, proofs, and derivations to establish theoretical results.",universal,field,Social Sciences,Communication & Media Studies,101,0,0.0,0.0,run2
"Construct formal models, proofs, and derivations to establish theoretical results.",universal,field,Social Sciences,Economics,103,34,0.320789,0.046126,run2
"Construct formal models, proofs, and derivations to establish theoretical results.",universal,field,Social Sciences,Education,103,1,0.010002,0.009999,run2
"Construct formal models, proofs, and derivations to establish theoretical results.",universal,field,Social Sciences,Geography,101,4,0.038289,0.018899,run2
"Construct formal models, proofs, and derivations to establish theoretical results.",universal,field,Social Sciences,Law,103,0,0.0,0.0,run2
"Construct formal models, proofs, and derivations to establish theoretical results.",universal,field,Social Sciences,Library & Information Science,100,3,0.024703,0.014201,run2
"Construct formal models, proofs, and derivations to establish theoretical results.",universal,field,Social Sciences,Political Science,102,3,0.030404,0.017387,run2
"Construct formal models, proofs, and derivations to establish theoretical results.",universal,field,Social Sciences,Psychology,102,1,0.009702,0.009703,run2
"Construct formal models, proofs, and derivations to establish theoretical results.",universal,field,Social Sciences,Sociology,102,4,0.041102,0.020249,run2
Coordinate with collaborators across institutions and disciplines.,universal,all,,,3470,2000,0.735816,0.012775,run2
Coordinate with collaborators across institutions and disciplines.,universal,domain,Arts & Humanities,,611,110,0.211108,0.018666,run2
Coordinate with collaborators across institutions and disciplines.,universal,domain,Formal Sciences,,305,201,0.624054,0.040002,run2
Coordinate with collaborators across institutions and disciplines.,universal,domain,Health Sciences,,309,264,0.841073,0.033346,run2
Coordinate with collaborators across institutions and disciplines.,universal,domain,Life Sciences,,512,411,0.80105,0.025275,run2
Coordinate with collaborators across institutions and disciplines.,universal,domain,Physical Sciences,,612,467,0.7385,0.022034,run2
Coordinate with collaborators across institutions and disciplines.,universal,domain,Social Sciences,,1121,547,0.531179,0.020766,run2
Coordinate with collaborators across institutions and disciplines.,universal,field,Arts & Humanities,Arts,101,17,0.167348,0.037305,run2
Coordinate with collaborators across institutions and disciplines.,universal,field,Arts & Humanities,History,103,22,0.217918,0.041329,run2
Coordinate with collaborators across institutions and disciplines.,universal,field,Arts & Humanities,Languages & Linguistics,102,38,0.377278,0.04861,run2
Coordinate with collaborators across institutions and disciplines.,universal,field,Arts & Humanities,Literature,102,6,0.060464,0.025876,run2
Coordinate with collaborators across institutions and disciplines.,universal,field,Arts & Humanities,Philosophy,102,12,0.118138,0.032205,run2
Coordinate with collaborators across institutions and disciplines.,universal,field,Arts & Humanities,Religion,101,15,0.168302,0.039655,run2
Coordinate with collaborators across institutions and disciplines.,universal,field,Formal Sciences,Computer Science,102,63,0.613423,0.048712,run2
Coordinate with collaborators across institutions and disciplines.,universal,field,Formal Sciences,Mathematics,101,66,0.657303,0.047555,run2
Coordinate with collaborators across institutions and disciplines.,universal,field,Formal Sciences,Statistics,102,72,0.711551,0.044918,run2
Coordinate with collaborators across institutions and disciplines.,universal,field,Health Sciences,Medicine & Clinical Sciences,106,89,0.839298,0.036106,run2
Coordinate with collaborators across institutions and disciplines.,universal,field,Health Sciences,Nutrition & Dietetics,101,85,0.840884,0.036653,run2
Coordinate with collaborators across institutions and disciplines.,universal,field,Health Sciences,Public Health & Epidemiology,102,90,0.88382,0.031728,run2
Coordinate with collaborators across institutions and disciplines.,universal,field,Life Sciences,Agricultural Sciences,103,69,0.680117,0.046178,run2
Coordinate with collaborators across institutions and disciplines.,universal,field,Life Sciences,Biology,102,82,0.800296,0.040153,run2
Coordinate with collaborators across institutions and disciplines.,universal,field,Life Sciences,Biomedical Sciences,104,87,0.833084,0.037218,run2
Coordinate with collaborators across institutions and disciplines.,universal,field,Life Sciences,Neuroscience,103,83,0.801776,0.03985,run2
Coordinate with collaborators across institutions and disciplines.,universal,field,Life Sciences,Veterinary Medicine,100,90,0.901356,0.029825,run2
Coordinate with collaborators across institutions and disciplines.,universal,field,Physical Sciences,Chemistry,102,67,0.654616,0.047556,run2
Coordinate with collaborators across institutions and disciplines.,universal,field,Physical Sciences,Earth & Planetary Sciences,102,87,0.852573,0.035382,run2
Coordinate with collaborators across institutions and disciplines.,universal,field,Physical Sciences,Engineering,102,68,0.660638,0.047481,run2
Coordinate with collaborators across institutions and disciplines.,universal,field,Physical Sciences,Environmental Science,102,88,0.86388,0.03406,run2
Coordinate with collaborators across institutions and disciplines.,universal,field,Physical Sciences,Materials Science,102,77,0.756416,0.042726,run2
Coordinate with collaborators across institutions and disciplines.,universal,field,Physical Sciences,Physics & Astronomy,102,80,0.780834,0.041495,run2
Coordinate with collaborators across institutions and disciplines.,universal,field,Social Sciences,Anthropology,101,57,0.571049,0.049702,run2
Coordinate with collaborators across institutions and disciplines.,universal,field,Social Sciences,Business & Management,103,45,0.434034,0.049129,run2
Coordinate with collaborators across institutions and disciplines.,universal,field,Social Sciences,Communication & Media Studies,101,49,0.475587,0.050065,run2
Coordinate with collaborators across institutions and disciplines.,universal,field,Social Sciences,Economics,103,57,0.555017,0.049439,run2
Coordinate with collaborators across institutions and disciplines.,universal,field,Social Sciences,Education,103,47,0.450483,0.049573,run2
Coordinate with collaborators across institutions and disciplines.,universal,field,Social Sciences,Geography,101,48,0.480518,0.050262,run2
Coordinate with collaborators across institutions and disciplines.,universal,field,Social Sciences,Law,103,24,0.233961,0.042951,run2
Coordinate with collaborators across institutions and disciplines.,universal,field,Social Sciences,Library & Information Science,100,59,0.574109,0.050693,run2
Coordinate with collaborators across institutions and disciplines.,universal,field,Social Sciences,Political Science,102,40,0.384537,0.048335,run2
Coordinate with collaborators across institutions and disciplines.,universal,field,Social Sciences,Psychology,102,72,0.705081,0.045521,run2
Coordinate with collaborators across institutions and disciplines.,universal,field,Social Sciences,Sociology,102,49,0.473601,0.050192,run2
"Curate and manage datasets, ensuring proper documentation and version control.",universal,all,,,3470,415,0.146947,0.011483,run2
"Curate and manage datasets, ensuring proper documentation and version control.",universal,domain,Arts & Humanities,,611,13,0.028748,0.008116,run2
"Curate and manage datasets, ensuring proper documentation and version control.",universal,domain,Formal Sciences,,305,25,0.062948,0.020587,run2
"Curate and manage datasets, ensuring proper documentation and version control.",universal,domain,Health Sciences,,309,73,0.207487,0.036525,run2
"Curate and manage datasets, ensuring proper documentation and version control.",universal,domain,Life Sciences,,512,122,0.24963,0.02956,run2
"Curate and manage datasets, ensuring proper documentation and version control.",universal,domain,Physical Sciences,,612,59,0.089509,0.012607,run2
"Curate and manage datasets, ensuring proper documentation and version control.",universal,domain,Social Sciences,,1121,123,0.08918,0.011915,run2
"Curate and manage datasets, ensuring proper documentation and version control.",universal,field,Arts & Humanities,Arts,101,0,0.0,0.0,run2
"Curate and manage datasets, ensuring proper documentation and version control.",universal,field,Arts & Humanities,History,103,2,0.021039,0.014781,run2
"Curate and manage datasets, ensuring proper documentation and version control.",universal,field,Arts & Humanities,Languages & Linguistics,102,9,0.087014,0.028052,run2
"Curate and manage datasets, ensuring proper documentation and version control.",universal,field,Arts & Humanities,Literature,102,0,0.0,0.0,run2
"Curate and manage datasets, ensuring proper documentation and version control.",universal,field,Arts & Humanities,Philosophy,102,0,0.0,0.0,run2
"Curate and manage datasets, ensuring proper documentation and version control.",universal,field,Arts & Humanities,Religion,101,2,0.023379,0.016394,run2
"Curate and manage datasets, ensuring proper documentation and version control.",universal,field,Formal Sciences,Computer Science,102,7,0.069264,0.025457,run2
"Curate and manage datasets, ensuring proper documentation and version control.",universal,field,Formal Sciences,Mathematics,101,0,0.0,0.0,run2
"Curate and manage datasets, ensuring proper documentation and version control.",universal,field,Formal Sciences,Statistics,102,18,0.179718,0.038509,run2
"Curate and manage datasets, ensuring proper documentation and version control.",universal,field,Health Sciences,Medicine & Clinical Sciences,106,22,0.203855,0.039528,run2
"Curate and manage datasets, ensuring proper documentation and version control.",universal,field,Health Sciences,Nutrition & Dietetics,101,22,0.218794,0.041424,run2
"Curate and manage datasets, ensuring proper documentation and version control.",universal,field,Health Sciences,Public Health & Epidemiology,102,29,0.282979,0.044773,run2
"Curate and manage datasets, ensuring proper documentation and version control.",universal,field,Life Sciences,Agricultural Sciences,103,16,0.15032,0.03534,run2
"Curate and manage datasets, ensuring proper documentation and version control.",universal,field,Life Sciences,Biology,102,36,0.344635,0.047504,run2
"Curate and manage datasets, ensuring proper documentation and version control.",universal,field,Life Sciences,Biomedical Sciences,104,30,0.294127,0.045548,run2
"Curate and manage datasets, ensuring proper documentation and version control.",universal,field,Life Sciences,Neuroscience,103,15,0.145829,0.035059,run2
"Curate and manage datasets, ensuring proper documentation and version control.",universal,field,Life Sciences,Veterinary Medicine,100,25,0.250934,0.043657,run2
"Curate and manage datasets, ensuring proper documentation and version control.",universal,field,Physical Sciences,Chemistry,102,3,0.029974,0.017142,run2
"Curate and manage datasets, ensuring proper documentation and version control.",universal,field,Physical Sciences,Earth & Planetary Sciences,102,18,0.176091,0.03794,run2
"Curate and manage datasets, ensuring proper documentation and version control.",universal,field,Physical Sciences,Engineering,102,5,0.05061,0.022184,run2
"Curate and manage datasets, ensuring proper documentation and version control.",universal,field,Physical Sciences,Environmental Science,102,26,0.256031,0.04357,run2
"Curate and manage datasets, ensuring proper documentation and version control.",universal,field,Physical Sciences,Materials Science,102,3,0.029316,0.016805,run2
"Curate and manage datasets, ensuring proper documentation and version control.",universal,field,Physical Sciences,Physics & Astronomy,102,4,0.038653,0.019132,run2
"Curate and manage datasets, ensuring proper documentation and version control.",universal,field,Social Sciences,Anthropology,101,16,0.160488,0.036955,run2
"Curate and manage datasets, ensuring proper documentation and version control.",universal,field,Social Sciences,Business & Management,103,2,0.019846,0.013959,run2
"Curate and manage datasets, ensuring proper documentation and version control.",universal,field,Social Sciences,Communication & Media Studies,101,16,0.158691,0.036614,run2
"Curate and manage datasets, ensuring proper documentation and version control.",universal,field,Social Sciences,Economics,103,9,0.090626,0.028964,run2
"Curate and manage datasets, ensuring proper documentation and version control.",universal,field,Social Sciences,Education,103,4,0.030473,0.016734,run2
"Curate and manage datasets, ensuring proper documentation and version control.",universal,field,Social Sciences,Geography,101,11,0.110204,0.031554,run2
"Curate and manage datasets, ensuring proper documentation and version control.",universal,field,Social Sciences,Law,103,4,0.042338,0.020797,run2
"Curate and manage datasets, ensuring proper documentation and version control.",universal,field,Social Sciences,Library & Information Science,100,23,0.199984,0.038603,run2
"Curate and manage datasets, ensuring proper documentation and version control.",universal,field,Social Sciences,Political Science,102,15,0.141247,0.034207,run2
"Curate and manage datasets, ensuring proper documentation and version control.",universal,field,Social Sciences,Psychology,102,15,0.146567,0.035333,run2
"Curate and manage datasets, ensuring proper documentation and version control.",universal,field,Social Sciences,Sociology,102,8,0.079539,0.027162,run2
Design data collection protocols and instruments to ensure validity and reproducibility.,universal,all,,,3470,1083,0.383393,0.015119,run2
Design data collection protocols and instruments to ensure validity and reproducibility.,universal,domain,Arts & Humanities,,611,69,0.125365,0.013341,run2
Design data collection protocols and instruments to ensure validity and reproducibility.,universal,domain,Formal Sciences,,305,51,0.109395,0.025836,run2
Design data collection protocols and instruments to ensure validity and reproducibility.,universal,domain,Health Sciences,,309,175,0.514155,0.045563,run2
Design data collection protocols and instruments to ensure validity and reproducibility.,universal,domain,Life Sciences,,512,274,0.440478,0.031729,run2
Design data collection protocols and instruments to ensure validity and reproducibility.,universal,domain,Physical Sciences,,612,180,0.323756,0.022819,run2
Design data collection protocols and instruments to ensure validity and reproducibility.,universal,domain,Social Sciences,,1121,334,0.390964,0.019119,run2
Design data collection protocols and instruments to ensure validity and reproducibility.,universal,field,Arts & Humanities,Arts,101,13,0.130354,0.033862,run2
Design data collection protocols and instruments to ensure validity and reproducibility.,universal,field,Arts & Humanities,History,103,2,0.020273,0.014277,run2
Design data collection protocols and instruments to ensure validity and reproducibility.,universal,field,Arts & Humanities,Languages & Linguistics,102,40,0.387534,0.048838,run2
Design data collection protocols and instruments to ensure validity and reproducibility.,universal,field,Arts & Humanities,Literature,102,1,0.005749,0.005778,run2
Design data collection protocols and instruments to ensure validity and reproducibility.,universal,field,Arts & Humanities,Philosophy,102,2,0.019408,0.013661,run2
Design data collection protocols and instruments to ensure validity and reproducibility.,universal,field,Arts & Humanities,Religion,101,11,0.128584,0.036037,run2
Design data collection protocols and instruments to ensure validity and reproducibility.,universal,field,Formal Sciences,Computer Science,102,12,0.116628,0.031947,run2
Design data collection protocols and instruments to ensure validity and reproducibility.,universal,field,Formal Sciences,Mathematics,101,0,0.0,0.0,run2
Design data collection protocols and instruments to ensure validity and reproducibility.,universal,field,Formal Sciences,Statistics,102,39,0.388878,0.04873,run2
Design data collection protocols and instruments to ensure validity and reproducibility.,universal,field,Health Sciences,Medicine & Clinical Sciences,106,55,0.507357,0.049333,run2
Design data collection protocols and instruments to ensure validity and reproducibility.,universal,field,Health Sciences,Nutrition & Dietetics,101,73,0.724401,0.044675,run2
Design data collection protocols and instruments to ensure validity and reproducibility.,universal,field,Health Sciences,Public Health & Epidemiology,102,47,0.461284,0.049623,run2
Design data collection protocols and instruments to ensure validity and reproducibility.,universal,field,Life Sciences,Agricultural Sciences,103,54,0.533621,0.049662,run2
Design data collection protocols and instruments to ensure validity and reproducibility.,universal,field,Life Sciences,Biology,102,58,0.577898,0.049378,run2
Design data collection protocols and instruments to ensure validity and reproducibility.,universal,field,Life Sciences,Biomedical Sciences,104,37,0.358347,0.047576,run2
Design data collection protocols and instruments to ensure validity and reproducibility.,universal,field,Life Sciences,Neuroscience,103,63,0.622114,0.047845,run2
Design data collection protocols and instruments to ensure validity and reproducibility.,universal,field,Life Sciences,Veterinary Medicine,100,62,0.619952,0.048823,run2
Design data collection protocols and instruments to ensure validity and reproducibility.,universal,field,Physical Sciences,Chemistry,102,26,0.259557,0.044082,run2
Design data collection protocols and instruments to ensure validity and reproducibility.,universal,field,Physical Sciences,Earth & Planetary Sciences,102,21,0.203691,0.040178,run2
Design data collection protocols and instruments to ensure validity and reproducibility.,universal,field,Physical Sciences,Engineering,102,33,0.326259,0.046904,run2
Design data collection protocols and instruments to ensure validity and reproducibility.,universal,field,Physical Sciences,Environmental Science,102,53,0.519451,0.049806,run2
Design data collection protocols and instruments to ensure validity and reproducibility.,universal,field,Physical Sciences,Materials Science,102,29,0.288566,0.045387,run2
Design data collection protocols and instruments to ensure validity and reproducibility.,universal,field,Physical Sciences,Physics & Astronomy,102,18,0.176354,0.03801,run2
Design data collection protocols and instruments to ensure validity and reproducibility.,universal,field,Social Sciences,Anthropology,101,36,0.360239,0.048263,run2
Design data collection protocols and instruments to ensure validity and reproducibility.,universal,field,Social Sciences,Business & Management,103,38,0.371257,0.047979,run2
Design data collection protocols and instruments to ensure validity and reproducibility.,universal,field,Social Sciences,Communication & Media Studies,101,38,0.370233,0.04834,run2
Design data collection protocols and instruments to ensure validity and reproducibility.,universal,field,Social Sciences,Economics,103,8,0.07344,0.025311,run2
Design data collection protocols and instruments to ensure validity and reproducibility.,universal,field,Social Sciences,Education,103,47,0.466904,0.049775,run2
Design data collection protocols and instruments to ensure validity and reproducibility.,universal,field,Social Sciences,Geography,101,29,0.289738,0.045716,run2
Design data collection protocols and instruments to ensure validity and reproducibility.,universal,field,Social Sciences,Law,103,3,0.031774,0.018126,run2
Design data collection protocols and instruments to ensure validity and reproducibility.,universal,field,Social Sciences,Library & Information Science,100,27,0.292953,0.047439,run2
Design data collection protocols and instruments to ensure validity and reproducibility.,universal,field,Social Sciences,Political Science,102,7,0.066244,0.024392,run2
Design data collection protocols and instruments to ensure validity and reproducibility.,universal,field,Social Sciences,Psychology,102,72,0.709833,0.045098,run2
Design data collection protocols and instruments to ensure validity and reproducibility.,universal,field,Social Sciences,Sociology,102,29,0.27669,0.044599,run2
"Design, build, and iteratively refine artifacts such as devices, software, materials, systems, or creative works to meet specified requirements.",universal,all,,,3470,533,0.270167,0.012239,run2
"Design, build, and iteratively refine artifacts such as devices, software, materials, systems, or creative works to meet specified requirements.",universal,domain,Arts & Humanities,,611,29,0.040702,0.007983,run2
"Design, build, and iteratively refine artifacts such as devices, software, materials, systems, or creative works to meet specified requirements.",universal,domain,Formal Sciences,,305,86,0.503944,0.039449,run2
"Design, build, and iteratively refine artifacts such as devices, software, materials, systems, or creative works to meet specified requirements.",universal,domain,Health Sciences,,309,35,0.10236,0.027096,run2
"Design, build, and iteratively refine artifacts such as devices, software, materials, systems, or creative works to meet specified requirements.",universal,domain,Life Sciences,,512,80,0.220368,0.028388,run2
"Design, build, and iteratively refine artifacts such as devices, software, materials, systems, or creative works to meet specified requirements.",universal,domain,Physical Sciences,,612,206,0.424528,0.022633,run2
"Design, build, and iteratively refine artifacts such as devices, software, materials, systems, or creative works to meet specified requirements.",universal,domain,Social Sciences,,1121,97,0.105036,0.013696,run2
"Design, build, and iteratively refine artifacts such as devices, software, materials, systems, or creative works to meet specified requirements.",universal,field,Arts & Humanities,Arts,101,16,0.15951,0.036753,run2
"Design, build, and iteratively refine artifacts such as devices, software, materials, systems, or creative works to meet specified requirements.",universal,field,Arts & Humanities,History,103,1,0.009558,0.00956,run2
"Design, build, and iteratively refine artifacts such as devices, software, materials, systems, or creative works to meet specified requirements.",universal,field,Arts & Humanities,Languages & Linguistics,102,6,0.059819,0.023801,run2
"Design, build, and iteratively refine artifacts such as devices, software, materials, systems, or creative works to meet specified requirements.",universal,field,Arts & Humanities,Literature,102,3,0.026119,0.016346,run2
"Design, build, and iteratively refine artifacts such as devices, software, materials, systems, or creative works to meet specified requirements.",universal,field,Arts & Humanities,Philosophy,102,0,0.0,0.0,run2
"Design, build, and iteratively refine artifacts such as devices, software, materials, systems, or creative works to meet specified requirements.",universal,field,Arts & Humanities,Religion,101,3,0.031984,0.01841,run2
"Design, build, and iteratively refine artifacts such as devices, software, materials, systems, or creative works to meet specified requirements.",universal,field,Formal Sciences,Computer Science,102,61,0.60449,0.048672,run2
"Design, build, and iteratively refine artifacts such as devices, software, materials, systems, or creative works to meet specified requirements.",universal,field,Formal Sciences,Mathematics,101,6,0.058824,0.023487,run2
"Design, build, and iteratively refine artifacts such as devices, software, materials, systems, or creative works to meet specified requirements.",universal,field,Formal Sciences,Statistics,102,19,0.18696,0.038887,run2
"Design, build, and iteratively refine artifacts such as devices, software, materials, systems, or creative works to meet specified requirements.",universal,field,Health Sciences,Medicine & Clinical Sciences,106,11,0.101051,0.029324,run2
"Design, build, and iteratively refine artifacts such as devices, software, materials, systems, or creative works to meet specified requirements.",universal,field,Health Sciences,Nutrition & Dietetics,101,9,0.089574,0.028628,run2
"Design, build, and iteratively refine artifacts such as devices, software, materials, systems, or creative works to meet specified requirements.",universal,field,Health Sciences,Public Health & Epidemiology,102,15,0.14688,0.035214,run2
"Design, build, and iteratively refine artifacts such as devices, software, materials, systems, or creative works to meet specified requirements.",universal,field,Life Sciences,Agricultural Sciences,103,13,0.12902,0.033642,run2
"Design, build, and iteratively refine artifacts such as devices, software, materials, systems, or creative works to meet specified requirements.",universal,field,Life Sciences,Biology,102,12,0.120012,0.032651,run2
"Design, build, and iteratively refine artifacts such as devices, software, materials, systems, or creative works to meet specified requirements.",universal,field,Life Sciences,Biomedical Sciences,104,28,0.266202,0.043656,run2
"Design, build, and iteratively refine artifacts such as devices, software, materials, systems, or creative works to meet specified requirements.",universal,field,Life Sciences,Neuroscience,103,18,0.173931,0.037536,run2
"Design, build, and iteratively refine artifacts such as devices, software, materials, systems, or creative works to meet specified requirements.",universal,field,Life Sciences,Veterinary Medicine,100,9,0.091118,0.029086,run2
"Design, build, and iteratively refine artifacts such as devices, software, materials, systems, or creative works to meet specified requirements.",universal,field,Physical Sciences,Chemistry,102,33,0.333309,0.047435,run2
"Design, build, and iteratively refine artifacts such as devices, software, materials, systems, or creative works to meet specified requirements.",universal,field,Physical Sciences,Earth & Planetary Sciences,102,15,0.148646,0.035579,run2
"Design, build, and iteratively refine artifacts such as devices, software, materials, systems, or creative works to meet specified requirements.",universal,field,Physical Sciences,Engineering,102,64,0.623918,0.048473,run2
"Design, build, and iteratively refine artifacts such as devices, software, materials, systems, or creative works to meet specified requirements.",universal,field,Physical Sciences,Environmental Science,102,10,0.096491,0.0292,run2
"Design, build, and iteratively refine artifacts such as devices, software, materials, systems, or creative works to meet specified requirements.",universal,field,Physical Sciences,Materials Science,102,54,0.544342,0.049642,run2
"Design, build, and iteratively refine artifacts such as devices, software, materials, systems, or creative works to meet specified requirements.",universal,field,Physical Sciences,Physics & Astronomy,102,30,0.297461,0.045757,run2
"Design, build, and iteratively refine artifacts such as devices, software, materials, systems, or creative works to meet specified requirements.",universal,field,Social Sciences,Anthropology,101,10,0.101332,0.030507,run2
"Design, build, and iteratively refine artifacts such as devices, software, materials, systems, or creative works to meet specified requirements.",universal,field,Social Sciences,Business & Management,103,5,0.048205,0.021146,run2
"Design, build, and iteratively refine artifacts such as devices, software, materials, systems, or creative works to meet specified requirements.",universal,field,Social Sciences,Communication & Media Studies,101,10,0.096618,0.029279,run2
"Design, build, and iteratively refine artifacts such as devices, software, materials, systems, or creative works to meet specified requirements.",universal,field,Social Sciences,Economics,103,6,0.054565,0.021911,run2
"Design, build, and iteratively refine artifacts such as devices, software, materials, systems, or creative works to meet specified requirements.",universal,field,Social Sciences,Education,103,14,0.134792,0.033928,run2
"Design, build, and iteratively refine artifacts such as devices, software, materials, systems, or creative works to meet specified requirements.",universal,field,Social Sciences,Geography,101,17,0.160277,0.036045,run2
"Design, build, and iteratively refine artifacts such as devices, software, materials, systems, or creative works to meet specified requirements.",universal,field,Social Sciences,Law,103,0,0.0,0.0,run2
"Design, build, and iteratively refine artifacts such as devices, software, materials, systems, or creative works to meet specified requirements.",universal,field,Social Sciences,Library & Information Science,100,11,0.104703,0.030584,run2
"Design, build, and iteratively refine artifacts such as devices, software, materials, systems, or creative works to meet specified requirements.",universal,field,Social Sciences,Political Science,102,0,0.0,0.0,run2
"Design, build, and iteratively refine artifacts such as devices, software, materials, systems, or creative works to meet specified requirements.",universal,field,Social Sciences,Psychology,102,24,0.236476,0.042448,run2
"Design, build, and iteratively refine artifacts such as devices, software, materials, systems, or creative works to meet specified requirements.",universal,field,Social Sciences,Sociology,102,0,0.0,0.0,run2
Develop and deliver course curricula in specialized research areas.,universal,all,,,3470,14,0.00378,0.002024,run2
Develop and deliver course curricula in specialized research areas.,universal,domain,Arts & Humanities,,611,4,0.005094,0.002833,run2
Develop and deliver course curricula in specialized research areas.,universal,domain,Formal Sciences,,305,1,0.000394,0.000394,run2
Develop and deliver course curricula in specialized research areas.,universal,domain,Health Sciences,,309,1,0.000391,0.000391,run2
Develop and deliver course curricula in specialized research areas.,universal,domain,Life Sciences,,512,0,0.0,0.0,run2
Develop and deliver course curricula in specialized research areas.,universal,domain,Physical Sciences,,612,2,0.007738,0.00545,run2
Develop and deliver course curricula in specialized research areas.,universal,domain,Social Sciences,,1121,6,0.006421,0.003408,run2
Develop and deliver course curricula in specialized research areas.,universal,field,Arts & Humanities,Arts,101,1,0.009919,0.009919,run2
Develop and deliver course curricula in specialized research areas.,universal,field,Arts & Humanities,History,103,0,0.0,0.0,run2
Develop and deliver course curricula in specialized research areas.,universal,field,Arts & Humanities,Languages & Linguistics,102,1,0.009812,0.009812,run2
Develop and deliver course curricula in specialized research areas.,universal,field,Arts & Humanities,Literature,102,2,0.012141,0.008639,run2
Develop and deliver course curricula in specialized research areas.,universal,field,Arts & Humanities,Philosophy,102,0,0.0,0.0,run2
Develop and deliver course curricula in specialized research areas.,universal,field,Arts & Humanities,Religion,101,0,0.0,0.0,run2
Develop and deliver course curricula in specialized research areas.,universal,field,Formal Sciences,Computer Science,102,0,0.0,0.0,run2
Develop and deliver course curricula in specialized research areas.,universal,field,Formal Sciences,Mathematics,101,0,0.0,0.0,run2
Develop and deliver course curricula in specialized research areas.,universal,field,Formal Sciences,Statistics,102,1,0.009987,0.009985,run2
Develop and deliver course curricula in specialized research areas.,universal,field,Health Sciences,Medicine & Clinical Sciences,106,0,0.0,0.0,run2
Develop and deliver course curricula in specialized research areas.,universal,field,Health Sciences,Nutrition & Dietetics,101,0,0.0,0.0,run2
Develop and deliver course curricula in specialized research areas.,universal,field,Health Sciences,Public Health & Epidemiology,102,1,0.010178,0.010174,run2
Develop and deliver course curricula in specialized research areas.,universal,field,Life Sciences,Agricultural Sciences,103,0,0.0,0.0,run2
Develop and deliver course curricula in specialized research areas.,universal,field,Life Sciences,Biology,102,0,0.0,0.0,run2
Develop and deliver course curricula in specialized research areas.,universal,field,Life Sciences,Biomedical Sciences,104,0,0.0,0.0,run2
Develop and deliver course curricula in specialized research areas.,universal,field,Life Sciences,Neuroscience,103,0,0.0,0.0,run2
Develop and deliver course curricula in specialized research areas.,universal,field,Life Sciences,Veterinary Medicine,100,0,0.0,0.0,run2
Develop and deliver course curricula in specialized research areas.,universal,field,Physical Sciences,Chemistry,102,0,0.0,0.0,run2
Develop and deliver course curricula in specialized research areas.,universal,field,Physical Sciences,Earth & Planetary Sciences,102,0,0.0,0.0,run2
Develop and deliver course curricula in specialized research areas.,universal,field,Physical Sciences,Engineering,102,2,0.019376,0.013649,run2
Develop and deliver course curricula in specialized research areas.,universal,field,Physical Sciences,Environmental Science,102,0,0.0,0.0,run2
Develop and deliver course curricula in specialized research areas.,universal,field,Physical Sciences,Materials Science,102,0,0.0,0.0,run2
Develop and deliver course curricula in specialized research areas.,universal,field,Physical Sciences,Physics & Astronomy,102,0,0.0,0.0,run2
Develop and deliver course curricula in specialized research areas.,universal,field,Social Sciences,Anthropology,101,0,0.0,0.0,run2
Develop and deliver course curricula in specialized research areas.,universal,field,Social Sciences,Business & Management,103,1,0.010447,0.01044,run2
Develop and deliver course curricula in specialized research areas.,universal,field,Social Sciences,Communication & Media Studies,101,0,0.0,0.0,run2
Develop and deliver course curricula in specialized research areas.,universal,field,Social Sciences,Economics,103,1,0.010326,0.01032,run2
Develop and deliver course curricula in specialized research areas.,universal,field,Social Sciences,Education,103,3,0.026652,0.015511,run2
Develop and deliver course curricula in specialized research areas.,universal,field,Social Sciences,Geography,101,0,0.0,0.0,run2
Develop and deliver course curricula in specialized research areas.,universal,field,Social Sciences,Law,103,0,0.0,0.0,run2
Develop and deliver course curricula in specialized research areas.,universal,field,Social Sciences,Library & Information Science,100,1,0.011766,0.011746,run2
Develop and deliver course curricula in specialized research areas.,universal,field,Social Sciences,Political Science,102,0,0.0,0.0,run2
Develop and deliver course curricula in specialized research areas.,universal,field,Social Sciences,Psychology,102,0,0.0,0.0,run2
Develop and deliver course curricula in specialized research areas.,universal,field,Social Sciences,Sociology,102,0,0.0,0.0,run2
Develop and validate computational models to simulate or predict phenomena.,universal,all,,,3470,517,0.237448,0.01251,run2
Develop and validate computational models to simulate or predict phenomena.,universal,domain,Arts & Humanities,,611,6,0.007691,0.003427,run2
Develop and validate computational models to simulate or predict phenomena.,universal,domain,Formal Sciences,,305,63,0.243209,0.035872,run2
Develop and validate computational models to simulate or predict phenomena.,universal,domain,Health Sciences,,309,38,0.111174,0.028109,run2
Develop and validate computational models to simulate or predict phenomena.,universal,domain,Life Sciences,,512,115,0.258577,0.029354,run2
Develop and validate computational models to simulate or predict phenomena.,universal,domain,Physical Sciences,,612,199,0.359488,0.023208,run2
Develop and validate computational models to simulate or predict phenomena.,universal,domain,Social Sciences,,1121,96,0.096486,0.011701,run2
Develop and validate computational models to simulate or predict phenomena.,universal,field,Arts & Humanities,Arts,101,0,0.0,0.0,run2
Develop and validate computational models to simulate or predict phenomena.,universal,field,Arts & Humanities,History,103,0,0.0,0.0,run2
Develop and validate computational models to simulate or predict phenomena.,universal,field,Arts & Humanities,Languages & Linguistics,102,1,0.01039,0.010385,run2
Develop and validate computational models to simulate or predict phenomena.,universal,field,Arts & Humanities,Literature,102,1,0.006017,0.006046,run2
Develop and validate computational models to simulate or predict phenomena.,universal,field,Arts & Humanities,Philosophy,102,2,0.019579,0.013777,run2
Develop and validate computational models to simulate or predict phenomena.,universal,field,Arts & Humanities,Religion,101,2,0.023379,0.016394,run2
Develop and validate computational models to simulate or predict phenomena.,universal,field,Formal Sciences,Computer Science,102,26,0.257316,0.043801,run2
Develop and validate computational models to simulate or predict phenomena.,universal,field,Formal Sciences,Mathematics,101,18,0.18368,0.039269,run2
Develop and validate computational models to simulate or predict phenomena.,universal,field,Formal Sciences,Statistics,102,19,0.187313,0.038934,run2
Develop and validate computational models to simulate or predict phenomena.,universal,field,Health Sciences,Medicine & Clinical Sciences,106,12,0.109944,0.030425,run2
Develop and validate computational models to simulate or predict phenomena.,universal,field,Health Sciences,Nutrition & Dietetics,101,5,0.049764,0.021802,run2
Develop and validate computational models to simulate or predict phenomena.,universal,field,Health Sciences,Public Health & Epidemiology,102,21,0.203722,0.03993,run2
Develop and validate computational models to simulate or predict phenomena.,universal,field,Life Sciences,Agricultural Sciences,103,20,0.194872,0.039458,run2
Develop and validate computational models to simulate or predict phenomena.,universal,field,Life Sciences,Biology,102,34,0.334098,0.047117,run2
Develop and validate computational models to simulate or predict phenomena.,universal,field,Life Sciences,Biomedical Sciences,104,29,0.279628,0.044649,run2
Develop and validate computational models to simulate or predict phenomena.,universal,field,Life Sciences,Neuroscience,103,24,0.227458,0.041232,run2
Develop and validate computational models to simulate or predict phenomena.,universal,field,Life Sciences,Veterinary Medicine,100,8,0.079879,0.027253,run2
Develop and validate computational models to simulate or predict phenomena.,universal,field,Physical Sciences,Chemistry,102,20,0.194621,0.039511,run2
Develop and validate computational models to simulate or predict phenomena.,universal,field,Physical Sciences,Earth & Planetary Sciences,102,36,0.358836,0.048002,run2
Develop and validate computational models to simulate or predict phenomena.,universal,field,Physical Sciences,Engineering,102,49,0.483616,0.049927,run2
Develop and validate computational models to simulate or predict phenomena.,universal,field,Physical Sciences,Environmental Science,102,30,0.293926,0.045382,run2
Develop and validate computational models to simulate or predict phenomena.,universal,field,Physical Sciences,Materials Science,102,12,0.109991,0.030781,run2
Develop and validate computational models to simulate or predict phenomena.,universal,field,Physical Sciences,Physics & Astronomy,102,52,0.504602,0.049953,run2
Develop and validate computational models to simulate or predict phenomena.,universal,field,Social Sciences,Anthropology,101,14,0.14112,0.035105,run2
Develop and validate computational models to simulate or predict phenomena.,universal,field,Social Sciences,Business & Management,103,6,0.057158,0.022793,run2
Develop and validate computational models to simulate or predict phenomena.,universal,field,Social Sciences,Communication & Media Studies,101,6,0.058027,0.023139,run2
Develop and validate computational models to simulate or predict phenomena.,universal,field,Social Sciences,Economics,103,33,0.319144,0.046352,run2
Develop and validate computational models to simulate or predict phenomena.,universal,field,Social Sciences,Education,103,1,0.009091,0.009097,run2
Develop and validate computational models to simulate or predict phenomena.,universal,field,Social Sciences,Geography,101,12,0.112056,0.031152,run2
Develop and validate computational models to simulate or predict phenomena.,universal,field,Social Sciences,Law,103,0,0.0,0.0,run2
Develop and validate computational models to simulate or predict phenomena.,universal,field,Social Sciences,Library & Information Science,100,7,0.057641,0.021419,run2
Develop and validate computational models to simulate or predict phenomena.,universal,field,Social Sciences,Political Science,102,2,0.018777,0.013317,run2
Develop and validate computational models to simulate or predict phenomena.,universal,field,Social Sciences,Psychology,102,7,0.063057,0.023631,run2
Develop and validate computational models to simulate or predict phenomena.,universal,field,Social Sciences,Sociology,102,8,0.082045,0.027937,run2
"Draft manuscripts describing research questions, methods, results, and interpretations.",universal,all,,,3470,3463,0.998758,0.000664,run2
"Draft manuscripts describing research questions, methods, results, and interpretations.",universal,domain,Arts & Humanities,,611,610,0.999398,0.000603,run2
"Draft manuscripts describing research questions, methods, results, and interpretations.",universal,domain,Formal Sciences,,305,303,0.99683,0.002229,run2
"Draft manuscripts describing research questions, methods, results, and interpretations.",universal,domain,Health Sciences,,309,308,0.999613,0.000387,run2
"Draft manuscripts describing research questions, methods, results, and interpretations.",universal,domain,Life Sciences,,512,512,1.0,0.0,run2
"Draft manuscripts describing research questions, methods, results, and interpretations.",universal,domain,Physical Sciences,,612,610,0.99768,0.00175,run2
"Draft manuscripts describing research questions, methods, results, and interpretations.",universal,domain,Social Sciences,,1121,1120,0.999261,0.000739,run2
"Draft manuscripts describing research questions, methods, results, and interpretations.",universal,field,Arts & Humanities,Arts,101,101,1.0,0.0,run2
"Draft manuscripts describing research questions, methods, results, and interpretations.",universal,field,Arts & Humanities,History,103,103,1.0,0.0,run2
"Draft manuscripts describing research questions, methods, results, and interpretations.",universal,field,Arts & Humanities,Languages & Linguistics,102,102,1.0,0.0,run2
"Draft manuscripts describing research questions, methods, results, and interpretations.",universal,field,Arts & Humanities,Literature,102,102,1.0,0.0,run2
"Draft manuscripts describing research questions, methods, results, and interpretations.",universal,field,Arts & Humanities,Philosophy,102,102,1.0,0.0,run2
"Draft manuscripts describing research questions, methods, results, and interpretations.",universal,field,Arts & Humanities,Religion,101,100,0.991893,0.008123,run2
"Draft manuscripts describing research questions, methods, results, and interpretations.",universal,field,Formal Sciences,Computer Science,102,102,1.0,0.0,run2
"Draft manuscripts describing research questions, methods, results, and interpretations.",universal,field,Formal Sciences,Mathematics,101,99,0.97943,0.014465,run2
"Draft manuscripts describing research questions, methods, results, and interpretations.",universal,field,Formal Sciences,Statistics,102,102,1.0,0.0,run2
"Draft manuscripts describing research questions, methods, results, and interpretations.",universal,field,Health Sciences,Medicine & Clinical Sciences,106,106,1.0,0.0,run2
"Draft manuscripts describing research questions, methods, results, and interpretations.",universal,field,Health Sciences,Nutrition & Dietetics,101,100,0.990207,0.009794,run2
"Draft manuscripts describing research questions, methods, results, and interpretations.",universal,field,Health Sciences,Public Health & Epidemiology,102,102,1.0,0.0,run2
"Draft manuscripts describing research questions, methods, results, and interpretations.",universal,field,Life Sciences,Agricultural Sciences,103,103,1.0,0.0,run2
"Draft manuscripts describing research questions, methods, results, and interpretations.",universal,field,Life Sciences,Biology,102,102,1.0,0.0,run2
"Draft manuscripts describing research questions, methods, results, and interpretations.",universal,field,Life Sciences,Biomedical Sciences,104,104,1.0,0.0,run2
"Draft manuscripts describing research questions, methods, results, and interpretations.",universal,field,Life Sciences,Neuroscience,103,103,1.0,0.0,run2
"Draft manuscripts describing research questions, methods, results, and interpretations.",universal,field,Life Sciences,Veterinary Medicine,100,100,1.0,0.0,run2
"Draft manuscripts describing research questions, methods, results, and interpretations.",universal,field,Physical Sciences,Chemistry,102,102,1.0,0.0,run2
"Draft manuscripts describing research questions, methods, results, and interpretations.",universal,field,Physical Sciences,Earth & Planetary Sciences,102,101,0.989842,0.010154,run2
"Draft manuscripts describing research questions, methods, results, and interpretations.",universal,field,Physical Sciences,Engineering,102,102,1.0,0.0,run2
"Draft manuscripts describing research questions, methods, results, and interpretations.",universal,field,Physical Sciences,Environmental Science,102,102,1.0,0.0,run2
"Draft manuscripts describing research questions, methods, results, and interpretations.",universal,field,Physical Sciences,Materials Science,102,101,0.990183,0.009817,run2
"Draft manuscripts describing research questions, methods, results, and interpretations.",universal,field,Physical Sciences,Physics & Astronomy,102,102,1.0,0.0,run2
"Draft manuscripts describing research questions, methods, results, and interpretations.",universal,field,Social Sciences,Anthropology,101,101,1.0,0.0,run2
"Draft manuscripts describing research questions, methods, results, and interpretations.",universal,field,Social Sciences,Business & Management,103,103,1.0,0.0,run2
"Draft manuscripts describing research questions, methods, results, and interpretations.",universal,field,Social Sciences,Communication & Media Studies,101,101,1.0,0.0,run2
"Draft manuscripts describing research questions, methods, results, and interpretations.",universal,field,Social Sciences,Economics,103,103,1.0,0.0,run2
"Draft manuscripts describing research questions, methods, results, and interpretations.",universal,field,Social Sciences,Education,103,102,0.98996,0.010037,run2
"Draft manuscripts describing research questions, methods, results, and interpretations.",universal,field,Social Sciences,Geography,101,101,1.0,0.0,run2
"Draft manuscripts describing research questions, methods, results, and interpretations.",universal,field,Social Sciences,Law,103,103,1.0,0.0,run2
"Draft manuscripts describing research questions, methods, results, and interpretations.",universal,field,Social Sciences,Library & Information Science,100,100,1.0,0.0,run2
"Draft manuscripts describing research questions, methods, results, and interpretations.",universal,field,Social Sciences,Political Science,102,102,1.0,0.0,run2
"Draft manuscripts describing research questions, methods, results, and interpretations.",universal,field,Social Sciences,Psychology,102,102,1.0,0.0,run2
"Draft manuscripts describing research questions, methods, results, and interpretations.",universal,field,Social Sciences,Sociology,102,102,1.0,0.0,run2
Evaluate manuscripts submitted to journals for scientific rigor and contribution.,universal,all,,,3470,6,0.000744,0.000399,run2
Evaluate manuscripts submitted to journals for scientific rigor and contribution.,universal,domain,Arts & Humanities,,611,2,0.005673,0.004053,run2
Evaluate manuscripts submitted to journals for scientific rigor and contribution.,universal,domain,Formal Sciences,,305,0,0.0,0.0,run2
Evaluate manuscripts submitted to journals for scientific rigor and contribution.,universal,domain,Health Sciences,,309,0,0.0,0.0,run2
Evaluate manuscripts submitted to journals for scientific rigor and contribution.,universal,domain,Life Sciences,,512,0,0.0,0.0,run2
Evaluate manuscripts submitted to journals for scientific rigor and contribution.,universal,domain,Physical Sciences,,612,0,0.0,0.0,run2
Evaluate manuscripts submitted to journals for scientific rigor and contribution.,universal,domain,Social Sciences,,1121,4,0.00546,0.00315,run2
Evaluate manuscripts submitted to journals for scientific rigor and contribution.,universal,field,Arts & Humanities,Arts,101,0,0.0,0.0,run2
Evaluate manuscripts submitted to journals for scientific rigor and contribution.,universal,field,Arts & Humanities,History,103,1,0.010715,0.010705,run2
Evaluate manuscripts submitted to journals for scientific rigor and contribution.,universal,field,Arts & Humanities,Languages & Linguistics,102,1,0.010183,0.01018,run2
Evaluate manuscripts submitted to journals for scientific rigor and contribution.,universal,field,Arts & Humanities,Literature,102,0,0.0,0.0,run2
Evaluate manuscripts submitted to journals for scientific rigor and contribution.,universal,field,Arts & Humanities,Philosophy,102,0,0.0,0.0,run2
Evaluate manuscripts submitted to journals for scientific rigor and contribution.,universal,field,Arts & Humanities,Religion,101,0,0.0,0.0,run2
Evaluate manuscripts submitted to journals for scientific rigor and contribution.,universal,field,Formal Sciences,Computer Science,102,0,0.0,0.0,run2
Evaluate manuscripts submitted to journals for scientific rigor and contribution.,universal,field,Formal Sciences,Mathematics,101,0,0.0,0.0,run2
Evaluate manuscripts submitted to journals for scientific rigor and contribution.,universal,field,Formal Sciences,Statistics,102,0,0.0,0.0,run2
Evaluate manuscripts submitted to journals for scientific rigor and contribution.,universal,field,Health Sciences,Medicine & Clinical Sciences,106,0,0.0,0.0,run2
Evaluate manuscripts submitted to journals for scientific rigor and contribution.,universal,field,Health Sciences,Nutrition & Dietetics,101,0,0.0,0.0,run2
Evaluate manuscripts submitted to journals for scientific rigor and contribution.,universal,field,Health Sciences,Public Health & Epidemiology,102,0,0.0,0.0,run2
Evaluate manuscripts submitted to journals for scientific rigor and contribution.,universal,field,Life Sciences,Agricultural Sciences,103,0,0.0,0.0,run2
Evaluate manuscripts submitted to journals for scientific rigor and contribution.,universal,field,Life Sciences,Biology,102,0,0.0,0.0,run2
Evaluate manuscripts submitted to journals for scientific rigor and contribution.,universal,field,Life Sciences,Biomedical Sciences,104,0,0.0,0.0,run2
Evaluate manuscripts submitted to journals for scientific rigor and contribution.,universal,field,Life Sciences,Neuroscience,103,0,0.0,0.0,run2
Evaluate manuscripts submitted to journals for scientific rigor and contribution.,universal,field,Life Sciences,Veterinary Medicine,100,0,0.0,0.0,run2
Evaluate manuscripts submitted to journals for scientific rigor and contribution.,universal,field,Physical Sciences,Chemistry,102,0,0.0,0.0,run2
Evaluate manuscripts submitted to journals for scientific rigor and contribution.,universal,field,Physical Sciences,Earth & Planetary Sciences,102,0,0.0,0.0,run2
Evaluate manuscripts submitted to journals for scientific rigor and contribution.,universal,field,Physical Sciences,Engineering,102,0,0.0,0.0,run2
Evaluate manuscripts submitted to journals for scientific rigor and contribution.,universal,field,Physical Sciences,Environmental Science,102,0,0.0,0.0,run2
Evaluate manuscripts submitted to journals for scientific rigor and contribution.,universal,field,Physical Sciences,Materials Science,102,0,0.0,0.0,run2
Evaluate manuscripts submitted to journals for scientific rigor and contribution.,universal,field,Physical Sciences,Physics & Astronomy,102,0,0.0,0.0,run2
Evaluate manuscripts submitted to journals for scientific rigor and contribution.,universal,field,Social Sciences,Anthropology,101,0,0.0,0.0,run2
Evaluate manuscripts submitted to journals for scientific rigor and contribution.,universal,field,Social Sciences,Business & Management,103,1,0.009833,0.009832,run2
Evaluate manuscripts submitted to journals for scientific rigor and contribution.,universal,field,Social Sciences,Communication & Media Studies,101,0,0.0,0.0,run2
Evaluate manuscripts submitted to journals for scientific rigor and contribution.,universal,field,Social Sciences,Economics,103,1,0.0092,0.009205,run2
Evaluate manuscripts submitted to journals for scientific rigor and contribution.,universal,field,Social Sciences,Education,103,0,0.0,0.0,run2
Evaluate manuscripts submitted to journals for scientific rigor and contribution.,universal,field,Social Sciences,Geography,101,0,0.0,0.0,run2
Evaluate manuscripts submitted to journals for scientific rigor and contribution.,universal,field,Social Sciences,Law,103,0,0.0,0.0,run2
Evaluate manuscripts submitted to journals for scientific rigor and contribution.,universal,field,Social Sciences,Library & Information Science,100,0,0.0,0.0,run2
Evaluate manuscripts submitted to journals for scientific rigor and contribution.,universal,field,Social Sciences,Political Science,102,1,0.009418,0.009421,run2
Evaluate manuscripts submitted to journals for scientific rigor and contribution.,universal,field,Social Sciences,Psychology,102,0,0.0,0.0,run2
Evaluate manuscripts submitted to journals for scientific rigor and contribution.,universal,field,Social Sciences,Sociology,102,1,0.009794,0.009795,run2
"Generate hypotheses based on theoretical frameworks, observations, or preliminary data.",universal,all,,,3470,1116,0.41052,0.014268,run2
"Generate hypotheses based on theoretical frameworks, observations, or preliminary data.",universal,domain,Arts & Humanities,,611,75,0.152514,0.015725,run2
"Generate hypotheses based on theoretical frameworks, observations, or preliminary data.",universal,domain,Formal Sciences,,305,38,0.131618,0.027938,run2
"Generate hypotheses based on theoretical frameworks, observations, or preliminary data.",universal,domain,Health Sciences,,309,87,0.339141,0.043282,run2
"Generate hypotheses based on theoretical frameworks, observations, or preliminary data.",universal,domain,Life Sciences,,512,284,0.659448,0.02852,run2
"Generate hypotheses based on theoretical frameworks, observations, or preliminary data.",universal,domain,Physical Sciences,,612,246,0.337006,0.021553,run2
"Generate hypotheses based on theoretical frameworks, observations, or preliminary data.",universal,domain,Social Sciences,,1121,386,0.515926,0.020109,run2
"Generate hypotheses based on theoretical frameworks, observations, or preliminary data.",universal,field,Arts & Humanities,Arts,101,6,0.058246,0.023247,run2
"Generate hypotheses based on theoretical frameworks, observations, or preliminary data.",universal,field,Arts & Humanities,History,103,10,0.091912,0.028531,run2
"Generate hypotheses based on theoretical frameworks, observations, or preliminary data.",universal,field,Arts & Humanities,Languages & Linguistics,102,41,0.403982,0.049167,run2
"Generate hypotheses based on theoretical frameworks, observations, or preliminary data.",universal,field,Arts & Humanities,Literature,102,4,0.056337,0.027355,run2
"Generate hypotheses based on theoretical frameworks, observations, or preliminary data.",universal,field,Arts & Humanities,Philosophy,102,8,0.073109,0.02532,run2
"Generate hypotheses based on theoretical frameworks, observations, or preliminary data.",universal,field,Arts & Humanities,Religion,101,6,0.063222,0.02536,run2
"Generate hypotheses based on theoretical frameworks, observations, or preliminary data.",universal,field,Formal Sciences,Computer Science,102,15,0.141355,0.034216,run2
"Generate hypotheses based on theoretical frameworks, observations, or preliminary data.",universal,field,Formal Sciences,Mathematics,101,7,0.073255,0.026742,run2
"Generate hypotheses based on theoretical frameworks, observations, or preliminary data.",universal,field,Formal Sciences,Statistics,102,16,0.160525,0.036901,run2
"Generate hypotheses based on theoretical frameworks, observations, or preliminary data.",universal,field,Health Sciences,Medicine & Clinical Sciences,106,37,0.346723,0.04687,run2
"Generate hypotheses based on theoretical frameworks, observations, or preliminary data.",universal,field,Health Sciences,Nutrition & Dietetics,101,31,0.309181,0.046333,run2
"Generate hypotheses based on theoretical frameworks, observations, or preliminary data.",universal,field,Health Sciences,Public Health & Epidemiology,102,19,0.18809,0.039039,run2
"Generate hypotheses based on theoretical frameworks, observations, or preliminary data.",universal,field,Life Sciences,Agricultural Sciences,103,26,0.252955,0.043253,run2
"Generate hypotheses based on theoretical frameworks, observations, or preliminary data.",universal,field,Life Sciences,Biology,102,59,0.585776,0.049281,run2
"Generate hypotheses based on theoretical frameworks, observations, or preliminary data.",universal,field,Life Sciences,Biomedical Sciences,104,78,0.749126,0.042998,run2
"Generate hypotheses based on theoretical frameworks, observations, or preliminary data.",universal,field,Life Sciences,Neuroscience,103,81,0.790779,0.040084,run2
"Generate hypotheses based on theoretical frameworks, observations, or preliminary data.",universal,field,Life Sciences,Veterinary Medicine,100,40,0.404575,0.049444,run2
"Generate hypotheses based on theoretical frameworks, observations, or preliminary data.",universal,field,Physical Sciences,Chemistry,102,59,0.570021,0.049591,run2
"Generate hypotheses based on theoretical frameworks, observations, or preliminary data.",universal,field,Physical Sciences,Earth & Planetary Sciences,102,54,0.529314,0.049848,run2
"Generate hypotheses based on theoretical frameworks, observations, or preliminary data.",universal,field,Physical Sciences,Engineering,102,23,0.228084,0.042064,run2
"Generate hypotheses based on theoretical frameworks, observations, or preliminary data.",universal,field,Physical Sciences,Environmental Science,102,27,0.265454,0.044057,run2
"Generate hypotheses based on theoretical frameworks, observations, or preliminary data.",universal,field,Physical Sciences,Materials Science,102,47,0.467712,0.049874,run2
"Generate hypotheses based on theoretical frameworks, observations, or preliminary data.",universal,field,Physical Sciences,Physics & Astronomy,102,36,0.358261,0.048007,run2
"Generate hypotheses based on theoretical frameworks, observations, or preliminary data.",universal,field,Social Sciences,Anthropology,101,28,0.283333,0.045448,run2
"Generate hypotheses based on theoretical frameworks, observations, or preliminary data.",universal,field,Social Sciences,Business & Management,103,52,0.507597,0.049588,run2
"Generate hypotheses based on theoretical frameworks, observations, or preliminary data.",universal,field,Social Sciences,Communication & Media Studies,101,29,0.279309,0.044756,run2
"Generate hypotheses based on theoretical frameworks, observations, or preliminary data.",universal,field,Social Sciences,Economics,103,54,0.526435,0.049686,run2
"Generate hypotheses based on theoretical frameworks, observations, or preliminary data.",universal,field,Social Sciences,Education,103,17,0.162056,0.036952,run2
"Generate hypotheses based on theoretical frameworks, observations, or preliminary data.",universal,field,Social Sciences,Geography,101,21,0.213428,0.041467,run2
"Generate hypotheses based on theoretical frameworks, observations, or preliminary data.",universal,field,Social Sciences,Law,103,5,0.049726,0.022002,run2
"Generate hypotheses based on theoretical frameworks, observations, or preliminary data.",universal,field,Social Sciences,Library & Information Science,100,24,0.225875,0.041779,run2
"Generate hypotheses based on theoretical frameworks, observations, or preliminary data.",universal,field,Social Sciences,Political Science,102,35,0.338959,0.047079,run2
"Generate hypotheses based on theoretical frameworks, observations, or preliminary data.",universal,field,Social Sciences,Psychology,102,79,0.771137,0.042089,run2
"Generate hypotheses based on theoretical frameworks, observations, or preliminary data.",universal,field,Social Sciences,Sociology,102,42,0.420507,0.049743,run2
Identify gaps in existing literature to formulate novel research questions.,universal,all,,,3470,1982,0.567572,0.015476,run2
Identify gaps in existing literature to formulate novel research questions.,universal,domain,Arts & Humanities,,611,262,0.455481,0.022543,run2
Identify gaps in existing literature to formulate novel research questions.,universal,domain,Formal Sciences,,305,227,0.773378,0.034038,run2
Identify gaps in existing literature to formulate novel research questions.,universal,domain,Health Sciences,,309,189,0.499899,0.045541,run2
Identify gaps in existing literature to formulate novel research questions.,universal,domain,Life Sciences,,512,304,0.609085,0.031731,run2
Identify gaps in existing literature to formulate novel research questions.,universal,domain,Physical Sciences,,612,299,0.500341,0.024342,run2
Identify gaps in existing literature to formulate novel research questions.,universal,domain,Social Sciences,,1121,701,0.714699,0.01796,run2
Identify gaps in existing literature to formulate novel research questions.,universal,field,Arts & Humanities,Arts,101,35,0.351473,0.047947,run2
Identify gaps in existing literature to formulate novel research questions.,universal,field,Arts & Humanities,History,103,51,0.500233,0.049856,run2
Identify gaps in existing literature to formulate novel research questions.,universal,field,Arts & Humanities,Languages & Linguistics,102,54,0.53964,0.049932,run2
Identify gaps in existing literature to formulate novel research questions.,universal,field,Arts & Humanities,Literature,102,44,0.409908,0.052971,run2
Identify gaps in existing literature to formulate novel research questions.,universal,field,Arts & Humanities,Philosophy,102,38,0.370905,0.048179,run2
Identify gaps in existing literature to formulate novel research questions.,universal,field,Arts & Humanities,Religion,101,40,0.398222,0.049811,run2
Identify gaps in existing literature to formulate novel research questions.,universal,field,Formal Sciences,Computer Science,102,80,0.782402,0.041305,run2
Identify gaps in existing literature to formulate novel research questions.,universal,field,Formal Sciences,Mathematics,101,75,0.742518,0.043909,run2
Identify gaps in existing literature to formulate novel research questions.,universal,field,Formal Sciences,Statistics,102,72,0.709417,0.045116,run2
Identify gaps in existing literature to formulate novel research questions.,universal,field,Health Sciences,Medicine & Clinical Sciences,106,51,0.484812,0.049313,run2
Identify gaps in existing literature to formulate novel research questions.,universal,field,Health Sciences,Nutrition & Dietetics,101,64,0.631122,0.048352,run2
Identify gaps in existing literature to formulate novel research questions.,universal,field,Health Sciences,Public Health & Epidemiology,102,74,0.726943,0.044273,run2
Identify gaps in existing literature to formulate novel research questions.,universal,field,Life Sciences,Agricultural Sciences,103,47,0.459675,0.049647,run2
Identify gaps in existing literature to formulate novel research questions.,universal,field,Life Sciences,Biology,102,72,0.705253,0.045546,run2
Identify gaps in existing literature to formulate novel research questions.,universal,field,Life Sciences,Biomedical Sciences,104,66,0.63629,0.047628,run2
Identify gaps in existing literature to formulate novel research questions.,universal,field,Life Sciences,Neuroscience,103,65,0.638826,0.047451,run2
Identify gaps in existing literature to formulate novel research questions.,universal,field,Life Sciences,Veterinary Medicine,100,54,0.540423,0.050122,run2
Identify gaps in existing literature to formulate novel research questions.,universal,field,Physical Sciences,Chemistry,102,53,0.51857,0.049952,run2
Identify gaps in existing literature to formulate novel research questions.,universal,field,Physical Sciences,Earth & Planetary Sciences,102,47,0.46522,0.049823,run2
Identify gaps in existing literature to formulate novel research questions.,universal,field,Physical Sciences,Engineering,102,50,0.493036,0.049938,run2
Identify gaps in existing literature to formulate novel research questions.,universal,field,Physical Sciences,Environmental Science,102,62,0.613813,0.048392,run2
Identify gaps in existing literature to formulate novel research questions.,universal,field,Physical Sciences,Materials Science,102,52,0.505589,0.049945,run2
Identify gaps in existing literature to formulate novel research questions.,universal,field,Physical Sciences,Physics & Astronomy,102,35,0.345051,0.047614,run2
Identify gaps in existing literature to formulate novel research questions.,universal,field,Social Sciences,Anthropology,101,57,0.570198,0.049724,run2
Identify gaps in existing literature to formulate novel research questions.,universal,field,Social Sciences,Business & Management,103,72,0.697337,0.045638,run2
Identify gaps in existing literature to formulate novel research questions.,universal,field,Social Sciences,Communication & Media Studies,101,72,0.720833,0.044757,run2
Identify gaps in existing literature to formulate novel research questions.,universal,field,Social Sciences,Economics,103,68,0.660431,0.047086,run2
Identify gaps in existing literature to formulate novel research questions.,universal,field,Social Sciences,Education,103,55,0.531355,0.049742,run2
Identify gaps in existing literature to formulate novel research questions.,universal,field,Social Sciences,Geography,101,58,0.576017,0.049675,run2
Identify gaps in existing literature to formulate novel research questions.,universal,field,Social Sciences,Law,103,32,0.311513,0.046987,run2
Identify gaps in existing literature to formulate novel research questions.,universal,field,Social Sciences,Library & Information Science,100,64,0.636469,0.049188,run2
Identify gaps in existing literature to formulate novel research questions.,universal,field,Social Sciences,Political Science,102,65,0.631582,0.048244,run2
Identify gaps in existing literature to formulate novel research questions.,universal,field,Social Sciences,Psychology,102,90,0.881439,0.032299,run2
Identify gaps in existing literature to formulate novel research questions.,universal,field,Social Sciences,Sociology,102,68,0.661343,0.047715,run2
"Interpret texts, documents, artifacts, and other qualitative sources to construct evidence-based arguments.",universal,all,,,3470,1192,0.094753,0.007683,run2
"Interpret texts, documents, artifacts, and other qualitative sources to construct evidence-based arguments.",universal,domain,Arts & Humanities,,611,542,0.876645,0.014109,run2
"Interpret texts, documents, artifacts, and other qualitative sources to construct evidence-based arguments.",universal,domain,Formal Sciences,,305,29,0.093587,0.024888,run2
"Interpret texts, documents, artifacts, and other qualitative sources to construct evidence-based arguments.",universal,domain,Health Sciences,,309,35,0.088742,0.02576,run2
"Interpret texts, documents, artifacts, and other qualitative sources to construct evidence-based arguments.",universal,domain,Life Sciences,,512,28,0.0367,0.012075,run2
"Interpret texts, documents, artifacts, and other qualitative sources to construct evidence-based arguments.",universal,domain,Physical Sciences,,612,34,0.048876,0.009357,run2
"Interpret texts, documents, artifacts, and other qualitative sources to construct evidence-based arguments.",universal,domain,Social Sciences,,1121,524,0.272127,0.015286,run2
"Interpret texts, documents, artifacts, and other qualitative sources to construct evidence-based arguments.",universal,field,Arts & Humanities,Arts,101,89,0.879225,0.032828,run2
"Interpret texts, documents, artifacts, and other qualitative sources to construct evidence-based arguments.",universal,field,Arts & Humanities,History,103,99,0.959262,0.020048,run2
"Interpret texts, documents, artifacts, and other qualitative sources to construct evidence-based arguments.",universal,field,Arts & Humanities,Languages & Linguistics,102,71,0.692331,0.046272,run2
"Interpret texts, documents, artifacts, and other qualitative sources to construct evidence-based arguments.",universal,field,Arts & Humanities,Literature,102,97,0.953673,0.022129,run2
"Interpret texts, documents, artifacts, and other qualitative sources to construct evidence-based arguments.",universal,field,Arts & Humanities,Philosophy,102,92,0.908002,0.028159,run2
"Interpret texts, documents, artifacts, and other qualitative sources to construct evidence-based arguments.",universal,field,Arts & Humanities,Religion,101,94,0.921756,0.028597,run2
"Interpret texts, documents, artifacts, and other qualitative sources to construct evidence-based arguments.",universal,field,Formal Sciences,Computer Science,102,11,0.107238,0.030802,run2
"Interpret texts, documents, artifacts, and other qualitative sources to construct evidence-based arguments.",universal,field,Formal Sciences,Mathematics,101,0,0.0,0.0,run2
"Interpret texts, documents, artifacts, and other qualitative sources to construct evidence-based arguments.",universal,field,Formal Sciences,Statistics,102,18,0.180079,0.038555,run2
"Interpret texts, documents, artifacts, and other qualitative sources to construct evidence-based arguments.",universal,field,Health Sciences,Medicine & Clinical Sciences,106,9,0.085456,0.027872,run2
"Interpret texts, documents, artifacts, and other qualitative sources to construct evidence-based arguments.",universal,field,Health Sciences,Nutrition & Dietetics,101,4,0.03984,0.019616,run2
"Interpret texts, documents, artifacts, and other qualitative sources to construct evidence-based arguments.",universal,field,Health Sciences,Public Health & Epidemiology,102,22,0.217741,0.041218,run2
"Interpret texts, documents, artifacts, and other qualitative sources to construct evidence-based arguments.",universal,field,Life Sciences,Agricultural Sciences,103,5,0.04043,0.018211,run2
"Interpret texts, documents, artifacts, and other qualitative sources to construct evidence-based arguments.",universal,field,Life Sciences,Biology,102,9,0.089508,0.028654,run2
"Interpret texts, documents, artifacts, and other qualitative sources to construct evidence-based arguments.",universal,field,Life Sciences,Biomedical Sciences,104,4,0.03703,0.018416,run2
"Interpret texts, documents, artifacts, and other qualitative sources to construct evidence-based arguments.",universal,field,Life Sciences,Neuroscience,103,1,0.010598,0.010589,run2
"Interpret texts, documents, artifacts, and other qualitative sources to construct evidence-based arguments.",universal,field,Life Sciences,Veterinary Medicine,100,9,0.089919,0.028763,run2
"Interpret texts, documents, artifacts, and other qualitative sources to construct evidence-based arguments.",universal,field,Physical Sciences,Chemistry,102,2,0.018487,0.013132,run2
"Interpret texts, documents, artifacts, and other qualitative sources to construct evidence-based arguments.",universal,field,Physical Sciences,Earth & Planetary Sciences,102,12,0.110571,0.030766,run2
"Interpret texts, documents, artifacts, and other qualitative sources to construct evidence-based arguments.",universal,field,Physical Sciences,Engineering,102,3,0.027779,0.015913,run2
"Interpret texts, documents, artifacts, and other qualitative sources to construct evidence-based arguments.",universal,field,Physical Sciences,Environmental Science,102,16,0.154003,0.035728,run2
"Interpret texts, documents, artifacts, and other qualitative sources to construct evidence-based arguments.",universal,field,Physical Sciences,Materials Science,102,0,0.0,0.0,run2
"Interpret texts, documents, artifacts, and other qualitative sources to construct evidence-based arguments.",universal,field,Physical Sciences,Physics & Astronomy,102,1,0.010302,0.010297,run2
"Interpret texts, documents, artifacts, and other qualitative sources to construct evidence-based arguments.",universal,field,Social Sciences,Anthropology,101,70,0.690683,0.046438,run2
"Interpret texts, documents, artifacts, and other qualitative sources to construct evidence-based arguments.",universal,field,Social Sciences,Business & Management,103,28,0.270547,0.043996,run2
"Interpret texts, documents, artifacts, and other qualitative sources to construct evidence-based arguments.",universal,field,Social Sciences,Communication & Media Studies,101,67,0.663673,0.047343,run2
"Interpret texts, documents, artifacts, and other qualitative sources to construct evidence-based arguments.",universal,field,Social Sciences,Economics,103,10,0.095419,0.02919,run2
"Interpret texts, documents, artifacts, and other qualitative sources to construct evidence-based arguments.",universal,field,Social Sciences,Education,103,48,0.465757,0.049698,run2
"Interpret texts, documents, artifacts, and other qualitative sources to construct evidence-based arguments.",universal,field,Social Sciences,Geography,101,43,0.420716,0.049568,run2
"Interpret texts, documents, artifacts, and other qualitative sources to construct evidence-based arguments.",universal,field,Social Sciences,Law,103,101,0.978928,0.014808,run2
"Interpret texts, documents, artifacts, and other qualitative sources to construct evidence-based arguments.",universal,field,Social Sciences,Library & Information Science,100,31,0.357672,0.050257,run2
"Interpret texts, documents, artifacts, and other qualitative sources to construct evidence-based arguments.",universal,field,Social Sciences,Political Science,102,79,0.780896,0.040853,run2
"Interpret texts, documents, artifacts, and other qualitative sources to construct evidence-based arguments.",universal,field,Social Sciences,Psychology,102,5,0.049054,0.021525,run2
"Interpret texts, documents, artifacts, and other qualitative sources to construct evidence-based arguments.",universal,field,Social Sciences,Sociology,102,42,0.40823,0.049489,run2
"Keep up with new findings, methods, and debates relevant to the research area.",universal,all,,,3470,72,0.027258,0.00465,run2
"Keep up with new findings, methods, and debates relevant to the research area.",universal,domain,Arts & Humanities,,611,11,0.021748,0.006552,run2
"Keep up with new findings, methods, and debates relevant to the research area.",universal,domain,Formal Sciences,,305,8,0.042647,0.016967,run2
"Keep up with new findings, methods, and debates relevant to the research area.",universal,domain,Health Sciences,,309,1,0.000378,0.000378,run2
"Keep up with new findings, methods, and debates relevant to the research area.",universal,domain,Life Sciences,,512,15,0.056369,0.017109,run2
"Keep up with new findings, methods, and debates relevant to the research area.",universal,domain,Physical Sciences,,612,22,0.0301,0.007652,run2
"Keep up with new findings, methods, and debates relevant to the research area.",universal,domain,Social Sciences,,1121,15,0.012791,0.00435,run2
"Keep up with new findings, methods, and debates relevant to the research area.",universal,field,Arts & Humanities,Arts,101,1,0.009446,0.009451,run2
"Keep up with new findings, methods, and debates relevant to the research area.",universal,field,Arts & Humanities,History,103,0,0.0,0.0,run2
"Keep up with new findings, methods, and debates relevant to the research area.",universal,field,Arts & Humanities,Languages & Linguistics,102,4,0.040816,0.020081,run2
"Keep up with new findings, methods, and debates relevant to the research area.",universal,field,Arts & Humanities,Literature,102,5,0.070421,0.030311,run2
"Keep up with new findings, methods, and debates relevant to the research area.",universal,field,Arts & Humanities,Philosophy,102,1,0.00979,0.00979,run2
"Keep up with new findings, methods, and debates relevant to the research area.",universal,field,Arts & Humanities,Religion,101,0,0.0,0.0,run2
"Keep up with new findings, methods, and debates relevant to the research area.",universal,field,Formal Sciences,Computer Science,102,5,0.047245,0.020787,run2
"Keep up with new findings, methods, and debates relevant to the research area.",universal,field,Formal Sciences,Mathematics,101,3,0.029495,0.016969,run2
"Keep up with new findings, methods, and debates relevant to the research area.",universal,field,Formal Sciences,Statistics,102,0,0.0,0.0,run2
"Keep up with new findings, methods, and debates relevant to the research area.",universal,field,Health Sciences,Medicine & Clinical Sciences,106,0,0.0,0.0,run2
"Keep up with new findings, methods, and debates relevant to the research area.",universal,field,Health Sciences,Nutrition & Dietetics,101,0,0.0,0.0,run2
"Keep up with new findings, methods, and debates relevant to the research area.",universal,field,Health Sciences,Public Health & Epidemiology,102,1,0.00983,0.00983,run2
"Keep up with new findings, methods, and debates relevant to the research area.",universal,field,Life Sciences,Agricultural Sciences,103,1,0.010087,0.010084,run2
"Keep up with new findings, methods, and debates relevant to the research area.",universal,field,Life Sciences,Biology,102,2,0.018332,0.012951,run2
"Keep up with new findings, methods, and debates relevant to the research area.",universal,field,Life Sciences,Biomedical Sciences,104,8,0.079206,0.027027,run2
"Keep up with new findings, methods, and debates relevant to the research area.",universal,field,Life Sciences,Neuroscience,103,3,0.029188,0.016686,run2
"Keep up with new findings, methods, and debates relevant to the research area.",universal,field,Life Sciences,Veterinary Medicine,100,1,0.010157,0.010155,run2
"Keep up with new findings, methods, and debates relevant to the research area.",universal,field,Physical Sciences,Chemistry,102,3,0.031328,0.017875,run2
"Keep up with new findings, methods, and debates relevant to the research area.",universal,field,Physical Sciences,Earth & Planetary Sciences,102,7,0.067053,0.024692,run2
"Keep up with new findings, methods, and debates relevant to the research area.",universal,field,Physical Sciences,Engineering,102,2,0.019776,0.013921,run2
"Keep up with new findings, methods, and debates relevant to the research area.",universal,field,Physical Sciences,Environmental Science,102,4,0.040766,0.020057,run2
"Keep up with new findings, methods, and debates relevant to the research area.",universal,field,Physical Sciences,Materials Science,102,2,0.019634,0.013815,run2
"Keep up with new findings, methods, and debates relevant to the research area.",universal,field,Physical Sciences,Physics & Astronomy,102,4,0.04093,0.02013,run2
"Keep up with new findings, methods, and debates relevant to the research area.",universal,field,Social Sciences,Anthropology,101,0,0.0,0.0,run2
"Keep up with new findings, methods, and debates relevant to the research area.",universal,field,Social Sciences,Business & Management,103,1,0.010064,0.01006,run2
"Keep up with new findings, methods, and debates relevant to the research area.",universal,field,Social Sciences,Communication & Media Studies,101,3,0.029642,0.016966,run2
"Keep up with new findings, methods, and debates relevant to the research area.",universal,field,Social Sciences,Economics,103,4,0.040791,0.020089,run2
"Keep up with new findings, methods, and debates relevant to the research area.",universal,field,Social Sciences,Education,103,0,0.0,0.0,run2
"Keep up with new findings, methods, and debates relevant to the research area.",universal,field,Social Sciences,Geography,101,2,0.019901,0.014034,run2
"Keep up with new findings, methods, and debates relevant to the research area.",universal,field,Social Sciences,Law,103,2,0.017676,0.012695,run2
"Keep up with new findings, methods, and debates relevant to the research area.",universal,field,Social Sciences,Library & Information Science,100,0,0.0,0.0,run2
"Keep up with new findings, methods, and debates relevant to the research area.",universal,field,Social Sciences,Political Science,102,1,0.010373,0.010368,run2
"Keep up with new findings, methods, and debates relevant to the research area.",universal,field,Social Sciences,Psychology,102,0,0.0,0.0,run2
"Keep up with new findings, methods, and debates relevant to the research area.",universal,field,Social Sciences,Sociology,102,2,0.021449,0.015066,run2
"Learn the concepts, methods, and tools needed to carry out the research.",universal,all,,,3470,178,0.068562,0.007437,run2
"Learn the concepts, methods, and tools needed to carry out the research.",universal,domain,Arts & Humanities,,611,14,0.026803,0.007352,run2
"Learn the concepts, methods, and tools needed to carry out the research.",universal,domain,Formal Sciences,,305,25,0.097858,0.024763,run2
"Learn the concepts, methods, and tools needed to carry out the research.",universal,domain,Health Sciences,,309,7,0.011828,0.009552,run2
"Learn the concepts, methods, and tools needed to carry out the research.",universal,domain,Life Sciences,,512,45,0.137337,0.024432,run2
"Learn the concepts, methods, and tools needed to carry out the research.",universal,domain,Physical Sciences,,612,34,0.064447,0.012584,run2
"Learn the concepts, methods, and tools needed to carry out the research.",universal,domain,Social Sciences,,1121,53,0.059193,0.010707,run2
"Learn the concepts, methods, and tools needed to carry out the research.",universal,field,Arts & Humanities,Arts,101,2,0.020177,0.014193,run2
"Learn the concepts, methods, and tools needed to carry out the research.",universal,field,Arts & Humanities,History,103,1,0.009638,0.009639,run2
"Learn the concepts, methods, and tools needed to carry out the research.",universal,field,Arts & Humanities,Languages & Linguistics,102,4,0.041395,0.020349,run2
"Learn the concepts, methods, and tools needed to carry out the research.",universal,field,Arts & Humanities,Literature,102,6,0.076117,0.03074,run2
"Learn the concepts, methods, and tools needed to carry out the research.",universal,field,Arts & Humanities,Philosophy,102,1,0.009876,0.009876,run2
"Learn the concepts, methods, and tools needed to carry out the research.",universal,field,Arts & Humanities,Religion,101,0,0.0,0.0,run2
"Learn the concepts, methods, and tools needed to carry out the research.",universal,field,Formal Sciences,Computer Science,102,11,0.105143,0.030312,run2
"Learn the concepts, methods, and tools needed to carry out the research.",universal,field,Formal Sciences,Mathematics,101,7,0.067028,0.024768,run2
"Learn the concepts, methods, and tools needed to carry out the research.",universal,field,Formal Sciences,Statistics,102,7,0.06935,0.025406,run2
"Learn the concepts, methods, and tools needed to carry out the research.",universal,field,Health Sciences,Medicine & Clinical Sciences,106,1,0.010317,0.010309,run2
"Learn the concepts, methods, and tools needed to carry out the research.",universal,field,Health Sciences,Nutrition & Dietetics,101,2,0.019971,0.014049,run2
"Learn the concepts, methods, and tools needed to carry out the research.",universal,field,Health Sciences,Public Health & Epidemiology,102,4,0.039694,0.019547,run2
"Learn the concepts, methods, and tools needed to carry out the research.",universal,field,Life Sciences,Agricultural Sciences,103,8,0.075576,0.026071,run2
"Learn the concepts, methods, and tools needed to carry out the research.",universal,field,Life Sciences,Biology,102,5,0.047989,0.021095,run2
"Learn the concepts, methods, and tools needed to carry out the research.",universal,field,Life Sciences,Biomedical Sciences,104,18,0.17682,0.038024,run2
"Learn the concepts, methods, and tools needed to carry out the research.",universal,field,Life Sciences,Neuroscience,103,8,0.077057,0.026346,run2
"Learn the concepts, methods, and tools needed to carry out the research.",universal,field,Life Sciences,Veterinary Medicine,100,6,0.059624,0.023756,run2
"Learn the concepts, methods, and tools needed to carry out the research.",universal,field,Physical Sciences,Chemistry,102,5,0.051941,0.022705,run2
"Learn the concepts, methods, and tools needed to carry out the research.",universal,field,Physical Sciences,Earth & Planetary Sciences,102,2,0.019692,0.013855,run2
"Learn the concepts, methods, and tools needed to carry out the research.",universal,field,Physical Sciences,Engineering,102,7,0.071866,0.026267,run2
"Learn the concepts, methods, and tools needed to carry out the research.",universal,field,Physical Sciences,Environmental Science,102,7,0.068707,0.025231,run2
"Learn the concepts, methods, and tools needed to carry out the research.",universal,field,Physical Sciences,Materials Science,102,10,0.091206,0.028076,run2
"Learn the concepts, methods, and tools needed to carry out the research.",universal,field,Physical Sciences,Physics & Astronomy,102,3,0.029362,0.016787,run2
"Learn the concepts, methods, and tools needed to carry out the research.",universal,field,Social Sciences,Anthropology,101,5,0.050398,0.022069,run2
"Learn the concepts, methods, and tools needed to carry out the research.",universal,field,Social Sciences,Business & Management,103,9,0.087032,0.027925,run2
"Learn the concepts, methods, and tools needed to carry out the research.",universal,field,Social Sciences,Communication & Media Studies,101,3,0.031008,0.0177,run2
"Learn the concepts, methods, and tools needed to carry out the research.",universal,field,Social Sciences,Economics,103,9,0.088066,0.028237,run2
"Learn the concepts, methods, and tools needed to carry out the research.",universal,field,Social Sciences,Education,103,3,0.03017,0.017232,run2
"Learn the concepts, methods, and tools needed to carry out the research.",universal,field,Social Sciences,Geography,101,6,0.055459,0.022168,run2
"Learn the concepts, methods, and tools needed to carry out the research.",universal,field,Social Sciences,Law,103,3,0.030652,0.017523,run2
"Learn the concepts, methods, and tools needed to carry out the research.",universal,field,Social Sciences,Library & Information Science,100,6,0.056469,0.022898,run2
"Learn the concepts, methods, and tools needed to carry out the research.",universal,field,Social Sciences,Political Science,102,1,0.010373,0.010368,run2
"Learn the concepts, methods, and tools needed to carry out the research.",universal,field,Social Sciences,Psychology,102,5,0.049262,0.02166,run2
"Learn the concepts, methods, and tools needed to carry out the research.",universal,field,Social Sciences,Sociology,102,3,0.030226,0.017302,run2
"Maintain laboratory equipment, software systems, or research infrastructure.",universal,all,,,3470,37,0.017749,0.003795,run2
"Maintain laboratory equipment, software systems, or research infrastructure.",universal,domain,Arts & Humanities,,611,0,0.0,0.0,run2
"Maintain laboratory equipment, software systems, or research infrastructure.",universal,domain,Formal Sciences,,305,4,0.033104,0.016281,run2
"Maintain laboratory equipment, software systems, or research infrastructure.",universal,domain,Health Sciences,,309,2,0.000763,0.000537,run2
"Maintain laboratory equipment, software systems, or research infrastructure.",universal,domain,Life Sciences,,512,19,0.057889,0.016729,run2
"Maintain laboratory equipment, software systems, or research infrastructure.",universal,domain,Physical Sciences,,612,9,0.009447,0.00328,run2
"Maintain laboratory equipment, software systems, or research infrastructure.",universal,domain,Social Sciences,,1121,3,0.000363,0.000245,run2
"Maintain laboratory equipment, software systems, or research infrastructure.",universal,field,Arts & Humanities,Arts,101,0,0.0,0.0,run2
"Maintain laboratory equipment, software systems, or research infrastructure.",universal,field,Arts & Humanities,History,103,0,0.0,0.0,run2
"Maintain laboratory equipment, software systems, or research infrastructure.",universal,field,Arts & Humanities,Languages & Linguistics,102,0,0.0,0.0,run2
"Maintain laboratory equipment, software systems, or research infrastructure.",universal,field,Arts & Humanities,Literature,102,0,0.0,0.0,run2
"Maintain laboratory equipment, software systems, or research infrastructure.",universal,field,Arts & Humanities,Philosophy,102,0,0.0,0.0,run2
"Maintain laboratory equipment, software systems, or research infrastructure.",universal,field,Arts & Humanities,Religion,101,0,0.0,0.0,run2
"Maintain laboratory equipment, software systems, or research infrastructure.",universal,field,Formal Sciences,Computer Science,102,4,0.041048,0.020188,run2
"Maintain laboratory equipment, software systems, or research infrastructure.",universal,field,Formal Sciences,Mathematics,101,0,0.0,0.0,run2
"Maintain laboratory equipment, software systems, or research infrastructure.",universal,field,Formal Sciences,Statistics,102,0,0.0,0.0,run2
"Maintain laboratory equipment, software systems, or research infrastructure.",universal,field,Health Sciences,Medicine & Clinical Sciences,106,0,0.0,0.0,run2
"Maintain laboratory equipment, software systems, or research infrastructure.",universal,field,Health Sciences,Nutrition & Dietetics,101,0,0.0,0.0,run2
"Maintain laboratory equipment, software systems, or research infrastructure.",universal,field,Health Sciences,Public Health & Epidemiology,102,2,0.019849,0.013963,run2
"Maintain laboratory equipment, software systems, or research infrastructure.",universal,field,Life Sciences,Agricultural Sciences,103,2,0.018987,0.013381,run2
"Maintain laboratory equipment, software systems, or research infrastructure.",universal,field,Life Sciences,Biology,102,1,0.010558,0.010551,run2
"Maintain laboratory equipment, software systems, or research infrastructure.",universal,field,Life Sciences,Biomedical Sciences,104,9,0.081647,0.026397,run2
"Maintain laboratory equipment, software systems, or research infrastructure.",universal,field,Life Sciences,Neuroscience,103,2,0.019493,0.013716,run2
"Maintain laboratory equipment, software systems, or research infrastructure.",universal,field,Life Sciences,Veterinary Medicine,100,5,0.050666,0.022182,run2
"Maintain laboratory equipment, software systems, or research infrastructure.",universal,field,Physical Sciences,Chemistry,102,2,0.020997,0.014754,run2
"Maintain laboratory equipment, software systems, or research infrastructure.",universal,field,Physical Sciences,Earth & Planetary Sciences,102,2,0.019692,0.013855,run2
"Maintain laboratory equipment, software systems, or research infrastructure.",universal,field,Physical Sciences,Engineering,102,0,0.0,0.0,run2
"Maintain laboratory equipment, software systems, or research infrastructure.",universal,field,Physical Sciences,Environmental Science,102,1,0.009106,0.009113,run2
"Maintain laboratory equipment, software systems, or research infrastructure.",universal,field,Physical Sciences,Materials Science,102,1,0.009817,0.009817,run2
"Maintain laboratory equipment, software systems, or research infrastructure.",universal,field,Physical Sciences,Physics & Astronomy,102,3,0.028722,0.016431,run2
"Maintain laboratory equipment, software systems, or research infrastructure.",universal,field,Social Sciences,Anthropology,101,0,0.0,0.0,run2
"Maintain laboratory equipment, software systems, or research infrastructure.",universal,field,Social Sciences,Business & Management,103,0,0.0,0.0,run2
"Maintain laboratory equipment, software systems, or research infrastructure.",universal,field,Social Sciences,Communication & Media Studies,101,0,0.0,0.0,run2
"Maintain laboratory equipment, software systems, or research infrastructure.",universal,field,Social Sciences,Economics,103,0,0.0,0.0,run2
"Maintain laboratory equipment, software systems, or research infrastructure.",universal,field,Social Sciences,Education,103,0,0.0,0.0,run2
"Maintain laboratory equipment, software systems, or research infrastructure.",universal,field,Social Sciences,Geography,101,1,0.009214,0.009221,run2
"Maintain laboratory equipment, software systems, or research infrastructure.",universal,field,Social Sciences,Law,103,0,0.0,0.0,run2
"Maintain laboratory equipment, software systems, or research infrastructure.",universal,field,Social Sciences,Library & Information Science,100,2,0.02,0.014288,run2
"Maintain laboratory equipment, software systems, or research infrastructure.",universal,field,Social Sciences,Political Science,102,0,0.0,0.0,run2
"Maintain laboratory equipment, software systems, or research infrastructure.",universal,field,Social Sciences,Psychology,102,0,0.0,0.0,run2
"Maintain laboratory equipment, software systems, or research infrastructure.",universal,field,Social Sciences,Sociology,102,0,0.0,0.0,run2
"Manage research budgets, personnel, and project timelines.",universal,all,,,3470,106,0.034007,0.006103,run2
"Manage research budgets, personnel, and project timelines.",universal,domain,Arts & Humanities,,611,4,0.011043,0.005533,run2
"Manage research budgets, personnel, and project timelines.",universal,domain,Formal Sciences,,305,6,0.002399,0.000953,run2
"Manage research budgets, personnel, and project timelines.",universal,domain,Health Sciences,,309,40,0.065517,0.021159,run2
"Manage research budgets, personnel, and project timelines.",universal,domain,Life Sciences,,512,23,0.049443,0.014545,run2
"Manage research budgets, personnel, and project timelines.",universal,domain,Physical Sciences,,612,11,0.015508,0.005622,run2
"Manage research budgets, personnel, and project timelines.",universal,domain,Social Sciences,,1121,22,0.023516,0.00655,run2
"Manage research budgets, personnel, and project timelines.",universal,field,Arts & Humanities,Arts,101,0,0.0,0.0,run2
"Manage research budgets, personnel, and project timelines.",universal,field,Arts & Humanities,History,103,2,0.020273,0.014277,run2
"Manage research budgets, personnel, and project timelines.",universal,field,Arts & Humanities,Languages & Linguistics,102,2,0.020573,0.014464,run2
"Manage research budgets, personnel, and project timelines.",universal,field,Arts & Humanities,Literature,102,0,0.0,0.0,run2
"Manage research budgets, personnel, and project timelines.",universal,field,Arts & Humanities,Philosophy,102,0,0.0,0.0,run2
"Manage research budgets, personnel, and project timelines.",universal,field,Arts & Humanities,Religion,101,0,0.0,0.0,run2
"Manage research budgets, personnel, and project timelines.",universal,field,Formal Sciences,Computer Science,102,0,0.0,0.0,run2
"Manage research budgets, personnel, and project timelines.",universal,field,Formal Sciences,Mathematics,101,0,0.0,0.0,run2
"Manage research budgets, personnel, and project timelines.",universal,field,Formal Sciences,Statistics,102,6,0.060825,0.024163,run2
"Manage research budgets, personnel, and project timelines.",universal,field,Health Sciences,Medicine & Clinical Sciences,106,6,0.056913,0.02284,run2
"Manage research budgets, personnel, and project timelines.",universal,field,Health Sciences,Nutrition & Dietetics,101,21,0.205387,0.040306,run2
"Manage research budgets, personnel, and project timelines.",universal,field,Health Sciences,Public Health & Epidemiology,102,13,0.128226,0.033361,run2
"Manage research budgets, personnel, and project timelines.",universal,field,Life Sciences,Agricultural Sciences,103,6,0.060145,0.023911,run2
"Manage research budgets, personnel, and project timelines.",universal,field,Life Sciences,Biology,102,2,0.018328,0.012949,run2
"Manage research budgets, personnel, and project timelines.",universal,field,Life Sciences,Biomedical Sciences,104,5,0.04977,0.021854,run2
"Manage research budgets, personnel, and project timelines.",universal,field,Life Sciences,Neuroscience,103,5,0.046152,0.020351,run2
"Manage research budgets, personnel, and project timelines.",universal,field,Life Sciences,Veterinary Medicine,100,5,0.049467,0.021713,run2
"Manage research budgets, personnel, and project timelines.",universal,field,Physical Sciences,Chemistry,102,0,0.0,0.0,run2
"Manage research budgets, personnel, and project timelines.",universal,field,Physical Sciences,Earth & Planetary Sciences,102,4,0.039479,0.019442,run2
"Manage research budgets, personnel, and project timelines.",universal,field,Physical Sciences,Engineering,102,1,0.010439,0.010433,run2
"Manage research budgets, personnel, and project timelines.",universal,field,Physical Sciences,Environmental Science,102,3,0.026881,0.015444,run2
"Manage research budgets, personnel, and project timelines.",universal,field,Physical Sciences,Materials Science,102,1,0.009817,0.009817,run2
"Manage research budgets, personnel, and project timelines.",universal,field,Physical Sciences,Physics & Astronomy,102,2,0.01981,0.013937,run2
"Manage research budgets, personnel, and project timelines.",universal,field,Social Sciences,Anthropology,101,2,0.020458,0.014385,run2
"Manage research budgets, personnel, and project timelines.",universal,field,Social Sciences,Business & Management,103,0,0.0,0.0,run2
"Manage research budgets, personnel, and project timelines.",universal,field,Social Sciences,Communication & Media Studies,101,3,0.02497,0.015237,run2
"Manage research budgets, personnel, and project timelines.",universal,field,Social Sciences,Economics,103,2,0.018925,0.01343,run2
"Manage research budgets, personnel, and project timelines.",universal,field,Social Sciences,Education,103,1,0.010128,0.010124,run2
"Manage research budgets, personnel, and project timelines.",universal,field,Social Sciences,Geography,101,1,0.009272,0.009279,run2
"Manage research budgets, personnel, and project timelines.",universal,field,Social Sciences,Law,103,0,0.0,0.0,run2
"Manage research budgets, personnel, and project timelines.",universal,field,Social Sciences,Library & Information Science,100,1,0.008234,0.00825,run2
"Manage research budgets, personnel, and project timelines.",universal,field,Social Sciences,Political Science,102,0,0.0,0.0,run2
"Manage research budgets, personnel, and project timelines.",universal,field,Social Sciences,Psychology,102,6,0.053224,0.021556,run2
"Manage research budgets, personnel, and project timelines.",universal,field,Social Sciences,Sociology,102,6,0.052228,0.02161,run2
Observe real-world phenomena to identify patterns worthy of scientific investigation.,universal,all,,,3470,268,0.052044,0.006595,run2
Observe real-world phenomena to identify patterns worthy of scientific investigation.,universal,domain,Arts & Humanities,,611,57,0.10522,0.013928,run2
Observe real-world phenomena to identify patterns worthy of scientific investigation.,universal,domain,Formal Sciences,,305,13,0.065837,0.021192,run2
Observe real-world phenomena to identify patterns worthy of scientific investigation.,universal,domain,Health Sciences,,309,12,0.058533,0.021352,run2
Observe real-world phenomena to identify patterns worthy of scientific investigation.,universal,domain,Life Sciences,,512,41,0.042384,0.012357,run2
Observe real-world phenomena to identify patterns worthy of scientific investigation.,universal,domain,Physical Sciences,,612,37,0.042512,0.008458,run2
Observe real-world phenomena to identify patterns worthy of scientific investigation.,universal,domain,Social Sciences,,1121,108,0.071864,0.010277,run2
Observe real-world phenomena to identify patterns worthy of scientific investigation.,universal,field,Arts & Humanities,Arts,101,12,0.12107,0.032896,run2
Observe real-world phenomena to identify patterns worthy of scientific investigation.,universal,field,Arts & Humanities,History,103,8,0.078884,0.026927,run2
Observe real-world phenomena to identify patterns worthy of scientific investigation.,universal,field,Arts & Humanities,Languages & Linguistics,102,23,0.233557,0.042724,run2
Observe real-world phenomena to identify patterns worthy of scientific investigation.,universal,field,Arts & Humanities,Literature,102,1,0.014084,0.014036,run2
Observe real-world phenomena to identify patterns worthy of scientific investigation.,universal,field,Arts & Humanities,Philosophy,102,0,0.0,0.0,run2
Observe real-world phenomena to identify patterns worthy of scientific investigation.,universal,field,Arts & Humanities,Religion,101,13,0.142212,0.036759,run2
Observe real-world phenomena to identify patterns worthy of scientific investigation.,universal,field,Formal Sciences,Computer Science,102,8,0.076156,0.026111,run2
Observe real-world phenomena to identify patterns worthy of scientific investigation.,universal,field,Formal Sciences,Mathematics,101,2,0.021058,0.014798,run2
Observe real-world phenomena to identify patterns worthy of scientific investigation.,universal,field,Formal Sciences,Statistics,102,3,0.029761,0.017007,run2
Observe real-world phenomena to identify patterns worthy of scientific investigation.,universal,field,Health Sciences,Medicine & Clinical Sciences,106,7,0.061395,0.023139,run2
Observe real-world phenomena to identify patterns worthy of scientific investigation.,universal,field,Health Sciences,Nutrition & Dietetics,101,1,0.010016,0.010015,run2
Observe real-world phenomena to identify patterns worthy of scientific investigation.,universal,field,Health Sciences,Public Health & Epidemiology,102,4,0.03973,0.019558,run2
Observe real-world phenomena to identify patterns worthy of scientific investigation.,universal,field,Life Sciences,Agricultural Sciences,103,4,0.03412,0.017106,run2
Observe real-world phenomena to identify patterns worthy of scientific investigation.,universal,field,Life Sciences,Biology,102,22,0.215021,0.04094,run2
Observe real-world phenomena to identify patterns worthy of scientific investigation.,universal,field,Life Sciences,Biomedical Sciences,104,4,0.03799,0.018861,run2
Observe real-world phenomena to identify patterns worthy of scientific investigation.,universal,field,Life Sciences,Neuroscience,103,1,0.009402,0.009406,run2
Observe real-world phenomena to identify patterns worthy of scientific investigation.,universal,field,Life Sciences,Veterinary Medicine,100,10,0.101217,0.030479,run2
Observe real-world phenomena to identify patterns worthy of scientific investigation.,universal,field,Physical Sciences,Chemistry,102,3,0.028392,0.016346,run2
Observe real-world phenomena to identify patterns worthy of scientific investigation.,universal,field,Physical Sciences,Earth & Planetary Sciences,102,21,0.202751,0.04004,run2
Observe real-world phenomena to identify patterns worthy of scientific investigation.,universal,field,Physical Sciences,Engineering,102,2,0.021271,0.014942,run2
Observe real-world phenomena to identify patterns worthy of scientific investigation.,universal,field,Physical Sciences,Environmental Science,102,9,0.086342,0.027757,run2
Observe real-world phenomena to identify patterns worthy of scientific investigation.,universal,field,Physical Sciences,Materials Science,102,0,0.0,0.0,run2
Observe real-world phenomena to identify patterns worthy of scientific investigation.,universal,field,Physical Sciences,Physics & Astronomy,102,2,0.017474,0.012425,run2
Observe real-world phenomena to identify patterns worthy of scientific investigation.,universal,field,Social Sciences,Anthropology,101,23,0.231484,0.042513,run2
Observe real-world phenomena to identify patterns worthy of scientific investigation.,universal,field,Social Sciences,Business & Management,103,13,0.121936,0.032037,run2
Observe real-world phenomena to identify patterns worthy of scientific investigation.,universal,field,Social Sciences,Communication & Media Studies,101,12,0.11912,0.032473,run2
Observe real-world phenomena to identify patterns worthy of scientific investigation.,universal,field,Social Sciences,Economics,103,5,0.04929,0.021648,run2
Observe real-world phenomena to identify patterns worthy of scientific investigation.,universal,field,Social Sciences,Education,103,11,0.108453,0.031164,run2
Observe real-world phenomena to identify patterns worthy of scientific investigation.,universal,field,Social Sciences,Geography,101,17,0.175507,0.038759,run2
Observe real-world phenomena to identify patterns worthy of scientific investigation.,universal,field,Social Sciences,Law,103,7,0.061708,0.023882,run2
Observe real-world phenomena to identify patterns worthy of scientific investigation.,universal,field,Social Sciences,Library & Information Science,100,7,0.082359,0.029803,run2
Observe real-world phenomena to identify patterns worthy of scientific investigation.,universal,field,Social Sciences,Political Science,102,4,0.039879,0.019658,run2
Observe real-world phenomena to identify patterns worthy of scientific investigation.,universal,field,Social Sciences,Psychology,102,1,0.009848,0.009848,run2
Observe real-world phenomena to identify patterns worthy of scientific investigation.,universal,field,Social Sciences,Sociology,102,8,0.080092,0.027372,run2
Obtain ethical approvals and informed consent for studies involving human subjects.,universal,all,,,3470,588,0.258842,0.011089,run2
Obtain ethical approvals and informed consent for studies involving human subjects.,universal,domain,Arts & Humanities,,611,48,0.089555,0.012214,run2
Obtain ethical approvals and informed consent for studies involving human subjects.,universal,domain,Formal Sciences,,305,18,0.030915,0.013793,run2
Obtain ethical approvals and informed consent for studies involving human subjects.,universal,domain,Health Sciences,,309,209,0.745927,0.039087,run2
Obtain ethical approvals and informed consent for studies involving human subjects.,universal,domain,Life Sciences,,512,69,0.170513,0.024571,run2
Obtain ethical approvals and informed consent for studies involving human subjects.,universal,domain,Physical Sciences,,612,12,0.031678,0.009998,run2
Obtain ethical approvals and informed consent for studies involving human subjects.,universal,domain,Social Sciences,,1121,232,0.305361,0.014525,run2
Obtain ethical approvals and informed consent for studies involving human subjects.,universal,field,Arts & Humanities,Arts,101,4,0.040355,0.019861,run2
Obtain ethical approvals and informed consent for studies involving human subjects.,universal,field,Arts & Humanities,History,103,2,0.020273,0.014277,run2
Obtain ethical approvals and informed consent for studies involving human subjects.,universal,field,Arts & Humanities,Languages & Linguistics,102,29,0.281742,0.045247,run2
Obtain ethical approvals and informed consent for studies involving human subjects.,universal,field,Arts & Humanities,Literature,102,0,0.0,0.0,run2
Obtain ethical approvals and informed consent for studies involving human subjects.,universal,field,Arts & Humanities,Philosophy,102,2,0.019408,0.013661,run2
Obtain ethical approvals and informed consent for studies involving human subjects.,universal,field,Arts & Humanities,Religion,101,11,0.128584,0.036037,run2
Obtain ethical approvals and informed consent for studies involving human subjects.,universal,field,Formal Sciences,Computer Science,102,3,0.029371,0.016897,run2
Obtain ethical approvals and informed consent for studies involving human subjects.,universal,field,Formal Sciences,Mathematics,101,1,0.010529,0.010523,run2
Obtain ethical approvals and informed consent for studies involving human subjects.,universal,field,Formal Sciences,Statistics,102,14,0.142135,0.035271,run2
Obtain ethical approvals and informed consent for studies involving human subjects.,universal,field,Health Sciences,Medicine & Clinical Sciences,106,80,0.754983,0.0423,run2
Obtain ethical approvals and informed consent for studies involving human subjects.,universal,field,Health Sciences,Nutrition & Dietetics,101,76,0.754255,0.043029,run2
Obtain ethical approvals and informed consent for studies involving human subjects.,universal,field,Health Sciences,Public Health & Epidemiology,102,53,0.520216,0.049725,run2
Obtain ethical approvals and informed consent for studies involving human subjects.,universal,field,Life Sciences,Agricultural Sciences,103,2,0.019786,0.013921,run2
Obtain ethical approvals and informed consent for studies involving human subjects.,universal,field,Life Sciences,Biology,102,0,0.0,0.0,run2
Obtain ethical approvals and informed consent for studies involving human subjects.,universal,field,Life Sciences,Biomedical Sciences,104,18,0.171685,0.037504,run2
Obtain ethical approvals and informed consent for studies involving human subjects.,universal,field,Life Sciences,Neuroscience,103,40,0.401198,0.048904,run2
Obtain ethical approvals and informed consent for studies involving human subjects.,universal,field,Life Sciences,Veterinary Medicine,100,9,0.089977,0.02878,run2
Obtain ethical approvals and informed consent for studies involving human subjects.,universal,field,Physical Sciences,Chemistry,102,1,0.010456,0.010449,run2
Obtain ethical approvals and informed consent for studies involving human subjects.,universal,field,Physical Sciences,Earth & Planetary Sciences,102,0,0.0,0.0,run2
Obtain ethical approvals and informed consent for studies involving human subjects.,universal,field,Physical Sciences,Engineering,102,5,0.052197,0.022804,run2
Obtain ethical approvals and informed consent for studies involving human subjects.,universal,field,Physical Sciences,Environmental Science,102,3,0.028791,0.016469,run2
Obtain ethical approvals and informed consent for studies involving human subjects.,universal,field,Physical Sciences,Materials Science,102,3,0.030217,0.017267,run2
Obtain ethical approvals and informed consent for studies involving human subjects.,universal,field,Physical Sciences,Physics & Astronomy,102,0,0.0,0.0,run2
Obtain ethical approvals and informed consent for studies involving human subjects.,universal,field,Social Sciences,Anthropology,101,21,0.208262,0.040728,run2
Obtain ethical approvals and informed consent for studies involving human subjects.,universal,field,Social Sciences,Business & Management,103,7,0.06999,0.025685,run2
Obtain ethical approvals and informed consent for studies involving human subjects.,universal,field,Social Sciences,Communication & Media Studies,101,17,0.160308,0.036366,run2
Obtain ethical approvals and informed consent for studies involving human subjects.,universal,field,Social Sciences,Economics,103,6,0.055736,0.022385,run2
Obtain ethical approvals and informed consent for studies involving human subjects.,universal,field,Social Sciences,Education,103,35,0.331227,0.046797,run2
Obtain ethical approvals and informed consent for studies involving human subjects.,universal,field,Social Sciences,Geography,101,15,0.147973,0.035705,run2
Obtain ethical approvals and informed consent for studies involving human subjects.,universal,field,Social Sciences,Law,103,1,0.010508,0.010502,run2
Obtain ethical approvals and informed consent for studies involving human subjects.,universal,field,Social Sciences,Library & Information Science,100,15,0.176484,0.041006,run2
Obtain ethical approvals and informed consent for studies involving human subjects.,universal,field,Social Sciences,Political Science,102,5,0.046703,0.020563,run2
Obtain ethical approvals and informed consent for studies involving human subjects.,universal,field,Social Sciences,Psychology,102,80,0.78848,0.040513,run2
Obtain ethical approvals and informed consent for studies involving human subjects.,universal,field,Social Sciences,Sociology,102,30,0.27778,0.044688,run2
Prepare grant proposals to secure funding for research projects.,universal,all,,,3470,553,0.221214,0.013641,run2
Prepare grant proposals to secure funding for research projects.,universal,domain,Arts & Humanities,,611,43,0.092418,0.014251,run2
Prepare grant proposals to secure funding for research projects.,universal,domain,Formal Sciences,,305,32,0.117319,0.026574,run2
Prepare grant proposals to secure funding for research projects.,universal,domain,Health Sciences,,309,108,0.346933,0.043507,run2
Prepare grant proposals to secure funding for research projects.,universal,domain,Life Sciences,,512,137,0.295756,0.030589,run2
Prepare grant proposals to secure funding for research projects.,universal,domain,Physical Sciences,,612,90,0.150633,0.017542,run2
Prepare grant proposals to secure funding for research projects.,universal,domain,Social Sciences,,1121,143,0.140018,0.015238,run2
Prepare grant proposals to secure funding for research projects.,universal,field,Arts & Humanities,Arts,101,4,0.040258,0.019815,run2
Prepare grant proposals to secure funding for research projects.,universal,field,Arts & Humanities,History,103,18,0.17833,0.038402,run2
Prepare grant proposals to secure funding for research projects.,universal,field,Arts & Humanities,Languages & Linguistics,102,9,0.091981,0.029328,run2
Prepare grant proposals to secure funding for research projects.,universal,field,Arts & Humanities,Literature,102,4,0.030482,0.016856,run2
Prepare grant proposals to secure funding for research projects.,universal,field,Arts & Humanities,Philosophy,102,3,0.02963,0.016941,run2
Prepare grant proposals to secure funding for research projects.,universal,field,Arts & Humanities,Religion,101,5,0.049457,0.022276,run2
Prepare grant proposals to secure funding for research projects.,universal,field,Formal Sciences,Computer Science,102,12,0.118237,0.032321,run2
Prepare grant proposals to secure funding for research projects.,universal,field,Formal Sciences,Mathematics,101,13,0.124597,0.0329,run2
Prepare grant proposals to secure funding for research projects.,universal,field,Formal Sciences,Statistics,102,7,0.070121,0.025668,run2
Prepare grant proposals to secure funding for research projects.,universal,field,Health Sciences,Medicine & Clinical Sciences,106,36,0.346269,0.047098,run2
Prepare grant proposals to secure funding for research projects.,universal,field,Health Sciences,Nutrition & Dietetics,101,39,0.385052,0.048696,run2
Prepare grant proposals to secure funding for research projects.,universal,field,Health Sciences,Public Health & Epidemiology,102,33,0.323734,0.046581,run2
Prepare grant proposals to secure funding for research projects.,universal,field,Life Sciences,Agricultural Sciences,103,23,0.231534,0.0424,run2
Prepare grant proposals to secure funding for research projects.,universal,field,Life Sciences,Biology,102,27,0.258277,0.043869,run2
Prepare grant proposals to secure funding for research projects.,universal,field,Life Sciences,Biomedical Sciences,104,32,0.315539,0.046327,run2
Prepare grant proposals to secure funding for research projects.,universal,field,Life Sciences,Neuroscience,103,31,0.30244,0.045627,run2
Prepare grant proposals to secure funding for research projects.,universal,field,Life Sciences,Veterinary Medicine,100,24,0.239462,0.042895,run2
Prepare grant proposals to secure funding for research projects.,universal,field,Physical Sciences,Chemistry,102,17,0.170027,0.037739,run2
Prepare grant proposals to secure funding for research projects.,universal,field,Physical Sciences,Earth & Planetary Sciences,102,12,0.119702,0.032563,run2
Prepare grant proposals to secure funding for research projects.,universal,field,Physical Sciences,Engineering,102,15,0.14839,0.035574,run2
Prepare grant proposals to secure funding for research projects.,universal,field,Physical Sciences,Environmental Science,102,17,0.165104,0.036835,run2
Prepare grant proposals to secure funding for research projects.,universal,field,Physical Sciences,Materials Science,102,16,0.159249,0.036683,run2
Prepare grant proposals to secure funding for research projects.,universal,field,Physical Sciences,Physics & Astronomy,102,13,0.128572,0.033475,run2
Prepare grant proposals to secure funding for research projects.,universal,field,Social Sciences,Anthropology,101,22,0.223691,0.042128,run2
Prepare grant proposals to secure funding for research projects.,universal,field,Social Sciences,Business & Management,103,8,0.078485,0.026771,run2
Prepare grant proposals to secure funding for research projects.,universal,field,Social Sciences,Communication & Media Studies,101,11,0.108392,0.031095,run2
Prepare grant proposals to secure funding for research projects.,universal,field,Social Sciences,Economics,103,10,0.09172,0.028149,run2
Prepare grant proposals to secure funding for research projects.,universal,field,Social Sciences,Education,103,10,0.096695,0.029392,run2
Prepare grant proposals to secure funding for research projects.,universal,field,Social Sciences,Geography,101,16,0.163063,0.03747,run2
Prepare grant proposals to secure funding for research projects.,universal,field,Social Sciences,Law,103,6,0.063299,0.025098,run2
Prepare grant proposals to secure funding for research projects.,universal,field,Social Sciences,Library & Information Science,100,16,0.152938,0.036075,run2
Prepare grant proposals to secure funding for research projects.,universal,field,Social Sciences,Political Science,102,4,0.038803,0.019138,run2
Prepare grant proposals to secure funding for research projects.,universal,field,Social Sciences,Psychology,102,28,0.270959,0.044213,run2
Prepare grant proposals to secure funding for research projects.,universal,field,Social Sciences,Sociology,102,12,0.114677,0.03148,run2
"Present research findings at conferences, seminars, and symposia.",universal,all,,,3470,358,0.075698,0.007893,run2
"Present research findings at conferences, seminars, and symposia.",universal,domain,Arts & Humanities,,611,110,0.188038,0.017866,run2
"Present research findings at conferences, seminars, and symposia.",universal,domain,Formal Sciences,,305,34,0.18979,0.033899,run2
"Present research findings at conferences, seminars, and symposia.",universal,domain,Health Sciences,,309,15,0.04925,0.019999,run2
"Present research findings at conferences, seminars, and symposia.",universal,domain,Life Sciences,,512,22,0.014281,0.006984,run2
"Present research findings at conferences, seminars, and symposia.",universal,domain,Physical Sciences,,612,34,0.085268,0.015356,run2
"Present research findings at conferences, seminars, and symposia.",universal,domain,Social Sciences,,1121,143,0.126353,0.013758,run2
"Present research findings at conferences, seminars, and symposia.",universal,field,Arts & Humanities,Arts,101,21,0.209358,0.040851,run2
"Present research findings at conferences, seminars, and symposia.",universal,field,Arts & Humanities,History,103,24,0.234108,0.042179,run2
"Present research findings at conferences, seminars, and symposia.",universal,field,Arts & Humanities,Languages & Linguistics,102,16,0.156644,0.036313,run2
"Present research findings at conferences, seminars, and symposia.",universal,field,Arts & Humanities,Literature,102,13,0.112972,0.033319,run2
"Present research findings at conferences, seminars, and symposia.",universal,field,Arts & Humanities,Philosophy,102,26,0.248304,0.042892,run2
"Present research findings at conferences, seminars, and symposia.",universal,field,Arts & Humanities,Religion,101,10,0.096293,0.029585,run2
"Present research findings at conferences, seminars, and symposia.",universal,field,Formal Sciences,Computer Science,102,23,0.227088,0.041922,run2
"Present research findings at conferences, seminars, and symposia.",universal,field,Formal Sciences,Mathematics,101,2,0.020163,0.014182,run2
"Present research findings at conferences, seminars, and symposia.",universal,field,Formal Sciences,Statistics,102,9,0.089805,0.028683,run2
"Present research findings at conferences, seminars, and symposia.",universal,field,Health Sciences,Medicine & Clinical Sciences,106,5,0.049196,0.02165,run2
"Present research findings at conferences, seminars, and symposia.",universal,field,Health Sciences,Nutrition & Dietetics,101,6,0.05978,0.02378,run2
"Present research findings at conferences, seminars, and symposia.",universal,field,Health Sciences,Public Health & Epidemiology,102,4,0.03973,0.019558,run2
"Present research findings at conferences, seminars, and symposia.",universal,field,Life Sciences,Agricultural Sciences,103,3,0.031553,0.017996,run2
"Present research findings at conferences, seminars, and symposia.",universal,field,Life Sciences,Biology,102,3,0.030961,0.017681,run2
"Present research findings at conferences, seminars, and symposia.",universal,field,Life Sciences,Biomedical Sciences,104,1,0.009954,0.009952,run2
"Present research findings at conferences, seminars, and symposia.",universal,field,Life Sciences,Neuroscience,103,0,0.0,0.0,run2
"Present research findings at conferences, seminars, and symposia.",universal,field,Life Sciences,Veterinary Medicine,100,15,0.151708,0.036228,run2
"Present research findings at conferences, seminars, and symposia.",universal,field,Physical Sciences,Chemistry,102,0,0.0,0.0,run2
"Present research findings at conferences, seminars, and symposia.",universal,field,Physical Sciences,Earth & Planetary Sciences,102,4,0.039289,0.019352,run2
"Present research findings at conferences, seminars, and symposia.",universal,field,Physical Sciences,Engineering,102,17,0.159878,0.036029,run2
"Present research findings at conferences, seminars, and symposia.",universal,field,Physical Sciences,Environmental Science,102,5,0.048338,0.021264,run2
"Present research findings at conferences, seminars, and symposia.",universal,field,Physical Sciences,Materials Science,102,4,0.03586,0.017823,run2
"Present research findings at conferences, seminars, and symposia.",universal,field,Physical Sciences,Physics & Astronomy,102,4,0.038887,0.019185,run2
"Present research findings at conferences, seminars, and symposia.",universal,field,Social Sciences,Anthropology,101,13,0.13281,0.034417,run2
"Present research findings at conferences, seminars, and symposia.",universal,field,Social Sciences,Business & Management,103,12,0.116139,0.031745,run2
"Present research findings at conferences, seminars, and symposia.",universal,field,Social Sciences,Communication & Media Studies,101,17,0.170587,0.037866,run2
"Present research findings at conferences, seminars, and symposia.",universal,field,Social Sciences,Economics,103,24,0.228785,0.041564,run2
"Present research findings at conferences, seminars, and symposia.",universal,field,Social Sciences,Education,103,6,0.060013,0.023881,run2
"Present research findings at conferences, seminars, and symposia.",universal,field,Social Sciences,Geography,101,15,0.14945,0.035839,run2
"Present research findings at conferences, seminars, and symposia.",universal,field,Social Sciences,Law,103,9,0.079535,0.026714,run2
"Present research findings at conferences, seminars, and symposia.",universal,field,Social Sciences,Library & Information Science,100,9,0.098828,0.031575,run2
"Present research findings at conferences, seminars, and symposia.",universal,field,Social Sciences,Political Science,102,22,0.215897,0.041062,run2
"Present research findings at conferences, seminars, and symposia.",universal,field,Social Sciences,Psychology,102,8,0.08152,0.027729,run2
"Present research findings at conferences, seminars, and symposia.",universal,field,Social Sciences,Sociology,102,8,0.080306,0.027406,run2
"Provide feedback on student theses, dissertations, and research proposals.",universal,all,,,3470,11,0.002626,0.0014,run2
"Provide feedback on student theses, dissertations, and research proposals.",universal,domain,Arts & Humanities,,611,0,0.0,0.0,run2
"Provide feedback on student theses, dissertations, and research proposals.",universal,domain,Formal Sciences,,305,0,0.0,0.0,run2
"Provide feedback on student theses, dissertations, and research proposals.",universal,domain,Health Sciences,,309,3,0.001159,0.000667,run2
"Provide feedback on student theses, dissertations, and research proposals.",universal,domain,Life Sciences,,512,2,0.002859,0.002085,run2
"Provide feedback on student theses, dissertations, and research proposals.",universal,domain,Physical Sciences,,612,1,0.003499,0.003503,run2
"Provide feedback on student theses, dissertations, and research proposals.",universal,domain,Social Sciences,,1121,5,0.004016,0.002979,run2
"Provide feedback on student theses, dissertations, and research proposals.",universal,field,Arts & Humanities,Arts,101,0,0.0,0.0,run2
"Provide feedback on student theses, dissertations, and research proposals.",universal,field,Arts & Humanities,History,103,0,0.0,0.0,run2
"Provide feedback on student theses, dissertations, and research proposals.",universal,field,Arts & Humanities,Languages & Linguistics,102,0,0.0,0.0,run2
"Provide feedback on student theses, dissertations, and research proposals.",universal,field,Arts & Humanities,Literature,102,0,0.0,0.0,run2
"Provide feedback on student theses, dissertations, and research proposals.",universal,field,Arts & Humanities,Philosophy,102,0,0.0,0.0,run2
"Provide feedback on student theses, dissertations, and research proposals.",universal,field,Arts & Humanities,Religion,101,0,0.0,0.0,run2
"Provide feedback on student theses, dissertations, and research proposals.",universal,field,Formal Sciences,Computer Science,102,0,0.0,0.0,run2
"Provide feedback on student theses, dissertations, and research proposals.",universal,field,Formal Sciences,Mathematics,101,0,0.0,0.0,run2
"Provide feedback on student theses, dissertations, and research proposals.",universal,field,Formal Sciences,Statistics,102,0,0.0,0.0,run2
"Provide feedback on student theses, dissertations, and research proposals.",universal,field,Health Sciences,Medicine & Clinical Sciences,106,0,0.0,0.0,run2
"Provide feedback on student theses, dissertations, and research proposals.",universal,field,Health Sciences,Nutrition & Dietetics,101,1,0.010016,0.010015,run2
"Provide feedback on student theses, dissertations, and research proposals.",universal,field,Health Sciences,Public Health & Epidemiology,102,2,0.019847,0.013965,run2
"Provide feedback on student theses, dissertations, and research proposals.",universal,field,Life Sciences,Agricultural Sciences,103,2,0.016655,0.012145,run2
"Provide feedback on student theses, dissertations, and research proposals.",universal,field,Life Sciences,Biology,102,0,0.0,0.0,run2
"Provide feedback on student theses, dissertations, and research proposals.",universal,field,Life Sciences,Biomedical Sciences,104,0,0.0,0.0,run2
"Provide feedback on student theses, dissertations, and research proposals.",universal,field,Life Sciences,Neuroscience,103,0,0.0,0.0,run2
"Provide feedback on student theses, dissertations, and research proposals.",universal,field,Life Sciences,Veterinary Medicine,100,0,0.0,0.0,run2
"Provide feedback on student theses, dissertations, and research proposals.",universal,field,Physical Sciences,Chemistry,102,0,0.0,0.0,run2
"Provide feedback on student theses, dissertations, and research proposals.",universal,field,Physical Sciences,Earth & Planetary Sciences,102,0,0.0,0.0,run2
"Provide feedback on student theses, dissertations, and research proposals.",universal,field,Physical Sciences,Engineering,102,1,0.008762,0.008772,run2
"Provide feedback on student theses, dissertations, and research proposals.",universal,field,Physical Sciences,Environmental Science,102,0,0.0,0.0,run2
"Provide feedback on student theses, dissertations, and research proposals.",universal,field,Physical Sciences,Materials Science,102,0,0.0,0.0,run2
"Provide feedback on student theses, dissertations, and research proposals.",universal,field,Physical Sciences,Physics & Astronomy,102,0,0.0,0.0,run2
"Provide feedback on student theses, dissertations, and research proposals.",universal,field,Social Sciences,Anthropology,101,0,0.0,0.0,run2
"Provide feedback on student theses, dissertations, and research proposals.",universal,field,Social Sciences,Business & Management,103,0,0.0,0.0,run2
"Provide feedback on student theses, dissertations, and research proposals.",universal,field,Social Sciences,Communication & Media Studies,101,0,0.0,0.0,run2
"Provide feedback on student theses, dissertations, and research proposals.",universal,field,Social Sciences,Economics,103,0,0.0,0.0,run2
"Provide feedback on student theses, dissertations, and research proposals.",universal,field,Social Sciences,Education,103,0,0.0,0.0,run2
"Provide feedback on student theses, dissertations, and research proposals.",universal,field,Social Sciences,Geography,101,1,0.010629,0.010622,run2
"Provide feedback on student theses, dissertations, and research proposals.",universal,field,Social Sciences,Law,103,2,0.018491,0.013147,run2
"Provide feedback on student theses, dissertations, and research proposals.",universal,field,Social Sciences,Library & Information Science,100,0,0.0,0.0,run2
"Provide feedback on student theses, dissertations, and research proposals.",universal,field,Social Sciences,Political Science,102,0,0.0,0.0,run2
"Provide feedback on student theses, dissertations, and research proposals.",universal,field,Social Sciences,Psychology,102,1,0.010468,0.010461,run2
"Provide feedback on student theses, dissertations, and research proposals.",universal,field,Social Sciences,Sociology,102,1,0.009421,0.009426,run2
Respond to peer reviewer comments and revise manuscripts for publication.,universal,all,,,3470,2664,0.858731,0.009686,run2
Respond to peer reviewer comments and revise manuscripts for publication.,universal,domain,Arts & Humanities,,611,330,0.550636,0.022363,run2
Respond to peer reviewer comments and revise manuscripts for publication.,universal,domain,Formal Sciences,,305,247,0.691317,0.039082,run2
Respond to peer reviewer comments and revise manuscripts for publication.,universal,domain,Health Sciences,,309,281,0.955204,0.017713,run2
Respond to peer reviewer comments and revise manuscripts for publication.,universal,domain,Life Sciences,,512,458,0.875509,0.02261,run2
Respond to peer reviewer comments and revise manuscripts for publication.,universal,domain,Physical Sciences,,612,538,0.853643,0.018418,run2
Respond to peer reviewer comments and revise manuscripts for publication.,universal,domain,Social Sciences,,1121,810,0.784204,0.016394,run2
Respond to peer reviewer comments and revise manuscripts for publication.,universal,field,Arts & Humanities,Arts,101,41,0.406274,0.049199,run2
Respond to peer reviewer comments and revise manuscripts for publication.,universal,field,Arts & Humanities,History,103,56,0.538231,0.04972,run2
Respond to peer reviewer comments and revise manuscripts for publication.,universal,field,Arts & Humanities,Languages & Linguistics,102,62,0.606953,0.048903,run2
Respond to peer reviewer comments and revise manuscripts for publication.,universal,field,Arts & Humanities,Literature,102,44,0.44217,0.053918,run2
Respond to peer reviewer comments and revise manuscripts for publication.,universal,field,Arts & Humanities,Philosophy,102,74,0.717542,0.045268,run2
Respond to peer reviewer comments and revise manuscripts for publication.,universal,field,Arts & Humanities,Religion,101,53,0.532171,0.050709,run2
Respond to peer reviewer comments and revise manuscripts for publication.,universal,field,Formal Sciences,Computer Science,102,66,0.639536,0.048143,run2
Respond to peer reviewer comments and revise manuscripts for publication.,universal,field,Formal Sciences,Mathematics,101,93,0.919354,0.027515,run2
Respond to peer reviewer comments and revise manuscripts for publication.,universal,field,Formal Sciences,Statistics,102,88,0.859257,0.034984,run2
Respond to peer reviewer comments and revise manuscripts for publication.,universal,field,Health Sciences,Medicine & Clinical Sciences,106,102,0.961368,0.019114,run2
Respond to peer reviewer comments and revise manuscripts for publication.,universal,field,Health Sciences,Nutrition & Dietetics,101,88,0.870587,0.03365,run2
Respond to peer reviewer comments and revise manuscripts for publication.,universal,field,Health Sciences,Public Health & Epidemiology,102,91,0.894293,0.030346,run2
Respond to peer reviewer comments and revise manuscripts for publication.,universal,field,Life Sciences,Agricultural Sciences,103,90,0.877627,0.032618,run2
Respond to peer reviewer comments and revise manuscripts for publication.,universal,field,Life Sciences,Biology,102,96,0.941293,0.023438,run2
Respond to peer reviewer comments and revise manuscripts for publication.,universal,field,Life Sciences,Biomedical Sciences,104,89,0.856647,0.034601,run2
Respond to peer reviewer comments and revise manuscripts for publication.,universal,field,Life Sciences,Neuroscience,103,96,0.930415,0.025497,run2
Respond to peer reviewer comments and revise manuscripts for publication.,universal,field,Life Sciences,Veterinary Medicine,100,87,0.868255,0.034189,run2
Respond to peer reviewer comments and revise manuscripts for publication.,universal,field,Physical Sciences,Chemistry,102,88,0.862455,0.034395,run2
Respond to peer reviewer comments and revise manuscripts for publication.,universal,field,Physical Sciences,Earth & Planetary Sciences,102,96,0.94207,0.023162,run2
Respond to peer reviewer comments and revise manuscripts for publication.,universal,field,Physical Sciences,Engineering,102,80,0.783565,0.041175,run2
Respond to peer reviewer comments and revise manuscripts for publication.,universal,field,Physical Sciences,Environmental Science,102,96,0.943534,0.022542,run2
Respond to peer reviewer comments and revise manuscripts for publication.,universal,field,Physical Sciences,Materials Science,102,87,0.858941,0.034366,run2
Respond to peer reviewer comments and revise manuscripts for publication.,universal,field,Physical Sciences,Physics & Astronomy,102,91,0.8919,0.031013,run2
Respond to peer reviewer comments and revise manuscripts for publication.,universal,field,Social Sciences,Anthropology,101,76,0.750413,0.043506,run2
Respond to peer reviewer comments and revise manuscripts for publication.,universal,field,Social Sciences,Business & Management,103,78,0.753479,0.042959,run2
Respond to peer reviewer comments and revise manuscripts for publication.,universal,field,Social Sciences,Communication & Media Studies,101,66,0.647579,0.048064,run2
Respond to peer reviewer comments and revise manuscripts for publication.,universal,field,Social Sciences,Economics,103,74,0.719129,0.044645,run2
Respond to peer reviewer comments and revise manuscripts for publication.,universal,field,Social Sciences,Education,103,69,0.6632,0.047241,run2
Respond to peer reviewer comments and revise manuscripts for publication.,universal,field,Social Sciences,Geography,101,70,0.69355,0.046377,run2
Respond to peer reviewer comments and revise manuscripts for publication.,universal,field,Social Sciences,Law,103,50,0.462823,0.05031,run2
Respond to peer reviewer comments and revise manuscripts for publication.,universal,field,Social Sciences,Library & Information Science,100,73,0.689391,0.048794,run2
Respond to peer reviewer comments and revise manuscripts for publication.,universal,field,Social Sciences,Political Science,102,78,0.762376,0.042574,run2
Respond to peer reviewer comments and revise manuscripts for publication.,universal,field,Social Sciences,Psychology,102,94,0.920824,0.027002,run2
Respond to peer reviewer comments and revise manuscripts for publication.,universal,field,Social Sciences,Sociology,102,82,0.799854,0.040293,run2
Review and synthesize the relevant literature to situate a research question within existing knowledge.,universal,all,,,3470,3434,0.993127,0.002569,run2
Review and synthesize the relevant literature to situate a research question within existing knowledge.,universal,domain,Arts & Humanities,,611,595,0.978525,0.005707,run2
Review and synthesize the relevant literature to situate a research question within existing knowledge.,universal,domain,Formal Sciences,,305,303,0.99683,0.002229,run2
Review and synthesize the relevant literature to situate a research question within existing knowledge.,universal,domain,Health Sciences,,309,308,0.999613,0.000387,run2
Review and synthesize the relevant literature to situate a research question within existing knowledge.,universal,domain,Life Sciences,,512,511,0.99941,0.000594,run2
Review and synthesize the relevant literature to situate a research question within existing knowledge.,universal,domain,Physical Sciences,,612,605,0.984183,0.007034,run2
Review and synthesize the relevant literature to situate a research question within existing knowledge.,universal,domain,Social Sciences,,1121,1112,0.995972,0.001834,run2
Review and synthesize the relevant literature to situate a research question within existing knowledge.,universal,field,Arts & Humanities,Arts,101,98,0.969564,0.017386,run2
Review and synthesize the relevant literature to situate a research question within existing knowledge.,universal,field,Arts & Humanities,History,103,102,0.990442,0.00956,run2
Review and synthesize the relevant literature to situate a research question within existing knowledge.,universal,field,Arts & Humanities,Languages & Linguistics,102,102,1.0,0.0,run2
Review and synthesize the relevant literature to situate a research question within existing knowledge.,universal,field,Arts & Humanities,Literature,102,98,0.960283,0.021202,run2
Review and synthesize the relevant literature to situate a research question within existing knowledge.,universal,field,Arts & Humanities,Philosophy,102,96,0.93936,0.024104,run2
Review and synthesize the relevant literature to situate a research question within existing knowledge.,universal,field,Arts & Humanities,Religion,101,99,0.980203,0.014155,run2
Review and synthesize the relevant literature to situate a research question within existing knowledge.,universal,field,Formal Sciences,Computer Science,102,102,1.0,0.0,run2
Review and synthesize the relevant literature to situate a research question within existing knowledge.,universal,field,Formal Sciences,Mathematics,101,99,0.97943,0.014465,run2
Review and synthesize the relevant literature to situate a research question within existing knowledge.,universal,field,Formal Sciences,Statistics,102,102,1.0,0.0,run2
Review and synthesize the relevant literature to situate a research question within existing knowledge.,universal,field,Health Sciences,Medicine & Clinical Sciences,106,106,1.0,0.0,run2
Review and synthesize the relevant literature to situate a research question within existing knowledge.,universal,field,Health Sciences,Nutrition & Dietetics,101,100,0.990207,0.009794,run2
Review and synthesize the relevant literature to situate a research question within existing knowledge.,universal,field,Health Sciences,Public Health & Epidemiology,102,102,1.0,0.0,run2
Review and synthesize the relevant literature to situate a research question within existing knowledge.,universal,field,Life Sciences,Agricultural Sciences,103,102,0.99656,0.003462,run2
Review and synthesize the relevant literature to situate a research question within existing knowledge.,universal,field,Life Sciences,Biology,102,102,1.0,0.0,run2
Review and synthesize the relevant literature to situate a research question within existing knowledge.,universal,field,Life Sciences,Biomedical Sciences,104,104,1.0,0.0,run2
Review and synthesize the relevant literature to situate a research question within existing knowledge.,universal,field,Life Sciences,Neuroscience,103,103,1.0,0.0,run2
Review and synthesize the relevant literature to situate a research question within existing knowledge.,universal,field,Life Sciences,Veterinary Medicine,100,100,1.0,0.0,run2
Review and synthesize the relevant literature to situate a research question within existing knowledge.,universal,field,Physical Sciences,Chemistry,102,102,1.0,0.0,run2
Review and synthesize the relevant literature to situate a research question within existing knowledge.,universal,field,Physical Sciences,Earth & Planetary Sciences,102,100,0.979949,0.014104,run2
Review and synthesize the relevant literature to situate a research question within existing knowledge.,universal,field,Physical Sciences,Engineering,102,99,0.970795,0.016734,run2
Review and synthesize the relevant literature to situate a research question within existing knowledge.,universal,field,Physical Sciences,Environmental Science,102,102,1.0,0.0,run2
Review and synthesize the relevant literature to situate a research question within existing knowledge.,universal,field,Physical Sciences,Materials Science,102,101,0.990183,0.009817,run2
Review and synthesize the relevant literature to situate a research question within existing knowledge.,universal,field,Physical Sciences,Physics & Astronomy,102,101,0.989698,0.010297,run2
Review and synthesize the relevant literature to situate a research question within existing knowledge.,universal,field,Social Sciences,Anthropology,101,99,0.981168,0.013313,run2
Review and synthesize the relevant literature to situate a research question within existing knowledge.,universal,field,Social Sciences,Business & Management,103,103,1.0,0.0,run2
Review and synthesize the relevant literature to situate a research question within existing knowledge.,universal,field,Social Sciences,Communication & Media Studies,101,99,0.980063,0.014035,run2
Review and synthesize the relevant literature to situate a research question within existing knowledge.,universal,field,Social Sciences,Economics,103,102,0.990577,0.009426,run2
Review and synthesize the relevant literature to situate a research question within existing knowledge.,universal,field,Social Sciences,Education,103,102,0.98996,0.010037,run2
Review and synthesize the relevant literature to situate a research question within existing knowledge.,universal,field,Social Sciences,Geography,101,100,0.990786,0.009221,run2
Review and synthesize the relevant literature to situate a research question within existing knowledge.,universal,field,Social Sciences,Law,103,102,0.989492,0.010502,run2
Review and synthesize the relevant literature to situate a research question within existing knowledge.,universal,field,Social Sciences,Library & Information Science,100,100,1.0,0.0,run2
Review and synthesize the relevant literature to situate a research question within existing knowledge.,universal,field,Social Sciences,Political Science,102,102,1.0,0.0,run2
Review and synthesize the relevant literature to situate a research question within existing knowledge.,universal,field,Social Sciences,Psychology,102,102,1.0,0.0,run2
Review and synthesize the relevant literature to situate a research question within existing knowledge.,universal,field,Social Sciences,Sociology,102,101,0.990806,0.0092,run2
"Serve on editorial boards, grant review panels, or professional committees.",universal,all,,,3470,1,3.1e-05,3.1e-05,run2
"Serve on editorial boards, grant review panels, or professional committees.",universal,domain,Arts & Humanities,,611,1,0.003201,0.003199,run2
"Serve on editorial boards, grant review panels, or professional committees.",universal,domain,Formal Sciences,,305,0,0.0,0.0,run2
"Serve on editorial boards, grant review panels, or professional committees.",universal,domain,Health Sciences,,309,0,0.0,0.0,run2
"Serve on editorial boards, grant review panels, or professional committees.",universal,domain,Life Sciences,,512,0,0.0,0.0,run2
"Serve on editorial boards, grant review panels, or professional committees.",universal,domain,Physical Sciences,,612,0,0.0,0.0,run2
"Serve on editorial boards, grant review panels, or professional committees.",universal,domain,Social Sciences,,1121,0,0.0,0.0,run2
"Serve on editorial boards, grant review panels, or professional committees.",universal,field,Arts & Humanities,Arts,101,0,0.0,0.0,run2
"Serve on editorial boards, grant review panels, or professional committees.",universal,field,Arts & Humanities,History,103,1,0.01052,0.010512,run2
"Serve on editorial boards, grant review panels, or professional committees.",universal,field,Arts & Humanities,Languages & Linguistics,102,0,0.0,0.0,run2
"Serve on editorial boards, grant review panels, or professional committees.",universal,field,Arts & Humanities,Literature,102,0,0.0,0.0,run2
"Serve on editorial boards, grant review panels, or professional committees.",universal,field,Arts & Humanities,Philosophy,102,0,0.0,0.0,run2
"Serve on editorial boards, grant review panels, or professional committees.",universal,field,Arts & Humanities,Religion,101,0,0.0,0.0,run2
"Serve on editorial boards, grant review panels, or professional committees.",universal,field,Formal Sciences,Computer Science,102,0,0.0,0.0,run2
"Serve on editorial boards, grant review panels, or professional committees.",universal,field,Formal Sciences,Mathematics,101,0,0.0,0.0,run2
"Serve on editorial boards, grant review panels, or professional committees.",universal,field,Formal Sciences,Statistics,102,0,0.0,0.0,run2
"Serve on editorial boards, grant review panels, or professional committees.",universal,field,Health Sciences,Medicine & Clinical Sciences,106,0,0.0,0.0,run2
"Serve on editorial boards, grant review panels, or professional committees.",universal,field,Health Sciences,Nutrition & Dietetics,101,0,0.0,0.0,run2
"Serve on editorial boards, grant review panels, or professional committees.",universal,field,Health Sciences,Public Health & Epidemiology,102,0,0.0,0.0,run2
"Serve on editorial boards, grant review panels, or professional committees.",universal,field,Life Sciences,Agricultural Sciences,103,0,0.0,0.0,run2
"Serve on editorial boards, grant review panels, or professional committees.",universal,field,Life Sciences,Biology,102,0,0.0,0.0,run2
"Serve on editorial boards, grant review panels, or professional committees.",universal,field,Life Sciences,Biomedical Sciences,104,0,0.0,0.0,run2
"Serve on editorial boards, grant review panels, or professional committees.",universal,field,Life Sciences,Neuroscience,103,0,0.0,0.0,run2
"Serve on editorial boards, grant review panels, or professional committees.",universal,field,Life Sciences,Veterinary Medicine,100,0,0.0,0.0,run2
"Serve on editorial boards, grant review panels, or professional committees.",universal,field,Physical Sciences,Chemistry,102,0,0.0,0.0,run2
"Serve on editorial boards, grant review panels, or professional committees.",universal,field,Physical Sciences,Earth & Planetary Sciences,102,0,0.0,0.0,run2
"Serve on editorial boards, grant review panels, or professional committees.",universal,field,Physical Sciences,Engineering,102,0,0.0,0.0,run2
"Serve on editorial boards, grant review panels, or professional committees.",universal,field,Physical Sciences,Environmental Science,102,0,0.0,0.0,run2
"Serve on editorial boards, grant review panels, or professional committees.",universal,field,Physical Sciences,Materials Science,102,0,0.0,0.0,run2
"Serve on editorial boards, grant review panels, or professional committees.",universal,field,Physical Sciences,Physics & Astronomy,102,0,0.0,0.0,run2
"Serve on editorial boards, grant review panels, or professional committees.",universal,field,Social Sciences,Anthropology,101,0,0.0,0.0,run2
"Serve on editorial boards, grant review panels, or professional committees.",universal,field,Social Sciences,Business & Management,103,0,0.0,0.0,run2
"Serve on editorial boards, grant review panels, or professional committees.",universal,field,Social Sciences,Communication & Media Studies,101,0,0.0,0.0,run2
"Serve on editorial boards, grant review panels, or professional committees.",universal,field,Social Sciences,Economics,103,0,0.0,0.0,run2
"Serve on editorial boards, grant review panels, or professional committees.",universal,field,Social Sciences,Education,103,0,0.0,0.0,run2
"Serve on editorial boards, grant review panels, or professional committees.",universal,field,Social Sciences,Geography,101,0,0.0,0.0,run2
"Serve on editorial boards, grant review panels, or professional committees.",universal,field,Social Sciences,Law,103,0,0.0,0.0,run2
"Serve on editorial boards, grant review panels, or professional committees.",universal,field,Social Sciences,Library & Information Science,100,0,0.0,0.0,run2
"Serve on editorial boards, grant review panels, or professional committees.",universal,field,Social Sciences,Political Science,102,0,0.0,0.0,run2
"Serve on editorial boards, grant review panels, or professional committees.",universal,field,Social Sciences,Psychology,102,0,0.0,0.0,run2
"Serve on editorial boards, grant review panels, or professional committees.",universal,field,Social Sciences,Sociology,102,0,0.0,0.0,run2
Supervise graduate students and postdoctoral researchers on research projects.,universal,all,,,3470,157,0.054878,0.007031,run2
Supervise graduate students and postdoctoral researchers on research projects.,universal,domain,Arts & Humanities,,611,3,0.002604,0.001534,run2
Supervise graduate students and postdoctoral researchers on research projects.,universal,domain,Formal Sciences,,305,13,0.028289,0.013535,run2
Supervise graduate students and postdoctoral researchers on research projects.,universal,domain,Health Sciences,,309,19,0.035114,0.016566,run2
Supervise graduate students and postdoctoral researchers on research projects.,universal,domain,Life Sciences,,512,51,0.101557,0.020243,run2
Supervise graduate students and postdoctoral researchers on research projects.,universal,domain,Physical Sciences,,612,30,0.049109,0.010816,run2
Supervise graduate students and postdoctoral researchers on research projects.,universal,domain,Social Sciences,,1121,41,0.049742,0.009997,run2
Supervise graduate students and postdoctoral researchers on research projects.,universal,field,Arts & Humanities,Arts,101,1,0.009919,0.009919,run2
Supervise graduate students and postdoctoral researchers on research projects.,universal,field,Arts & Humanities,History,103,0,0.0,0.0,run2
Supervise graduate students and postdoctoral researchers on research projects.,universal,field,Arts & Humanities,Languages & Linguistics,102,0,0.0,0.0,run2
Supervise graduate students and postdoctoral researchers on research projects.,universal,field,Arts & Humanities,Literature,102,0,0.0,0.0,run2
Supervise graduate students and postdoctoral researchers on research projects.,universal,field,Arts & Humanities,Philosophy,102,0,0.0,0.0,run2
Supervise graduate students and postdoctoral researchers on research projects.,universal,field,Arts & Humanities,Religion,101,2,0.020295,0.014437,run2
Supervise graduate students and postdoctoral researchers on research projects.,universal,field,Formal Sciences,Computer Science,102,3,0.028984,0.016634,run2
Supervise graduate students and postdoctoral researchers on research projects.,universal,field,Formal Sciences,Mathematics,101,1,0.009133,0.00914,run2
Supervise graduate students and postdoctoral researchers on research projects.,universal,field,Formal Sciences,Statistics,102,9,0.088921,0.028446,run2
Supervise graduate students and postdoctoral researchers on research projects.,universal,field,Health Sciences,Medicine & Clinical Sciences,106,3,0.031376,0.017893,run2
Supervise graduate students and postdoctoral researchers on research projects.,universal,field,Health Sciences,Nutrition & Dietetics,101,8,0.079365,0.027059,run2
Supervise graduate students and postdoctoral researchers on research projects.,universal,field,Health Sciences,Public Health & Epidemiology,102,8,0.079328,0.027036,run2
Supervise graduate students and postdoctoral researchers on research projects.,universal,field,Life Sciences,Agricultural Sciences,103,13,0.124398,0.032679,run2
Supervise graduate students and postdoctoral researchers on research projects.,universal,field,Life Sciences,Biology,102,10,0.097713,0.02954,run2
Supervise graduate students and postdoctoral researchers on research projects.,universal,field,Life Sciences,Biomedical Sciences,104,12,0.110313,0.030814,run2
Supervise graduate students and postdoctoral researchers on research projects.,universal,field,Life Sciences,Neuroscience,103,4,0.038714,0.019077,run2
Supervise graduate students and postdoctoral researchers on research projects.,universal,field,Life Sciences,Veterinary Medicine,100,12,0.121646,0.033049,run2
Supervise graduate students and postdoctoral researchers on research projects.,universal,field,Physical Sciences,Chemistry,102,10,0.099385,0.029998,run2
Supervise graduate students and postdoctoral researchers on research projects.,universal,field,Physical Sciences,Earth & Planetary Sciences,102,4,0.040101,0.019737,run2
Supervise graduate students and postdoctoral researchers on research projects.,universal,field,Physical Sciences,Engineering,102,6,0.058765,0.023443,run2
Supervise graduate students and postdoctoral researchers on research projects.,universal,field,Physical Sciences,Environmental Science,102,1,0.009663,0.009665,run2
Supervise graduate students and postdoctoral researchers on research projects.,universal,field,Physical Sciences,Materials Science,102,6,0.060221,0.023948,run2
Supervise graduate students and postdoctoral researchers on research projects.,universal,field,Physical Sciences,Physics & Astronomy,102,3,0.029851,0.017066,run2
Supervise graduate students and postdoctoral researchers on research projects.,universal,field,Social Sciences,Anthropology,101,1,0.010235,0.010232,run2
Supervise graduate students and postdoctoral researchers on research projects.,universal,field,Social Sciences,Business & Management,103,2,0.019977,0.014049,run2
Supervise graduate students and postdoctoral researchers on research projects.,universal,field,Social Sciences,Communication & Media Studies,101,5,0.044172,0.020153,run2
Supervise graduate students and postdoctoral researchers on research projects.,universal,field,Social Sciences,Economics,103,0,0.0,0.0,run2
Supervise graduate students and postdoctoral researchers on research projects.,universal,field,Social Sciences,Education,103,4,0.040833,0.020083,run2
Supervise graduate students and postdoctoral researchers on research projects.,universal,field,Social Sciences,Geography,101,5,0.048975,0.021508,run2
Supervise graduate students and postdoctoral researchers on research projects.,universal,field,Social Sciences,Law,103,3,0.023987,0.015056,run2
Supervise graduate students and postdoctoral researchers on research projects.,universal,field,Social Sciences,Library & Information Science,100,0,0.0,0.0,run2
Supervise graduate students and postdoctoral researchers on research projects.,universal,field,Social Sciences,Political Science,102,2,0.020569,0.014459,run2
Supervise graduate students and postdoctoral researchers on research projects.,universal,field,Social Sciences,Psychology,102,12,0.117549,0.032228,run2
Supervise graduate students and postdoctoral researchers on research projects.,universal,field,Social Sciences,Sociology,102,7,0.062952,0.023885,run2
"Visualize data and results using graphs, tables, and figures for interpretation.",universal,all,,,3470,2635,0.946747,0.005129,run2
"Visualize data and results using graphs, tables, and figures for interpretation.",universal,domain,Arts & Humanities,,611,187,0.348291,0.019735,run2
"Visualize data and results using graphs, tables, and figures for interpretation.",universal,domain,Formal Sciences,,305,240,0.862878,0.02216,run2
"Visualize data and results using graphs, tables, and figures for interpretation.",universal,domain,Health Sciences,,309,300,0.963976,0.016873,run2
"Visualize data and results using graphs, tables, and figures for interpretation.",universal,domain,Life Sciences,,512,501,0.995643,0.0022,run2
"Visualize data and results using graphs, tables, and figures for interpretation.",universal,domain,Physical Sciences,,612,594,0.973934,0.007023,run2
"Visualize data and results using graphs, tables, and figures for interpretation.",universal,domain,Social Sciences,,1121,813,0.848926,0.012277,run2
"Visualize data and results using graphs, tables, and figures for interpretation.",universal,field,Arts & Humanities,Arts,101,44,0.438407,0.049735,run2
"Visualize data and results using graphs, tables, and figures for interpretation.",universal,field,Arts & Humanities,History,103,28,0.277655,0.044812,run2
"Visualize data and results using graphs, tables, and figures for interpretation.",universal,field,Arts & Humanities,Languages & Linguistics,102,72,0.702013,0.045893,run2
"Visualize data and results using graphs, tables, and figures for interpretation.",universal,field,Arts & Humanities,Literature,102,13,0.133163,0.037215,run2
"Visualize data and results using graphs, tables, and figures for interpretation.",universal,field,Arts & Humanities,Philosophy,102,12,0.117782,0.032128,run2
"Visualize data and results using graphs, tables, and figures for interpretation.",universal,field,Arts & Humanities,Religion,101,18,0.196866,0.041728,run2
"Visualize data and results using graphs, tables, and figures for interpretation.",universal,field,Formal Sciences,Computer Science,102,94,0.925037,0.025721,run2
"Visualize data and results using graphs, tables, and figures for interpretation.",universal,field,Formal Sciences,Mathematics,101,52,0.52244,0.050137,run2
"Visualize data and results using graphs, tables, and figures for interpretation.",universal,field,Formal Sciences,Statistics,102,94,0.921886,0.026737,run2
"Visualize data and results using graphs, tables, and figures for interpretation.",universal,field,Health Sciences,Medicine & Clinical Sciences,106,102,0.962992,0.018276,run2
"Visualize data and results using graphs, tables, and figures for interpretation.",universal,field,Health Sciences,Nutrition & Dietetics,101,100,0.990207,0.009794,run2
"Visualize data and results using graphs, tables, and figures for interpretation.",universal,field,Health Sciences,Public Health & Epidemiology,102,98,0.960649,0.01938,run2
"Visualize data and results using graphs, tables, and figures for interpretation.",universal,field,Life Sciences,Agricultural Sciences,103,101,0.982929,0.012197,run2
"Visualize data and results using graphs, tables, and figures for interpretation.",universal,field,Life Sciences,Biology,102,100,0.981544,0.013043,run2
"Visualize data and results using graphs, tables, and figures for interpretation.",universal,field,Life Sciences,Biomedical Sciences,104,104,1.0,0.0,run2
"Visualize data and results using graphs, tables, and figures for interpretation.",universal,field,Life Sciences,Neuroscience,103,103,1.0,0.0,run2
"Visualize data and results using graphs, tables, and figures for interpretation.",universal,field,Life Sciences,Veterinary Medicine,100,93,0.931651,0.025126,run2
"Visualize data and results using graphs, tables, and figures for interpretation.",universal,field,Physical Sciences,Chemistry,102,102,1.0,0.0,run2
"Visualize data and results using graphs, tables, and figures for interpretation.",universal,field,Physical Sciences,Earth & Planetary Sciences,102,100,0.980044,0.014039,run2
"Visualize data and results using graphs, tables, and figures for interpretation.",universal,field,Physical Sciences,Engineering,102,100,0.981506,0.013035,run2
"Visualize data and results using graphs, tables, and figures for interpretation.",universal,field,Physical Sciences,Environmental Science,102,101,0.989456,0.010537,run2
"Visualize data and results using graphs, tables, and figures for interpretation.",universal,field,Physical Sciences,Materials Science,102,99,0.970641,0.016785,run2
"Visualize data and results using graphs, tables, and figures for interpretation.",universal,field,Physical Sciences,Physics & Astronomy,102,92,0.902651,0.029459,run2
"Visualize data and results using graphs, tables, and figures for interpretation.",universal,field,Social Sciences,Anthropology,101,69,0.685581,0.046628,run2
"Visualize data and results using graphs, tables, and figures for interpretation.",universal,field,Social Sciences,Business & Management,103,92,0.893356,0.030614,run2
"Visualize data and results using graphs, tables, and figures for interpretation.",universal,field,Social Sciences,Communication & Media Studies,101,72,0.707422,0.045827,run2
"Visualize data and results using graphs, tables, and figures for interpretation.",universal,field,Social Sciences,Economics,103,95,0.922804,0.026511,run2
"Visualize data and results using graphs, tables, and figures for interpretation.",universal,field,Social Sciences,Education,103,75,0.725616,0.044501,run2
"Visualize data and results using graphs, tables, and figures for interpretation.",universal,field,Social Sciences,Geography,101,85,0.844053,0.036293,run2
"Visualize data and results using graphs, tables, and figures for interpretation.",universal,field,Social Sciences,Law,103,17,0.175064,0.038777,run2
"Visualize data and results using graphs, tables, and figures for interpretation.",universal,field,Social Sciences,Library & Information Science,100,81,0.779984,0.044181,run2
"Visualize data and results using graphs, tables, and figures for interpretation.",universal,field,Social Sciences,Political Science,102,57,0.551595,0.04966,run2
"Visualize data and results using graphs, tables, and figures for interpretation.",universal,field,Social Sciences,Psychology,102,98,0.960628,0.019416,run2
"Visualize data and results using graphs, tables, and figures for interpretation.",universal,field,Social Sciences,Sociology,102,72,0.710888,0.045568,run2
"Acquire medical imaging data (MRI, CT, X-ray, etc.).",domain,domain,Health Sciences,,309,31,0.189899,0.036659,run2
"Acquire medical imaging data (MRI, CT, X-ray, etc.).",domain,field,Health Sciences,Medicine & Clinical Sciences,106,21,0.20167,0.039736,run2
"Acquire medical imaging data (MRI, CT, X-ray, etc.).",domain,field,Health Sciences,Nutrition & Dietetics,101,9,0.09002,0.028756,run2
"Acquire medical imaging data (MRI, CT, X-ray, etc.).",domain,field,Health Sciences,Public Health & Epidemiology,102,1,0.010178,0.010174,run2
Acquire microscopy or imaging data of biological samples.,domain,domain,Life Sciences,,512,198,0.438776,0.032454,run2
Acquire microscopy or imaging data of biological samples.,domain,field,Life Sciences,Agricultural Sciences,103,18,0.176742,0.038132,run2
Acquire microscopy or imaging data of biological samples.,domain,field,Life Sciences,Biology,102,38,0.378618,0.048624,run2
Acquire microscopy or imaging data of biological samples.,domain,field,Life Sciences,Biomedical Sciences,104,51,0.47983,0.049556,run2
Acquire microscopy or imaging data of biological samples.,domain,field,Life Sciences,Neuroscience,103,62,0.59708,0.048769,run2
Acquire microscopy or imaging data of biological samples.,domain,field,Life Sciences,Veterinary Medicine,100,29,0.292236,0.045833,run2
"Acquire secondary data from administrative records, censuses, or public datasets.",domain,domain,Social Sciences,,1121,374,0.314829,0.016382,run2
"Acquire secondary data from administrative records, censuses, or public datasets.",domain,field,Social Sciences,Anthropology,101,12,0.121243,0.03295,run2
"Acquire secondary data from administrative records, censuses, or public datasets.",domain,field,Social Sciences,Business & Management,103,29,0.277461,0.044249,run2
"Acquire secondary data from administrative records, censuses, or public datasets.",domain,field,Social Sciences,Communication & Media Studies,101,20,0.198237,0.039964,run2
"Acquire secondary data from administrative records, censuses, or public datasets.",domain,field,Social Sciences,Economics,103,81,0.790705,0.040151,run2
"Acquire secondary data from administrative records, censuses, or public datasets.",domain,field,Social Sciences,Education,103,17,0.157144,0.03606,run2
"Acquire secondary data from administrative records, censuses, or public datasets.",domain,field,Social Sciences,Geography,101,52,0.520629,0.050219,run2
"Acquire secondary data from administrative records, censuses, or public datasets.",domain,field,Social Sciences,Law,103,19,0.196026,0.04051,run2
"Acquire secondary data from administrative records, censuses, or public datasets.",domain,field,Social Sciences,Library & Information Science,100,51,0.448203,0.050134,run2
"Acquire secondary data from administrative records, censuses, or public datasets.",domain,field,Social Sciences,Political Science,102,43,0.419562,0.049183,run2
"Acquire secondary data from administrative records, censuses, or public datasets.",domain,field,Social Sciences,Psychology,102,8,0.077071,0.02654,run2
"Acquire secondary data from administrative records, censuses, or public datasets.",domain,field,Social Sciences,Sociology,102,42,0.418397,0.049675,run2
Address selection bias and confounding when analyzing observational data.,domain,domain,Social Sciences,,1121,179,0.228657,0.018281,run2
Address selection bias and confounding when analyzing observational data.,domain,field,Social Sciences,Anthropology,101,0,0.0,0.0,run2
Address selection bias and confounding when analyzing observational data.,domain,field,Social Sciences,Business & Management,103,18,0.175018,0.037734,run2
Address selection bias and confounding when analyzing observational data.,domain,field,Social Sciences,Communication & Media Studies,101,11,0.10404,0.029988,run2
Address selection bias and confounding when analyzing observational data.,domain,field,Social Sciences,Economics,103,34,0.332485,0.046981,run2
Address selection bias and confounding when analyzing observational data.,domain,field,Social Sciences,Education,103,9,0.084236,0.027221,run2
Address selection bias and confounding when analyzing observational data.,domain,field,Social Sciences,Geography,101,9,0.093705,0.029837,run2
Address selection bias and confounding when analyzing observational data.,domain,field,Social Sciences,Law,103,1,0.010702,0.010693,run2
Address selection bias and confounding when analyzing observational data.,domain,field,Social Sciences,Library & Information Science,100,13,0.107047,0.02862,run2
Address selection bias and confounding when analyzing observational data.,domain,field,Social Sciences,Political Science,102,17,0.165957,0.037038,run2
Address selection bias and confounding when analyzing observational data.,domain,field,Social Sciences,Psychology,102,29,0.286577,0.045204,run2
Address selection bias and confounding when analyzing observational data.,domain,field,Social Sciences,Sociology,102,38,0.368078,0.048336,run2
"Adjudicate among competing interpretations, weighing textual and contextual evidence.",domain,domain,Arts & Humanities,,611,300,0.508385,0.022004,run2
"Adjudicate among competing interpretations, weighing textual and contextual evidence.",domain,field,Arts & Humanities,Arts,101,28,0.280353,0.045135,run2
"Adjudicate among competing interpretations, weighing textual and contextual evidence.",domain,field,Arts & Humanities,History,103,62,0.589862,0.049197,run2
"Adjudicate among competing interpretations, weighing textual and contextual evidence.",domain,field,Arts & Humanities,Languages & Linguistics,102,40,0.394986,0.049008,run2
"Adjudicate among competing interpretations, weighing textual and contextual evidence.",domain,field,Arts & Humanities,Literature,102,48,0.495077,0.054181,run2
"Adjudicate among competing interpretations, weighing textual and contextual evidence.",domain,field,Arts & Humanities,Philosophy,102,79,0.78062,0.041021,run2
"Adjudicate among competing interpretations, weighing textual and contextual evidence.",domain,field,Arts & Humanities,Religion,101,43,0.401466,0.04933,run2
"Administer standardized questionnaires and rating scales to participants to collect self-reported symptoms, behaviors, and psychosocial outcomes",domain,domain,Health Sciences,,309,104,0.245354,0.0389,run2
"Administer standardized questionnaires and rating scales to participants to collect self-reported symptoms, behaviors, and psychosocial outcomes",domain,field,Health Sciences,Medicine & Clinical Sciences,106,24,0.232694,0.04209,run2
"Administer standardized questionnaires and rating scales to participants to collect self-reported symptoms, behaviors, and psychosocial outcomes",domain,field,Health Sciences,Nutrition & Dietetics,101,49,0.484702,0.050032,run2
"Administer standardized questionnaires and rating scales to participants to collect self-reported symptoms, behaviors, and psychosocial outcomes",domain,field,Health Sciences,Public Health & Epidemiology,102,31,0.303187,0.045722,run2
"Analyze documentary and archival sources, such as policy texts or legislation, as primary evidence on institutional practices and contexts",domain,domain,Social Sciences,,1121,316,0.176803,0.013385,run2
"Analyze documentary and archival sources, such as policy texts or legislation, as primary evidence on institutional practices and contexts",domain,field,Social Sciences,Anthropology,101,17,0.157292,0.036171,run2
"Analyze documentary and archival sources, such as policy texts or legislation, as primary evidence on institutional practices and contexts",domain,field,Social Sciences,Business & Management,103,20,0.195552,0.039441,run2
"Analyze documentary and archival sources, such as policy texts or legislation, as primary evidence on institutional practices and contexts",domain,field,Social Sciences,Communication & Media Studies,101,21,0.209935,0.040953,run2
"Analyze documentary and archival sources, such as policy texts or legislation, as primary evidence on institutional practices and contexts",domain,field,Social Sciences,Economics,103,18,0.175792,0.038046,run2
"Analyze documentary and archival sources, such as policy texts or legislation, as primary evidence on institutional practices and contexts",domain,field,Social Sciences,Education,103,26,0.253372,0.043269,run2
"Analyze documentary and archival sources, such as policy texts or legislation, as primary evidence on institutional practices and contexts",domain,field,Social Sciences,Geography,101,27,0.271652,0.04493,run2
"Analyze documentary and archival sources, such as policy texts or legislation, as primary evidence on institutional practices and contexts",domain,field,Social Sciences,Law,103,95,0.915601,0.028637,run2
"Analyze documentary and archival sources, such as policy texts or legislation, as primary evidence on institutional practices and contexts",domain,field,Social Sciences,Library & Information Science,100,15,0.169422,0.039892,run2
"Analyze documentary and archival sources, such as policy texts or legislation, as primary evidence on institutional practices and contexts",domain,field,Social Sciences,Political Science,102,59,0.580963,0.04915,run2
"Analyze documentary and archival sources, such as policy texts or legislation, as primary evidence on institutional practices and contexts",domain,field,Social Sciences,Psychology,102,0,0.0,0.0,run2
"Analyze documentary and archival sources, such as policy texts or legislation, as primary evidence on institutional practices and contexts",domain,field,Social Sciences,Sociology,102,18,0.169557,0.037684,run2
"Analyze legal, policy, or institutional documents as external evidence bearing on the claims under examination",domain,domain,Arts & Humanities,,611,82,0.161506,0.016897,run2
"Analyze legal, policy, or institutional documents as external evidence bearing on the claims under examination",domain,field,Arts & Humanities,Arts,101,12,0.119866,0.032618,run2
"Analyze legal, policy, or institutional documents as external evidence bearing on the claims under examination",domain,field,Arts & Humanities,History,103,35,0.343094,0.047458,run2
"Analyze legal, policy, or institutional documents as external evidence bearing on the claims under examination",domain,field,Arts & Humanities,Languages & Linguistics,102,7,0.071574,0.026176,run2
"Analyze legal, policy, or institutional documents as external evidence bearing on the claims under examination",domain,field,Arts & Humanities,Literature,102,6,0.051436,0.022665,run2
"Analyze legal, policy, or institutional documents as external evidence bearing on the claims under examination",domain,field,Arts & Humanities,Philosophy,102,3,0.030125,0.01722,run2
"Analyze legal, policy, or institutional documents as external evidence bearing on the claims under examination",domain,field,Arts & Humanities,Religion,101,19,0.211372,0.043033,run2
"Analyze time-to-event outcomes (e.g., survival, disease progression).",domain,domain,Health Sciences,,309,35,0.184511,0.035659,run2
"Analyze time-to-event outcomes (e.g., survival, disease progression).",domain,field,Health Sciences,Medicine & Clinical Sciences,106,21,0.194441,0.038645,run2
"Analyze time-to-event outcomes (e.g., survival, disease progression).",domain,field,Health Sciences,Nutrition & Dietetics,101,6,0.056449,0.022719,run2
"Analyze time-to-event outcomes (e.g., survival, disease progression).",domain,field,Health Sciences,Public Health & Epidemiology,102,8,0.0779,0.026594,run2
"Annotate a corpus of texts, recordings, or images according to an explicit coding scheme.",domain,domain,Arts & Humanities,,611,63,0.121074,0.013198,run2
"Annotate a corpus of texts, recordings, or images according to an explicit coding scheme.",domain,field,Arts & Humanities,Arts,101,8,0.080273,0.027344,run2
"Annotate a corpus of texts, recordings, or images according to an explicit coding scheme.",domain,field,Arts & Humanities,History,103,1,0.010715,0.010705,run2
"Annotate a corpus of texts, recordings, or images according to an explicit coding scheme.",domain,field,Arts & Humanities,Languages & Linguistics,102,41,0.397247,0.04907,run2
"Annotate a corpus of texts, recordings, or images according to an explicit coding scheme.",domain,field,Arts & Humanities,Literature,102,8,0.078183,0.029146,run2
"Annotate a corpus of texts, recordings, or images according to an explicit coding scheme.",domain,field,Arts & Humanities,Philosophy,102,0,0.0,0.0,run2
"Annotate a corpus of texts, recordings, or images according to an explicit coding scheme.",domain,field,Arts & Humanities,Religion,101,5,0.054759,0.024087,run2
Apply a proposed method or technique to real-world data or cases to demonstrate its practical applicability and the interpretation of its results.,domain,domain,Formal Sciences,,305,137,0.532519,0.040042,run2
Apply a proposed method or technique to real-world data or cases to demonstrate its practical applicability and the interpretation of its results.,domain,field,Formal Sciences,Computer Science,102,61,0.596531,0.049,run2
Apply a proposed method or technique to real-world data or cases to demonstrate its practical applicability and the interpretation of its results.,domain,field,Formal Sciences,Mathematics,101,19,0.192756,0.039961,run2
Apply a proposed method or technique to real-world data or cases to demonstrate its practical applicability and the interpretation of its results.,domain,field,Formal Sciences,Statistics,102,57,0.550976,0.049652,run2
Apply calibration corrections and noise filtering to raw measurements.,domain,domain,Physical Sciences,,612,141,0.18978,0.017452,run2
Apply calibration corrections and noise filtering to raw measurements.,domain,field,Physical Sciences,Chemistry,102,27,0.267729,0.044425,run2
Apply calibration corrections and noise filtering to raw measurements.,domain,field,Physical Sciences,Earth & Planetary Sciences,102,39,0.384106,0.048624,run2
Apply calibration corrections and noise filtering to raw measurements.,domain,field,Physical Sciences,Engineering,102,12,0.118159,0.032233,run2
Apply calibration corrections and noise filtering to raw measurements.,domain,field,Physical Sciences,Environmental Science,102,26,0.254679,0.043417,run2
Apply calibration corrections and noise filtering to raw measurements.,domain,field,Physical Sciences,Materials Science,102,17,0.166295,0.037129,run2
Apply calibration corrections and noise filtering to raw measurements.,domain,field,Physical Sciences,Physics & Astronomy,102,20,0.196047,0.039591,run2
Apply concepts or theories drawn from outside the domain under study as interpretive frameworks for its phenomena,domain,domain,Arts & Humanities,,611,294,0.419308,0.020896,run2
Apply concepts or theories drawn from outside the domain under study as interpretive frameworks for its phenomena,domain,field,Arts & Humanities,Arts,101,54,0.528659,0.050029,run2
Apply concepts or theories drawn from outside the domain under study as interpretive frameworks for its phenomena,domain,field,Arts & Humanities,History,103,29,0.291899,0.045672,run2
Apply concepts or theories drawn from outside the domain under study as interpretive frameworks for its phenomena,domain,field,Arts & Humanities,Languages & Linguistics,102,28,0.266989,0.044308,run2
Apply concepts or theories drawn from outside the domain under study as interpretive frameworks for its phenomena,domain,field,Arts & Humanities,Literature,102,73,0.726044,0.047904,run2
Apply concepts or theories drawn from outside the domain under study as interpretive frameworks for its phenomena,domain,field,Arts & Humanities,Philosophy,102,48,0.459453,0.049694,run2
Apply concepts or theories drawn from outside the domain under study as interpretive frameworks for its phenomena,domain,field,Arts & Humanities,Religion,101,62,0.621823,0.049117,run2
"Assemble benchmark datasets, problem instances, or test cases on which methods are evaluated.",domain,domain,Formal Sciences,,305,97,0.469831,0.040515,run2
"Assemble benchmark datasets, problem instances, or test cases on which methods are evaluated.",domain,field,Formal Sciences,Computer Science,102,55,0.541517,0.049725,run2
"Assemble benchmark datasets, problem instances, or test cases on which methods are evaluated.",domain,field,Formal Sciences,Mathematics,101,15,0.148944,0.035761,run2
"Assemble benchmark datasets, problem instances, or test cases on which methods are evaluated.",domain,field,Formal Sciences,Statistics,102,27,0.257629,0.043246,run2
Assess the reliability and precision of measurements through replicate testing and comparison with reference procedures,domain,domain,Life Sciences,,512,126,0.358714,0.032172,run2
Assess the reliability and precision of measurements through replicate testing and comparison with reference procedures,domain,field,Life Sciences,Agricultural Sciences,103,23,0.231642,0.04242,run2
Assess the reliability and precision of measurements through replicate testing and comparison with reference procedures,domain,field,Life Sciences,Biology,102,16,0.151365,0.036105,run2
Assess the reliability and precision of measurements through replicate testing and comparison with reference procedures,domain,field,Life Sciences,Biomedical Sciences,104,47,0.458199,0.049479,run2
Assess the reliability and precision of measurements through replicate testing and comparison with reference procedures,domain,field,Life Sciences,Neuroscience,103,17,0.164418,0.036684,run2
Assess the reliability and precision of measurements through replicate testing and comparison with reference procedures,domain,field,Life Sciences,Veterinary Medicine,100,23,0.231704,0.042534,run2
Assess the reliability and validity of measurement instruments before substantive analysis,domain,domain,Social Sciences,,1121,222,0.330962,0.019348,run2
Assess the reliability and validity of measurement instruments before substantive analysis,domain,field,Social Sciences,Anthropology,101,12,0.121402,0.032988,run2
Assess the reliability and validity of measurement instruments before substantive analysis,domain,field,Social Sciences,Business & Management,103,34,0.333738,0.046896,run2
Assess the reliability and validity of measurement instruments before substantive analysis,domain,field,Social Sciences,Communication & Media Studies,101,23,0.225483,0.041727,run2
Assess the reliability and validity of measurement instruments before substantive analysis,domain,field,Social Sciences,Economics,103,7,0.070134,0.025699,run2
Assess the reliability and validity of measurement instruments before substantive analysis,domain,field,Social Sciences,Education,103,34,0.342371,0.047577,run2
Assess the reliability and validity of measurement instruments before substantive analysis,domain,field,Social Sciences,Geography,101,11,0.110386,0.031784,run2
Assess the reliability and validity of measurement instruments before substantive analysis,domain,field,Social Sciences,Law,103,0,0.0,0.0,run2
Assess the reliability and validity of measurement instruments before substantive analysis,domain,field,Social Sciences,Library & Information Science,100,9,0.095297,0.030659,run2
Assess the reliability and validity of measurement instruments before substantive analysis,domain,field,Social Sciences,Political Science,102,8,0.074998,0.025707,run2
Assess the reliability and validity of measurement instruments before substantive analysis,domain,field,Social Sciences,Psychology,102,65,0.635568,0.048051,run2
Assess the reliability and validity of measurement instruments before substantive analysis,domain,field,Social Sciences,Sociology,102,19,0.184459,0.03862,run2
Build custom apparatus and prototype hardware to enable experiments and measurements beyond commercial capability,domain,domain,Physical Sciences,,612,68,0.13031,0.017113,run2
Build custom apparatus and prototype hardware to enable experiments and measurements beyond commercial capability,domain,field,Physical Sciences,Chemistry,102,8,0.077939,0.026759,run2
Build custom apparatus and prototype hardware to enable experiments and measurements beyond commercial capability,domain,field,Physical Sciences,Earth & Planetary Sciences,102,1,0.009894,0.009893,run2
Build custom apparatus and prototype hardware to enable experiments and measurements beyond commercial capability,domain,field,Physical Sciences,Engineering,102,16,0.159442,0.036758,run2
Build custom apparatus and prototype hardware to enable experiments and measurements beyond commercial capability,domain,field,Physical Sciences,Environmental Science,102,5,0.046066,0.020296,run2
Build custom apparatus and prototype hardware to enable experiments and measurements beyond commercial capability,domain,field,Physical Sciences,Materials Science,102,20,0.199397,0.040092,run2
Build custom apparatus and prototype hardware to enable experiments and measurements beyond commercial capability,domain,field,Physical Sciences,Physics & Astronomy,102,18,0.175577,0.037875,run2
"Calculate population-level disease frequency and burden measures from registry, mortality, or survey data using population denominators",domain,domain,Health Sciences,,309,45,0.049968,0.017192,run2
"Calculate population-level disease frequency and burden measures from registry, mortality, or survey data using population denominators",domain,field,Health Sciences,Medicine & Clinical Sciences,106,4,0.03725,0.018515,run2
"Calculate population-level disease frequency and burden measures from registry, mortality, or survey data using population denominators",domain,field,Health Sciences,Nutrition & Dietetics,101,5,0.049602,0.021735,run2
"Calculate population-level disease frequency and burden measures from registry, mortality, or survey data using population denominators",domain,field,Health Sciences,Public Health & Epidemiology,102,36,0.355297,0.047708,run2
Calibrate instruments and characterize measurement error.,domain,domain,Physical Sciences,,612,134,0.181008,0.016606,run2
Calibrate instruments and characterize measurement error.,domain,field,Physical Sciences,Chemistry,102,30,0.304756,0.046442,run2
Calibrate instruments and characterize measurement error.,domain,field,Physical Sciences,Earth & Planetary Sciences,102,25,0.24272,0.042778,run2
Calibrate instruments and characterize measurement error.,domain,field,Physical Sciences,Engineering,102,9,0.089505,0.028648,run2
Calibrate instruments and characterize measurement error.,domain,field,Physical Sciences,Environmental Science,102,29,0.284503,0.044992,run2
Calibrate instruments and characterize measurement error.,domain,field,Physical Sciences,Materials Science,102,17,0.16825,0.037438,run2
Calibrate instruments and characterize measurement error.,domain,field,Physical Sciences,Physics & Astronomy,102,24,0.234814,0.042249,run2
"Check claims, interpretations, or data against independent sources to establish accuracy and correct errors",domain,domain,Arts & Humanities,,611,120,0.240085,0.019716,run2
"Check claims, interpretations, or data against independent sources to establish accuracy and correct errors",domain,field,Arts & Humanities,Arts,101,14,0.141827,0.035236,run2
"Check claims, interpretations, or data against independent sources to establish accuracy and correct errors",domain,field,Arts & Humanities,History,103,42,0.397707,0.048675,run2
"Check claims, interpretations, or data against independent sources to establish accuracy and correct errors",domain,field,Arts & Humanities,Languages & Linguistics,102,29,0.286349,0.045316,run2
"Check claims, interpretations, or data against independent sources to establish accuracy and correct errors",domain,field,Arts & Humanities,Literature,102,12,0.118437,0.035072,run2
"Check claims, interpretations, or data against independent sources to establish accuracy and correct errors",domain,field,Arts & Humanities,Philosophy,102,4,0.039148,0.019297,run2
"Check claims, interpretations, or data against independent sources to establish accuracy and correct errors",domain,field,Arts & Humanities,Religion,101,19,0.187046,0.039531,run2
Clean and recode self-reported or text-based responses.,domain,domain,Social Sciences,,1121,95,0.096108,0.012402,run2
Clean and recode self-reported or text-based responses.,domain,field,Social Sciences,Anthropology,101,0,0.0,0.0,run2
Clean and recode self-reported or text-based responses.,domain,field,Social Sciences,Business & Management,103,5,0.047502,0.020901,run2
Clean and recode self-reported or text-based responses.,domain,field,Social Sciences,Communication & Media Studies,101,15,0.148345,0.035603,run2
Clean and recode self-reported or text-based responses.,domain,field,Social Sciences,Economics,103,7,0.070125,0.025717,run2
Clean and recode self-reported or text-based responses.,domain,field,Social Sciences,Education,103,11,0.108812,0.031153,run2
Clean and recode self-reported or text-based responses.,domain,field,Social Sciences,Geography,101,5,0.05173,0.022652,run2
Clean and recode self-reported or text-based responses.,domain,field,Social Sciences,Law,103,1,0.010564,0.010557,run2
Clean and recode self-reported or text-based responses.,domain,field,Social Sciences,Library & Information Science,100,8,0.090594,0.030709,run2
Clean and recode self-reported or text-based responses.,domain,field,Social Sciences,Political Science,102,5,0.048552,0.021292,run2
Clean and recode self-reported or text-based responses.,domain,field,Social Sciences,Psychology,102,14,0.135695,0.034071,run2
Clean and recode self-reported or text-based responses.,domain,field,Social Sciences,Sociology,102,24,0.232962,0.042145,run2
Code qualitative data from interviews or open-ended responses.,domain,domain,Social Sciences,,1121,176,0.136854,0.014148,run2
Code qualitative data from interviews or open-ended responses.,domain,field,Social Sciences,Anthropology,101,9,0.087201,0.028031,run2
Code qualitative data from interviews or open-ended responses.,domain,field,Social Sciences,Business & Management,103,15,0.147776,0.03538,run2
Code qualitative data from interviews or open-ended responses.,domain,field,Social Sciences,Communication & Media Studies,101,29,0.283921,0.045201,run2
Code qualitative data from interviews or open-ended responses.,domain,field,Social Sciences,Economics,103,2,0.020652,0.014514,run2
Code qualitative data from interviews or open-ended responses.,domain,field,Social Sciences,Education,103,39,0.382783,0.048469,run2
Code qualitative data from interviews or open-ended responses.,domain,field,Social Sciences,Geography,101,18,0.175732,0.038091,run2
Code qualitative data from interviews or open-ended responses.,domain,field,Social Sciences,Law,103,4,0.038637,0.019263,run2
Code qualitative data from interviews or open-ended responses.,domain,field,Social Sciences,Library & Information Science,100,22,0.251781,0.046007,run2
Code qualitative data from interviews or open-ended responses.,domain,field,Social Sciences,Political Science,102,10,0.094838,0.028739,run2
Code qualitative data from interviews or open-ended responses.,domain,field,Social Sciences,Psychology,102,12,0.117391,0.032179,run2
Code qualitative data from interviews or open-ended responses.,domain,field,Social Sciences,Sociology,102,16,0.14739,0.035782,run2
Code qualitative interview and focus-group data thematically to identify recurring themes and categories,domain,domain,Health Sciences,,309,23,0.066562,0.022701,run2
Code qualitative interview and focus-group data thematically to identify recurring themes and categories,domain,field,Health Sciences,Medicine & Clinical Sciences,106,7,0.06549,0.024568,run2
Code qualitative interview and focus-group data thematically to identify recurring themes and categories,domain,field,Health Sciences,Nutrition & Dietetics,101,4,0.039586,0.019496,run2
Code qualitative interview and focus-group data thematically to identify recurring themes and categories,domain,field,Health Sciences,Public Health & Epidemiology,102,12,0.119969,0.03261,run2
"Collect biological specimens such as tissue, blood, or cell cultures.",domain,domain,Life Sciences,,512,293,0.618985,0.031117,run2
"Collect biological specimens such as tissue, blood, or cell cultures.",domain,field,Life Sciences,Agricultural Sciences,103,57,0.556751,0.049448,run2
"Collect biological specimens such as tissue, blood, or cell cultures.",domain,field,Life Sciences,Biology,102,65,0.633336,0.048245,run2
"Collect biological specimens such as tissue, blood, or cell cultures.",domain,field,Life Sciences,Biomedical Sciences,104,71,0.678271,0.046466,run2
"Collect biological specimens such as tissue, blood, or cell cultures.",domain,field,Life Sciences,Neuroscience,103,46,0.441238,0.049201,run2
"Collect biological specimens such as tissue, blood, or cell cultures.",domain,field,Life Sciences,Veterinary Medicine,100,54,0.543287,0.050075,run2
"Collect experimental data using detectors, sensors, or spectrometers.",domain,domain,Physical Sciences,,612,339,0.565039,0.023143,run2
"Collect experimental data using detectors, sensors, or spectrometers.",domain,field,Physical Sciences,Chemistry,102,89,0.871501,0.033489,run2
"Collect experimental data using detectors, sensors, or spectrometers.",domain,field,Physical Sciences,Earth & Planetary Sciences,102,34,0.329458,0.046935,run2
"Collect experimental data using detectors, sensors, or spectrometers.",domain,field,Physical Sciences,Engineering,102,57,0.569118,0.049352,run2
"Collect experimental data using detectors, sensors, or spectrometers.",domain,field,Physical Sciences,Environmental Science,102,40,0.393056,0.048715,run2
"Collect experimental data using detectors, sensors, or spectrometers.",domain,field,Physical Sciences,Materials Science,102,88,0.869343,0.03333,run2
"Collect experimental data using detectors, sensors, or spectrometers.",domain,field,Physical Sciences,Physics & Astronomy,102,31,0.304655,0.045945,run2
Collect information from local stakeholders through interviews or questionnaires to document their knowledge and practices,domain,domain,Life Sciences,,512,23,0.013701,0.004303,run2
Collect information from local stakeholders through interviews or questionnaires to document their knowledge and practices,domain,field,Life Sciences,Agricultural Sciences,103,6,0.054347,0.021968,run2
Collect information from local stakeholders through interviews or questionnaires to document their knowledge and practices,domain,field,Life Sciences,Biology,102,1,0.009968,0.009967,run2
Collect information from local stakeholders through interviews or questionnaires to document their knowledge and practices,domain,field,Life Sciences,Biomedical Sciences,104,0,0.0,0.0,run2
Collect information from local stakeholders through interviews or questionnaires to document their knowledge and practices,domain,field,Life Sciences,Neuroscience,103,2,0.019097,0.013444,run2
Collect information from local stakeholders through interviews or questionnaires to document their knowledge and practices,domain,field,Life Sciences,Veterinary Medicine,100,14,0.140702,0.03504,run2
"Collect observational data from telescopes, satellites, or field instruments.",domain,domain,Physical Sciences,,612,79,0.098683,0.010524,run2
"Collect observational data from telescopes, satellites, or field instruments.",domain,field,Physical Sciences,Chemistry,102,0,0.0,0.0,run2
"Collect observational data from telescopes, satellites, or field instruments.",domain,field,Physical Sciences,Earth & Planetary Sciences,102,35,0.342562,0.047411,run2
"Collect observational data from telescopes, satellites, or field instruments.",domain,field,Physical Sciences,Engineering,102,2,0.016267,0.011574,run2
"Collect observational data from telescopes, satellites, or field instruments.",domain,field,Physical Sciences,Environmental Science,102,34,0.333309,0.047005,run2
"Collect observational data from telescopes, satellites, or field instruments.",domain,field,Physical Sciences,Materials Science,102,0,0.0,0.0,run2
"Collect observational data from telescopes, satellites, or field instruments.",domain,field,Physical Sciences,Physics & Astronomy,102,8,0.079476,0.027089,run2
Collect patient data from electronic health records or clinical registries.,domain,domain,Health Sciences,,309,64,0.313961,0.042444,run2
Collect patient data from electronic health records or clinical registries.,domain,field,Health Sciences,Medicine & Clinical Sciences,106,36,0.32887,0.045986,run2
Collect patient data from electronic health records or clinical registries.,domain,field,Health Sciences,Nutrition & Dietetics,101,11,0.109726,0.031363,run2
Collect patient data from electronic health records or clinical registries.,domain,field,Health Sciences,Public Health & Epidemiology,102,17,0.166159,0.037008,run2
"Collect primary data through surveys, interviews, or observations of people.",domain,domain,Social Sciences,,1121,454,0.519357,0.018137,run2
"Collect primary data through surveys, interviews, or observations of people.",domain,field,Social Sciences,Anthropology,101,34,0.333738,0.047336,run2
"Collect primary data through surveys, interviews, or observations of people.",domain,field,Social Sciences,Business & Management,103,57,0.55557,0.049274,run2
"Collect primary data through surveys, interviews, or observations of people.",domain,field,Social Sciences,Communication & Media Studies,101,32,0.312153,0.046399,run2
"Collect primary data through surveys, interviews, or observations of people.",domain,field,Social Sciences,Economics,103,7,0.063114,0.023384,run2
"Collect primary data through surveys, interviews, or observations of people.",domain,field,Social Sciences,Education,103,70,0.68894,0.045964,run2
"Collect primary data through surveys, interviews, or observations of people.",domain,field,Social Sciences,Geography,101,48,0.476516,0.050235,run2
"Collect primary data through surveys, interviews, or observations of people.",domain,field,Social Sciences,Law,103,14,0.125095,0.032882,run2
"Collect primary data through surveys, interviews, or observations of people.",domain,field,Social Sciences,Library & Information Science,100,34,0.378844,0.05043,run2
"Collect primary data through surveys, interviews, or observations of people.",domain,field,Social Sciences,Political Science,102,26,0.247919,0.04267,run2
"Collect primary data through surveys, interviews, or observations of people.",domain,field,Social Sciences,Psychology,102,85,0.834751,0.036906,run2
"Collect primary data through surveys, interviews, or observations of people.",domain,field,Social Sciences,Sociology,102,47,0.446906,0.049929,run2
Combine multiple indicators into composite indices to measure latent constructs and compare units,domain,domain,Social Sciences,,1121,165,0.21229,0.018339,run2
Combine multiple indicators into composite indices to measure latent constructs and compare units,domain,field,Social Sciences,Anthropology,101,3,0.02868,0.016452,run2
Combine multiple indicators into composite indices to measure latent constructs and compare units,domain,field,Social Sciences,Business & Management,103,24,0.234388,0.042113,run2
Combine multiple indicators into composite indices to measure latent constructs and compare units,domain,field,Social Sciences,Communication & Media Studies,101,13,0.123615,0.032449,run2
Combine multiple indicators into composite indices to measure latent constructs and compare units,domain,field,Social Sciences,Economics,103,12,0.1134,0.03133,run2
Combine multiple indicators into composite indices to measure latent constructs and compare units,domain,field,Social Sciences,Education,103,21,0.205857,0.040354,run2
Combine multiple indicators into composite indices to measure latent constructs and compare units,domain,field,Social Sciences,Geography,101,18,0.180561,0.038891,run2
Combine multiple indicators into composite indices to measure latent constructs and compare units,domain,field,Social Sciences,Law,103,1,0.010702,0.010693,run2
Combine multiple indicators into composite indices to measure latent constructs and compare units,domain,field,Social Sciences,Library & Information Science,100,10,0.092938,0.028667,run2
Combine multiple indicators into composite indices to measure latent constructs and compare units,domain,field,Social Sciences,Political Science,102,11,0.103779,0.029902,run2
Combine multiple indicators into composite indices to measure latent constructs and compare units,domain,field,Social Sciences,Psychology,102,32,0.312415,0.046267,run2
Combine multiple indicators into composite indices to measure latent constructs and compare units,domain,field,Social Sciences,Sociology,102,20,0.192435,0.039406,run2
Compare a work with its counterpart in another medium to identify shifts in form and meaning,domain,domain,Arts & Humanities,,611,26,0.036795,0.007613,run2
Compare a work with its counterpart in another medium to identify shifts in form and meaning,domain,field,Arts & Humanities,Arts,101,12,0.117132,0.032097,run2
Compare a work with its counterpart in another medium to identify shifts in form and meaning,domain,field,Arts & Humanities,History,103,2,0.020353,0.014329,run2
Compare a work with its counterpart in another medium to identify shifts in form and meaning,domain,field,Arts & Humanities,Languages & Linguistics,102,0,0.0,0.0,run2
Compare a work with its counterpart in another medium to identify shifts in form and meaning,domain,field,Arts & Humanities,Literature,102,10,0.116748,0.036334,run2
Compare a work with its counterpart in another medium to identify shifts in form and meaning,domain,field,Arts & Humanities,Philosophy,102,1,0.006924,0.006945,run2
Compare a work with its counterpart in another medium to identify shifts in form and meaning,domain,field,Arts & Humanities,Religion,101,1,0.008232,0.008247,run2
"Compare candidate materials, designs, or technologies against defined technical and application criteria to assess relative suitability",domain,domain,Physical Sciences,,612,215,0.45212,0.021481,run2
"Compare candidate materials, designs, or technologies against defined technical and application criteria to assess relative suitability",domain,field,Physical Sciences,Chemistry,102,60,0.595175,0.048965,run2
"Compare candidate materials, designs, or technologies against defined technical and application criteria to assess relative suitability",domain,field,Physical Sciences,Earth & Planetary Sciences,102,3,0.029944,0.01711,run2
"Compare candidate materials, designs, or technologies against defined technical and application criteria to assess relative suitability",domain,field,Physical Sciences,Engineering,102,70,0.689956,0.046095,run2
"Compare candidate materials, designs, or technologies against defined technical and application criteria to assess relative suitability",domain,field,Physical Sciences,Environmental Science,102,11,0.107312,0.030757,run2
"Compare candidate materials, designs, or technologies against defined technical and application criteria to assess relative suitability",domain,field,Physical Sciences,Materials Science,102,59,0.583049,0.049177,run2
"Compare candidate materials, designs, or technologies against defined technical and application criteria to assess relative suitability",domain,field,Physical Sciences,Physics & Astronomy,102,12,0.117635,0.032174,run2
Compare documented cases or practices across communities or institutions to explain divergent outcomes,domain,domain,Arts & Humanities,,611,117,0.225433,0.019265,run2
Compare documented cases or practices across communities or institutions to explain divergent outcomes,domain,field,Arts & Humanities,Arts,101,21,0.204547,0.040228,run2
Compare documented cases or practices across communities or institutions to explain divergent outcomes,domain,field,Arts & Humanities,History,103,36,0.355227,0.047781,run2
Compare documented cases or practices across communities or institutions to explain divergent outcomes,domain,field,Arts & Humanities,Languages & Linguistics,102,27,0.27107,0.044742,run2
Compare documented cases or practices across communities or institutions to explain divergent outcomes,domain,field,Arts & Humanities,Literature,102,7,0.07351,0.028842,run2
Compare documented cases or practices across communities or institutions to explain divergent outcomes,domain,field,Arts & Humanities,Philosophy,102,0,0.0,0.0,run2
Compare documented cases or practices across communities or institutions to explain divergent outcomes,domain,field,Arts & Humanities,Religion,101,26,0.274299,0.046204,run2
"Compare results against independent datasets, models, or reference cases to quantify agreement and validate them",domain,domain,Physical Sciences,,612,461,0.73718,0.021642,run2
"Compare results against independent datasets, models, or reference cases to quantify agreement and validate them",domain,field,Physical Sciences,Chemistry,102,72,0.708832,0.045279,run2
"Compare results against independent datasets, models, or reference cases to quantify agreement and validate them",domain,field,Physical Sciences,Earth & Planetary Sciences,102,91,0.891717,0.031046,run2
"Compare results against independent datasets, models, or reference cases to quantify agreement and validate them",domain,field,Physical Sciences,Engineering,102,74,0.729997,0.044144,run2
"Compare results against independent datasets, models, or reference cases to quantify agreement and validate them",domain,field,Physical Sciences,Environmental Science,102,69,0.678459,0.046507,run2
"Compare results against independent datasets, models, or reference cases to quantify agreement and validate them",domain,field,Physical Sciences,Materials Science,102,76,0.741129,0.043882,run2
"Compare results against independent datasets, models, or reference cases to quantify agreement and validate them",domain,field,Physical Sciences,Physics & Astronomy,102,79,0.772125,0.042014,run2
Compare sequences across genomes or reference databases to identify homologous and lineage-specific genes,domain,domain,Life Sciences,,512,51,0.123825,0.023228,run2
Compare sequences across genomes or reference databases to identify homologous and lineage-specific genes,domain,field,Life Sciences,Agricultural Sciences,103,10,0.098888,0.029837,run2
Compare sequences across genomes or reference databases to identify homologous and lineage-specific genes,domain,field,Life Sciences,Biology,102,16,0.14453,0.034784,run2
Compare sequences across genomes or reference databases to identify homologous and lineage-specific genes,domain,field,Life Sciences,Biomedical Sciences,104,16,0.156747,0.036207,run2
Compare sequences across genomes or reference databases to identify homologous and lineage-specific genes,domain,field,Life Sciences,Neuroscience,103,1,0.009747,0.009747,run2
Compare sequences across genomes or reference databases to identify homologous and lineage-specific genes,domain,field,Life Sciences,Veterinary Medicine,100,8,0.081194,0.027639,run2
Compare treatment and control groups using statistical tests.,domain,domain,Life Sciences,,512,262,0.570373,0.032547,run2
Compare treatment and control groups using statistical tests.,domain,field,Life Sciences,Agricultural Sciences,103,55,0.544029,0.049565,run2
Compare treatment and control groups using statistical tests.,domain,field,Life Sciences,Biology,102,32,0.308942,0.046312,run2
Compare treatment and control groups using statistical tests.,domain,field,Life Sciences,Biomedical Sciences,104,59,0.56615,0.049177,run2
Compare treatment and control groups using statistical tests.,domain,field,Life Sciences,Neuroscience,103,73,0.713436,0.044678,run2
Compare treatment and control groups using statistical tests.,domain,field,Life Sciences,Veterinary Medicine,100,43,0.429666,0.049784,run2
Compute statistical and spectral descriptors from measured or simulated signals to characterize system behavior,domain,domain,Physical Sciences,,612,206,0.312722,0.0221,run2
Compute statistical and spectral descriptors from measured or simulated signals to characterize system behavior,domain,field,Physical Sciences,Chemistry,102,17,0.159801,0.036187,run2
Compute statistical and spectral descriptors from measured or simulated signals to characterize system behavior,domain,field,Physical Sciences,Earth & Planetary Sciences,102,54,0.535321,0.049789,run2
Compute statistical and spectral descriptors from measured or simulated signals to characterize system behavior,domain,field,Physical Sciences,Engineering,102,29,0.281143,0.044771,run2
Compute statistical and spectral descriptors from measured or simulated signals to characterize system behavior,domain,field,Physical Sciences,Environmental Science,102,27,0.263164,0.043818,run2
Compute statistical and spectral descriptors from measured or simulated signals to characterize system behavior,domain,field,Physical Sciences,Materials Science,102,33,0.327155,0.046952,run2
Compute statistical and spectral descriptors from measured or simulated signals to characterize system behavior,domain,field,Physical Sciences,Physics & Astronomy,102,46,0.454077,0.049781,run2
"Consider whether findings will generalize across populations, time periods, or contexts.",domain,domain,Social Sciences,,1121,546,0.556039,0.020449,run2
"Consider whether findings will generalize across populations, time periods, or contexts.",domain,field,Social Sciences,Anthropology,101,48,0.471604,0.050143,run2
"Consider whether findings will generalize across populations, time periods, or contexts.",domain,field,Social Sciences,Business & Management,103,51,0.495605,0.049596,run2
"Consider whether findings will generalize across populations, time periods, or contexts.",domain,field,Social Sciences,Communication & Media Studies,101,54,0.535964,0.050036,run2
"Consider whether findings will generalize across populations, time periods, or contexts.",domain,field,Social Sciences,Economics,103,50,0.484388,0.049735,run2
"Consider whether findings will generalize across populations, time periods, or contexts.",domain,field,Social Sciences,Education,103,45,0.429267,0.049292,run2
"Consider whether findings will generalize across populations, time periods, or contexts.",domain,field,Social Sciences,Geography,101,50,0.497208,0.050289,run2
"Consider whether findings will generalize across populations, time periods, or contexts.",domain,field,Social Sciences,Law,103,13,0.118372,0.032888,run2
"Consider whether findings will generalize across populations, time periods, or contexts.",domain,field,Social Sciences,Library & Information Science,100,59,0.581172,0.050491,run2
"Consider whether findings will generalize across populations, time periods, or contexts.",domain,field,Social Sciences,Political Science,102,42,0.405302,0.048845,run2
"Consider whether findings will generalize across populations, time periods, or contexts.",domain,field,Social Sciences,Psychology,102,77,0.754068,0.042983,run2
"Consider whether findings will generalize across populations, time periods, or contexts.",domain,field,Social Sciences,Sociology,102,57,0.553492,0.050022,run2
"Construct a rigorous proof, deriving the result from axioms, definitions, and established theorems.",domain,domain,Formal Sciences,,305,121,0.360856,0.037067,run2
"Construct a rigorous proof, deriving the result from axioms, definitions, and established theorems.",domain,field,Formal Sciences,Computer Science,102,30,0.291737,0.045252,run2
"Construct a rigorous proof, deriving the result from axioms, definitions, and established theorems.",domain,field,Formal Sciences,Mathematics,101,81,0.7914,0.041482,run2
"Construct a rigorous proof, deriving the result from axioms, definitions, and established theorems.",domain,field,Formal Sciences,Statistics,102,10,0.092175,0.028115,run2
Coordinate with clinical sites or hospitals for data access or patient recruitment.,domain,domain,Health Sciences,,309,90,0.320408,0.042441,run2
Coordinate with clinical sites or hospitals for data access or patient recruitment.,domain,field,Health Sciences,Medicine & Clinical Sciences,106,35,0.324515,0.045952,run2
Coordinate with clinical sites or hospitals for data access or patient recruitment.,domain,field,Health Sciences,Nutrition & Dietetics,101,30,0.29822,0.045824,run2
Coordinate with clinical sites or hospitals for data access or patient recruitment.,domain,field,Health Sciences,Public Health & Epidemiology,102,25,0.244702,0.042773,run2
Coordinate with organizations for data access or to recruit study participants.,domain,domain,Social Sciences,,1121,332,0.364577,0.019902,run2
Coordinate with organizations for data access or to recruit study participants.,domain,field,Social Sciences,Anthropology,101,37,0.372228,0.048649,run2
Coordinate with organizations for data access or to recruit study participants.,domain,field,Social Sciences,Business & Management,103,35,0.342021,0.047119,run2
Coordinate with organizations for data access or to recruit study participants.,domain,field,Social Sciences,Communication & Media Studies,101,18,0.178773,0.038467,run2
Coordinate with organizations for data access or to recruit study participants.,domain,field,Social Sciences,Economics,103,11,0.103718,0.030129,run2
Coordinate with organizations for data access or to recruit study participants.,domain,field,Social Sciences,Education,103,57,0.55345,0.04953,run2
Coordinate with organizations for data access or to recruit study participants.,domain,field,Social Sciences,Geography,101,30,0.292217,0.045624,run2
Coordinate with organizations for data access or to recruit study participants.,domain,field,Social Sciences,Law,103,12,0.111671,0.031451,run2
Coordinate with organizations for data access or to recruit study participants.,domain,field,Social Sciences,Library & Information Science,100,26,0.277656,0.046539,run2
Coordinate with organizations for data access or to recruit study participants.,domain,field,Social Sciences,Political Science,102,15,0.147026,0.035278,run2
Coordinate with organizations for data access or to recruit study participants.,domain,field,Social Sciences,Psychology,102,61,0.597387,0.048959,run2
Coordinate with organizations for data access or to recruit study participants.,domain,field,Social Sciences,Sociology,102,30,0.278661,0.04478,run2
"Corroborate findings by triangulating independent data sources, methods, or informants to establish the credibility of interpretations",domain,domain,Social Sciences,,1121,219,0.156813,0.014709,run2
"Corroborate findings by triangulating independent data sources, methods, or informants to establish the credibility of interpretations",domain,field,Social Sciences,Anthropology,101,40,0.394549,0.049097,run2
"Corroborate findings by triangulating independent data sources, methods, or informants to establish the credibility of interpretations",domain,field,Social Sciences,Business & Management,103,18,0.172805,0.037355,run2
"Corroborate findings by triangulating independent data sources, methods, or informants to establish the credibility of interpretations",domain,field,Social Sciences,Communication & Media Studies,101,18,0.173261,0.03777,run2
"Corroborate findings by triangulating independent data sources, methods, or informants to establish the credibility of interpretations",domain,field,Social Sciences,Economics,103,7,0.065949,0.024604,run2
"Corroborate findings by triangulating independent data sources, methods, or informants to establish the credibility of interpretations",domain,field,Social Sciences,Education,103,33,0.320824,0.04645,run2
"Corroborate findings by triangulating independent data sources, methods, or informants to establish the credibility of interpretations",domain,field,Social Sciences,Geography,101,23,0.229013,0.042231,run2
"Corroborate findings by triangulating independent data sources, methods, or informants to establish the credibility of interpretations",domain,field,Social Sciences,Law,103,7,0.062912,0.024148,run2
"Corroborate findings by triangulating independent data sources, methods, or informants to establish the credibility of interpretations",domain,field,Social Sciences,Library & Information Science,100,19,0.202359,0.041872,run2
"Corroborate findings by triangulating independent data sources, methods, or informants to establish the credibility of interpretations",domain,field,Social Sciences,Political Science,102,20,0.192764,0.039094,run2
"Corroborate findings by triangulating independent data sources, methods, or informants to establish the credibility of interpretations",domain,field,Social Sciences,Psychology,102,10,0.100528,0.030295,run2
"Corroborate findings by triangulating independent data sources, methods, or informants to establish the credibility of interpretations",domain,field,Social Sciences,Sociology,102,24,0.227973,0.042328,run2
"Define benchmarks, evaluation metrics, and baselines against which a method will be judged.",domain,domain,Formal Sciences,,305,122,0.562959,0.038688,run2
"Define benchmarks, evaluation metrics, and baselines against which a method will be judged.",domain,field,Formal Sciences,Computer Science,102,66,0.651232,0.047439,run2
"Define benchmarks, evaluation metrics, and baselines against which a method will be judged.",domain,field,Formal Sciences,Mathematics,101,14,0.140918,0.035125,run2
"Define benchmarks, evaluation metrics, and baselines against which a method will be judged.",domain,field,Formal Sciences,Statistics,102,42,0.406784,0.048881,run2
Derive analytic variables or indicators from existing records and data sources to operationalize study constructs,domain,domain,Social Sciences,,1121,427,0.412524,0.020305,run2
Derive analytic variables or indicators from existing records and data sources to operationalize study constructs,domain,field,Social Sciences,Anthropology,101,29,0.29102,0.045705,run2
Derive analytic variables or indicators from existing records and data sources to operationalize study constructs,domain,field,Social Sciences,Business & Management,103,35,0.340598,0.047049,run2
Derive analytic variables or indicators from existing records and data sources to operationalize study constructs,domain,field,Social Sciences,Communication & Media Studies,101,37,0.362602,0.048098,run2
Derive analytic variables or indicators from existing records and data sources to operationalize study constructs,domain,field,Social Sciences,Economics,103,80,0.777077,0.041382,run2
Derive analytic variables or indicators from existing records and data sources to operationalize study constructs,domain,field,Social Sciences,Education,103,18,0.166601,0.036902,run2
Derive analytic variables or indicators from existing records and data sources to operationalize study constructs,domain,field,Social Sciences,Geography,101,45,0.446153,0.050013,run2
Derive analytic variables or indicators from existing records and data sources to operationalize study constructs,domain,field,Social Sciences,Law,103,9,0.095073,0.030226,run2
Derive analytic variables or indicators from existing records and data sources to operationalize study constructs,domain,field,Social Sciences,Library & Information Science,100,58,0.527031,0.051229,run2
Derive analytic variables or indicators from existing records and data sources to operationalize study constructs,domain,field,Social Sciences,Political Science,102,31,0.296663,0.045273,run2
Derive analytic variables or indicators from existing records and data sources to operationalize study constructs,domain,field,Social Sciences,Psychology,102,39,0.379679,0.048383,run2
Derive analytic variables or indicators from existing records and data sources to operationalize study constructs,domain,field,Social Sciences,Sociology,102,46,0.456568,0.050124,run2
Derive composite indices and scores from multiple observed indicators to characterize participants for analysis,domain,domain,Health Sciences,,309,101,0.266937,0.040133,run2
Derive composite indices and scores from multiple observed indicators to characterize participants for analysis,domain,field,Health Sciences,Medicine & Clinical Sciences,106,27,0.258692,0.043433,run2
Derive composite indices and scores from multiple observed indicators to characterize participants for analysis,domain,field,Health Sciences,Nutrition & Dietetics,101,46,0.451446,0.049793,run2
Derive composite indices and scores from multiple observed indicators to characterize participants for analysis,domain,field,Health Sciences,Public Health & Epidemiology,102,28,0.275216,0.044495,run2
Derive practical recommendations for professional practice or policy from research findings,domain,domain,Arts & Humanities,,611,145,0.211322,0.016426,run2
Derive practical recommendations for professional practice or policy from research findings,domain,field,Arts & Humanities,Arts,101,39,0.388685,0.04887,run2
Derive practical recommendations for professional practice or policy from research findings,domain,field,Arts & Humanities,History,103,8,0.074484,0.025632,run2
Derive practical recommendations for professional practice or policy from research findings,domain,field,Arts & Humanities,Languages & Linguistics,102,38,0.370177,0.04824,run2
Derive practical recommendations for professional practice or policy from research findings,domain,field,Arts & Humanities,Literature,102,6,0.059022,0.025584,run2
Derive practical recommendations for professional practice or policy from research findings,domain,field,Arts & Humanities,Philosophy,102,14,0.140973,0.035053,run2
Derive practical recommendations for professional practice or policy from research findings,domain,field,Arts & Humanities,Religion,101,40,0.412792,0.050323,run2
"Derive predictions from physical laws, mathematical models, or first principles.",domain,domain,Physical Sciences,,612,284,0.464532,0.023443,run2
"Derive predictions from physical laws, mathematical models, or first principles.",domain,field,Physical Sciences,Chemistry,102,33,0.322964,0.046727,run2
"Derive predictions from physical laws, mathematical models, or first principles.",domain,field,Physical Sciences,Earth & Planetary Sciences,102,46,0.451932,0.049714,run2
"Derive predictions from physical laws, mathematical models, or first principles.",domain,field,Physical Sciences,Engineering,102,54,0.526203,0.04988,run2
"Derive predictions from physical laws, mathematical models, or first principles.",domain,field,Physical Sciences,Environmental Science,102,20,0.198824,0.03997,run2
"Derive predictions from physical laws, mathematical models, or first principles.",domain,field,Physical Sciences,Materials Science,102,41,0.399754,0.048945,run2
"Derive predictions from physical laws, mathematical models, or first principles.",domain,field,Physical Sciences,Physics & Astronomy,102,90,0.878673,0.032957,run2
Derive threshold or reference values from population data to classify individuals or samples,domain,domain,Life Sciences,,512,30,0.111709,0.023284,run2
Derive threshold or reference values from population data to classify individuals or samples,domain,field,Life Sciences,Agricultural Sciences,103,4,0.039399,0.019404,run2
Derive threshold or reference values from population data to classify individuals or samples,domain,field,Life Sciences,Biology,102,3,0.018611,0.013044,run2
Derive threshold or reference values from population data to classify individuals or samples,domain,field,Life Sciences,Biomedical Sciences,104,16,0.159667,0.036786,run2
Derive threshold or reference values from population data to classify individuals or samples,domain,field,Life Sciences,Neuroscience,103,3,0.02902,0.016596,run2
Derive threshold or reference values from population data to classify individuals or samples,domain,field,Life Sciences,Veterinary Medicine,100,4,0.040452,0.019908,run2
"Design a corpus or sampling strategy for the sources, periods, or languages to be examined.",domain,domain,Arts & Humanities,,611,144,0.251304,0.019171,run2
"Design a corpus or sampling strategy for the sources, periods, or languages to be examined.",domain,field,Arts & Humanities,Arts,101,25,0.248723,0.043356,run2
"Design a corpus or sampling strategy for the sources, periods, or languages to be examined.",domain,field,Arts & Humanities,History,103,21,0.209231,0.040793,run2
"Design a corpus or sampling strategy for the sources, periods, or languages to be examined.",domain,field,Arts & Humanities,Languages & Linguistics,102,47,0.4549,0.049908,run2
"Design a corpus or sampling strategy for the sources, periods, or languages to be examined.",domain,field,Arts & Humanities,Literature,102,25,0.230966,0.045191,run2
"Design a corpus or sampling strategy for the sources, periods, or languages to be examined.",domain,field,Arts & Humanities,Philosophy,102,0,0.0,0.0,run2
"Design a corpus or sampling strategy for the sources, periods, or languages to be examined.",domain,field,Arts & Humanities,Religion,101,26,0.27669,0.046443,run2
"Design an algorithm, estimator, or proof strategy and specify the guarantees it should satisfy.",domain,domain,Formal Sciences,,305,203,0.737129,0.035694,run2
"Design an algorithm, estimator, or proof strategy and specify the guarantees it should satisfy.",domain,field,Formal Sciences,Computer Science,102,75,0.740527,0.043483,run2
"Design an algorithm, estimator, or proof strategy and specify the guarantees it should satisfy.",domain,field,Formal Sciences,Mathematics,101,81,0.792639,0.041294,run2
"Design an algorithm, estimator, or proof strategy and specify the guarantees it should satisfy.",domain,field,Formal Sciences,Statistics,102,47,0.450797,0.049509,run2
Design and deliver instructional materials or programmes for a target audience of learners or community members,domain,domain,Arts & Humanities,,611,19,0.029368,0.007092,run2
Design and deliver instructional materials or programmes for a target audience of learners or community members,domain,field,Arts & Humanities,Arts,101,8,0.080613,0.027451,run2
Design and deliver instructional materials or programmes for a target audience of learners or community members,domain,field,Arts & Humanities,History,103,0,0.0,0.0,run2
Design and deliver instructional materials or programmes for a target audience of learners or community members,domain,field,Arts & Humanities,Languages & Linguistics,102,8,0.077773,0.026594,run2
Design and deliver instructional materials or programmes for a target audience of learners or community members,domain,field,Arts & Humanities,Literature,102,1,0.005696,0.005725,run2
Design and deliver instructional materials or programmes for a target audience of learners or community members,domain,field,Arts & Humanities,Philosophy,102,0,0.0,0.0,run2
Design and deliver instructional materials or programmes for a target audience of learners or community members,domain,field,Arts & Humanities,Religion,101,2,0.016713,0.011804,run2
Design and deliver instructional or behavioral intervention protocols to serve as the treatment under study,domain,domain,Social Sciences,,1121,65,0.08871,0.012541,run2
Design and deliver instructional or behavioral intervention protocols to serve as the treatment under study,domain,field,Social Sciences,Anthropology,101,1,0.010235,0.010232,run2
Design and deliver instructional or behavioral intervention protocols to serve as the treatment under study,domain,field,Social Sciences,Business & Management,103,2,0.019239,0.01354,run2
Design and deliver instructional or behavioral intervention protocols to serve as the treatment under study,domain,field,Social Sciences,Communication & Media Studies,101,4,0.037856,0.018731,run2
Design and deliver instructional or behavioral intervention protocols to serve as the treatment under study,domain,field,Social Sciences,Economics,103,4,0.033011,0.016363,run2
Design and deliver instructional or behavioral intervention protocols to serve as the treatment under study,domain,field,Social Sciences,Education,103,24,0.232007,0.04201,run2
Design and deliver instructional or behavioral intervention protocols to serve as the treatment under study,domain,field,Social Sciences,Geography,101,1,0.009214,0.009221,run2
Design and deliver instructional or behavioral intervention protocols to serve as the treatment under study,domain,field,Social Sciences,Law,103,0,0.0,0.0,run2
Design and deliver instructional or behavioral intervention protocols to serve as the treatment under study,domain,field,Social Sciences,Library & Information Science,100,5,0.058828,0.025552,run2
Design and deliver instructional or behavioral intervention protocols to serve as the treatment under study,domain,field,Social Sciences,Political Science,102,1,0.00971,0.009712,run2
Design and deliver instructional or behavioral intervention protocols to serve as the treatment under study,domain,field,Social Sciences,Psychology,102,21,0.210435,0.04094,run2
Design and deliver instructional or behavioral intervention protocols to serve as the treatment under study,domain,field,Social Sciences,Sociology,102,2,0.013003,0.009997,run2
Design clinical studies or trials with appropriate controls and endpoints.,domain,domain,Health Sciences,,309,154,0.616791,0.043922,run2
Design clinical studies or trials with appropriate controls and endpoints.,domain,field,Health Sciences,Medicine & Clinical Sciences,106,67,0.63211,0.047562,run2
Design clinical studies or trials with appropriate controls and endpoints.,domain,field,Health Sciences,Nutrition & Dietetics,101,66,0.658545,0.047352,run2
Design clinical studies or trials with appropriate controls and endpoints.,domain,field,Health Sciences,Public Health & Epidemiology,102,21,0.206589,0.040349,run2
"Design controlled experiments with appropriate sample sizes, controls, and randomization.",domain,domain,Life Sciences,,512,303,0.695409,0.030111,run2
"Design controlled experiments with appropriate sample sizes, controls, and randomization.",domain,field,Life Sciences,Agricultural Sciences,103,68,0.674337,0.046361,run2
"Design controlled experiments with appropriate sample sizes, controls, and randomization.",domain,field,Life Sciences,Biology,102,48,0.467983,0.049957,run2
"Design controlled experiments with appropriate sample sizes, controls, and randomization.",domain,field,Life Sciences,Biomedical Sciences,104,73,0.701887,0.045479,run2
"Design controlled experiments with appropriate sample sizes, controls, and randomization.",domain,field,Life Sciences,Neuroscience,103,80,0.786755,0.039981,run2
"Design controlled experiments with appropriate sample sizes, controls, and randomization.",domain,field,Life Sciences,Veterinary Medicine,100,34,0.340155,0.047654,run2
Design experiments with controlled environmental conditions.,domain,domain,Physical Sciences,,612,226,0.385482,0.022537,run2
Design experiments with controlled environmental conditions.,domain,field,Physical Sciences,Chemistry,102,73,0.71197,0.045369,run2
Design experiments with controlled environmental conditions.,domain,field,Physical Sciences,Earth & Planetary Sciences,102,4,0.039742,0.019568,run2
Design experiments with controlled environmental conditions.,domain,field,Physical Sciences,Engineering,102,40,0.400435,0.049067,run2
Design experiments with controlled environmental conditions.,domain,field,Physical Sciences,Environmental Science,102,14,0.136743,0.03422,run2
Design experiments with controlled environmental conditions.,domain,field,Physical Sciences,Materials Science,102,73,0.723951,0.044395,run2
Design experiments with controlled environmental conditions.,domain,field,Physical Sciences,Physics & Astronomy,102,22,0.216504,0.04114,run2
Design interview or focus group protocols to collect qualitative data.,domain,domain,Social Sciences,,1121,131,0.096055,0.011618,run2
Design interview or focus group protocols to collect qualitative data.,domain,field,Social Sciences,Anthropology,101,6,0.056497,0.022637,run2
Design interview or focus group protocols to collect qualitative data.,domain,field,Social Sciences,Business & Management,103,11,0.106604,0.030559,run2
Design interview or focus group protocols to collect qualitative data.,domain,field,Social Sciences,Communication & Media Studies,101,16,0.156591,0.03655,run2
Design interview or focus group protocols to collect qualitative data.,domain,field,Social Sciences,Economics,103,2,0.020652,0.014514,run2
Design interview or focus group protocols to collect qualitative data.,domain,field,Social Sciences,Education,103,26,0.256815,0.043637,run2
Design interview or focus group protocols to collect qualitative data.,domain,field,Social Sciences,Geography,101,19,0.187792,0.039261,run2
Design interview or focus group protocols to collect qualitative data.,domain,field,Social Sciences,Law,103,7,0.070105,0.025779,run2
Design interview or focus group protocols to collect qualitative data.,domain,field,Social Sciences,Library & Information Science,100,10,0.117656,0.034834,run2
Design interview or focus group protocols to collect qualitative data.,domain,field,Social Sciences,Political Science,102,11,0.104255,0.029972,run2
Design interview or focus group protocols to collect qualitative data.,domain,field,Social Sciences,Psychology,102,5,0.051114,0.022365,run2
Design interview or focus group protocols to collect qualitative data.,domain,field,Social Sciences,Sociology,102,18,0.166732,0.037547,run2
Design population-based health surveys with probability sampling to obtain representative population estimates,domain,domain,Health Sciences,,309,15,0.005747,0.001402,run2
Design population-based health surveys with probability sampling to obtain representative population estimates,domain,field,Health Sciences,Medicine & Clinical Sciences,106,0,0.0,0.0,run2
Design population-based health surveys with probability sampling to obtain representative population estimates,domain,field,Health Sciences,Nutrition & Dietetics,101,2,0.019585,0.013783,run2
Design population-based health surveys with probability sampling to obtain representative population estimates,domain,field,Health Sciences,Public Health & Epidemiology,102,13,0.129354,0.033609,run2
Design sampling and eligibility criteria to select participants or study units for data collection,domain,domain,Social Sciences,,1121,527,0.572795,0.019083,run2
Design sampling and eligibility criteria to select participants or study units for data collection,domain,field,Social Sciences,Anthropology,101,35,0.347153,0.047775,run2
Design sampling and eligibility criteria to select participants or study units for data collection,domain,field,Social Sciences,Business & Management,103,68,0.668647,0.046413,run2
Design sampling and eligibility criteria to select participants or study units for data collection,domain,field,Social Sciences,Communication & Media Studies,101,62,0.615819,0.048795,run2
Design sampling and eligibility criteria to select participants or study units for data collection,domain,field,Social Sciences,Economics,103,29,0.280277,0.04458,run2
Design sampling and eligibility criteria to select participants or study units for data collection,domain,field,Social Sciences,Education,103,54,0.53483,0.049685,run2
Design sampling and eligibility criteria to select participants or study units for data collection,domain,field,Social Sciences,Geography,101,50,0.493555,0.050282,run2
Design sampling and eligibility criteria to select participants or study units for data collection,domain,field,Social Sciences,Law,103,7,0.072935,0.026655,run2
Design sampling and eligibility criteria to select participants or study units for data collection,domain,field,Social Sciences,Library & Information Science,100,65,0.641172,0.049201,run2
Design sampling and eligibility criteria to select participants or study units for data collection,domain,field,Social Sciences,Political Science,102,22,0.211195,0.04038,run2
Design sampling and eligibility criteria to select participants or study units for data collection,domain,field,Social Sciences,Psychology,102,80,0.790029,0.040293,run2
Design sampling and eligibility criteria to select participants or study units for data collection,domain,field,Social Sciences,Sociology,102,55,0.521383,0.050293,run2
"Design surveys or questionnaires to measure attitudes, behaviors, or experiences.",domain,domain,Social Sciences,,1121,241,0.312751,0.020001,run2
"Design surveys or questionnaires to measure attitudes, behaviors, or experiences.",domain,field,Social Sciences,Anthropology,101,4,0.039108,0.019318,run2
"Design surveys or questionnaires to measure attitudes, behaviors, or experiences.",domain,field,Social Sciences,Business & Management,103,42,0.41435,0.048968,run2
"Design surveys or questionnaires to measure attitudes, behaviors, or experiences.",domain,field,Social Sciences,Communication & Media Studies,101,17,0.167026,0.03728,run2
"Design surveys or questionnaires to measure attitudes, behaviors, or experiences.",domain,field,Social Sciences,Economics,103,6,0.056032,0.022453,run2
"Design surveys or questionnaires to measure attitudes, behaviors, or experiences.",domain,field,Social Sciences,Education,103,46,0.455086,0.049686,run2
"Design surveys or questionnaires to measure attitudes, behaviors, or experiences.",domain,field,Social Sciences,Geography,101,28,0.28268,0.04552,run2
"Design surveys or questionnaires to measure attitudes, behaviors, or experiences.",domain,field,Social Sciences,Law,103,1,0.010508,0.010502,run2
"Design surveys or questionnaires to measure attitudes, behaviors, or experiences.",domain,field,Social Sciences,Library & Information Science,100,17,0.185891,0.040914,run2
"Design surveys or questionnaires to measure attitudes, behaviors, or experiences.",domain,field,Social Sciences,Political Science,102,7,0.066302,0.024412,run2
"Design surveys or questionnaires to measure attitudes, behaviors, or experiences.",domain,field,Social Sciences,Psychology,102,44,0.436612,0.049557,run2
"Design surveys or questionnaires to measure attitudes, behaviors, or experiences.",domain,field,Social Sciences,Sociology,102,29,0.281621,0.044901,run2
"Develop conceptual frameworks, typologies, or definitions by synthesizing existing theory to organize and explain a focal phenomenon",domain,domain,Social Sciences,,1121,418,0.331582,0.018754,run2
"Develop conceptual frameworks, typologies, or definitions by synthesizing existing theory to organize and explain a focal phenomenon",domain,field,Social Sciences,Anthropology,101,39,0.379099,0.048702,run2
"Develop conceptual frameworks, typologies, or definitions by synthesizing existing theory to organize and explain a focal phenomenon",domain,field,Social Sciences,Business & Management,103,50,0.481366,0.049547,run2
"Develop conceptual frameworks, typologies, or definitions by synthesizing existing theory to organize and explain a focal phenomenon",domain,field,Social Sciences,Communication & Media Studies,101,46,0.454641,0.049959,run2
"Develop conceptual frameworks, typologies, or definitions by synthesizing existing theory to organize and explain a focal phenomenon",domain,field,Social Sciences,Economics,103,19,0.182583,0.038405,run2
"Develop conceptual frameworks, typologies, or definitions by synthesizing existing theory to organize and explain a focal phenomenon",domain,field,Social Sciences,Education,103,32,0.312979,0.046247,run2
"Develop conceptual frameworks, typologies, or definitions by synthesizing existing theory to organize and explain a focal phenomenon",domain,field,Social Sciences,Geography,101,47,0.470821,0.050214,run2
"Develop conceptual frameworks, typologies, or definitions by synthesizing existing theory to organize and explain a focal phenomenon",domain,field,Social Sciences,Law,103,43,0.422611,0.049958,run2
"Develop conceptual frameworks, typologies, or definitions by synthesizing existing theory to organize and explain a focal phenomenon",domain,field,Social Sciences,Library & Information Science,100,25,0.265891,0.04589,run2
"Develop conceptual frameworks, typologies, or definitions by synthesizing existing theory to organize and explain a focal phenomenon",domain,field,Social Sciences,Political Science,102,61,0.597793,0.0489,run2
"Develop conceptual frameworks, typologies, or definitions by synthesizing existing theory to organize and explain a focal phenomenon",domain,field,Social Sciences,Psychology,102,17,0.160297,0.036193,run2
"Develop conceptual frameworks, typologies, or definitions by synthesizing existing theory to organize and explain a focal phenomenon",domain,field,Social Sciences,Sociology,102,39,0.385519,0.049094,run2
Develop custom instrumentation or computational tools tailored to specific research measurement needs,domain,domain,Life Sciences,,512,70,0.204727,0.027844,run2
Develop custom instrumentation or computational tools tailored to specific research measurement needs,domain,field,Life Sciences,Agricultural Sciences,103,5,0.050038,0.021916,run2
Develop custom instrumentation or computational tools tailored to specific research measurement needs,domain,field,Life Sciences,Biology,102,13,0.128087,0.033357,run2
Develop custom instrumentation or computational tools tailored to specific research measurement needs,domain,field,Life Sciences,Biomedical Sciences,104,27,0.25515,0.043175,run2
Develop custom instrumentation or computational tools tailored to specific research measurement needs,domain,field,Life Sciences,Neuroscience,103,21,0.206047,0.040282,run2
Develop custom instrumentation or computational tools tailored to specific research measurement needs,domain,field,Life Sciences,Veterinary Medicine,100,4,0.04051,0.019936,run2
"Develop definitions, protocols, and practice recommendations through structured expert consensus",domain,domain,Health Sciences,,309,6,0.012343,0.010435,run2
"Develop definitions, protocols, and practice recommendations through structured expert consensus",domain,field,Health Sciences,Medicine & Clinical Sciences,106,1,0.011299,0.011279,run2
"Develop definitions, protocols, and practice recommendations through structured expert consensus",domain,field,Health Sciences,Nutrition & Dietetics,101,1,0.010016,0.010015,run2
"Develop definitions, protocols, and practice recommendations through structured expert consensus",domain,field,Health Sciences,Public Health & Epidemiology,102,4,0.039757,0.01957,run2
"Develop new concepts, categories, or typologies to organize and explain phenomena that existing frameworks leave unaccounted for",domain,domain,Arts & Humanities,,611,195,0.302134,0.019246,run2
"Develop new concepts, categories, or typologies to organize and explain phenomena that existing frameworks leave unaccounted for",domain,field,Arts & Humanities,Arts,101,30,0.299142,0.04593,run2
"Develop new concepts, categories, or typologies to organize and explain phenomena that existing frameworks leave unaccounted for",domain,field,Arts & Humanities,History,103,14,0.137749,0.034402,run2
"Develop new concepts, categories, or typologies to organize and explain phenomena that existing frameworks leave unaccounted for",domain,field,Arts & Humanities,Languages & Linguistics,102,37,0.362428,0.048337,run2
"Develop new concepts, categories, or typologies to organize and explain phenomena that existing frameworks leave unaccounted for",domain,field,Arts & Humanities,Literature,102,27,0.296407,0.050516,run2
"Develop new concepts, categories, or typologies to organize and explain phenomena that existing frameworks leave unaccounted for",domain,field,Arts & Humanities,Philosophy,102,61,0.597118,0.049002,run2
"Develop new concepts, categories, or typologies to organize and explain phenomena that existing frameworks leave unaccounted for",domain,field,Arts & Humanities,Religion,101,26,0.257686,0.0445,run2
Draw on the researcher's own experience and background as primary evidence for analysis,domain,domain,Arts & Humanities,,611,111,0.180392,0.016915,run2
Draw on the researcher's own experience and background as primary evidence for analysis,domain,field,Arts & Humanities,Arts,101,30,0.297049,0.045755,run2
Draw on the researcher's own experience and background as primary evidence for analysis,domain,field,Arts & Humanities,History,103,11,0.109343,0.031322,run2
Draw on the researcher's own experience and background as primary evidence for analysis,domain,field,Arts & Humanities,Languages & Linguistics,102,25,0.253206,0.043872,run2
Draw on the researcher's own experience and background as primary evidence for analysis,domain,field,Arts & Humanities,Literature,102,13,0.13357,0.037263,run2
Draw on the researcher's own experience and background as primary evidence for analysis,domain,field,Arts & Humanities,Philosophy,102,21,0.198633,0.039485,run2
Draw on the researcher's own experience and background as primary evidence for analysis,domain,field,Arts & Humanities,Religion,101,11,0.118833,0.033946,run2
Engage with behavioral or institutional theories when framing research questions.,domain,domain,Social Sciences,,1121,649,0.685307,0.018741,run2
Engage with behavioral or institutional theories when framing research questions.,domain,field,Social Sciences,Anthropology,101,39,0.392427,0.049138,run2
Engage with behavioral or institutional theories when framing research questions.,domain,field,Social Sciences,Business & Management,103,74,0.720199,0.044428,run2
Engage with behavioral or institutional theories when framing research questions.,domain,field,Social Sciences,Communication & Media Studies,101,66,0.649074,0.047976,run2
Engage with behavioral or institutional theories when framing research questions.,domain,field,Social Sciences,Economics,103,49,0.47153,0.049657,run2
Engage with behavioral or institutional theories when framing research questions.,domain,field,Social Sciences,Education,103,57,0.560766,0.049431,run2
Engage with behavioral or institutional theories when framing research questions.,domain,field,Social Sciences,Geography,101,40,0.408152,0.049598,run2
Engage with behavioral or institutional theories when framing research questions.,domain,field,Social Sciences,Law,103,54,0.531796,0.050398,run2
Engage with behavioral or institutional theories when framing research questions.,domain,field,Social Sciences,Library & Information Science,100,27,0.275297,0.045841,run2
Engage with behavioral or institutional theories when framing research questions.,domain,field,Social Sciences,Political Science,102,87,0.85445,0.035028,run2
Engage with behavioral or institutional theories when framing research questions.,domain,field,Social Sciences,Psychology,102,82,0.806365,0.039313,run2
Engage with behavioral or institutional theories when framing research questions.,domain,field,Social Sciences,Sociology,102,74,0.727215,0.044503,run2
Engineer genetic constructs and vectors for targeted expression or silencing of genes in cells,domain,domain,Life Sciences,,512,52,0.266032,0.030736,run2
Engineer genetic constructs and vectors for targeted expression or silencing of genes in cells,domain,field,Life Sciences,Agricultural Sciences,103,2,0.020175,0.014186,run2
Engineer genetic constructs and vectors for targeted expression or silencing of genes in cells,domain,field,Life Sciences,Biology,102,2,0.02002,0.014082,run2
Engineer genetic constructs and vectors for targeted expression or silencing of genes in cells,domain,field,Life Sciences,Biomedical Sciences,104,41,0.406106,0.048886,run2
Engineer genetic constructs and vectors for targeted expression or silencing of genes in cells,domain,field,Life Sciences,Neuroscience,103,6,0.05826,0.023199,run2
Engineer genetic constructs and vectors for targeted expression or silencing of genes in cells,domain,field,Life Sciences,Veterinary Medicine,100,1,0.010157,0.010155,run2
"Ensure compliance with patient privacy regulations (e.g., HIPAA).",domain,domain,Health Sciences,,309,34,0.129408,0.03097,run2
"Ensure compliance with patient privacy regulations (e.g., HIPAA).",domain,field,Health Sciences,Medicine & Clinical Sciences,106,14,0.132036,0.033542,run2
"Ensure compliance with patient privacy regulations (e.g., HIPAA).",domain,field,Health Sciences,Nutrition & Dietetics,101,5,0.049855,0.02184,run2
"Ensure compliance with patient privacy regulations (e.g., HIPAA).",domain,field,Health Sciences,Public Health & Epidemiology,102,15,0.148066,0.035449,run2
"Establish asymptotic, convergence, or computational-complexity guarantees for a method.",domain,domain,Formal Sciences,,305,54,0.200289,0.032136,run2
"Establish asymptotic, convergence, or computational-complexity guarantees for a method.",domain,field,Formal Sciences,Computer Science,102,20,0.191348,0.038883,run2
"Establish asymptotic, convergence, or computational-complexity guarantees for a method.",domain,field,Formal Sciences,Mathematics,101,29,0.286284,0.045298,run2
"Establish asymptotic, convergence, or computational-complexity guarantees for a method.",domain,field,Formal Sciences,Statistics,102,5,0.047151,0.020791,run2
"Establish the text or object of study, determining edition, provenance, authorship, and variants.",domain,domain,Arts & Humanities,,611,54,0.084134,0.012359,run2
"Establish the text or object of study, determining edition, provenance, authorship, and variants.",domain,field,Arts & Humanities,Arts,101,10,0.101715,0.030599,run2
"Establish the text or object of study, determining edition, provenance, authorship, and variants.",domain,field,Arts & Humanities,History,103,15,0.129344,0.032446,run2
"Establish the text or object of study, determining edition, provenance, authorship, and variants.",domain,field,Arts & Humanities,Languages & Linguistics,102,1,0.010432,0.010426,run2
"Establish the text or object of study, determining edition, provenance, authorship, and variants.",domain,field,Arts & Humanities,Literature,102,13,0.11762,0.033823,run2
"Establish the text or object of study, determining edition, provenance, authorship, and variants.",domain,field,Arts & Humanities,Philosophy,102,7,0.072531,0.026483,run2
"Establish the text or object of study, determining edition, provenance, authorship, and variants.",domain,field,Arts & Humanities,Religion,101,8,0.06687,0.023146,run2
Estimate costs and resource use of health conditions and alternative interventions to inform resource-allocation decisions,domain,domain,Health Sciences,,309,10,0.010903,0.007597,run2
Estimate costs and resource use of health conditions and alternative interventions to inform resource-allocation decisions,domain,field,Health Sciences,Medicine & Clinical Sciences,106,1,0.008141,0.008152,run2
Estimate costs and resource use of health conditions and alternative interventions to inform resource-allocation decisions,domain,field,Health Sciences,Nutrition & Dietetics,101,1,0.010016,0.010015,run2
Estimate costs and resource use of health conditions and alternative interventions to inform resource-allocation decisions,domain,field,Health Sciences,Public Health & Epidemiology,102,8,0.078046,0.026642,run2
Estimate treatment effects while accounting for confounding in clinical data.,domain,domain,Health Sciences,,309,44,0.147601,0.032864,run2
Estimate treatment effects while accounting for confounding in clinical data.,domain,field,Health Sciences,Medicine & Clinical Sciences,106,15,0.148176,0.035582,run2
Estimate treatment effects while accounting for confounding in clinical data.,domain,field,Health Sciences,Nutrition & Dietetics,101,18,0.172323,0.037452,run2
Estimate treatment effects while accounting for confounding in clinical data.,domain,field,Health Sciences,Public Health & Epidemiology,102,11,0.108434,0.031025,run2
"Evaluate existing concepts, arguments, or frameworks by reconstructing their underlying assumptions to assess their coherence and scope",domain,domain,Arts & Humanities,,611,311,0.498528,0.021158,run2
"Evaluate existing concepts, arguments, or frameworks by reconstructing their underlying assumptions to assess their coherence and scope",domain,field,Arts & Humanities,Arts,101,35,0.345501,0.047598,run2
"Evaluate existing concepts, arguments, or frameworks by reconstructing their underlying assumptions to assess their coherence and scope",domain,field,Arts & Humanities,History,103,36,0.342619,0.047144,run2
"Evaluate existing concepts, arguments, or frameworks by reconstructing their underlying assumptions to assess their coherence and scope",domain,field,Arts & Humanities,Languages & Linguistics,102,53,0.523488,0.050065,run2
"Evaluate existing concepts, arguments, or frameworks by reconstructing their underlying assumptions to assess their coherence and scope",domain,field,Arts & Humanities,Literature,102,44,0.492942,0.054231,run2
"Evaluate existing concepts, arguments, or frameworks by reconstructing their underlying assumptions to assess their coherence and scope",domain,field,Arts & Humanities,Philosophy,102,100,0.979384,0.014491,run2
"Evaluate existing concepts, arguments, or frameworks by reconstructing their underlying assumptions to assess their coherence and scope",domain,field,Arts & Humanities,Religion,101,43,0.414549,0.049874,run2
"Evaluate programs, policies, or rules against their stated objectives using empirical evidence on how they operate in practice",domain,domain,Social Sciences,,1121,224,0.151958,0.013557,run2
"Evaluate programs, policies, or rules against their stated objectives using empirical evidence on how they operate in practice",domain,field,Social Sciences,Anthropology,101,3,0.029067,0.016678,run2
"Evaluate programs, policies, or rules against their stated objectives using empirical evidence on how they operate in practice",domain,field,Social Sciences,Business & Management,103,13,0.125635,0.03284,run2
"Evaluate programs, policies, or rules against their stated objectives using empirical evidence on how they operate in practice",domain,field,Social Sciences,Communication & Media Studies,101,11,0.110884,0.031683,run2
"Evaluate programs, policies, or rules against their stated objectives using empirical evidence on how they operate in practice",domain,field,Social Sciences,Economics,103,28,0.282682,0.04528,run2
"Evaluate programs, policies, or rules against their stated objectives using empirical evidence on how they operate in practice",domain,field,Social Sciences,Education,103,31,0.300961,0.045613,run2
"Evaluate programs, policies, or rules against their stated objectives using empirical evidence on how they operate in practice",domain,field,Social Sciences,Geography,101,17,0.172864,0.038307,run2
"Evaluate programs, policies, or rules against their stated objectives using empirical evidence on how they operate in practice",domain,field,Social Sciences,Law,103,56,0.541674,0.050343,run2
"Evaluate programs, policies, or rules against their stated objectives using empirical evidence on how they operate in practice",domain,field,Social Sciences,Library & Information Science,100,23,0.242359,0.04444,run2
"Evaluate programs, policies, or rules against their stated objectives using empirical evidence on how they operate in practice",domain,field,Social Sciences,Political Science,102,29,0.28783,0.045304,run2
"Evaluate programs, policies, or rules against their stated objectives using empirical evidence on how they operate in practice",domain,field,Social Sciences,Psychology,102,4,0.0403,0.019843,run2
"Evaluate programs, policies, or rules against their stated objectives using empirical evidence on how they operate in practice",domain,field,Social Sciences,Sociology,102,9,0.089434,0.028656,run2
Evaluate the diagnostic accuracy of a test by comparing its results against an established reference standard,domain,domain,Life Sciences,,512,15,0.027848,0.012252,run2
Evaluate the diagnostic accuracy of a test by comparing its results against an established reference standard,domain,field,Life Sciences,Agricultural Sciences,103,0,0.0,0.0,run2
Evaluate the diagnostic accuracy of a test by comparing its results against an established reference standard,domain,field,Life Sciences,Biology,102,0,0.0,0.0,run2
Evaluate the diagnostic accuracy of a test by comparing its results against an established reference standard,domain,field,Life Sciences,Biomedical Sciences,104,4,0.039355,0.019442,run2
Evaluate the diagnostic accuracy of a test by comparing its results against an established reference standard,domain,field,Life Sciences,Neuroscience,103,2,0.018002,0.012686,run2
Evaluate the diagnostic accuracy of a test by comparing its results against an established reference standard,domain,field,Life Sciences,Veterinary Medicine,100,9,0.091002,0.029053,run2
Evaluate the reliability and validity of measurement and coding procedures against reference standards or repeated observations,domain,domain,Health Sciences,,309,63,0.207666,0.036196,run2
Evaluate the reliability and validity of measurement and coding procedures against reference standards or repeated observations,domain,field,Health Sciences,Medicine & Clinical Sciences,106,24,0.208889,0.039185,run2
Evaluate the reliability and validity of measurement and coding procedures against reference standards or repeated observations,domain,field,Health Sciences,Nutrition & Dietetics,101,21,0.209296,0.040792,run2
Evaluate the reliability and validity of measurement and coding procedures against reference standards or repeated observations,domain,field,Health Sciences,Public Health & Epidemiology,102,18,0.17665,0.037979,run2
Extract and fractionate compounds from biological material to prepare fractions for downstream analysis,domain,domain,Life Sciences,,512,82,0.214312,0.027822,run2
Extract and fractionate compounds from biological material to prepare fractions for downstream analysis,domain,field,Life Sciences,Agricultural Sciences,103,23,0.234543,0.042769,run2
Extract and fractionate compounds from biological material to prepare fractions for downstream analysis,domain,field,Life Sciences,Biology,102,16,0.157599,0.036384,run2
Extract and fractionate compounds from biological material to prepare fractions for downstream analysis,domain,field,Life Sciences,Biomedical Sciences,104,25,0.241082,0.042398,run2
Extract and fractionate compounds from biological material to prepare fractions for downstream analysis,domain,field,Life Sciences,Neuroscience,103,11,0.104924,0.030165,run2
Extract and fractionate compounds from biological material to prepare fractions for downstream analysis,domain,field,Life Sciences,Veterinary Medicine,100,7,0.069606,0.025535,run2
Fit theoretical models to experimental or observational data.,domain,domain,Physical Sciences,,612,248,0.363025,0.022316,run2
Fit theoretical models to experimental or observational data.,domain,field,Physical Sciences,Chemistry,102,44,0.440178,0.049716,run2
Fit theoretical models to experimental or observational data.,domain,field,Physical Sciences,Earth & Planetary Sciences,102,44,0.434968,0.049556,run2
Fit theoretical models to experimental or observational data.,domain,field,Physical Sciences,Engineering,102,25,0.24955,0.043418,run2
Fit theoretical models to experimental or observational data.,domain,field,Physical Sciences,Environmental Science,102,40,0.393055,0.048704,run2
Fit theoretical models to experimental or observational data.,domain,field,Physical Sciences,Materials Science,102,52,0.502226,0.049946,run2
Fit theoretical models to experimental or observational data.,domain,field,Physical Sciences,Physics & Astronomy,102,43,0.418387,0.049256,run2
Follow biosafety protocols when handling biological materials.,domain,domain,Life Sciences,,512,176,0.482578,0.031633,run2
Follow biosafety protocols when handling biological materials.,domain,field,Life Sciences,Agricultural Sciences,103,21,0.20707,0.04054,run2
Follow biosafety protocols when handling biological materials.,domain,field,Life Sciences,Biology,102,14,0.138366,0.034537,run2
Follow biosafety protocols when handling biological materials.,domain,field,Life Sciences,Biomedical Sciences,104,66,0.625114,0.048246,run2
Follow biosafety protocols when handling biological materials.,domain,field,Life Sciences,Neuroscience,103,34,0.322481,0.046094,run2
Follow biosafety protocols when handling biological materials.,domain,field,Life Sciences,Veterinary Medicine,100,41,0.41309,0.049574,run2
"Follow safety protocols for hazardous materials, radiation, or high-energy equipment.",domain,domain,Physical Sciences,,612,141,0.195744,0.017561,run2
"Follow safety protocols for hazardous materials, radiation, or high-energy equipment.",domain,field,Physical Sciences,Chemistry,102,64,0.629369,0.048237,run2
"Follow safety protocols for hazardous materials, radiation, or high-energy equipment.",domain,field,Physical Sciences,Earth & Planetary Sciences,102,6,0.059117,0.023534,run2
"Follow safety protocols for hazardous materials, radiation, or high-energy equipment.",domain,field,Physical Sciences,Engineering,102,14,0.137909,0.034433,run2
"Follow safety protocols for hazardous materials, radiation, or high-energy equipment.",domain,field,Physical Sciences,Environmental Science,102,11,0.108857,0.031159,run2
"Follow safety protocols for hazardous materials, radiation, or high-energy equipment.",domain,field,Physical Sciences,Materials Science,102,32,0.316133,0.04649,run2
"Follow safety protocols for hazardous materials, radiation, or high-energy equipment.",domain,field,Physical Sciences,Physics & Astronomy,102,14,0.137845,0.034411,run2
"Formulate conjectures, theorems, or formal claims to be proved or disproved.",domain,domain,Formal Sciences,,305,121,0.350689,0.036695,run2
"Formulate conjectures, theorems, or formal claims to be proved or disproved.",domain,field,Formal Sciences,Computer Science,102,29,0.281441,0.044737,run2
"Formulate conjectures, theorems, or formal claims to be proved or disproved.",domain,field,Formal Sciences,Mathematics,101,79,0.772239,0.042685,run2
"Formulate conjectures, theorems, or formal claims to be proved or disproved.",domain,field,Formal Sciences,Statistics,102,13,0.119752,0.031592,run2
"Formulate hypotheses about biological mechanisms, pathways, or evolutionary processes.",domain,domain,Life Sciences,,512,267,0.682629,0.026216,run2
"Formulate hypotheses about biological mechanisms, pathways, or evolutionary processes.",domain,field,Life Sciences,Agricultural Sciences,103,26,0.252497,0.043199,run2
"Formulate hypotheses about biological mechanisms, pathways, or evolutionary processes.",domain,field,Life Sciences,Biology,102,65,0.644858,0.047866,run2
"Formulate hypotheses about biological mechanisms, pathways, or evolutionary processes.",domain,field,Life Sciences,Biomedical Sciences,104,84,0.810253,0.03866,run2
"Formulate hypotheses about biological mechanisms, pathways, or evolutionary processes.",domain,field,Life Sciences,Neuroscience,103,70,0.68042,0.046248,run2
"Formulate hypotheses about biological mechanisms, pathways, or evolutionary processes.",domain,field,Life Sciences,Veterinary Medicine,100,22,0.22029,0.041702,run2
"Formulate hypotheses about disease mechanisms, risk factors, or treatment effects.",domain,domain,Health Sciences,,309,147,0.564842,0.044911,run2
"Formulate hypotheses about disease mechanisms, risk factors, or treatment effects.",domain,field,Health Sciences,Medicine & Clinical Sciences,106,60,0.576057,0.048622,run2
"Formulate hypotheses about disease mechanisms, risk factors, or treatment effects.",domain,field,Health Sciences,Nutrition & Dietetics,101,55,0.548494,0.049794,run2
"Formulate hypotheses about disease mechanisms, risk factors, or treatment effects.",domain,field,Health Sciences,Public Health & Epidemiology,102,32,0.312725,0.046108,run2
"Frame an interpretive question in relation to a historiographical, critical, or philosophical tradition.",domain,domain,Arts & Humanities,,611,401,0.646607,0.019315,run2
"Frame an interpretive question in relation to a historiographical, critical, or philosophical tradition.",domain,field,Arts & Humanities,Arts,101,51,0.502132,0.050082,run2
"Frame an interpretive question in relation to a historiographical, critical, or philosophical tradition.",domain,field,Arts & Humanities,History,103,76,0.741166,0.043552,run2
"Frame an interpretive question in relation to a historiographical, critical, or philosophical tradition.",domain,field,Arts & Humanities,Languages & Linguistics,102,32,0.318823,0.0468,run2
"Frame an interpretive question in relation to a historiographical, critical, or philosophical tradition.",domain,field,Arts & Humanities,Literature,102,82,0.826653,0.039421,run2
"Frame an interpretive question in relation to a historiographical, critical, or philosophical tradition.",domain,field,Arts & Humanities,Philosophy,102,102,1.0,0.0,run2
"Frame an interpretive question in relation to a historiographical, critical, or philosophical tradition.",domain,field,Arts & Humanities,Religion,101,58,0.537852,0.050963,run2
"Generate or acquire sequencing data (genomic, transcriptomic, or proteomic).",domain,domain,Life Sciences,,512,72,0.213728,0.02902,run2
"Generate or acquire sequencing data (genomic, transcriptomic, or proteomic).",domain,field,Life Sciences,Agricultural Sciences,103,11,0.107939,0.030916,run2
"Generate or acquire sequencing data (genomic, transcriptomic, or proteomic).",domain,field,Life Sciences,Biology,102,17,0.154371,0.035767,run2
"Generate or acquire sequencing data (genomic, transcriptomic, or proteomic).",domain,field,Life Sciences,Biomedical Sciences,104,29,0.290525,0.045502,run2
"Generate or acquire sequencing data (genomic, transcriptomic, or proteomic).",domain,field,Life Sciences,Neuroscience,103,4,0.038987,0.019203,run2
"Generate or acquire sequencing data (genomic, transcriptomic, or proteomic).",domain,field,Life Sciences,Veterinary Medicine,100,11,0.111664,0.031866,run2
Genotype participants' biospecimens to detect genetic variants defining disease-relevant or biological subgroups,domain,domain,Health Sciences,,309,9,0.055832,0.021823,run2
Genotype participants' biospecimens to detect genetic variants defining disease-relevant or biological subgroups,domain,field,Health Sciences,Medicine & Clinical Sciences,106,6,0.05932,0.023657,run2
Genotype participants' biospecimens to detect genetic variants defining disease-relevant or biological subgroups,domain,field,Health Sciences,Nutrition & Dietetics,101,0,0.0,0.0,run2
Genotype participants' biospecimens to detect genetic variants defining disease-relevant or biological subgroups,domain,field,Health Sciences,Public Health & Epidemiology,102,3,0.029516,0.016875,run2
"Handle rare, fragile, or culturally sensitive materials according to conservation and institutional protocols.",domain,domain,Arts & Humanities,,611,6,0.01235,0.005499,run2
"Handle rare, fragile, or culturally sensitive materials according to conservation and institutional protocols.",domain,field,Arts & Humanities,Arts,101,3,0.030096,0.017197,run2
"Handle rare, fragile, or culturally sensitive materials according to conservation and institutional protocols.",domain,field,Arts & Humanities,History,103,3,0.029636,0.016953,run2
"Handle rare, fragile, or culturally sensitive materials according to conservation and institutional protocols.",domain,field,Arts & Humanities,Languages & Linguistics,102,0,0.0,0.0,run2
"Handle rare, fragile, or culturally sensitive materials according to conservation and institutional protocols.",domain,field,Arts & Humanities,Literature,102,0,0.0,0.0,run2
"Handle rare, fragile, or culturally sensitive materials according to conservation and institutional protocols.",domain,field,Arts & Humanities,Philosophy,102,0,0.0,0.0,run2
"Handle rare, fragile, or culturally sensitive materials according to conservation and institutional protocols.",domain,field,Arts & Humanities,Religion,101,0,0.0,0.0,run2
Harmonize clinical variables across different coding systems or data sources.,domain,domain,Health Sciences,,309,22,0.04068,0.016971,run2
Harmonize clinical variables across different coding systems or data sources.,domain,field,Health Sciences,Medicine & Clinical Sciences,106,4,0.036917,0.018337,run2
Harmonize clinical variables across different coding systems or data sources.,domain,field,Health Sciences,Nutrition & Dietetics,101,2,0.01664,0.011982,run2
Harmonize clinical variables across different coding systems or data sources.,domain,field,Health Sciences,Public Health & Epidemiology,102,16,0.155603,0.035966,run2
Implement methods as working code and verify correctness against known cases or a proof assistant.,domain,domain,Formal Sciences,,305,165,0.686899,0.035051,run2
Implement methods as working code and verify correctness against known cases or a proof assistant.,domain,field,Formal Sciences,Computer Science,102,77,0.759171,0.042407,run2
Implement methods as working code and verify correctness against known cases or a proof assistant.,domain,field,Formal Sciences,Mathematics,101,35,0.352909,0.048164,run2
Implement methods as working code and verify correctness against known cases or a proof assistant.,domain,field,Formal Sciences,Statistics,102,53,0.513918,0.049836,run2
Interpret measured spectra to determine composition and structural characteristics of samples,domain,domain,Physical Sciences,,612,207,0.303781,0.019168,run2
Interpret measured spectra to determine composition and structural characteristics of samples,domain,field,Physical Sciences,Chemistry,102,79,0.777704,0.041392,run2
Interpret measured spectra to determine composition and structural characteristics of samples,domain,field,Physical Sciences,Earth & Planetary Sciences,102,9,0.07879,0.026273,run2
Interpret measured spectra to determine composition and structural characteristics of samples,domain,field,Physical Sciences,Engineering,102,22,0.213416,0.040666,run2
Interpret measured spectra to determine composition and structural characteristics of samples,domain,field,Physical Sciences,Environmental Science,102,9,0.089347,0.028568,run2
Interpret measured spectra to determine composition and structural characteristics of samples,domain,field,Physical Sciences,Materials Science,102,75,0.740988,0.04361,run2
Interpret measured spectra to determine composition and structural characteristics of samples,domain,field,Physical Sciences,Physics & Astronomy,102,13,0.129314,0.033627,run2
"Locate primary sources in archives, manuscript collections, museums, or field sites.",domain,domain,Arts & Humanities,,611,86,0.200382,0.017113,run2
"Locate primary sources in archives, manuscript collections, museums, or field sites.",domain,field,Arts & Humanities,Arts,101,15,0.15113,0.036093,run2
"Locate primary sources in archives, manuscript collections, museums, or field sites.",domain,field,Arts & Humanities,History,103,53,0.516501,0.049809,run2
"Locate primary sources in archives, manuscript collections, museums, or field sites.",domain,field,Arts & Humanities,Languages & Linguistics,102,6,0.061804,0.024538,run2
"Locate primary sources in archives, manuscript collections, museums, or field sites.",domain,field,Arts & Humanities,Literature,102,5,0.045758,0.021993,run2
"Locate primary sources in archives, manuscript collections, museums, or field sites.",domain,field,Arts & Humanities,Philosophy,102,0,0.0,0.0,run2
"Locate primary sources in archives, manuscript collections, museums, or field sites.",domain,field,Arts & Humanities,Religion,101,7,0.074451,0.027472,run2
Maintain experimental apparatus and laboratory equipment.,domain,domain,Physical Sciences,,612,17,0.023882,0.006941,run2
Maintain experimental apparatus and laboratory equipment.,domain,field,Physical Sciences,Chemistry,102,2,0.020997,0.014754,run2
Maintain experimental apparatus and laboratory equipment.,domain,field,Physical Sciences,Earth & Planetary Sciences,102,2,0.019787,0.013921,run2
Maintain experimental apparatus and laboratory equipment.,domain,field,Physical Sciences,Engineering,102,2,0.019578,0.013827,run2
Maintain experimental apparatus and laboratory equipment.,domain,field,Physical Sciences,Environmental Science,102,1,0.010544,0.010537,run2
Maintain experimental apparatus and laboratory equipment.,domain,field,Physical Sciences,Materials Science,102,1,0.009817,0.009817,run2
Maintain experimental apparatus and laboratory equipment.,domain,field,Physical Sciences,Physics & Astronomy,102,9,0.086944,0.027876,run2
Maintain laboratory equipment and manage stocks of reagents or specimens.,domain,domain,Life Sciences,,512,110,0.285313,0.030575,run2
Maintain laboratory equipment and manage stocks of reagents or specimens.,domain,field,Life Sciences,Agricultural Sciences,103,18,0.174136,0.037683,run2
Maintain laboratory equipment and manage stocks of reagents or specimens.,domain,field,Life Sciences,Biology,102,30,0.296676,0.045727,run2
Maintain laboratory equipment and manage stocks of reagents or specimens.,domain,field,Life Sciences,Biomedical Sciences,104,36,0.341844,0.046976,run2
Maintain laboratory equipment and manage stocks of reagents or specimens.,domain,field,Life Sciences,Neuroscience,103,19,0.183619,0.038294,run2
Maintain laboratory equipment and manage stocks of reagents or specimens.,domain,field,Life Sciences,Veterinary Medicine,100,7,0.071038,0.025996,run2
Maintain laboratory notebooks documenting experimental conditions and procedures.,domain,domain,Life Sciences,,512,22,0.076548,0.019395,run2
Maintain laboratory notebooks documenting experimental conditions and procedures.,domain,field,Life Sciences,Agricultural Sciences,103,2,0.020002,0.014068,run2
Maintain laboratory notebooks documenting experimental conditions and procedures.,domain,field,Life Sciences,Biology,102,3,0.029654,0.016949,run2
Maintain laboratory notebooks documenting experimental conditions and procedures.,domain,field,Life Sciences,Biomedical Sciences,104,12,0.110047,0.030705,run2
Maintain laboratory notebooks documenting experimental conditions and procedures.,domain,field,Life Sciences,Neuroscience,103,2,0.019493,0.013716,run2
Maintain laboratory notebooks documenting experimental conditions and procedures.,domain,field,Life Sciences,Veterinary Medicine,100,3,0.03047,0.017405,run2
"Manage computational resources such as clusters, accelerators, and long-running jobs.",domain,domain,Formal Sciences,,305,16,0.101374,0.026058,run2
"Manage computational resources such as clusters, accelerators, and long-running jobs.",domain,field,Formal Sciences,Computer Science,102,13,0.122726,0.032242,run2
"Manage computational resources such as clusters, accelerators, and long-running jobs.",domain,field,Formal Sciences,Mathematics,101,1,0.010529,0.010523,run2
"Manage computational resources such as clusters, accelerators, and long-running jobs.",domain,field,Formal Sciences,Statistics,102,2,0.019684,0.013849,run2
Monitor and record adverse events and tolerability during study interventions to characterize safety,domain,domain,Health Sciences,,309,40,0.193686,0.036192,run2
Monitor and record adverse events and tolerability during study interventions to characterize safety,domain,field,Health Sciences,Medicine & Clinical Sciences,106,22,0.202398,0.039216,run2
Monitor and record adverse events and tolerability during study interventions to characterize safety,domain,field,Health Sciences,Nutrition & Dietetics,101,17,0.169446,0.037624,run2
Monitor and record adverse events and tolerability during study interventions to characterize safety,domain,field,Health Sciences,Public Health & Epidemiology,102,1,0.009669,0.00967,run2
"Negotiate access to archives, collections, or field sites and secure the necessary permissions.",domain,domain,Arts & Humanities,,611,39,0.077728,0.012819,run2
"Negotiate access to archives, collections, or field sites and secure the necessary permissions.",domain,field,Arts & Humanities,Arts,101,8,0.080481,0.027415,run2
"Negotiate access to archives, collections, or field sites and secure the necessary permissions.",domain,field,Arts & Humanities,History,103,11,0.106331,0.03054,run2
"Negotiate access to archives, collections, or field sites and secure the necessary permissions.",domain,field,Arts & Humanities,Languages & Linguistics,102,12,0.120425,0.032755,run2
"Negotiate access to archives, collections, or field sites and secure the necessary permissions.",domain,field,Arts & Humanities,Literature,102,2,0.019833,0.015135,run2
"Negotiate access to archives, collections, or field sites and secure the necessary permissions.",domain,field,Arts & Humanities,Philosophy,102,0,0.0,0.0,run2
"Negotiate access to archives, collections, or field sites and secure the necessary permissions.",domain,field,Arts & Humanities,Religion,101,6,0.070137,0.027618,run2
"Observe obligations to the communities whose histories, languages, or cultural heritage are studied, including protocols for sacred or sensitive material.",domain,domain,Arts & Humanities,,611,7,0.015364,0.006158,run2
"Observe obligations to the communities whose histories, languages, or cultural heritage are studied, including protocols for sacred or sensitive material.",domain,field,Arts & Humanities,Arts,101,1,0.009919,0.009919,run2
"Observe obligations to the communities whose histories, languages, or cultural heritage are studied, including protocols for sacred or sensitive material.",domain,field,Arts & Humanities,History,103,2,0.020379,0.014346,run2
"Observe obligations to the communities whose histories, languages, or cultural heritage are studied, including protocols for sacred or sensitive material.",domain,field,Arts & Humanities,Languages & Linguistics,102,3,0.030384,0.017359,run2
"Observe obligations to the communities whose histories, languages, or cultural heritage are studied, including protocols for sacred or sensitive material.",domain,field,Arts & Humanities,Literature,102,0,0.0,0.0,run2
"Observe obligations to the communities whose histories, languages, or cultural heritage are studied, including protocols for sacred or sensitive material.",domain,field,Arts & Humanities,Philosophy,102,0,0.0,0.0,run2
"Observe obligations to the communities whose histories, languages, or cultural heritage are studied, including protocols for sacred or sensitive material.",domain,field,Arts & Humanities,Religion,101,1,0.011689,0.01167,run2
Obtain IACUC approval for research involving animals.,domain,domain,Life Sciences,,512,119,0.274017,0.029858,run2
Obtain IACUC approval for research involving animals.,domain,field,Life Sciences,Agricultural Sciences,103,3,0.027185,0.015575,run2
Obtain IACUC approval for research involving animals.,domain,field,Life Sciences,Biology,102,10,0.09037,0.028862,run2
Obtain IACUC approval for research involving animals.,domain,field,Life Sciences,Biomedical Sciences,104,35,0.327516,0.046285,run2
Obtain IACUC approval for research involving animals.,domain,field,Life Sciences,Neuroscience,103,41,0.395481,0.048439,run2
Obtain IACUC approval for research involving animals.,domain,field,Life Sciences,Veterinary Medicine,100,30,0.299645,0.04606,run2
Obtain IRB approval and informed consent for research with human subjects.,domain,domain,Social Sciences,,1121,182,0.253849,0.014929,run2
Obtain IRB approval and informed consent for research with human subjects.,domain,field,Social Sciences,Anthropology,101,12,0.11713,0.032047,run2
Obtain IRB approval and informed consent for research with human subjects.,domain,field,Social Sciences,Business & Management,103,4,0.040971,0.020143,run2
Obtain IRB approval and informed consent for research with human subjects.,domain,field,Social Sciences,Communication & Media Studies,101,12,0.109733,0.030645,run2
Obtain IRB approval and informed consent for research with human subjects.,domain,field,Social Sciences,Economics,103,4,0.037157,0.018448,run2
Obtain IRB approval and informed consent for research with human subjects.,domain,field,Social Sciences,Education,103,26,0.249574,0.042917,run2
Obtain IRB approval and informed consent for research with human subjects.,domain,field,Social Sciences,Geography,101,11,0.106815,0.030894,run2
Obtain IRB approval and informed consent for research with human subjects.,domain,field,Social Sciences,Law,103,1,0.010508,0.010502,run2
Obtain IRB approval and informed consent for research with human subjects.,domain,field,Social Sciences,Library & Information Science,100,12,0.141187,0.037573,run2
Obtain IRB approval and informed consent for research with human subjects.,domain,field,Social Sciences,Political Science,102,3,0.02709,0.01555,run2
Obtain IRB approval and informed consent for research with human subjects.,domain,field,Social Sciences,Psychology,102,70,0.68681,0.046283,run2
Obtain IRB approval and informed consent for research with human subjects.,domain,field,Social Sciences,Sociology,102,27,0.257523,0.043587,run2
Obtain IRB approval and informed consent for research with patients.,domain,domain,Health Sciences,,309,166,0.68759,0.041375,run2
Obtain IRB approval and informed consent for research with patients.,domain,field,Health Sciences,Medicine & Clinical Sciences,106,75,0.707447,0.044784,run2
Obtain IRB approval and informed consent for research with patients.,domain,field,Health Sciences,Nutrition & Dietetics,101,62,0.614755,0.048705,run2
Obtain IRB approval and informed consent for research with patients.,domain,field,Health Sciences,Public Health & Epidemiology,102,29,0.286232,0.04508,run2
Perform in situ hybridization on tissue sections to localize gene transcript expression,domain,domain,Life Sciences,,512,8,0.034811,0.013627,run2
Perform in situ hybridization on tissue sections to localize gene transcript expression,domain,field,Life Sciences,Agricultural Sciences,103,0,0.0,0.0,run2
Perform in situ hybridization on tissue sections to localize gene transcript expression,domain,field,Life Sciences,Biology,102,0,0.0,0.0,run2
Perform in situ hybridization on tissue sections to localize gene transcript expression,domain,field,Life Sciences,Biomedical Sciences,104,5,0.049022,0.02153,run2
Perform in situ hybridization on tissue sections to localize gene transcript expression,domain,field,Life Sciences,Neuroscience,103,3,0.028896,0.016526,run2
Perform in situ hybridization on tissue sections to localize gene transcript expression,domain,field,Life Sciences,Veterinary Medicine,100,0,0.0,0.0,run2
Perform in vitro assays with sample extracts or purified proteins to characterize their functional and biochemical properties,domain,domain,Life Sciences,,512,99,0.313199,0.031483,run2
Perform in vitro assays with sample extracts or purified proteins to characterize their functional and biochemical properties,domain,field,Life Sciences,Agricultural Sciences,103,17,0.169071,0.037664,run2
Perform in vitro assays with sample extracts or purified proteins to characterize their functional and biochemical properties,domain,field,Life Sciences,Biology,102,9,0.088702,0.028386,run2
Perform in vitro assays with sample extracts or purified proteins to characterize their functional and biochemical properties,domain,field,Life Sciences,Biomedical Sciences,104,43,0.406702,0.048628,run2
Perform in vitro assays with sample extracts or purified proteins to characterize their functional and biochemical properties,domain,field,Life Sciences,Neuroscience,103,18,0.172754,0.037313,run2
Perform in vitro assays with sample extracts or purified proteins to characterize their functional and biochemical properties,domain,field,Life Sciences,Veterinary Medicine,100,12,0.120389,0.032773,run2
Perform in vivo procedures on laboratory animals to establish defined experimental states or disease models,domain,domain,Life Sciences,,512,98,0.234117,0.028476,run2
Perform in vivo procedures on laboratory animals to establish defined experimental states or disease models,domain,field,Life Sciences,Agricultural Sciences,103,3,0.027185,0.015575,run2
Perform in vivo procedures on laboratory animals to establish defined experimental states or disease models,domain,field,Life Sciences,Biology,102,7,0.062197,0.024629,run2
Perform in vivo procedures on laboratory animals to establish defined experimental states or disease models,domain,field,Life Sciences,Biomedical Sciences,104,29,0.273645,0.044043,run2
Perform in vivo procedures on laboratory animals to establish defined experimental states or disease models,domain,field,Life Sciences,Neuroscience,103,38,0.366586,0.047722,run2
Perform in vivo procedures on laboratory animals to establish defined experimental states or disease models,domain,field,Life Sciences,Veterinary Medicine,100,21,0.209842,0.040943,run2
Perform laboratory assays on biospecimens to quantify biomarker and analyte levels for research measures,domain,domain,Health Sciences,,309,99,0.368209,0.044323,run2
Perform laboratory assays on biospecimens to quantify biomarker and analyte levels for research measures,domain,field,Health Sciences,Medicine & Clinical Sciences,106,38,0.373364,0.048011,run2
Perform laboratory assays on biospecimens to quantify biomarker and analyte levels for research measures,domain,field,Health Sciences,Nutrition & Dietetics,101,54,0.539371,0.049873,run2
Perform laboratory assays on biospecimens to quantify biomarker and analyte levels for research measures,domain,field,Health Sciences,Public Health & Epidemiology,102,7,0.068875,0.025245,run2
"Prepare solid samples by crushing, sectioning, or mounting to produce standardized material for laboratory analysis or experiments",domain,domain,Physical Sciences,,612,144,0.253972,0.020918,run2
"Prepare solid samples by crushing, sectioning, or mounting to produce standardized material for laboratory analysis or experiments",domain,field,Physical Sciences,Chemistry,102,19,0.185798,0.038921,run2
"Prepare solid samples by crushing, sectioning, or mounting to produce standardized material for laboratory analysis or experiments",domain,field,Physical Sciences,Earth & Planetary Sciences,102,21,0.197834,0.039529,run2
"Prepare solid samples by crushing, sectioning, or mounting to produce standardized material for laboratory analysis or experiments",domain,field,Physical Sciences,Engineering,102,25,0.24541,0.042921,run2
"Prepare solid samples by crushing, sectioning, or mounting to produce standardized material for laboratory analysis or experiments",domain,field,Physical Sciences,Environmental Science,102,26,0.250912,0.043015,run2
"Prepare solid samples by crushing, sectioning, or mounting to produce standardized material for laboratory analysis or experiments",domain,field,Physical Sciences,Materials Science,102,51,0.49442,0.049934,run2
"Prepare solid samples by crushing, sectioning, or mounting to produce standardized material for laboratory analysis or experiments",domain,field,Physical Sciences,Physics & Astronomy,102,2,0.020652,0.014516,run2
Process and align sequencing reads for downstream analysis.,domain,domain,Life Sciences,,512,42,0.109533,0.02262,run2
Process and align sequencing reads for downstream analysis.,domain,field,Life Sciences,Agricultural Sciences,103,6,0.05827,0.023219,run2
Process and align sequencing reads for downstream analysis.,domain,field,Life Sciences,Biology,102,15,0.144796,0.034866,run2
Process and align sequencing reads for downstream analysis.,domain,field,Life Sciences,Biomedical Sciences,104,14,0.143004,0.035503,run2
Process and align sequencing reads for downstream analysis.,domain,field,Life Sciences,Neuroscience,103,2,0.019493,0.013716,run2
Process and align sequencing reads for downstream analysis.,domain,field,Life Sciences,Veterinary Medicine,100,5,0.050783,0.02223,run2
Quantify chemical constituents of biological or environmental samples using standard laboratory assays to characterize their composition,domain,domain,Life Sciences,,512,122,0.246817,0.027317,run2
Quantify chemical constituents of biological or environmental samples using standard laboratory assays to characterize their composition,domain,field,Life Sciences,Agricultural Sciences,103,49,0.491267,0.049816,run2
Quantify chemical constituents of biological or environmental samples using standard laboratory assays to characterize their composition,domain,field,Life Sciences,Biology,102,15,0.146626,0.035212,run2
Quantify chemical constituents of biological or environmental samples using standard laboratory assays to characterize their composition,domain,field,Life Sciences,Biomedical Sciences,104,24,0.223025,0.040969,run2
Quantify chemical constituents of biological or environmental samples using standard laboratory assays to characterize their composition,domain,field,Life Sciences,Neuroscience,103,10,0.098045,0.029592,run2
Quantify chemical constituents of biological or environmental samples using standard laboratory assays to characterize their composition,domain,field,Life Sciences,Veterinary Medicine,100,24,0.238938,0.04283,run2
Quantify measurement uncertainty and propagate errors through calculations.,domain,domain,Physical Sciences,,612,202,0.281995,0.020383,run2
Quantify measurement uncertainty and propagate errors through calculations.,domain,field,Physical Sciences,Chemistry,102,30,0.295973,0.045743,run2
Quantify measurement uncertainty and propagate errors through calculations.,domain,field,Physical Sciences,Earth & Planetary Sciences,102,49,0.48666,0.049924,run2
Quantify measurement uncertainty and propagate errors through calculations.,domain,field,Physical Sciences,Engineering,102,19,0.183576,0.038501,run2
Quantify measurement uncertainty and propagate errors through calculations.,domain,field,Physical Sciences,Environmental Science,102,34,0.336223,0.047186,run2
Quantify measurement uncertainty and propagate errors through calculations.,domain,field,Physical Sciences,Materials Science,102,31,0.302425,0.045773,run2
Quantify measurement uncertainty and propagate errors through calculations.,domain,field,Physical Sciences,Physics & Astronomy,102,39,0.378992,0.048415,run2
Quantify structural and morphological features from image data using image-analysis methods to characterize samples,domain,domain,Physical Sciences,,612,116,0.202377,0.019,run2
Quantify structural and morphological features from image data using image-analysis methods to characterize samples,domain,field,Physical Sciences,Chemistry,102,16,0.152784,0.035737,run2
Quantify structural and morphological features from image data using image-analysis methods to characterize samples,domain,field,Physical Sciences,Earth & Planetary Sciences,102,12,0.112617,0.031277,run2
Quantify structural and morphological features from image data using image-analysis methods to characterize samples,domain,field,Physical Sciences,Engineering,102,21,0.204615,0.040113,run2
Quantify structural and morphological features from image data using image-analysis methods to characterize samples,domain,field,Physical Sciences,Environmental Science,102,5,0.050695,0.022197,run2
Quantify structural and morphological features from image data using image-analysis methods to characterize samples,domain,field,Physical Sciences,Materials Science,102,51,0.496395,0.04994,run2
Quantify structural and morphological features from image data using image-analysis methods to characterize samples,domain,field,Physical Sciences,Physics & Astronomy,102,11,0.099081,0.029122,run2
Quantify target nucleic acid levels with targeted PCR assays to compare or verify expression results,domain,domain,Life Sciences,,512,66,0.248536,0.030252,run2
Quantify target nucleic acid levels with targeted PCR assays to compare or verify expression results,domain,field,Life Sciences,Agricultural Sciences,103,5,0.049239,0.021592,run2
Quantify target nucleic acid levels with targeted PCR assays to compare or verify expression results,domain,field,Life Sciences,Biology,102,5,0.039523,0.019401,run2
Quantify target nucleic acid levels with targeted PCR assays to compare or verify expression results,domain,field,Life Sciences,Biomedical Sciences,104,37,0.358704,0.047704,run2
Quantify target nucleic acid levels with targeted PCR assays to compare or verify expression results,domain,field,Life Sciences,Neuroscience,103,10,0.095001,0.02881,run2
Quantify target nucleic acid levels with targeted PCR assays to compare or verify expression results,domain,field,Life Sciences,Veterinary Medicine,100,9,0.091409,0.02917,run2
"Read texts or examine works closely, attending to language, form, structure, and style.",domain,domain,Arts & Humanities,,611,375,0.577864,0.021902,run2
"Read texts or examine works closely, attending to language, form, structure, and style.",domain,field,Arts & Humanities,Arts,101,67,0.665921,0.047154,run2
"Read texts or examine works closely, attending to language, form, structure, and style.",domain,field,Arts & Humanities,History,103,52,0.495815,0.04985,run2
"Read texts or examine works closely, attending to language, form, structure, and style.",domain,field,Arts & Humanities,Languages & Linguistics,102,47,0.458946,0.049982,run2
"Read texts or examine works closely, attending to language, form, structure, and style.",domain,field,Arts & Humanities,Literature,102,90,0.863472,0.038581,run2
"Read texts or examine works closely, attending to language, form, structure, and style.",domain,field,Arts & Humanities,Philosophy,102,68,0.675437,0.046461,run2
"Read texts or examine works closely, attending to language, form, structure, and style.",domain,field,Arts & Humanities,Religion,101,51,0.453328,0.050171,run2
"Reconstruct sites, objects, or events from documentary and material evidence to produce a representation of them",domain,domain,Arts & Humanities,,611,24,0.052995,0.010941,run2
"Reconstruct sites, objects, or events from documentary and material evidence to produce a representation of them",domain,field,Arts & Humanities,Arts,101,8,0.080664,0.027465,run2
"Reconstruct sites, objects, or events from documentary and material evidence to produce a representation of them",domain,field,Arts & Humanities,History,103,15,0.142793,0.034477,run2
"Reconstruct sites, objects, or events from documentary and material evidence to produce a representation of them",domain,field,Arts & Humanities,Languages & Linguistics,102,0,0.0,0.0,run2
"Reconstruct sites, objects, or events from documentary and material evidence to produce a representation of them",domain,field,Arts & Humanities,Literature,102,0,0.0,0.0,run2
"Reconstruct sites, objects, or events from documentary and material evidence to produce a representation of them",domain,field,Arts & Humanities,Philosophy,102,0,0.0,0.0,run2
"Reconstruct sites, objects, or events from documentary and material evidence to produce a representation of them",domain,field,Arts & Humanities,Religion,101,1,0.008232,0.008247,run2
"Reconstruct the historical development and circumstances of a figure, community, or movement from documentary sources to explain its later character",domain,domain,Arts & Humanities,,611,133,0.254204,0.018237,run2
"Reconstruct the historical development and circumstances of a figure, community, or movement from documentary sources to explain its later character",domain,field,Arts & Humanities,Arts,101,25,0.246881,0.043176,run2
"Reconstruct the historical development and circumstances of a figure, community, or movement from documentary sources to explain its later character",domain,field,Arts & Humanities,History,103,56,0.543188,0.049679,run2
"Reconstruct the historical development and circumstances of a figure, community, or movement from documentary sources to explain its later character",domain,field,Arts & Humanities,Languages & Linguistics,102,7,0.070571,0.025896,run2
"Reconstruct the historical development and circumstances of a figure, community, or movement from documentary sources to explain its later character",domain,field,Arts & Humanities,Literature,102,13,0.134295,0.03735,run2
"Reconstruct the historical development and circumstances of a figure, community, or movement from documentary sources to explain its later character",domain,field,Arts & Humanities,Philosophy,102,3,0.027085,0.015729,run2
"Reconstruct the historical development and circumstances of a figure, community, or movement from documentary sources to explain its later character",domain,field,Arts & Humanities,Religion,101,29,0.305465,0.047596,run2
"Reconstruct the historical development of institutions, practices, or ideas from documentary and archival sources to explain their present form",domain,domain,Social Sciences,,1121,162,0.07596,0.00816,run2
"Reconstruct the historical development of institutions, practices, or ideas from documentary and archival sources to explain their present form",domain,field,Social Sciences,Anthropology,101,20,0.196321,0.03996,run2
"Reconstruct the historical development of institutions, practices, or ideas from documentary and archival sources to explain their present form",domain,field,Social Sciences,Business & Management,103,4,0.037589,0.018598,run2
"Reconstruct the historical development of institutions, practices, or ideas from documentary and archival sources to explain their present form",domain,field,Social Sciences,Communication & Media Studies,101,14,0.138297,0.034559,run2
"Reconstruct the historical development of institutions, practices, or ideas from documentary and archival sources to explain their present form",domain,field,Social Sciences,Economics,103,4,0.037648,0.018627,run2
"Reconstruct the historical development of institutions, practices, or ideas from documentary and archival sources to explain their present form",domain,field,Social Sciences,Education,103,11,0.102087,0.02953,run2
"Reconstruct the historical development of institutions, practices, or ideas from documentary and archival sources to explain their present form",domain,field,Social Sciences,Geography,101,13,0.130163,0.033895,run2
"Reconstruct the historical development of institutions, practices, or ideas from documentary and archival sources to explain their present form",domain,field,Social Sciences,Law,103,40,0.389926,0.049353,run2
"Reconstruct the historical development of institutions, practices, or ideas from documentary and archival sources to explain their present form",domain,field,Social Sciences,Library & Information Science,100,6,0.067062,0.026674,run2
"Reconstruct the historical development of institutions, practices, or ideas from documentary and archival sources to explain their present form",domain,field,Social Sciences,Political Science,102,37,0.369533,0.048309,run2
"Reconstruct the historical development of institutions, practices, or ideas from documentary and archival sources to explain their present form",domain,field,Social Sciences,Psychology,102,1,0.010468,0.010461,run2
"Reconstruct the historical development of institutions, practices, or ideas from documentary and archival sources to explain their present form",domain,field,Social Sciences,Sociology,102,12,0.122404,0.033261,run2
Recruit study participants and collect clinical samples or measurements.,domain,domain,Health Sciences,,309,188,0.640325,0.043533,run2
Recruit study participants and collect clinical samples or measurements.,domain,field,Health Sciences,Medicine & Clinical Sciences,106,68,0.644121,0.047135,run2
Recruit study participants and collect clinical samples or measurements.,domain,field,Health Sciences,Nutrition & Dietetics,101,78,0.774064,0.041789,run2
Recruit study participants and collect clinical samples or measurements.,domain,field,Health Sciences,Public Health & Epidemiology,102,42,0.411992,0.048996,run2
"Release code, data, and computational environments so that results can be reproduced.",domain,domain,Formal Sciences,,305,52,0.198588,0.033946,run2
"Release code, data, and computational environments so that results can be reproduced.",domain,field,Formal Sciences,Computer Science,102,23,0.226744,0.041877,run2
"Release code, data, and computational environments so that results can be reproduced.",domain,field,Formal Sciences,Mathematics,101,4,0.039216,0.019373,run2
"Release code, data, and computational environments so that results can be reproduced.",domain,field,Formal Sciences,Statistics,102,25,0.245509,0.042897,run2
Retrieve and count occurrences of targeted features across a textual corpus to identify distributional patterns,domain,domain,Arts & Humanities,,611,52,0.102412,0.013995,run2
Retrieve and count occurrences of targeted features across a textual corpus to identify distributional patterns,domain,field,Arts & Humanities,Arts,101,4,0.040355,0.019861,run2
Retrieve and count occurrences of targeted features across a textual corpus to identify distributional patterns,domain,field,Arts & Humanities,History,103,8,0.07847,0.026786,run2
Retrieve and count occurrences of targeted features across a textual corpus to identify distributional patterns,domain,field,Arts & Humanities,Languages & Linguistics,102,24,0.23822,0.042762,run2
Retrieve and count occurrences of targeted features across a textual corpus to identify distributional patterns,domain,field,Arts & Humanities,Literature,102,12,0.102618,0.031244,run2
Retrieve and count occurrences of targeted features across a textual corpus to identify distributional patterns,domain,field,Arts & Humanities,Philosophy,102,1,0.010371,0.010365,run2
Retrieve and count occurrences of targeted features across a textual corpus to identify distributional patterns,domain,field,Arts & Humanities,Religion,101,3,0.028154,0.016359,run2
Run numerical experiments or simulations to characterize behavior where theory is silent.,domain,domain,Formal Sciences,,305,132,0.54851,0.040116,run2
Run numerical experiments or simulations to characterize behavior where theory is silent.,domain,field,Formal Sciences,Computer Science,102,61,0.60015,0.048863,run2
Run numerical experiments or simulations to characterize behavior where theory is silent.,domain,field,Formal Sciences,Mathematics,101,32,0.322968,0.047168,run2
Run numerical experiments or simulations to characterize behavior where theory is silent.,domain,field,Formal Sciences,Statistics,102,39,0.373709,0.048022,run2
Run numerical simulations of physical systems.,domain,domain,Physical Sciences,,612,209,0.346114,0.022955,run2
Run numerical simulations of physical systems.,domain,field,Physical Sciences,Chemistry,102,25,0.244041,0.042903,run2
Run numerical simulations of physical systems.,domain,field,Physical Sciences,Earth & Planetary Sciences,102,47,0.463068,0.049811,run2
Run numerical simulations of physical systems.,domain,field,Physical Sciences,Engineering,102,44,0.43305,0.049534,run2
Run numerical simulations of physical systems.,domain,field,Physical Sciences,Environmental Science,102,21,0.209502,0.040792,run2
Run numerical simulations of physical systems.,domain,field,Physical Sciences,Materials Science,102,14,0.131661,0.033577,run2
Run numerical simulations of physical systems.,domain,field,Physical Sciences,Physics & Astronomy,102,58,0.566504,0.049512,run2
Search for counterexamples and boundary cases that would falsify a claim.,domain,domain,Formal Sciences,,305,41,0.133541,0.026951,run2
Search for counterexamples and boundary cases that would falsify a claim.,domain,field,Formal Sciences,Computer Science,102,12,0.118935,0.032432,run2
Search for counterexamples and boundary cases that would falsify a claim.,domain,field,Formal Sciences,Mathematics,101,25,0.23432,0.041893,run2
Search for counterexamples and boundary cases that would falsify a claim.,domain,field,Formal Sciences,Statistics,102,4,0.038485,0.018992,run2
"Select and justify cases, sites, or jurisdictions on explicit criteria to structure comparison",domain,domain,Social Sciences,,1121,283,0.219464,0.016796,run2
"Select and justify cases, sites, or jurisdictions on explicit criteria to structure comparison",domain,field,Social Sciences,Anthropology,101,14,0.132514,0.033731,run2
"Select and justify cases, sites, or jurisdictions on explicit criteria to structure comparison",domain,field,Social Sciences,Business & Management,103,31,0.297075,0.045176,run2
"Select and justify cases, sites, or jurisdictions on explicit criteria to structure comparison",domain,field,Social Sciences,Communication & Media Studies,101,42,0.412495,0.049366,run2
"Select and justify cases, sites, or jurisdictions on explicit criteria to structure comparison",domain,field,Social Sciences,Economics,103,19,0.190458,0.039483,run2
"Select and justify cases, sites, or jurisdictions on explicit criteria to structure comparison",domain,field,Social Sciences,Education,103,17,0.166976,0.037179,run2
"Select and justify cases, sites, or jurisdictions on explicit criteria to structure comparison",domain,field,Social Sciences,Geography,101,49,0.491916,0.050291,run2
"Select and justify cases, sites, or jurisdictions on explicit criteria to structure comparison",domain,field,Social Sciences,Law,103,17,0.159582,0.03675,run2
"Select and justify cases, sites, or jurisdictions on explicit criteria to structure comparison",domain,field,Social Sciences,Library & Information Science,100,23,0.214109,0.040789,run2
"Select and justify cases, sites, or jurisdictions on explicit criteria to structure comparison",domain,field,Social Sciences,Political Science,102,27,0.262447,0.043754,run2
"Select and justify cases, sites, or jurisdictions on explicit criteria to structure comparison",domain,field,Social Sciences,Psychology,102,9,0.091913,0.029299,run2
"Select and justify cases, sites, or jurisdictions on explicit criteria to structure comparison",domain,field,Social Sciences,Sociology,102,35,0.341244,0.047742,run2
"Situate a source within its historical, cultural, and intellectual context to reconstruct its meaning.",domain,domain,Arts & Humanities,,611,360,0.595255,0.016199,run2
"Situate a source within its historical, cultural, and intellectual context to reconstruct its meaning.",domain,field,Arts & Humanities,Arts,101,65,0.645023,0.047887,run2
"Situate a source within its historical, cultural, and intellectual context to reconstruct its meaning.",domain,field,Arts & Humanities,History,103,96,0.930004,0.025643,run2
"Situate a source within its historical, cultural, and intellectual context to reconstruct its meaning.",domain,field,Arts & Humanities,Languages & Linguistics,102,15,0.151192,0.036169,run2
"Situate a source within its historical, cultural, and intellectual context to reconstruct its meaning.",domain,field,Arts & Humanities,Literature,102,77,0.749629,0.047246,run2
"Situate a source within its historical, cultural, and intellectual context to reconstruct its meaning.",domain,field,Arts & Humanities,Philosophy,102,39,0.391808,0.048947,run2
"Situate a source within its historical, cultural, and intellectual context to reconstruct its meaning.",domain,field,Arts & Humanities,Religion,101,68,0.652295,0.049055,run2
"Specify a formal model, stating its objects, assumptions, and notation precisely.",domain,domain,Formal Sciences,,305,232,0.75746,0.036143,run2
"Specify a formal model, stating its objects, assumptions, and notation precisely.",domain,field,Formal Sciences,Computer Science,102,74,0.724337,0.044665,run2
"Specify a formal model, stating its objects, assumptions, and notation precisely.",domain,field,Formal Sciences,Mathematics,101,99,0.97943,0.014465,run2
"Specify a formal model, stating its objects, assumptions, and notation precisely.",domain,field,Formal Sciences,Statistics,102,59,0.567577,0.049516,run2
Survey a specialized body of documentary material to describe its contents and trace how it changed over time,domain,domain,Arts & Humanities,,611,56,0.126682,0.015584,run2
Survey a specialized body of documentary material to describe its contents and trace how it changed over time,domain,field,Arts & Humanities,Arts,101,12,0.119932,0.032658,run2
Survey a specialized body of documentary material to describe its contents and trace how it changed over time,domain,field,Arts & Humanities,History,103,32,0.317566,0.046578,run2
Survey a specialized body of documentary material to describe its contents and trace how it changed over time,domain,field,Arts & Humanities,Languages & Linguistics,102,3,0.030592,0.017475,run2
Survey a specialized body of documentary material to describe its contents and trace how it changed over time,domain,field,Arts & Humanities,Literature,102,5,0.045758,0.021993,run2
Survey a specialized body of documentary material to describe its contents and trace how it changed over time,domain,field,Arts & Humanities,Philosophy,102,0,0.0,0.0,run2
Survey a specialized body of documentary material to describe its contents and trace how it changed over time,domain,field,Arts & Humanities,Religion,101,4,0.0433,0.021449,run2
Synthesize materials or compounds for experimental study.,domain,domain,Physical Sciences,,612,200,0.319581,0.020011,run2
Synthesize materials or compounds for experimental study.,domain,field,Physical Sciences,Chemistry,102,76,0.745992,0.04352,run2
Synthesize materials or compounds for experimental study.,domain,field,Physical Sciences,Earth & Planetary Sciences,102,1,0.009894,0.009893,run2
Synthesize materials or compounds for experimental study.,domain,field,Physical Sciences,Engineering,102,28,0.277639,0.044808,run2
Synthesize materials or compounds for experimental study.,domain,field,Physical Sciences,Environmental Science,102,5,0.047645,0.020981,run2
Synthesize materials or compounds for experimental study.,domain,field,Physical Sciences,Materials Science,102,80,0.791417,0.040309,run2
Synthesize materials or compounds for experimental study.,domain,field,Physical Sciences,Physics & Astronomy,102,10,0.100564,0.030288,run2
"Test materials and devices under prolonged, repeated, or stressed operating and exposure conditions to quantify performance degradation and durability",domain,domain,Physical Sciences,,612,65,0.115074,0.015538,run2
"Test materials and devices under prolonged, repeated, or stressed operating and exposure conditions to quantify performance degradation and durability",domain,field,Physical Sciences,Chemistry,102,23,0.236691,0.0431,run2
"Test materials and devices under prolonged, repeated, or stressed operating and exposure conditions to quantify performance degradation and durability",domain,field,Physical Sciences,Earth & Planetary Sciences,102,0,0.0,0.0,run2
"Test materials and devices under prolonged, repeated, or stressed operating and exposure conditions to quantify performance degradation and durability",domain,field,Physical Sciences,Engineering,102,12,0.120585,0.032807,run2
"Test materials and devices under prolonged, repeated, or stressed operating and exposure conditions to quantify performance degradation and durability",domain,field,Physical Sciences,Environmental Science,102,1,0.009663,0.009665,run2
"Test materials and devices under prolonged, repeated, or stressed operating and exposure conditions to quantify performance degradation and durability",domain,field,Physical Sciences,Materials Science,102,27,0.270659,0.044633,run2
"Test materials and devices under prolonged, repeated, or stressed operating and exposure conditions to quantify performance degradation and durability",domain,field,Physical Sciences,Physics & Astronomy,102,2,0.020184,0.014197,run2
"Trace key terms and names across sources, languages, and periods to establish their meanings and development",domain,domain,Arts & Humanities,,611,166,0.28264,0.019828,run2
"Trace key terms and names across sources, languages, and periods to establish their meanings and development",domain,field,Arts & Humanities,Arts,101,17,0.166395,0.037143,run2
"Trace key terms and names across sources, languages, and periods to establish their meanings and development",domain,field,Arts & Humanities,History,103,48,0.467734,0.049737,run2
"Trace key terms and names across sources, languages, and periods to establish their meanings and development",domain,field,Arts & Humanities,Languages & Linguistics,102,13,0.125379,0.032912,run2
"Trace key terms and names across sources, languages, and periods to establish their meanings and development",domain,field,Arts & Humanities,Literature,102,22,0.209738,0.043742,run2
"Trace key terms and names across sources, languages, and periods to establish their meanings and development",domain,field,Arts & Humanities,Philosophy,102,28,0.282798,0.045341,run2
"Trace key terms and names across sources, languages, and periods to establish their meanings and development",domain,field,Arts & Humanities,Religion,101,38,0.333936,0.046542,run2
"Trace the circulation, reception, and transformation of works or forms across later periods and contexts",domain,domain,Arts & Humanities,,611,104,0.160878,0.01588,run2
"Trace the circulation, reception, and transformation of works or forms across later periods and contexts",domain,field,Arts & Humanities,Arts,101,26,0.258398,0.043902,run2
"Trace the circulation, reception, and transformation of works or forms across later periods and contexts",domain,field,Arts & Humanities,History,103,21,0.19899,0.039597,run2
"Trace the circulation, reception, and transformation of works or forms across later periods and contexts",domain,field,Arts & Humanities,Languages & Linguistics,102,3,0.029293,0.016816,run2
"Trace the circulation, reception, and transformation of works or forms across later periods and contexts",domain,field,Arts & Humanities,Literature,102,34,0.341328,0.051671,run2
"Trace the circulation, reception, and transformation of works or forms across later periods and contexts",domain,field,Arts & Humanities,Philosophy,102,6,0.061455,0.024401,run2
"Trace the circulation, reception, and transformation of works or forms across later periods and contexts",domain,field,Arts & Humanities,Religion,101,14,0.126562,0.032394,run2
Train and supervise study personnel to ensure consistent application of study data collection procedures,domain,domain,Health Sciences,,309,62,0.125408,0.029441,run2
Train and supervise study personnel to ensure consistent application of study data collection procedures,domain,field,Health Sciences,Medicine & Clinical Sciences,106,12,0.11517,0.031826,run2
Train and supervise study personnel to ensure consistent application of study data collection procedures,domain,field,Health Sciences,Nutrition & Dietetics,101,27,0.264751,0.04406,run2
Train and supervise study personnel to ensure consistent application of study data collection procedures,domain,field,Health Sciences,Public Health & Epidemiology,102,23,0.227853,0.0419,run2
"Transcribe, translate, or edit source materials, documenting every editorial choice.",domain,domain,Arts & Humanities,,611,152,0.285548,0.020395,run2
"Transcribe, translate, or edit source materials, documenting every editorial choice.",domain,field,Arts & Humanities,Arts,101,16,0.159779,0.036811,run2
"Transcribe, translate, or edit source materials, documenting every editorial choice.",domain,field,Arts & Humanities,History,103,34,0.319144,0.046291,run2
"Transcribe, translate, or edit source materials, documenting every editorial choice.",domain,field,Arts & Humanities,Languages & Linguistics,102,50,0.486204,0.050103,run2
"Transcribe, translate, or edit source materials, documenting every editorial choice.",domain,field,Arts & Humanities,Literature,102,20,0.173851,0.039461,run2
"Transcribe, translate, or edit source materials, documenting every editorial choice.",domain,field,Arts & Humanities,Philosophy,102,14,0.140973,0.035149,run2
"Transcribe, translate, or edit source materials, documenting every editorial choice.",domain,field,Arts & Humanities,Religion,101,18,0.167486,0.037088,run2
Translate research findings into actionable recommendations or guidelines for practitioners and policymakers,domain,domain,Social Sciences,,1121,577,0.54243,0.020693,run2
Translate research findings into actionable recommendations or guidelines for practitioners and policymakers,domain,field,Social Sciences,Anthropology,101,16,0.154989,0.035985,run2
Translate research findings into actionable recommendations or guidelines for practitioners and policymakers,domain,field,Social Sciences,Business & Management,103,73,0.709471,0.044997,run2
Translate research findings into actionable recommendations or guidelines for practitioners and policymakers,domain,field,Social Sciences,Communication & Media Studies,101,42,0.415041,0.049397,run2
Translate research findings into actionable recommendations or guidelines for practitioners and policymakers,domain,field,Social Sciences,Economics,103,50,0.49696,0.049764,run2
Translate research findings into actionable recommendations or guidelines for practitioners and policymakers,domain,field,Social Sciences,Education,103,81,0.780928,0.041452,run2
Translate research findings into actionable recommendations or guidelines for practitioners and policymakers,domain,field,Social Sciences,Geography,101,61,0.613888,0.048735,run2
Translate research findings into actionable recommendations or guidelines for practitioners and policymakers,domain,field,Social Sciences,Law,103,64,0.617205,0.049153,run2
Translate research findings into actionable recommendations or guidelines for practitioners and policymakers,domain,field,Social Sciences,Library & Information Science,100,76,0.791781,0.039188,run2
Translate research findings into actionable recommendations or guidelines for practitioners and policymakers,domain,field,Social Sciences,Political Science,102,32,0.316124,0.046445,run2
Translate research findings into actionable recommendations or guidelines for practitioners and policymakers,domain,field,Social Sciences,Psychology,102,49,0.480378,0.049872,run2
Translate research findings into actionable recommendations or guidelines for practitioners and policymakers,domain,field,Social Sciences,Sociology,102,33,0.318201,0.046606,run2
Use the researcher's own lived and embodied experience as primary data for analysis,domain,domain,Social Sciences,,1121,54,0.018546,0.003902,run2
Use the researcher's own lived and embodied experience as primary data for analysis,domain,field,Social Sciences,Anthropology,101,18,0.180938,0.038805,run2
Use the researcher's own lived and embodied experience as primary data for analysis,domain,field,Social Sciences,Business & Management,103,1,0.010447,0.01044,run2
Use the researcher's own lived and embodied experience as primary data for analysis,domain,field,Social Sciences,Communication & Media Studies,101,2,0.019478,0.013716,run2
Use the researcher's own lived and embodied experience as primary data for analysis,domain,field,Social Sciences,Economics,103,0,0.0,0.0,run2
Use the researcher's own lived and embodied experience as primary data for analysis,domain,field,Social Sciences,Education,103,8,0.078741,0.026876,run2
Use the researcher's own lived and embodied experience as primary data for analysis,domain,field,Social Sciences,Geography,101,12,0.112933,0.031188,run2
Use the researcher's own lived and embodied experience as primary data for analysis,domain,field,Social Sciences,Law,103,3,0.022963,0.014428,run2
Use the researcher's own lived and embodied experience as primary data for analysis,domain,field,Social Sciences,Library & Information Science,100,5,0.055297,0.024294,run2
Use the researcher's own lived and embodied experience as primary data for analysis,domain,field,Social Sciences,Political Science,102,3,0.028703,0.016424,run2
Use the researcher's own lived and embodied experience as primary data for analysis,domain,field,Social Sciences,Psychology,102,0,0.0,0.0,run2
Use the researcher's own lived and embodied experience as primary data for analysis,domain,field,Social Sciences,Sociology,102,2,0.018987,0.013377,run2
Validate constructed measures by comparing them against independent data sources or reference values to establish their reliability,domain,domain,Social Sciences,,1121,100,0.090158,0.012256,run2
Validate constructed measures by comparing them against independent data sources or reference values to establish their reliability,domain,field,Social Sciences,Anthropology,101,15,0.151343,0.036149,run2
Validate constructed measures by comparing them against independent data sources or reference values to establish their reliability,domain,field,Social Sciences,Business & Management,103,5,0.047546,0.02094,run2
Validate constructed measures by comparing them against independent data sources or reference values to establish their reliability,domain,field,Social Sciences,Communication & Media Studies,101,12,0.117521,0.032086,run2
Validate constructed measures by comparing them against independent data sources or reference values to establish their reliability,domain,field,Social Sciences,Economics,103,15,0.146121,0.035319,run2
Validate constructed measures by comparing them against independent data sources or reference values to establish their reliability,domain,field,Social Sciences,Education,103,3,0.029756,0.017036,run2
Validate constructed measures by comparing them against independent data sources or reference values to establish their reliability,domain,field,Social Sciences,Geography,101,9,0.090361,0.028915,run2
Validate constructed measures by comparing them against independent data sources or reference values to establish their reliability,domain,field,Social Sciences,Law,103,0,0.0,0.0,run2
Validate constructed measures by comparing them against independent data sources or reference values to establish their reliability,domain,field,Social Sciences,Library & Information Science,100,12,0.098813,0.027589,run2
Validate constructed measures by comparing them against independent data sources or reference values to establish their reliability,domain,field,Social Sciences,Political Science,102,8,0.076718,0.026311,run2
Validate constructed measures by comparing them against independent data sources or reference values to establish their reliability,domain,field,Social Sciences,Psychology,102,12,0.116923,0.032107,run2
Validate constructed measures by comparing them against independent data sources or reference values to establish their reliability,domain,field,Social Sciences,Sociology,102,9,0.090086,0.028841,run2
"Vary model inputs, parameters, or forcings systematically to quantify their influence on predicted outcomes",domain,domain,Physical Sciences,,612,219,0.375528,0.023484,run2
"Vary model inputs, parameters, or forcings systematically to quantify their influence on predicted outcomes",domain,field,Physical Sciences,Chemistry,102,22,0.214055,0.040986,run2
"Vary model inputs, parameters, or forcings systematically to quantify their influence on predicted outcomes",domain,field,Physical Sciences,Earth & Planetary Sciences,102,44,0.439757,0.049634,run2
"Vary model inputs, parameters, or forcings systematically to quantify their influence on predicted outcomes",domain,field,Physical Sciences,Engineering,102,47,0.460372,0.049788,run2
"Vary model inputs, parameters, or forcings systematically to quantify their influence on predicted outcomes",domain,field,Physical Sciences,Environmental Science,102,30,0.296652,0.045627,run2
"Vary model inputs, parameters, or forcings systematically to quantify their influence on predicted outcomes",domain,field,Physical Sciences,Materials Science,102,18,0.176176,0.038146,run2
"Vary model inputs, parameters, or forcings systematically to quantify their influence on predicted outcomes",domain,field,Physical Sciences,Physics & Astronomy,102,58,0.566302,0.049513,run2
"Acquire imaging or instrument-based measurements of animals, patients, or specimens to characterize structure and function",field,field,Life Sciences,Biomedical Sciences,200,46,0.222044,0.029293,run1
Adapt and tune implementations to a target hardware platform to meet runtime and resource constraints.,field,field,Formal Sciences,Computer Science,200,15,0.075116,0.018765,run1
Adapt existing research instruments to the language and cultural context of a new participant population,field,field,Arts & Humanities,Languages & Linguistics,200,12,0.060824,0.017062,run1
"Administer acute interventions, such as brain stimulation or pharmacological challenge, to human participants during experimental sessions",field,field,Life Sciences,Neuroscience,200,26,0.133187,0.02435,run1
Administer cell-birth-dating labels to animals in vivo to track the generation and fate of newly formed cells,field,field,Life Sciences,Neuroscience,200,7,0.034728,0.012932,run1
Administer selective inhibitors or blocking antibodies to test whether a specific pathway mediates an observed phenotype,field,field,Life Sciences,Biomedical Sciences,200,35,0.173809,0.026898,run1
Administer standardized clinical and neuropsychological assessments to participants to characterize their phenotypes,field,field,Life Sciences,Neuroscience,200,36,0.180331,0.027313,run1
"Administer surveys, interviews, or participatory workshops with communities and stakeholders to collect socioeconomic, behavioral, and perception data",field,field,Physical Sciences,Environmental Science,200,15,0.072749,0.018184,run1
Adopt established theoretical or conceptual frameworks from the literature to frame research questions and interpret the phenomenon under study.,field,field,Social Sciences,Geography,200,126,0.637598,0.034097,run1
Aggregate normalized indicators into composite indices to rank or classify units,field,field,Physical Sciences,Environmental Science,200,13,0.064407,0.017355,run1
Analyze area-level aggregate data to characterize geographic and temporal variation in disease risk,field,field,Health Sciences,Public Health & Epidemiology,200,43,0.215197,0.029146,run1
"Analyze elevation, bathymetry, and imagery data to map landform morphology and infer landscape evolution",field,field,Physical Sciences,Earth & Planetary Sciences,200,21,0.107901,0.022266,run1
Analyze enacted or proposed legal changes to assess their scope and prospective effects,field,field,Social Sciences,Law,200,89,0.44169,0.035738,run1
Analyze fecal or other biospecimens to characterize gut microbial composition in relation to diet.,field,field,Health Sciences,Nutrition & Dietetics,200,8,0.040246,0.013975,run1
Analyze gut or stomach contents of animals to characterize diet composition.,field,field,Life Sciences,Biology,200,8,0.041339,0.014342,run1
"Analyze linguistic forms in data to make explicit their sources, meanings, or relations to other forms",field,field,Arts & Humanities,Languages & Linguistics,200,113,0.568149,0.035311,run1
"Analyze policy, legal, and institutional arrangements to assess governance capacity and actor responsibilities",field,field,Physical Sciences,Environmental Science,200,17,0.085054,0.019814,run1
Analyze refined crystal structures to derive higher-level structural features such as packing motifs or network topology,field,field,Physical Sciences,Chemistry,200,35,0.175543,0.02703,run1
Analyze sediments and geological context of fossil or archaeological localities to reconstruct depositional and site-formation processes,field,field,Social Sciences,Anthropology,200,24,0.122131,0.023396,run1
Analyze sequence and sample data from organisms to identify genes or products and infer their biological function.,field,field,Life Sciences,Biology,200,23,0.105029,0.021724,run1
Analyze trial-level behavioral responses to derive indices of perceptual sensitivity and decision performance,field,field,Life Sciences,Neuroscience,200,61,0.313195,0.033142,run1
Apply cross-validated predictive models to neural or biomarker features to quantify classification and decoding accuracy,field,field,Life Sciences,Neuroscience,200,13,0.064852,0.017451,run1
Apply design-based stereological sampling to tissue sections to estimate cell numbers in defined brain regions,field,field,Life Sciences,Neuroscience,200,6,0.029833,0.01203,run1
"Apply diagnostic criteria to observations to define units or quantify ages, rates, and change",field,field,Physical Sciences,Earth & Planetary Sciences,200,48,0.238687,0.030247,run1
Apply established analytical procedures to existing records or samples to characterize system properties,field,field,Life Sciences,Agricultural Sciences,200,70,0.352229,0.034049,run1
Apply established doctrinal and interpretive methods to scriptural texts or cases to reach normative conclusions,field,field,Arts & Humanities,Religion,200,40,0.170819,0.025294,run1
Apply established models to frame or estimate relationships between places and people,field,field,Social Sciences,Geography,200,33,0.167092,0.026655,run1
Apply established theories to frame research questions and interpret evidence about observed patterns,field,field,Social Sciences,Geography,200,101,0.512809,0.035566,run1
Apply external fields during processing to align anisotropic constituents and produce directional structure,field,field,Physical Sciences,Materials Science,200,7,0.034164,0.012746,run1
Apply legal rules to actual or hypothetical fact patterns to determine their legal characterization and consequences,field,field,Social Sciences,Law,200,61,0.28665,0.032272,run1
"Apply normative, ethical, or philosophical theory to evaluate media institutions, platforms, or public discourse.",field,field,Social Sciences,Communication & Media Studies,200,40,0.203599,0.028767,run1
"Apply standardized diagnostic and severity criteria to classify study patients into disease categories, subtypes, or response states",field,field,Health Sciences,Medicine & Clinical Sciences,200,125,0.628788,0.034471,run1
"Apply supporting statistical procedures, such as regression diagnostics or clustering, to prepare and refine the main analysis",field,field,Social Sciences,Business & Management,200,21,0.103316,0.021468,run1
Apply systematic procedures to derive design requirements and generate design alternatives,field,field,Arts & Humanities,Arts,200,9,0.045501,0.014852,run1
Appraise and articulate criteria for judging the quality of research methods and creative work in the field,field,field,Arts & Humanities,Arts,200,6,0.030062,0.012121,run1
"Appraise online health information against standardized quality, credibility, or accuracy criteria.",field,field,Social Sciences,Communication & Media Studies,200,7,0.035583,0.013241,run1
"Appraise the methodological quality of prior studies' designs, measures, and reporting across a research literature",field,field,Arts & Humanities,Languages & Linguistics,200,6,0.023558,0.010447,run1
Assemble plant material and apply management operations to establish and maintain experimental plantings,field,field,Life Sciences,Agricultural Sciences,200,93,0.468091,0.035505,run1
Assess a language variety's vitality or degree of endangerment using established indicators,field,field,Arts & Humanities,Languages & Linguistics,200,3,0.014962,0.008611,run1
Assess coding reliability by having independent raters code the same data and computing their agreement,field,field,Arts & Humanities,Languages & Linguistics,200,6,0.030412,0.012258,run1
"Assess heterogeneity in estimated associations across subgroups or contexts using interaction terms, stratified models, or other tests of effect modification.",field,field,Social Sciences,Sociology,200,56,0.279269,0.031974,run1
Assess intercoder reliability across independently coded material to validate the coding scheme.,field,field,Social Sciences,Communication & Media Studies,200,22,0.109782,0.022172,run1
Assess measured or compiled data against reference values or decision models to judge adequacy and performance,field,field,Life Sciences,Agricultural Sciences,200,57,0.288165,0.032289,run1
Assess morphological and sequence characters for what they reveal about evolutionary relationships and population history,field,field,Social Sciences,Anthropology,200,47,0.236697,0.030228,run1
Assess selection and non-response bias by comparing enrolled participants with non-participants or the source population,field,field,Health Sciences,Medicine & Clinical Sciences,200,17,0.089881,0.020866,run1
"Assess the completeness and validity of routine, administrative, and notification data sources before their use",field,field,Health Sciences,Public Health & Epidemiology,200,27,0.13534,0.024279,run1
"Assess the reliability, conceptual validity, and cross-source or cross-context comparability of existing data sources, indicators, and measures.",field,field,Social Sciences,Economics,200,32,0.158205,0.025851,run1
Assess workplace and jurisdictional health and safety regulations and compliance with their required standards and limits,field,field,Health Sciences,Public Health & Epidemiology,200,8,0.038976,0.013551,run1
Assign individual animals to age or reproductive stage categories using standardized morphological criteria.,field,field,Life Sciences,Biology,200,16,0.077823,0.01931,run1
Assign participants to comparison subgroups by applying score cutoffs or normative benchmarks to assessment data.,field,field,Social Sciences,Psychology,200,37,0.185915,0.02766,run1
"Assign species to standardized categories, such as life-form or trophic role, using published classification schemes and records.",field,field,Life Sciences,Biology,200,29,0.146777,0.025244,run1
Benchmark analytical methods against reference standards or competing approaches using quantitative performance metrics,field,field,Life Sciences,Biomedical Sciences,200,44,0.224399,0.029869,run1
Build and solve formal models of strategic interaction to derive testable propositions about political behavior,field,field,Social Sciences,Political Science,200,6,0.028831,0.01174,run1
"Build or adapt a formal apparatus, such as logical languages or decision-theoretic models, to represent philosophical phenomena for analysis",field,field,Arts & Humanities,Philosophy,200,51,0.2513,0.030641,run1
"Build software prototypes, tools, or dashboards as research artifacts usable by researchers and external stakeholders.",field,field,Social Sciences,Communication & Media Studies,200,8,0.040621,0.014103,run1
Calculate taxonomic and functional diversity metrics from community abundance data,field,field,Physical Sciences,Environmental Science,200,17,0.088965,0.020605,run1
Calibrate structural or simulation models to observed data and simulate counterfactual scenarios.,field,field,Social Sciences,Economics,200,38,0.19083,0.028001,run1
"Characterize and standardize the measures, stimuli, and classification procedures used in a study or research area before drawing substantive inferences.",field,field,Social Sciences,Psychology,200,14,0.06982,0.018096,run1
Characterize individual organisms by measuring or scoring standardized morphological traits.,field,field,Life Sciences,Biology,200,85,0.426207,0.035265,run1
Characterize microbial isolates with laboratory assays to determine their functional traits,field,field,Life Sciences,Agricultural Sciences,200,28,0.141762,0.024905,run1
Characterize mineral assemblages and textures in thin sections using optical microscopy,field,field,Physical Sciences,Earth & Planetary Sciences,200,10,0.047118,0.014852,run1
"Characterize or specify the geometry and motion of objects, beams, or boundaries to relate spatial configuration to system behavior",field,field,Physical Sciences,Physics & Astronomy,200,63,0.314374,0.033039,run1
Characterize physicochemical properties of precursor formulations and feedstocks to assess processability prior to fabrication,field,field,Physical Sciences,Materials Science,200,19,0.09698,0.021194,run1
Check newly derived results against known special cases and previously established results to confirm their correctness.,field,field,Formal Sciences,Mathematics,200,99,0.494273,0.035564,run1
Check that theoretical models and protocols satisfy required consistency and performance conditions,field,field,Physical Sciences,Physics & Astronomy,200,60,0.302617,0.032713,run1
Chemically profile metabolites/secondary compounds from samples using analytical separation and detection techniques to generate characterization data.,field,field,Life Sciences,Biology,200,15,0.075341,0.018761,run1
"Classify economic units, periods, or institutions into categories or typologies based on measured characteristics.",field,field,Social Sciences,Economics,200,39,0.196028,0.028308,run1
Classify languages or varieties by explicit structural criteria to account for cross-linguistic variation,field,field,Arts & Humanities,Languages & Linguistics,200,46,0.233309,0.030227,run1
Code and synthesize characteristics and findings across a corpus of published work to map a body of literature,field,field,Social Sciences,Business & Management,200,19,0.093285,0.020483,run1
Code attributes and events from documentary and public records to build original political datasets,field,field,Social Sciences,Political Science,200,23,0.113511,0.022407,run1
Code documents into predefined categories to characterize the composition and trends of a corpus.,field,field,Social Sciences,Library & Information Science,199,61,0.293125,0.032463,run1
Code information from documents or open-ended responses into structured variables using standardized coding instruments to create analyzable data.,field,field,Formal Sciences,Statistics,200,32,0.161632,0.026207,run1
Code qualitative interview and document text into thematic categories to identify patterns across accounts,field,field,Physical Sciences,Environmental Science,200,7,0.034542,0.012886,run1
Collect and assay biological or physiological measures to index physiological variables such as hormone levels or genotype.,field,field,Social Sciences,Psychology,200,6,0.029748,0.012002,run1
Combine observations with model or meteorological fields to isolate the signal of specific events or processes,field,field,Physical Sciences,Earth & Planetary Sciences,200,32,0.161606,0.02621,run1
"Commission or task participants with producing original creative or design artifacts under specified conditions, treating the resulting works as primary research data.",field,field,Arts & Humanities,Arts,200,7,0.035329,0.013147,run1
"Compare candidate systems, technologies, or configurations against their trade-offs to guide design and selection decisions.",field,field,Formal Sciences,Computer Science,200,89,0.447986,0.035371,run1
Compare dated proxy records with independent records to assess synchrony and drivers of environmental change,field,field,Physical Sciences,Earth & Planetary Sciences,200,26,0.13117,0.024058,run1
Compare genome organization and gene arrangement across related taxa to characterize structural differences.,field,field,Life Sciences,Biology,200,7,0.029472,0.01186,run1
"Compare how the same theme, content, or interpretive claim is realized across different artistic media or formats in order to assess what the medium contributes to meaning and whether claims hold across media.",field,field,Arts & Humanities,Literature,200,22,0.124941,0.026358,run1
Compare lexical or citation patterns across large bodies of text to map meanings or the structure of a field.,field,field,Social Sciences,Communication & Media Studies,200,16,0.079465,0.019141,run1
Compare measured values against regulatory or reference thresholds to judge quality and suitability,field,field,Physical Sciences,Environmental Science,200,37,0.184153,0.027449,run1
Compare model predictions with observed data or documented stylized facts to assess the model's validity.,field,field,Social Sciences,Economics,200,38,0.185087,0.027351,run1
Compare observed practice or work against official standards and guidelines to assess compliance,field,field,Arts & Humanities,Arts,200,10,0.050524,0.015604,run1
"Compare related texts or successive versions of a text to establish their dependencies, borrowings, and alterations.",field,field,Arts & Humanities,History,200,31,0.148918,0.025082,run1
Compare source- and target-language expressions to assess the correspondence between them,field,field,Arts & Humanities,Languages & Linguistics,200,23,0.113605,0.022447,run1
Compare study scores or effects against external normative or reference data to interpret their practical magnitude.,field,field,Social Sciences,Psychology,200,19,0.095512,0.020904,run1
Compare study-derived estimates with independently published external statistics to assess their completeness and validity,field,field,Health Sciences,Public Health & Epidemiology,200,34,0.169302,0.026545,run1
Compare the legal treatment of an issue across jurisdictions or coexisting legal regimes to map variation,field,field,Social Sciences,Law,200,61,0.299723,0.03291,run1
"Compile and verify occurrence records from collections, literature, and field surveys to document species distributions.",field,field,Life Sciences,Biology,200,54,0.272049,0.031696,run1
Compile documentary reference accounts of a language variety and its speech community,field,field,Arts & Humanities,Languages & Linguistics,200,20,0.101619,0.021611,run1
Compile documented or hypothetical illustrative cases as evidence supporting a conceptual argument.,field,field,Social Sciences,Communication & Media Studies,200,18,0.090829,0.020469,run1
Compile inventories of heritage or tourism resources from field and documentary sources to record their attributes and distribution,field,field,Social Sciences,Geography,200,13,0.063896,0.01727,run1
"Compile journalistic, documentary, and secondary sources into case evidence supporting a theoretical argument",field,field,Social Sciences,Political Science,200,68,0.346426,0.033928,run1
Compile quantitative and descriptive data from published studies and reference databases into standardized datasets for cross-source synthesis,field,field,Physical Sciences,Environmental Science,200,59,0.29649,0.032458,run1
"Compile quantitative data from administrative, institutional, or published records into datasets to characterize patterns and change over time.",field,field,Arts & Humanities,History,200,16,0.081492,0.019641,run1
Compile secondary records and statistics from administrative and archival sources into standardized datasets for analysis,field,field,Physical Sciences,Environmental Science,200,29,0.143062,0.024712,run1
Compute derived indices from primary measurements using established formulas to characterize system performance,field,field,Life Sciences,Agricultural Sciences,200,128,0.638208,0.034198,run1
"Compute descriptive statistics from aggregate or secondary data to document patterns and trends across groups, sectors, or periods.",field,field,Social Sciences,Economics,200,124,0.624981,0.034346,run1
"Compute distance, travel-time, and network accessibility measures between locations",field,field,Social Sciences,Geography,200,30,0.150692,0.025465,run1
"Compute distributional indices, such as inequality or concentration measures, to characterize distributions of economic outcomes.",field,field,Social Sciences,Economics,200,22,0.10982,0.022208,run1
Compute frequency-domain measures from continuous physiological recordings to quantify oscillatory activity,field,field,Life Sciences,Neuroscience,200,31,0.15859,0.02616,run1
Compute graph-theoretic metrics from brain connectivity networks to characterize their topological organization,field,field,Life Sciences,Neuroscience,200,5,0.024297,0.010767,run1
"Compute indices from hydro-meteorological time series to characterize regimes, extremes, and hazard conditions",field,field,Physical Sciences,Environmental Science,200,26,0.13105,0.024029,run1
Compute particle trajectories through modeled or observed velocity fields to trace transport pathways,field,field,Physical Sciences,Earth & Planetary Sciences,200,11,0.055472,0.016295,run1
Conduct a priori power calculations to determine the sample size required for planned analyses.,field,field,Social Sciences,Psychology,200,15,0.076205,0.018957,run1
"Conduct direct field observation of settings, providers, and practices to document conditions and behavior in situ",field,field,Health Sciences,Public Health & Epidemiology,200,10,0.049533,0.015316,run1
Conduct in-depth interviews or focus groups to elicit participants' accounts of food and feeding beliefs and practices.,field,field,Health Sciences,Nutrition & Dietetics,200,7,0.034456,0.012834,run1
"Conduct iterative action research cycles of implementing, observing, and refining classroom instruction.",field,field,Social Sciences,Education,200,6,0.030041,0.012205,run1
Conduct multi-round expert rating processes with structured feedback and agreement criteria to reach consensus judgments.,field,field,Formal Sciences,Statistics,200,15,0.076011,0.018904,run1
Conduct sensitivity analyses using alternative assumptions and definitions to test the robustness of findings,field,field,Health Sciences,Public Health & Epidemiology,200,56,0.28034,0.031857,run1
"Conjugate fluorescent, radioactive, or affinity labels to biomolecules to generate detection reagents and tracers",field,field,Life Sciences,Biomedical Sciences,200,26,0.129374,0.023783,run1
"Construct and calibrate sequential monitoring procedures, such as control charts, to detect shifts in a process across successive samples.",field,field,Formal Sciences,Statistics,200,17,0.08388,0.019559,run1
"Construct cell lines or strains carrying targeted gene deletions, insertions, or tagged alleles to test gene function",field,field,Life Sciences,Biomedical Sciences,200,33,0.164869,0.026357,run1
Construct chronologies for sediment records from dated control points to place proxy data on a common timescale,field,field,Physical Sciences,Earth & Planetary Sciences,200,8,0.041258,0.014312,run1
Construct decision rules or bounds from sample data together with quantitative assessments of their error.,field,field,Formal Sciences,Statistics,200,70,0.346974,0.033703,run1
Construct example sentences and apply the analyst's own introspective judgments as evidence for an analysis,field,field,Arts & Humanities,Languages & Linguistics,200,28,0.145993,0.025499,run1
Construct explicit examples or exact values realizing prescribed properties within a given class of structures.,field,field,Formal Sciences,Mathematics,200,50,0.241667,0.030165,run1
Construct formal theoretical models and derive their equilibrium implications as testable predictions.,field,field,Social Sciences,Economics,200,52,0.252461,0.030604,run1
Construct generalized model formulations or decompose fields into constituent modes to expose the structure of a physical system,field,field,Physical Sciences,Physics & Astronomy,200,80,0.394892,0.034716,run1
Construct network measures from relational data to characterize actors' positions and connections,field,field,Social Sciences,Sociology,200,5,0.023256,0.01059,run1
Construct normative and doctrinal arguments to resolve an unsettled or contested legal question,field,field,Social Sciences,Law,200,145,0.723665,0.032148,run1
Construct relational networks from media or platform data and compute structural metrics to map associations among actors and content.,field,field,Social Sciences,Communication & Media Studies,200,14,0.068718,0.017803,run1
Construct study-specific materials and procedures to capture the target phenomenon in its interactional or real-world context.,field,field,Social Sciences,Psychology,200,19,0.094919,0.020809,run1
Construct taxonomies or design spaces that classify existing systems and techniques along multiple dimensions to structure a research area.,field,field,Formal Sciences,Computer Science,200,38,0.193336,0.02824,run1
"Convert effect or cost-effectiveness estimates into alternative, more interpretable metrics to support end-user decision-making.",field,field,Formal Sciences,Statistics,200,11,0.055668,0.016348,run1
Corroborate findings by triangulating independent analysts or complementary data sources,field,field,Arts & Humanities,Languages & Linguistics,200,17,0.086308,0.020071,run1
Critically appraise the measures and methods used in a body of research to assess their validity,field,field,Social Sciences,Sociology,200,11,0.057809,0.016958,run1
Critically evaluate competing theoretical accounts or concepts to assess their explanatory adequacy,field,field,Social Sciences,Sociology,200,99,0.502366,0.035748,run1
Date site materials with chronometric methods to establish absolute ages for the deposits and their sequence,field,field,Social Sciences,Anthropology,200,28,0.142213,0.024932,run1
Decompose aggregate outcomes or their changes into contributions from underlying components.,field,field,Social Sciences,Economics,200,24,0.124104,0.023774,run1
Decompose budget terms in model or reanalysis fields to attribute variability to specific physical processes,field,field,Physical Sciences,Earth & Planetary Sciences,200,20,0.101096,0.021479,run1
Delineate spatial units of analysis by aggregating or clustering geographic data to fit the research design,field,field,Social Sciences,Geography,200,53,0.268121,0.031597,run1
"Deliver targeted manipulations, such as optogenetic or pharmacological intervention, to defined neural populations to test their causal role",field,field,Life Sciences,Neuroscience,200,46,0.226328,0.029512,run1
Derive ages and histories by reducing and integrating measurement data with established methods,field,field,Physical Sciences,Earth & Planetary Sciences,200,11,0.056453,0.016569,run1
Derive and prove theorems within a formal framework to establish its properties and philosophical consequences,field,field,Arts & Humanities,Philosophy,200,16,0.07836,0.018879,run1
Derive exact solutions and spectra of solvable models using analytic mappings and integrability techniques,field,field,Physical Sciences,Physics & Astronomy,200,36,0.180541,0.027349,run1
Derive quantitative anatomical measurements from medical images using manual or automated segmentation methods,field,field,Health Sciences,Medicine & Clinical Sciences,200,26,0.134267,0.02465,run1
Derive reduced effective equations or Hamiltonians by eliminating fast or high-energy degrees of freedom from a microscopic description,field,field,Physical Sciences,Physics & Astronomy,200,52,0.259115,0.031163,run1
Derive standardized classifications or parameter estimates from measured data to characterize samples and populations,field,field,Life Sciences,Agricultural Sciences,200,78,0.389179,0.03469,run1
Derive systematic descriptions or empirical relationships from measured specimens for reference use,field,field,Physical Sciences,Earth & Planetary Sciences,200,12,0.056357,0.015979,run1
Derive theoretical descriptions of underlying mechanisms or structure and test them against observational or rigorous mathematical constraints,field,field,Physical Sciences,Physics & Astronomy,200,137,0.681541,0.033205,run1
Design and configure experimental apparatus and control settings to achieve targeted measurement or manipulation capabilities,field,field,Physical Sciences,Physics & Astronomy,200,57,0.289588,0.032386,run1
"Design and deliver professional training for teachers, coaches, or staff who implement targeted practices.",field,field,Social Sciences,Education,200,9,0.044848,0.01476,run1
"Design and implement interventions, such as workshops or courses, to generate the study's primary data",field,field,Arts & Humanities,Arts,200,13,0.065391,0.017578,run1
"Design and run controlled experiments on replicas, specimens, or living subjects to generate comparative reference data for interpreting past material",field,field,Social Sciences,Anthropology,200,9,0.045463,0.014842,run1
Design and validate oligonucleotide sets (primers or probes) from reference sequences to target specific genomic regions.,field,field,Life Sciences,Biology,200,20,0.093853,0.020562,run1
"Design case studies of selected sites, programs, or individuals to examine processes in context.",field,field,Social Sciences,Education,200,50,0.254406,0.03116,run1
Design controlled materials or data-collection protocols that systematically vary targeted properties to obtain evidence about them,field,field,Arts & Humanities,Languages & Linguistics,200,31,0.156936,0.025976,run1
"Design experimental tasks, stimuli, and manipulations to elicit and measure targeted psychological processes.",field,field,Social Sciences,Psychology,200,61,0.304102,0.032632,run1
Design longitudinal or repeated-measures data collection to capture change in participants over time.,field,field,Social Sciences,Education,200,25,0.120995,0.02327,run1
Design neural network architectures and their internal modules to address a target task.,field,field,Formal Sciences,Computer Science,200,36,0.181639,0.027523,run1
Design observational studies of animal patients to quantify disease occurrence and risk factors,field,field,Life Sciences,Veterinary Medicine,200,114,0.569888,0.035106,run1
Design randomized experiments embedded within ongoing studies to test the effects of procedural or design features on study outcomes.,field,field,Formal Sciences,Statistics,200,16,0.08197,0.019665,run1
Design system architectures that define functional components and their interfaces to satisfy specified requirements,field,field,Physical Sciences,Engineering,200,46,0.225611,0.029501,run1
"Design system architectures, specifying their components, interfaces, and data flows, to realize a working system.",field,field,Formal Sciences,Computer Science,200,71,0.356018,0.034068,run1
Design systematic search and eligibility screening protocols to identify and select sources for a study corpus.,field,field,Social Sciences,Communication & Media Studies,200,37,0.187286,0.027827,run1
Determine sample properties such as age or provenance from measured physical and compositional signatures,field,field,Physical Sciences,Earth & Planetary Sciences,200,22,0.112295,0.022602,run1
"Develop and apply laboratory procedures to detect, identify, or test agents against target microorganisms",field,field,Life Sciences,Agricultural Sciences,200,33,0.168979,0.026869,run1
Develop and benchmark quantitative analysis methods for extracting measures from neural data,field,field,Life Sciences,Neuroscience,200,42,0.209612,0.028855,run1
Develop and calibrate analysis methods for extracting quantitative measurements from optical imaging data,field,field,Life Sciences,Neuroscience,200,18,0.089055,0.020102,run1
"Develop and evaluate sequence-derived molecular markers for genotyping individuals, cultivars, or strains.",field,field,Life Sciences,Biology,200,6,0.0296,0.011939,run1
Develop and justify an interpretive method by comparing alternative approaches and their theoretical assumptions,field,field,Arts & Humanities,Religion,200,28,0.128366,0.023162,run1
Develop conceptual frameworks and typologies that sort system elements into standardized categories,field,field,Physical Sciences,Environmental Science,200,35,0.173634,0.026812,run1
"Develop digital tools, applications, or simulations to serve as the technology intervention under study.",field,field,Social Sciences,Education,200,14,0.069869,0.018202,run1
"Develop numerical and heuristic optimization algorithms to solve engineering design, planning, and scheduling problems",field,field,Physical Sciences,Engineering,200,31,0.156285,0.025883,run1
"Develop programs, curricula, or interventions jointly with community and organizational partners",field,field,Social Sciences,Anthropology,200,8,0.039875,0.013865,run1
"Develop rating scales for judges to score properties of language, performance, or context",field,field,Arts & Humanities,Languages & Linguistics,200,6,0.030344,0.01224,run1
Develop reporting guidelines or frameworks that specify standards for communicating and appraising studies in a research field.,field,field,Formal Sciences,Statistics,200,29,0.146352,0.025157,run1
"Develop the components, materials, and tools of health interventions and support programs to enable implementation",field,field,Health Sciences,Public Health & Epidemiology,200,13,0.06543,0.017585,run1
Develop typologies that sort observed units into defined categories for analysis,field,field,Social Sciences,Geography,200,52,0.260972,0.031257,run1
Devise or scrutinize measures targeting specific linguistic categories to ensure they capture the intended construct,field,field,Arts & Humanities,Languages & Linguistics,200,15,0.075306,0.018762,run1
Document researcher positionality and reflexivity to account for their influence on data collection and interpretation.,field,field,Social Sciences,Education,200,10,0.050317,0.015577,run1
"Document the clinical course, management, and outcomes of individual patients or case series to characterize rare presentations",field,field,Health Sciences,Medicine & Clinical Sciences,200,25,0.120283,0.022882,run1
"Draw on and reflexively manage the researcher's own insider relationships with the studied community, profession, or organization when negotiating access and interpreting data.",field,field,Social Sciences,Communication & Media Studies,200,3,0.012367,0.007568,run1
"Elicit needs, practices, and requirements from users, domain experts, and stakeholders to inform system design.",field,field,Formal Sciences,Computer Science,200,5,0.022951,0.0102,run1
"Elicit structured expert judgment to define assessment inputs, weights, and priorities where empirical data are sparse",field,field,Physical Sciences,Environmental Science,200,13,0.062841,0.016973,run1
Engage practitioners or community participants in interpreting and verifying the study's findings,field,field,Arts & Humanities,Arts,200,8,0.040061,0.013915,run1
Establish and revise formal classifications by assigning taxa to ranks and names consistent with systematic evidence.,field,field,Life Sciences,Biology,200,15,0.067089,0.01738,run1
"Establish animal models of disease or injury via surgical, pharmacological, chemical, or genetic manipulation for mechanistic and therapeutic experiments.",field,field,Health Sciences,Medicine & Clinical Sciences,200,9,0.046568,0.015224,run1
Establish the basic properties of newly introduced invariants or structures for a class of objects.,field,field,Formal Sciences,Mathematics,200,96,0.470647,0.035473,run1
Establish the chronology of events and sources by collating and converting dating evidence from documents.,field,field,Arts & Humanities,History,200,61,0.300721,0.032599,run1
Establish the credibility of qualitative findings by returning materials to participants or obtaining external review.,field,field,Social Sciences,Psychology,200,1,0.004841,0.004842,run1
"Establish the underlying system of units, categories, and boundaries in a domain through systematic analysis of its patterns",field,field,Arts & Humanities,Languages & Linguistics,200,50,0.252424,0.031004,run1
"Estimate discrete-choice or limited-dependent-variable models for categorical, ordinal, or censored outcomes.",field,field,Social Sciences,Economics,200,23,0.115058,0.022677,run1
"Estimate emissions or material flows by applying conversion factors to activity, population, and statistical data",field,field,Physical Sciences,Environmental Science,200,35,0.175902,0.027069,run1
Estimate historical quantities from incomplete or conflicting figures to establish comparable baselines.,field,field,Arts & Humanities,History,200,6,0.031039,0.01251,run1
"Estimate how effects vary across subgroups, conditions, or points of the outcome distribution.",field,field,Social Sciences,Economics,200,51,0.255508,0.031029,run1
Estimate source-level neural activity from sensor-level EEG or MEG recordings to localize neural generators,field,field,Life Sciences,Neuroscience,200,6,0.030555,0.012321,run1
Estimate system-level values or parameters from available data using established estimation methods,field,field,Physical Sciences,Environmental Science,200,77,0.38556,0.034549,run1
Estimate temporal trends in population health indicators over calendar time,field,field,Health Sciences,Public Health & Epidemiology,200,39,0.195043,0.028095,run1
Estimate the classification accuracy of assessment measures against criterion outcomes to identify optimal cut-scores.,field,field,Social Sciences,Psychology,200,6,0.02922,0.011851,run1
"Estimate volumes and abundances of deposits or phases from measurements of thickness, extent, and distribution",field,field,Physical Sciences,Earth & Planetary Sciences,200,12,0.059694,0.016877,run1
Evaluate corrosion and interfacial behavior of materials in electrolytes using electrochemical polarization and impedance measurements,field,field,Physical Sciences,Materials Science,200,14,0.069714,0.018042,run1
"Evaluate occurrence, habitat, and range data against red-list criteria to assess the conservation status of taxa.",field,field,Life Sciences,Biology,200,1,0.005279,0.005278,run1
Evaluate the out-of-sample predictive accuracy of competing models against benchmarks using held-out data.,field,field,Social Sciences,Economics,200,11,0.054811,0.01614,run1
Evaluate whether available corpora or documentation adequately represent the language use they are meant to reflect,field,field,Arts & Humanities,Languages & Linguistics,200,5,0.022601,0.010122,run1
Examine and disclose the researcher's own positionality to account for its influence on interpretation,field,field,Arts & Humanities,Arts,200,15,0.075131,0.018717,run1
Examine imperfections in measurement or data collection procedures to inform instrument choice and improve the validity of resulting estimates.,field,field,Formal Sciences,Statistics,200,51,0.257386,0.0311,run1
Examine judicial decisions and institutional practices against governing legal principles to assess their coherence,field,field,Social Sciences,Law,200,135,0.668314,0.033933,run1
"Examine legal provisions against related or higher-ranking norms to identify gaps, inconsistencies, and conflicts",field,field,Social Sciences,Law,200,109,0.534675,0.035899,run1
"Examine the interface, architecture, and policy features of platforms or apps to document how technical structures shape content and use.",field,field,Social Sciences,Communication & Media Studies,200,22,0.110087,0.022209,run1
Extend established results to a broader or modified setting by adapting their proofs to the new hypotheses.,field,field,Formal Sciences,Mathematics,200,132,0.654194,0.033943,run1
Extract physical parameters and scaling laws from simulated or measured observables by fitting analytic forms,field,field,Physical Sciences,Physics & Astronomy,200,77,0.384902,0.034625,run1
Formulate and solve constrained optimization models to determine design or operating decisions meeting stated objectives,field,field,Physical Sciences,Engineering,200,35,0.175968,0.027121,run1
Formulate management and policy recommendations from assessment results to guide interventions,field,field,Physical Sciences,Environmental Science,200,81,0.405064,0.034838,run1
"Generate and characterize custom reagents, such as antibodies or peptide ligands, for specific detection of molecular targets",field,field,Life Sciences,Neuroscience,200,9,0.044232,0.014458,run1
Generate genetically engineered animal lines by targeted mutagenesis or breeding to study gene function in vivo,field,field,Life Sciences,Biomedical Sciences,200,19,0.092973,0.020557,run1
Generate nucleic acid sequence data from environmental samples to characterize microbial community composition,field,field,Physical Sciences,Environmental Science,200,12,0.062908,0.0176,run1
Ground study design and interpretation in an explicit epistemological framework that situates local settings within wider knowledge contexts,field,field,Social Sciences,Anthropology,200,49,0.243742,0.030474,run1
Hand-craft explicit domain-specific procedures or arguments that produce the target result from raw input.,field,field,Formal Sciences,Computer Science,200,12,0.060982,0.017147,run1
"Harvest, process, and weigh plant material from sample plots to quantify biomass and yield",field,field,Life Sciences,Agricultural Sciences,200,62,0.312687,0.033,run1
Identify and characterize repetitive and transposable elements in genome assemblies to describe repeat content.,field,field,Life Sciences,Biology,200,4,0.014782,0.00845,run1
"Identify and date structural breaks, regime shifts, or episodes in economic time series.",field,field,Social Sciences,Economics,200,28,0.142662,0.025089,run1
Identify and track discrete features in observational or model fields using objective criteria,field,field,Physical Sciences,Earth & Planetary Sciences,200,24,0.12094,0.023199,run1
Identify collected specimens to species using taxonomic keys and comparison with reference material.,field,field,Life Sciences,Biology,200,92,0.46434,0.035542,run1
"Identify fossil or skeletal remains to taxon and element by comparison with reference collections and diagnostic morphological criteria, to establish their biological and contextual placement",field,field,Social Sciences,Anthropology,200,54,0.272837,0.031706,run1
Identify proteins from mass spectrometry data by matching spectra to reference sequences.,field,field,Life Sciences,Biology,200,1,0.004892,0.004893,run1
"Interpret authoritative legal sources, such as statutory texts or religious and customary materials, to determine the doctrinal rules they establish",field,field,Social Sciences,Law,200,165,0.824327,0.02744,run1
Interpret geophysical images of the subsurface to delineate structural geometry and infer material properties,field,field,Physical Sciences,Earth & Planetary Sciences,200,11,0.055314,0.016288,run1
Interpret statutes and judicial rulings doctrinally to assess their implications for political institutions or state conduct,field,field,Social Sciences,Political Science,200,16,0.080541,0.019397,run1
Interpret structural and geological evidence to reconstruct deformation kinematics and tectonic evolution,field,field,Physical Sciences,Earth & Planetary Sciences,200,21,0.100433,0.021095,run1
"Interrogate indirect representations of the study object, such as clinical images or scholars' texts, to make features not directly observable visible and analyzable",field,field,Social Sciences,Anthropology,200,40,0.199201,0.028355,run1
Interrogate the assumptions of established theoretical frameworks and the researcher's own relation to the field to justify an alternative account.,field,field,Social Sciences,Communication & Media Studies,200,29,0.140975,0.024657,run1
"Interview participants, informants, or stakeholders to document practices, experiences, and meanings",field,field,Arts & Humanities,Arts,200,40,0.198907,0.028265,run1
Isolate and characterize extracellular vesicles from culture media or biofluids for downstream analysis,field,field,Life Sciences,Biomedical Sciences,200,4,0.01987,0.009868,run1
Link and aggregate records across data sources and levels of analysis to build contextual measures and analytic units for multilevel analysis,field,field,Social Sciences,Sociology,200,32,0.160334,0.02627,run1
Link individual-level participant records to external registries and administrative databases to build research cohorts and derive variables,field,field,Health Sciences,Medicine & Clinical Sciences,200,12,0.059479,0.016892,run1
"Link named individuals across dispersed records to reconstruct their careers, identities, and social networks.",field,field,Arts & Humanities,History,200,22,0.111574,0.022627,run1
Manually score and annotate recorded behavioral or physiological data using defined coding schemes to extract quantitative behavioral measures.,field,field,Life Sciences,Neuroscience,200,37,0.185273,0.027574,run1
Map abstract data or internal model representations into inspectable form to interpret their structure and behavior.,field,field,Formal Sciences,Computer Science,200,8,0.040102,0.013975,run1
"Map the spatial distribution and movement of sites, artifacts, or practices to reconstruct historical geographies and patterns.",field,field,Arts & Humanities,History,200,26,0.129208,0.023805,run1
Marshal published empirical findings from the sciences as evidence for or against philosophical claims,field,field,Arts & Humanities,Philosophy,200,35,0.171773,0.026595,run1
Match diagnostic signals between separate records to establish correlations within a common framework,field,field,Physical Sciences,Earth & Planetary Sciences,200,22,0.111829,0.022516,run1
Measure abiotic conditions at field sites or in collected samples using instruments and deployed loggers to characterize the environmental context.,field,field,Life Sciences,Biology,200,58,0.296029,0.032634,run1
Measure chemical constituents of samples in the laboratory using analytical techniques such as spectrometry and chromatography,field,field,Physical Sciences,Earth & Planetary Sciences,200,41,0.205931,0.028828,run1
Measure contact angles of probe liquids on material surfaces to quantify wettability and surface energy,field,field,Physical Sciences,Materials Science,200,12,0.060535,0.016984,run1
Measure density and porosity of solid specimens using displacement or geometric methods to assess densification,field,field,Physical Sciences,Materials Science,200,14,0.069412,0.017974,run1
Measure electrical resistivity and carrier transport properties of specimens using probe-contact or Hall measurement geometries,field,field,Physical Sciences,Materials Science,200,44,0.225745,0.029938,run1
Measure participants' physical activity with devices or questionnaires for use as exposures or covariates in nutrition studies.,field,field,Health Sciences,Nutrition & Dietetics,200,53,0.260532,0.031045,run1
Measure particle size distribution of powders and dispersions using light scattering to characterize dispersion state,field,field,Physical Sciences,Materials Science,200,14,0.0711,0.018357,run1
Measure photoluminescence emission of materials under controlled optical excitation to characterize electronic transitions,field,field,Physical Sciences,Materials Science,200,19,0.096154,0.021022,run1
Measure polarization (and associated strain) hysteresis loops versus applied electric field to characterize ferroelectric switching behavior.,field,field,Physical Sciences,Materials Science,200,3,0.014003,0.008063,run1
Measure response of functional materials upon exposure to target analytes or stimuli to evaluate sensing performance,field,field,Physical Sciences,Chemistry,200,46,0.223114,0.029315,run1
Measure specific surface area and pore size distribution of porous materials using gas adsorption analysis,field,field,Physical Sciences,Materials Science,200,14,0.069582,0.018004,run1
Measure uptake of target species from gas or liquid streams by solid materials to quantify adsorption capacity and separation performance,field,field,Physical Sciences,Chemistry,200,28,0.143785,0.025191,run1
Merge and harmonize data from separate sources to construct integrated panel or linked analysis datasets.,field,field,Social Sciences,Economics,200,76,0.388676,0.034805,run1
Merge irregularly sampled measurements from multiple sources into consistent gridded products by interpolation,field,field,Physical Sciences,Earth & Planetary Sciences,200,34,0.173076,0.027022,run1
Model individual-difference measures as predictors of behavioral performance to identify brain-behavior relationships,field,field,Life Sciences,Neuroscience,200,25,0.127217,0.023825,run1
Model mediating pathways linking social and structural determinants to health outcomes,field,field,Health Sciences,Public Health & Epidemiology,200,15,0.075655,0.018823,run1
Observe public events or demonstrations firsthand to gather primary data on sector practice and discourse,field,field,Arts & Humanities,Arts,200,16,0.078897,0.019006,run1
Obtain and examine reference material or purified samples to characterize their properties for comparative study.,field,field,Life Sciences,Biology,200,7,0.035872,0.013346,run1
Obtain permits from governmental and land-management authorities for field access and specimen collection.,field,field,Life Sciences,Biology,200,28,0.14149,0.024848,run1
Pattern micro- and nanoscale features on substrates and films using lithography or etching to define device structures,field,field,Physical Sciences,Materials Science,200,30,0.155104,0.026034,run1
"Perform a priori sample size and statistical power calculations for planned clinical, observational, or survey studies using anticipated effect sizes and event rates.",field,field,Health Sciences,Medicine & Clinical Sciences,200,21,0.104455,0.021835,run1
"Perform cell-based assays to quantify growth, viability, and cell death under experimental treatments",field,field,Life Sciences,Biomedical Sciences,200,63,0.310971,0.032791,run1
Perform clinical examination and laboratory testing of study subjects to characterize physiological and disease status,field,field,Life Sciences,Biomedical Sciences,200,25,0.125874,0.023731,run1
"Perform endpoint migration, invasion, or adhesion assays to quantify cellular responses to stimuli",field,field,Life Sciences,Biomedical Sciences,200,11,0.054248,0.015988,run1
Perform exploratory analysis of a dataset to characterize its distributions and latent structure for downstream design.,field,field,Formal Sciences,Computer Science,200,13,0.06468,0.017438,run1
Perform functional and perturbation assays in cultured cells to test candidate molecular mechanisms of disease,field,field,Health Sciences,Medicine & Clinical Sciences,200,14,0.069269,0.018056,run1
Perform histological and immunohistochemical analysis of tissue specimens to classify pathology and quantify marker expression,field,field,Health Sciences,Medicine & Clinical Sciences,200,26,0.126135,0.023402,run1
Perform immunoprecipitation or pull-down assays to detect physical interactions between macromolecules,field,field,Life Sciences,Biomedical Sciences,200,29,0.147168,0.0253,run1
Perform reporter gene assays in transfected cells to quantify the activity of candidate regulatory sequences,field,field,Life Sciences,Biomedical Sciences,200,19,0.096622,0.021134,run1
Perturb candidate genes by knockdown or overexpression in cultured cells or tissues to test their functional role,field,field,Life Sciences,Biomedical Sciences,200,42,0.211433,0.029077,run1
Predict regulatory binding sites in gene or transcript sequences using computational sequence analysis,field,field,Life Sciences,Biomedical Sciences,200,32,0.165917,0.0268,run1
"Prepare and analyze large spatial datasets, such as flow records or text corpora, to characterize relationships among places",field,field,Social Sciences,Geography,200,51,0.258898,0.031281,run1
Prepare and verify material or records from specimens to obtain reliable data for further characterization.,field,field,Life Sciences,Biology,200,36,0.180211,0.027306,run1
Prepare experimental materials to specified compositions for use in trials,field,field,Life Sciences,Agricultural Sciences,200,93,0.473589,0.035549,run1
Prepare freshly obtained tissue preparations or first-hand participant reports for immediate experimental measurement,field,field,Life Sciences,Neuroscience,200,32,0.157243,0.025631,run1
"Prepare specimens by dissection, sectioning, or staining to expose internal structures for microscopic examination.",field,field,Life Sciences,Biology,200,28,0.140356,0.024684,run1
Produce and analyze media and cartographic representations of places as evidence of how places are portrayed,field,field,Social Sciences,Geography,200,20,0.095773,0.020483,run1
Produce original creative work or artifacts through one's own practice as the primary method of inquiry,field,field,Arts & Humanities,Arts,200,17,0.084676,0.019716,run1
Project future population-level disease burden under alternative scenario assumptions to compare prevention strategies,field,field,Health Sciences,Public Health & Epidemiology,200,15,0.074785,0.018624,run1
"Propose formation, transformation, or reaction mechanisms by integrating evidence from multiple characterization measurements",field,field,Physical Sciences,Chemistry,200,141,0.697946,0.032831,run1
"Quantify gene, transcript, and protein expression in cell, tissue, or fluid specimens using molecular and immuno-based laboratory assays.",field,field,Health Sciences,Medicine & Clinical Sciences,200,39,0.190723,0.027852,run1
Quantify interrater agreement among independent raters applying standardized coding or diagnostic criteria to document reliability.,field,field,Social Sciences,Psychology,200,12,0.060301,0.016962,run1
Quantify mass change of specimens during immersion or environmental exposure to determine degradation or liquid uptake rates,field,field,Physical Sciences,Materials Science,200,12,0.058837,0.01655,run1
Quantify morphological or labeling features of cells and tissue from microscopy images to assess structural and cellular states,field,field,Life Sciences,Neuroscience,200,68,0.333803,0.0333,run1
"Quantify proteins in tissues, biofluids, or culture supernatants using antibody-based immunoassays",field,field,Life Sciences,Biomedical Sciences,200,71,0.351863,0.033909,run1
Quantify surface change by differencing repeat topographic surveys or imagery over time,field,field,Physical Sciences,Earth & Planetary Sciences,200,9,0.046186,0.015067,run1
Quantify taxonomic and functional marker genes in environmental samples using targeted molecular assays,field,field,Physical Sciences,Environmental Science,200,14,0.072683,0.018738,run1
"Quantify treatment-induced cell death, cell-cycle changes, or oxidative stress in cells using fluorescent probes",field,field,Life Sciences,Biomedical Sciences,200,14,0.069788,0.018072,run1
Rate published studies against methodological or reporting standards to characterize the quality of statistical practice.,field,field,Formal Sciences,Statistics,200,41,0.207333,0.028865,run1
"Re-estimate results under alternative specifications, samples, or measures to assess robustness.",field,field,Social Sciences,Economics,200,73,0.367405,0.034324,run1
Rear and maintain study organisms in laboratory culture to obtain specimens of the required life stage or genotype.,field,field,Life Sciences,Biology,200,59,0.289811,0.032388,run1
Recast a problem as an equivalent structure in another framework to make it tractable or to transfer known results.,field,field,Formal Sciences,Mathematics,200,111,0.552975,0.035388,run1
Reconcile conflicting legal norms or authorities to determine which rule governs,field,field,Social Sciences,Law,200,48,0.222973,0.029501,run1
Reconstruct ancestral character states or ranges on a phylogeny to infer evolutionary transitions.,field,field,Life Sciences,Biology,200,4,0.019476,0.009672,run1
Record time-resolved optical microscopy and video images of samples or flows to characterize their morphology and dynamics,field,field,Physical Sciences,Engineering,200,22,0.108719,0.021986,run1
Recruit and stratify participants from non-probability sources on key characteristics to approximate the composition of a target group.,field,field,Formal Sciences,Statistics,200,10,0.050824,0.015693,run1
Recruit and train community members or lay fieldworkers to administer protocols and collect data,field,field,Social Sciences,Sociology,200,13,0.06281,0.016978,run1
"Recruit participants through community, online, or professional channels to obtain the intended study sample.",field,field,Social Sciences,Psychology,200,142,0.710878,0.032157,run1
Recruit study participants through online channels such as social media platforms or crowdsourcing marketplaces.,field,field,Social Sciences,Communication & Media Studies,200,16,0.078651,0.018994,run1
Score and longitudinally monitor disease severity in animal models using standardized clinical measures,field,field,Life Sciences,Biomedical Sciences,200,11,0.052088,0.015545,run1
"Scrutinize the scientific, technical, or statistical evidence invoked in legal claims to verify its validity",field,field,Social Sciences,Law,200,5,0.026572,0.011749,run1
Search bibliographic databases against predefined eligibility criteria to assemble a systematic sample of published studies for analysis.,field,field,Formal Sciences,Statistics,200,43,0.21746,0.02937,run1
Segment continuous behavioral or physiological recordings into discrete states using defined classification criteria,field,field,Life Sciences,Neuroscience,200,17,0.086619,0.020121,run1
Select compositional substitutions and additive concentrations to target desired structural and functional properties,field,field,Physical Sciences,Materials Science,200,99,0.496751,0.035509,run1
"Select tuning parameters, such as smoothing bandwidths or model order, from data-driven criteria to govern the complexity of a fitted procedure.",field,field,Formal Sciences,Statistics,200,24,0.11889,0.022868,run1
Share research design and decision-making with community partners acting as co-researchers,field,field,Social Sciences,Anthropology,200,15,0.074095,0.018489,run1
"Situate the analysis within established theoretical or conceptual debates in the field, using them to frame research questions and interpret legal norms.",field,field,Social Sciences,Law,200,177,0.887936,0.022687,run1
"Specify dependence structures, such as distance-based weight matrices or adjacency matrices, to encode relationships among observations before fitting.",field,field,Formal Sciences,Statistics,200,10,0.049531,0.015318,run1
"Specify device geometry, materials, and component arrangement to meet targeted functional and performance requirements",field,field,Physical Sciences,Engineering,200,71,0.356214,0.034045,run1
"Standardize or measure participant state variables, such as diet or hormonal status, before testing to control confounds",field,field,Life Sciences,Neuroscience,200,16,0.081405,0.019553,run1
Survey organisms in field plots to identify species and record community composition and abundance,field,field,Life Sciences,Agricultural Sciences,200,20,0.09624,0.020834,run1
"Synthesize scientific, economic, or other empirical evidence to establish the factual premises of legal arguments",field,field,Social Sciences,Law,200,10,0.052868,0.016301,run1
"Synthesize small molecules, peptides, or materials to produce test articles for biological evaluation",field,field,Life Sciences,Biomedical Sciences,200,18,0.089183,0.020146,run1
Take direct on-site measurements with survey instruments to document the dimensions and form of physical features.,field,field,Social Sciences,Geography,200,9,0.046032,0.015034,run1
"Test philosophical claims against constructed cases, such as thought experiments or counterexamples, to assess their adequacy",field,field,Arts & Humanities,Philosophy,200,109,0.538705,0.035471,run1
"Test the effects or quality of educational interventions and materials through comparison-group designs, expert review, or pilot try-outs.",field,field,Social Sciences,Education,200,36,0.180306,0.027487,run1
Trace how policy ideas or institutional models circulate and are re-contextualized across jurisdictions and settings,field,field,Social Sciences,Political Science,200,32,0.160147,0.026033,run1
Trace sequences of events and decisions within cases to reconstruct the causal mechanisms producing political outcomes,field,field,Social Sciences,Political Science,200,47,0.238389,0.030393,run1
Train animals through staged shaping and habituation to reach stable task performance before experimental testing,field,field,Life Sciences,Neuroscience,200,22,0.11164,0.022475,run1
Train research staff or raters to apply study protocols and coding schemes consistently across participants.,field,field,Social Sciences,Psychology,200,22,0.108617,0.022026,run1
Translate and back-translate study materials to establish conceptual equivalence across language groups.,field,field,Social Sciences,Psychology,200,9,0.045016,0.014708,run1
Translate and culturally adapt research instruments for use in local languages and settings,field,field,Health Sciences,Public Health & Epidemiology,200,16,0.08064,0.019374,run1
Translate and culturally adapt research instruments or materials for use with a new linguistic population.,field,field,Social Sciences,Education,200,4,0.020948,0.010387,run1
Translate qualitative materials into the language of analysis while preserving fidelity of meaning,field,field,Social Sciences,Sociology,200,11,0.053633,0.015827,run1
Upscale local measurements to regional estimates by weighting them by the extent they represent,field,field,Physical Sciences,Environmental Science,200,25,0.125568,0.023572,run1
"Use visual methods, such as photo elicitation or participant-produced photography, to generate data on everyday experience",field,field,Social Sciences,Sociology,200,3,0.012389,0.007409,run1
"Verify the anatomical location or identity of implants, injection sites, lesions, and recorded neurons",field,field,Life Sciences,Neuroscience,200,39,0.194888,0.028085,run1
